site,sex,estimate,race,stage,agegroup,tt,PE,lci,uci
Oral_cavity_and_pharynx,Female,ADb,,,0,0.0,0.0,0.0,0.0
Oral_cavity_and_pharynx,Female,ADb,,,0,0.050000001,0.296226114573976,0.25862396,0.33382827
Oral_cavity_and_pharynx,Female,ADb,,,0,0.1,1.0732305002896,0.94807386,1.1983871
Oral_cavity_and_pharynx,Female,ADb,,,0,0.15000001,1.999281736978983,1.7703567,2.2282069
Oral_cavity_and_pharynx,Female,ADb,,,0,0.2,2.967551557208461,2.6313219,3.3037813
Oral_cavity_and_pharynx,Female,ADb,,,0,0.25,3.928820725730336,3.4872727,4.3703685
Oral_cavity_and_pharynx,Female,ADb,,,0,0.30000001,4.858899391027316,4.3165717,5.401227
Oral_cavity_and_pharynx,Female,ADb,,,0,0.34999999,5.746090160144881,5.1086316,6.3835487
Oral_cavity_and_pharynx,Female,ADb,,,0,0.40000001,6.585360495566157,5.8587856,7.3119354
Oral_cavity_and_pharynx,Female,ADb,,,0,0.44999999,7.375342736549964,6.5656452,8.1850405
Oral_cavity_and_pharynx,Female,ADb,,,0,0.5,8.116703037459395,7.2296548,9.0037518
Oral_cavity_and_pharynx,Female,ADb,,,0,0.55000001,8.811210841280307,7.8522644,9.7701578
Oral_cavity_and_pharynx,Female,ADb,,,0,0.60000002,9.46120239783722,8.4354534,10.486952
Oral_cavity_and_pharynx,Female,ADb,,,0,0.64999998,10.06926309547526,8.9814405,11.157085
Oral_cavity_and_pharynx,Female,ADb,,,0,0.69999999,10.63804235070734,9.4925213,11.783564
Oral_cavity_and_pharynx,Female,ADb,,,0,0.75,11.17006465943921,9.97089,12.369239
Oral_cavity_and_pharynx,Female,ADb,,,0,0.80000001,11.66766636428683,10.418589,12.916744
Oral_cavity_and_pharynx,Female,ADb,,,0,0.85000002,12.13308304344553,10.837573,13.428593
Oral_cavity_and_pharynx,Female,ADb,,,0,0.89999998,12.56843517713331,11.22971,13.907161
Oral_cavity_and_pharynx,Female,ADb,,,0,0.94999999,12.97571888346403,11.596755,14.354682
Oral_cavity_and_pharynx,Female,ADb,,,0,1.0,13.35679935976241,11.940359,14.77324
Oral_cavity_and_pharynx,Female,ADb,,,0,1.05,13.71176392373987,12.260607,15.162921
Oral_cavity_and_pharynx,Female,ADb,,,0,1.1,14.04382210027625,12.560329,15.527314
Oral_cavity_and_pharynx,Female,ADb,,,0,1.15,14.35447732096342,12.840863,15.868092
Oral_cavity_and_pharynx,Female,ADb,,,0,1.2,14.64514361255083,13.103463,16.186825
Oral_cavity_and_pharynx,Female,ADb,,,0,1.25,14.91717648363019,13.349336,16.485018
Oral_cavity_and_pharynx,Female,ADb,,,0,1.3,15.17183448978084,13.579604,16.764065
Oral_cavity_and_pharynx,Female,ADb,,,0,1.35,15.41027591501754,13.7953,17.025253
Oral_cavity_and_pharynx,Female,ADb,,,0,1.4,15.63356602234243,13.997375,17.269758
Oral_cavity_and_pharynx,Female,ADb,,,0,1.45,15.84268898060824,14.186707,17.498671
Oral_cavity_and_pharynx,Female,ADb,,,0,1.5,16.03855092781006,14.364108,17.712994
Oral_cavity_and_pharynx,Female,ADb,,,0,1.55,16.22199021684212,14.530328,17.913652
Oral_cavity_and_pharynx,Female,ADb,,,0,1.6,16.39378184098122,14.68606,18.101503
Oral_cavity_and_pharynx,Female,ADb,,,0,1.65,16.55464182776898,14.831945,18.277338
Oral_cavity_and_pharynx,Female,ADb,,,0,1.7,16.70523501422302,14.968581,18.441889
Oral_cavity_and_pharynx,Female,ADb,,,0,1.75,16.84617647544715,15.096518,18.595835
Oral_cavity_and_pharynx,Female,ADb,,,0,1.8,16.97803817961749,15.216268,18.739809
Oral_cavity_and_pharynx,Female,ADb,,,0,1.85,17.10135150982283,15.32831,18.874393
Oral_cavity_and_pharynx,Female,ADb,,,0,1.9,17.21660983048499,15.433085,19.000134
Oral_cavity_and_pharynx,Female,ADb,,,0,1.95,17.32427353710092,15.53101,19.117537
Oral_cavity_and_pharynx,Female,ADb,,,0,2.0,17.4247731604714,15.622468,19.227077
Oral_cavity_and_pharynx,Female,ADb,,,0,2.05,17.51650674078069,15.706045,19.326969
Oral_cavity_and_pharynx,Female,ADb,,,0,2.0999999,17.60199392226389,15.78398,19.420008
Oral_cavity_and_pharynx,Female,ADb,,,0,2.1500001,17.68166735180831,15.856664,19.506672
Oral_cavity_and_pharynx,Female,ADb,,,0,2.2,17.75592374486524,15.924452,19.587397
Oral_cavity_and_pharynx,Female,ADb,,,0,2.25,17.82512938725223,15.987674,19.662584
Oral_cavity_and_pharynx,Female,ADb,,,0,2.3,17.88962148169013,16.046635,19.732609
Oral_cavity_and_pharynx,Female,ADb,,,0,2.3499999,17.9497111364185,16.101614,19.79781
Oral_cavity_and_pharynx,Female,ADb,,,0,2.4000001,18.00568595438301,16.15287,19.858501
Oral_cavity_and_pharynx,Female,ADb,,,0,2.45,18.05781108263087,16.200644,19.91498
Oral_cavity_and_pharynx,Female,ADb,,,0,2.5,18.10633270045393,16.245153,19.967512
Oral_cavity_and_pharynx,Female,ADb,,,0,2.55,18.15147863635588,16.286608,20.01635
Oral_cavity_and_pharynx,Female,ADb,,,0,2.5999999,18.19346018142906,16.325197,20.061724
Oral_cavity_and_pharynx,Female,ADb,,,0,2.6500001,18.23247365747393,16.361095,20.103851
Oral_cavity_and_pharynx,Female,ADb,,,0,2.7,18.26870094374572,16.39447,20.142931
Oral_cavity_and_pharynx,Female,ADb,,,0,2.75,18.30231173012392,16.425474,20.17915
Oral_cavity_and_pharynx,Female,ADb,,,0,2.8,18.33346379221733,16.454247,20.212681
Oral_cavity_and_pharynx,Female,ADb,,,0,2.8499999,18.36230412163247,16.480925,20.243685
Oral_cavity_and_pharynx,Female,ADb,,,0,2.9000001,18.38896990017524,16.505627,20.272312
Oral_cavity_and_pharynx,Female,ADb,,,0,2.95,18.41358877707427,16.528473,20.298704
Oral_cavity_and_pharynx,Female,ADb,,,0,3.0,18.43628033741254,16.54957,20.32299
Oral_cavity_and_pharynx,Female,ADb,,,0,3.05,18.4549114120252,16.567017,20.342806
Oral_cavity_and_pharynx,Female,ADb,,,0,3.0999999,18.47184144744904,16.582916,20.360767
Oral_cavity_and_pharynx,Female,ADb,,,0,3.1500001,18.48716858039688,16.597359,20.376978
Oral_cavity_and_pharynx,Female,ADb,,,0,3.2,18.50098450684455,16.610426,20.391542
Oral_cavity_and_pharynx,Female,ADb,,,0,3.25,18.51337537400699,16.622198,20.404554
Oral_cavity_and_pharynx,Female,ADb,,,0,3.3,18.5244218972228,16.632744,20.4161
Oral_cavity_and_pharynx,Female,ADb,,,0,3.3499999,18.53419981886825,16.642136,20.426264
Oral_cavity_and_pharynx,Female,ADb,,,0,3.4000001,18.54278029751367,16.650436,20.435123
Oral_cavity_and_pharynx,Female,ADb,,,0,3.45,18.55023007274823,16.657707,20.442753
Oral_cavity_and_pharynx,Female,ADb,,,0,3.5,18.55661200722586,16.664003,20.449221
Oral_cavity_and_pharynx,Female,ADb,,,0,3.55,18.56198519131342,16.66938,20.454592
Oral_cavity_and_pharynx,Female,ADb,,,0,3.5999999,18.56640523910825,16.673885,20.458925
Oral_cavity_and_pharynx,Female,ADb,,,0,3.6500001,18.56992453599246,16.67757,20.462278
Oral_cavity_and_pharynx,Female,ADb,,,0,3.7,18.57259239090072,16.680475,20.464708
Oral_cavity_and_pharynx,Female,ADb,,,0,3.75,18.57445533547489,16.682646,20.466265
Oral_cavity_and_pharynx,Female,ADb,,,0,3.8,18.57555723687938,16.684122,20.466993
Oral_cavity_and_pharynx,Female,ADb,,,0,3.8499999,18.57593948702415,16.684938,20.466942
Oral_cavity_and_pharynx,Female,ADb,,,0,3.9000001,18.57564115743066,16.685131,20.46615
Oral_cavity_and_pharynx,Female,ADb,,,0,3.95,18.57469915458713,16.684734,20.464663
Oral_cavity_and_pharynx,Female,ADb,,,0,4.0,18.57314834702893,16.683781,20.462515
Oral_cavity_and_pharynx,Female,ADb,,,0,4.0500002,18.5687170786741,16.680237,20.457197
Oral_cavity_and_pharynx,Female,ADb,,,0,4.0999999,18.56375568562976,16.676203,20.451307
Oral_cavity_and_pharynx,Female,ADb,,,0,4.1500001,18.55829354277022,16.671711,20.444878
Oral_cavity_and_pharynx,Female,ADb,,,0,4.1999998,18.55235863299164,16.666782,20.437935
Oral_cavity_and_pharynx,Female,ADb,,,0,4.25,18.5459772271801,16.661442,20.430513
Oral_cavity_and_pharynx,Female,ADb,,,0,4.3000002,18.53917435799117,16.655712,20.422636
Oral_cavity_and_pharynx,Female,ADb,,,0,4.3499999,18.53197375112526,16.649618,20.41433
Oral_cavity_and_pharynx,Female,ADb,,,0,4.4000001,18.52439767864583,16.643175,20.405621
Oral_cavity_and_pharynx,Female,ADb,,,0,4.4499998,18.5164675208872,16.636404,20.39653
Oral_cavity_and_pharynx,Female,ADb,,,0,4.5,18.50820325696081,16.629326,20.387081
Oral_cavity_and_pharynx,Female,ADb,,,0,4.5500002,18.49962404879909,16.621954,20.377295
Oral_cavity_and_pharynx,Female,ADb,,,0,4.5999999,18.4907480869012,16.614307,20.367189
Oral_cavity_and_pharynx,Female,ADb,,,0,4.6500001,18.48159237818668,16.606401,20.356783
Oral_cavity_and_pharynx,Female,ADb,,,0,4.6999998,18.4721733969842,16.598249,20.346096
Oral_cavity_and_pharynx,Female,ADb,,,0,4.75,18.4625064357983,16.589869,20.335144
Oral_cavity_and_pharynx,Female,ADb,,,0,4.8000002,18.45260627329046,16.581268,20.323944
Oral_cavity_and_pharynx,Female,ADb,,,0,4.8499999,18.44248695753716,16.572466,20.31251
Oral_cavity_and_pharynx,Female,ADb,,,0,4.9000001,18.43216154659824,16.563469,20.300854
Oral_cavity_and_pharynx,Female,ADb,,,0,4.9499998,18.4216428266036,16.554291,20.288994
Oral_cavity_and_pharynx,Female,ADb,,,0,5.0,18.41094255993999,16.544943,20.276941
Oral_cavity_and_pharynx,Female,ADb,,,1,0.0,0.0,0.0,0.0
Oral_cavity_and_pharynx,Female,ADb,,,1,0.050000001,0.217212581251313,0.18792458,0.2465006
Oral_cavity_and_pharynx,Female,ADb,,,1,0.1,0.7728271579861026,0.67954046,0.86611384
Oral_cavity_and_pharynx,Female,ADb,,,1,0.15000001,1.429751207780551,1.2612872,1.5982152
Oral_cavity_and_pharynx,Female,ADb,,,1,0.2,2.119276986155323,1.8727602,2.3657937
Oral_cavity_and_pharynx,Female,ADb,,,1,0.25,2.809861517279111,2.4859188,3.1338043
Oral_cavity_and_pharynx,Female,ADb,,,1,0.30000001,3.485443156468714,3.0863817,3.8845048
Oral_cavity_and_pharynx,Female,ADb,,,1,0.34999999,4.137632261841128,3.6665752,4.6086893
Oral_cavity_and_pharynx,Female,ADb,,,1,0.40000001,4.762201521084657,4.2226362,5.3017669
Oral_cavity_and_pharynx,Female,ADb,,,1,0.44999999,5.357298049043118,4.7528281,5.9617682
Oral_cavity_and_pharynx,Female,ADb,,,1,0.5,5.922465750220685,5.2566695,6.5882621
Oral_cavity_and_pharynx,Female,ADb,,,1,0.55000001,6.458074879003547,5.7344294,7.1817207
Oral_cavity_and_pharynx,Female,ADb,,,1,0.60000002,6.964982215993683,6.1868186,7.7431459
Oral_cavity_and_pharynx,Female,ADb,,,1,0.64999998,7.444319785927632,6.6148033,8.2738361
Oral_cavity_and_pharynx,Female,ADb,,,1,0.69999999,7.897363929957127,7.019485,8.7752428
Oral_cavity_and_pharynx,Female,ADb,,,1,0.75,8.325388891726348,7.4019709,9.248807
Oral_cavity_and_pharynx,Female,ADb,,,1,0.80000001,8.72961062606592,7.76332,9.6959009
Oral_cavity_and_pharynx,Female,ADb,,,1,0.85000002,9.11124650124838,8.1045971,10.117896
Oral_cavity_and_pharynx,Female,ADb,,,1,0.89999998,9.471496171460156,8.4268551,10.516137
Oral_cavity_and_pharynx,Female,ADb,,,1,0.94999999,9.81152629195639,8.7311192,10.891933
Oral_cavity_and_pharynx,Female,ADb,,,1,1.0,10.13245737822495,9.0183783,11.246536
Oral_cavity_and_pharynx,Female,ADb,,,1,1.05,10.43478196358549,9.2890682,11.580495
Oral_cavity_and_pharynx,Female,ADb,,,1,1.1,10.72006548384851,9.5445709,11.89556
Oral_cavity_and_pharynx,Female,ADb,,,1,1.15,10.98927004294871,9.7857351,12.192804
Oral_cavity_and_pharynx,Female,ADb,,,1,1.2,11.24331682500838,10.013379,12.473254
Oral_cavity_and_pharynx,Female,ADb,,,1,1.25,11.48310083380595,10.228296,12.737906
Oral_cavity_and_pharynx,Female,ADb,,,1,1.3,11.70946680796807,10.431235,12.987699
Oral_cavity_and_pharynx,Female,ADb,,,1,1.35,11.92320417973956,10.622899,13.223509
Oral_cavity_and_pharynx,Female,ADb,,,1,1.4,12.12504899635195,10.803942,13.446157
Oral_cavity_and_pharynx,Female,ADb,,,1,1.45,12.31569069747158,10.974975,13.656406
Oral_cavity_and_pharynx,Female,ADb,,,1,1.5,12.49577145146654,11.136572,13.854971
Oral_cavity_and_pharynx,Female,ADb,,,1,1.55,12.66589247168344,11.289267,14.042519
Oral_cavity_and_pharynx,Female,ADb,,,1,1.6,12.82661546235527,11.433559,14.219672
Oral_cavity_and_pharynx,Female,ADb,,,1,1.65,12.97846432898155,11.569917,14.387012
Oral_cavity_and_pharynx,Female,ADb,,,1,1.7,13.12193039244563,11.698777,14.545083
Oral_cavity_and_pharynx,Female,ADb,,,1,1.75,13.25747190333419,11.82055,14.694394
Oral_cavity_and_pharynx,Female,ADb,,,1,1.8,13.38551873829915,11.935616,14.835422
Oral_cavity_and_pharynx,Female,ADb,,,1,1.85,13.5064733865665,12.044336,14.96861
Oral_cavity_and_pharynx,Female,ADb,,,1,1.9,13.62071210766241,12.147046,15.094378
Oral_cavity_and_pharynx,Female,ADb,,,1,1.95,13.72858871022093,12.244061,15.213117
Oral_cavity_and_pharynx,Female,ADb,,,1,2.0,13.83043617925896,12.335678,15.325194
Oral_cavity_and_pharynx,Female,ADb,,,1,2.05,13.92581605137436,12.421515,15.430117
Oral_cavity_and_pharynx,Female,ADb,,,1,2.0999999,14.01588646061864,12.502598,15.529176
Oral_cavity_and_pharynx,Female,ADb,,,1,2.1500001,14.10099277846799,12.579233,15.622752
Oral_cavity_and_pharynx,Female,ADb,,,1,2.2,14.1814528125104,12.651707,15.711199
Oral_cavity_and_pharynx,Female,ADb,,,1,2.25,14.25756153804005,12.720282,15.794841
Oral_cavity_and_pharynx,Female,ADb,,,1,2.3,14.32959153218963,12.785202,15.873981
Oral_cavity_and_pharynx,Female,ADb,,,1,2.3499999,14.39779527261951,12.846693,15.948897
Oral_cavity_and_pharynx,Female,ADb,,,1,2.4000001,14.46240714055604,12.904964,16.01985
Oral_cavity_and_pharynx,Female,ADb,,,1,2.45,14.52364374855718,12.96021,16.087078
Oral_cavity_and_pharynx,Female,ADb,,,1,2.5,14.58170718621518,13.01261,16.150805
Oral_cavity_and_pharynx,Female,ADb,,,1,2.55,14.63678504089555,13.062334,16.211235
Oral_cavity_and_pharynx,Female,ADb,,,1,2.5999999,14.68905186645246,13.109536,16.268568
Oral_cavity_and_pharynx,Female,ADb,,,1,2.6500001,14.73867046089931,13.154364,16.322977
Oral_cavity_and_pharynx,Female,ADb,,,1,2.7,14.78579188520656,13.19695,16.374634
Oral_cavity_and_pharynx,Female,ADb,,,1,2.75,14.83055774897561,13.237424,16.423693
Oral_cavity_and_pharynx,Female,ADb,,,1,2.8,14.87310004250632,13.275902,16.470299
Oral_cavity_and_pharynx,Female,ADb,,,1,2.8499999,14.91354210035635,13.312495,16.514589
Oral_cavity_and_pharynx,Female,ADb,,,1,2.9000001,14.95199943820715,13.347307,16.556692
Oral_cavity_and_pharynx,Female,ADb,,,1,2.95,14.98857963022364,13.380434,16.596725
Oral_cavity_and_pharynx,Female,ADb,,,1,3.0,15.02338395859896,13.411966,16.634802
Oral_cavity_and_pharynx,Female,ADb,,,1,3.05,15.05555521572737,13.441148,16.669962
Oral_cavity_and_pharynx,Female,ADb,,,1,3.0999999,15.08613227372226,13.468898,16.703367
Oral_cavity_and_pharynx,Female,ADb,,,1,3.1500001,15.11519893608411,13.49529,16.735107
Oral_cavity_and_pharynx,Female,ADb,,,1,3.2,15.14283350595843,13.520396,16.76527
Oral_cavity_and_pharynx,Female,ADb,,,1,3.25,15.16910997578488,13.544282,16.793938
Oral_cavity_and_pharynx,Female,ADb,,,1,3.3,15.1940977959631,13.567009,16.821186
Oral_cavity_and_pharynx,Female,ADb,,,1,3.3499999,15.21786232059274,13.588637,16.847088
Oral_cavity_and_pharynx,Female,ADb,,,1,3.4000001,15.2404651922926,13.609221,16.87171
Oral_cavity_and_pharynx,Female,ADb,,,1,3.45,15.26196417459266,13.628813,16.895117
Oral_cavity_and_pharynx,Female,ADb,,,1,3.5,15.2824140362349,13.64746,16.917368
Oral_cavity_and_pharynx,Female,ADb,,,1,3.55,15.30186633472544,13.665211,16.938522
Oral_cavity_and_pharynx,Female,ADb,,,1,3.5999999,15.32036973009045,13.682108,16.958632
Oral_cavity_and_pharynx,Female,ADb,,,1,3.6500001,15.33797025476351,13.698193,16.977747
Oral_cavity_and_pharynx,Female,ADb,,,1,3.7,15.35471115632713,13.713504,16.995918
Oral_cavity_and_pharynx,Female,ADb,,,1,3.75,15.37063356209136,13.728078,17.013189
Oral_cavity_and_pharynx,Female,ADb,,,1,3.8,15.3857762889475,13.741951,17.029602
Oral_cavity_and_pharynx,Female,ADb,,,1,3.8499999,15.40017606825583,13.755155,17.045198
Oral_cavity_and_pharynx,Female,ADb,,,1,3.9000001,15.41386773844518,13.76772,17.060015
Oral_cavity_and_pharynx,Female,ADb,,,1,3.95,15.42688410710713,13.779678,17.074089
Oral_cavity_and_pharynx,Female,ADb,,,1,4.0,15.43925645394356,13.791056,17.087458
Oral_cavity_and_pharynx,Female,ADb,,,1,4.0500002,15.45000122773128,13.800982,17.09902
Oral_cavity_and_pharynx,Female,ADb,,,1,4.0999999,15.46015985398695,13.810381,17.10994
Oral_cavity_and_pharynx,Female,ADb,,,1,4.1500001,15.46975924977781,13.819275,17.120243
Oral_cavity_and_pharynx,Female,ADb,,,1,4.1999998,15.47882459791193,13.827687,17.129961
Oral_cavity_and_pharynx,Female,ADb,,,1,4.25,15.4873801592181,13.83564,17.13912
Oral_cavity_and_pharynx,Female,ADb,,,1,4.3000002,15.49544872809464,13.843153,17.147745
Oral_cavity_and_pharynx,Female,ADb,,,1,4.3499999,15.50305198151997,13.850245,17.155859
Oral_cavity_and_pharynx,Female,ADb,,,1,4.4000001,15.51021073993491,13.856937,17.163485
Oral_cavity_and_pharynx,Female,ADb,,,1,4.4499998,15.51694453034147,13.863245,17.170645
Oral_cavity_and_pharynx,Female,ADb,,,1,4.5,15.5232721896222,13.869186,17.177359
Oral_cavity_and_pharynx,Female,ADb,,,1,4.5500002,15.52921145751001,13.874776,17.183647
Oral_cavity_and_pharynx,Female,ADb,,,1,4.5999999,15.53477923532084,13.880031,17.189528
Oral_cavity_and_pharynx,Female,ADb,,,1,4.6500001,15.53999177489187,13.884964,17.195021
Oral_cavity_and_pharynx,Female,ADb,,,1,4.6999998,15.54486435878359,13.889589,17.20014
Oral_cavity_and_pharynx,Female,ADb,,,1,4.75,15.54941173944321,13.893921,17.204903
Oral_cavity_and_pharynx,Female,ADb,,,1,4.8000002,15.55364784407434,13.897971,17.209324
Oral_cavity_and_pharynx,Female,ADb,,,1,4.8499999,15.55758596341621,13.901752,17.213421
Oral_cavity_and_pharynx,Female,ADb,,,1,4.9000001,15.56123888490234,13.905273,17.217205
Oral_cavity_and_pharynx,Female,ADb,,,1,4.9499998,15.56461866837876,13.908547,17.22069
Oral_cavity_and_pharynx,Female,ADb,,,1,5.0,15.56773695531032,13.911586,17.223888
Oral_cavity_and_pharynx,Female,ADb,,,2,0.0,0.0,0.0,0.0
Oral_cavity_and_pharynx,Female,ADb,,,2,0.050000001,0.079747949835134,0.061387103,0.098108798
Oral_cavity_and_pharynx,Female,ADb,,,2,0.1,0.3033430029857196,0.23861781,0.36806819
Oral_cavity_and_pharynx,Female,ADb,,,2,0.15000001,0.5752024047078373,0.45419055,0.69621426
Oral_cavity_and_pharynx,Female,ADb,,,2,0.2,0.856750895913466,0.67773825,1.0357635
Oral_cavity_and_pharynx,Female,ADb,,,2,0.25,1.130100478388625,0.89511049,1.3650905
Oral_cavity_and_pharynx,Female,ADb,,,2,0.30000001,1.387029912165717,1.0997508,1.674309
Oral_cavity_and_pharynx,Female,ADb,,,2,0.34999999,1.624198743623279,1.2889472,1.9594502
Oral_cavity_and_pharynx,Female,ADb,,,2,0.40000001,1.840799866195453,1.4619938,2.2196059
Oral_cavity_and_pharynx,Female,ADb,,,2,0.44999999,2.037331881516729,1.6192272,2.4554367
Oral_cavity_and_pharynx,Female,ADb,,,2,0.5,2.214937323887431,1.7615049,2.6683698
Oral_cavity_and_pharynx,Female,ADb,,,2,0.55000001,2.375038059500548,1.8899168,2.8601594
Oral_cavity_and_pharynx,Female,ADb,,,2,0.60000002,2.519136241701939,2.0056262,3.0326462
Oral_cavity_and_pharynx,Female,ADb,,,2,0.64999998,2.648706710033215,2.1097825,3.1876309
Oral_cavity_and_pharynx,Female,ADb,,,2,0.69999999,2.765142253831139,2.2034764,3.3268082
Oral_cavity_and_pharynx,Female,ADb,,,2,0.75,2.869710764057871,2.287704,3.4517174
Oral_cavity_and_pharynx,Female,ADb,,,2,0.80000001,2.963548228965829,2.3633609,3.5637355
Oral_cavity_and_pharynx,Female,ADb,,,2,0.85000002,3.047686723713072,2.4312625,3.6641111
Oral_cavity_and_pharynx,Female,ADb,,,2,0.89999998,3.123059338785339,2.4921477,3.7539709
Oral_cavity_and_pharynx,Female,ADb,,,2,0.94999999,3.190506345258695,2.546684,3.8343287
Oral_cavity_and_pharynx,Female,ADb,,,2,1.0,3.25078192504246,2.5954709,3.9060929
Oral_cavity_and_pharynx,Female,ADb,,,2,1.05,3.303472626108898,2.638195,3.9687502
Oral_cavity_and_pharynx,Female,ADb,,,2,1.1,3.350246039155721,2.6761692,4.024323
Oral_cavity_and_pharynx,Female,ADb,,,2,1.15,3.391649987059589,2.7098308,4.0734692
Oral_cavity_and_pharynx,Female,ADb,,,2,1.2,3.428183099996151,2.7395787,4.1167874
Oral_cavity_and_pharynx,Female,ADb,,,2,1.25,3.460311195242066,2.7657855,4.1548371
Oral_cavity_and_pharynx,Female,ADb,,,2,1.3,3.488452750996543,2.7887857,4.1881199
Oral_cavity_and_pharynx,Female,ADb,,,2,1.35,3.512980672275508,2.8088789,4.2170825
Oral_cavity_and_pharynx,Female,ADb,,,2,1.4,3.534227705046095,2.8263309,4.2421246
Oral_cavity_and_pharynx,Female,ADb,,,2,1.45,3.552491654035483,2.8413813,4.2636023
Oral_cavity_and_pharynx,Female,ADb,,,2,1.5,3.568039174753144,2.8542435,4.2818351
Oral_cavity_and_pharynx,Female,ADb,,,2,1.55,3.581109751977031,2.8651102,4.2971096
Oral_cavity_and_pharynx,Female,ADb,,,2,1.6,3.591918725791654,2.8741541,4.3096833
Oral_cavity_and_pharynx,Female,ADb,,,2,1.65,3.600660015800507,2.8815308,4.3197894
Oral_cavity_and_pharynx,Female,ADb,,,2,1.7,3.607508711106766,2.8873816,4.3276358
Oral_cavity_and_pharynx,Female,ADb,,,2,1.75,3.612623018391258,2.8918331,4.3334131
Oral_cavity_and_pharynx,Female,ADb,,,2,1.8,3.616146240655842,2.8950007,4.3372917
Oral_cavity_and_pharynx,Female,ADb,,,2,1.85,3.618208335824734,2.8969891,4.3394275
Oral_cavity_and_pharynx,Female,ADb,,,2,1.9,3.618927346086451,2.897893,4.3399615
Oral_cavity_and_pharynx,Female,ADb,,,2,1.95,3.618410679848216,2.897799,4.3390222
Oral_cavity_and_pharynx,Female,ADb,,,2,2.0,3.616756609187567,2.896786,4.3367271
Oral_cavity_and_pharynx,Female,ADb,,,2,2.05,3.612783143448755,2.8939269,4.3316398
Oral_cavity_and_pharynx,Female,ADb,,,2,2.0999999,3.607871639738175,2.8903086,4.3254347
Oral_cavity_and_pharynx,Female,ADb,,,2,2.1500001,3.602109891274747,2.8860021,4.3182178
Oral_cavity_and_pharynx,Female,ADb,,,2,2.2,3.595577258645589,2.8810713,4.3100834
Oral_cavity_and_pharynx,Female,ADb,,,2,2.25,3.588345439898909,2.8755739,4.3011169
Oral_cavity_and_pharynx,Female,ADb,,,2,2.3,3.580479397200408,2.8695621,4.2913966
Oral_cavity_and_pharynx,Female,ADb,,,2,2.3499999,3.572038052053694,2.8630834,4.280993
Oral_cavity_and_pharynx,Female,ADb,,,2,2.4000001,3.563074875807619,2.8561809,4.269969
Oral_cavity_and_pharynx,Female,ADb,,,2,2.45,3.553638622601373,2.8488936,4.2583838
Oral_cavity_and_pharynx,Female,ADb,,,2,2.5,3.543773566881852,2.8412576,4.2462897
Oral_cavity_and_pharynx,Female,ADb,,,2,2.55,3.533520109676431,2.8333051,4.2337351
Oral_cavity_and_pharynx,Female,ADb,,,2,2.5999999,3.522915125007872,2.8250661,4.2207642
Oral_cavity_and_pharynx,Female,ADb,,,2,2.6500001,3.511992251709447,2.8165674,4.207417
Oral_cavity_and_pharynx,Female,ADb,,,2,2.7,3.500782409927981,2.8078341,4.1937304
Oral_cavity_and_pharynx,Female,ADb,,,2,2.75,3.489313761709278,2.7988889,4.1797385
Oral_cavity_and_pharynx,Female,ADb,,,2,2.8,3.477612162009216,2.7897527,4.1654716
Oral_cavity_and_pharynx,Female,ADb,,,2,2.8499999,3.46570132554674,2.7804444,4.1509581
Oral_cavity_and_pharynx,Female,ADb,,,2,2.9000001,3.453602964138216,2.7709818,4.1362243
Oral_cavity_and_pharynx,Female,ADb,,,2,2.95,3.441337193677098,2.7613807,4.1212935
Oral_cavity_and_pharynx,Female,ADb,,,2,3.0,3.428922345362716,2.7516563,4.1061883
Oral_cavity_and_pharynx,Female,ADb,,,2,3.05,3.415063222928994,2.7407877,4.0893388
Oral_cavity_and_pharynx,Female,ADb,,,2,3.0999999,3.401099885950067,2.7298312,4.0723686
Oral_cavity_and_pharynx,Female,ADb,,,2,3.1500001,3.387046677319411,2.7187986,4.0552945
Oral_cavity_and_pharynx,Female,ADb,,,2,3.2,3.372916998919339,2.7077007,4.0381331
Oral_cavity_and_pharynx,Female,ADb,,,2,3.25,3.358723005593752,2.6965473,4.0208988
Oral_cavity_and_pharynx,Female,ADb,,,2,3.3,3.344475959911038,2.6853476,4.0036044
Oral_cavity_and_pharynx,Female,ADb,,,2,3.3499999,3.330186244321046,2.6741097,3.9862628
Oral_cavity_and_pharynx,Female,ADb,,,2,3.4000001,3.315863364494719,2.6628416,3.9688852
Oral_cavity_and_pharynx,Female,ADb,,,2,3.45,3.301516287856316,2.6515503,3.9514823
Oral_cavity_and_pharynx,Female,ADb,,,2,3.5,3.287153093068641,2.6402426,3.9340637
Oral_cavity_and_pharynx,Female,ADb,,,2,3.55,3.27278129717201,2.6289244,3.9166384
Oral_cavity_and_pharynx,Female,ADb,,,2,3.5999999,3.258407836672324,2.6176014,3.8992143
Oral_cavity_and_pharynx,Female,ADb,,,2,3.6500001,3.244039044078605,2.6062787,3.8817992
Oral_cavity_and_pharynx,Female,ADb,,,2,3.7,3.229680963111484,2.5949614,3.8644006
Oral_cavity_and_pharynx,Female,ADb,,,2,3.75,3.215338975238238,2.5836537,3.8470242
Oral_cavity_and_pharynx,Female,ADb,,,2,3.8,3.201018108296982,2.5723596,3.8296766
Oral_cavity_and_pharynx,Female,ADb,,,2,3.8499999,3.186722999601889,2.5610831,3.8123629
Oral_cavity_and_pharynx,Female,ADb,,,2,3.9000001,3.172457857034239,2.5498276,3.7950883
Oral_cavity_and_pharynx,Female,ADb,,,2,3.95,3.158226757656251,2.5385962,3.7778573
Oral_cavity_and_pharynx,Female,ADb,,,2,4.0,3.14403326407578,2.5273919,3.7606747
Oral_cavity_and_pharynx,Female,ADb,,,2,4.0500002,3.128570182518322,2.5151815,3.7419589
Oral_cavity_and_pharynx,Female,ADb,,,2,4.0999999,3.113165703988541,2.5030148,3.7233167
Oral_cavity_and_pharynx,Female,ADb,,,2,4.1500001,3.097822253042766,2.4908936,3.7047508
Oral_cavity_and_pharynx,Female,ADb,,,2,4.1999998,3.082542607143358,2.4788206,3.6862648
Oral_cavity_and_pharynx,Female,ADb,,,2,4.25,3.067328742901044,2.4667969,3.6678605
Oral_cavity_and_pharynx,Female,ADb,,,2,4.3000002,3.05218287307336,2.4548247,3.6495409
Oral_cavity_and_pharynx,Female,ADb,,,2,4.3499999,3.037107020780374,2.4429057,3.6313083
Oral_cavity_and_pharynx,Female,ADb,,,2,4.4000001,3.022102604308778,2.4310408,3.6131644
Oral_cavity_and_pharynx,Female,ADb,,,2,4.4499998,3.007171454060474,2.4192317,3.5951111
Oral_cavity_and_pharynx,Female,ADb,,,2,4.5,2.992314679205325,2.4074795,3.5771499
Oral_cavity_and_pharynx,Female,ADb,,,2,4.5500002,2.977533676680295,2.3957849,3.5592823
Oral_cavity_and_pharynx,Female,ADb,,,2,4.5999999,2.962829710485172,2.3841496,3.5415099
Oral_cavity_and_pharynx,Female,ADb,,,2,4.6500001,2.948203503276163,2.3725736,3.5238335
Oral_cavity_and_pharynx,Female,ADb,,,2,4.6999998,2.933656224491623,2.3610582,3.5062542
Oral_cavity_and_pharynx,Female,ADb,,,2,4.75,2.919188382291331,2.3496039,3.4887729
Oral_cavity_and_pharynx,Female,ADb,,,2,4.8000002,2.904800803808286,2.3382113,3.4713902
Oral_cavity_and_pharynx,Female,ADb,,,2,4.8499999,2.890494222231078,2.3268809,3.4541075
Oral_cavity_and_pharynx,Female,ADb,,,2,4.9000001,2.876268877190871,2.3156133,3.4369245
Oral_cavity_and_pharynx,Female,ADb,,,2,4.9499998,2.862125473721475,2.3044088,3.4198422
Oral_cavity_and_pharynx,Female,ADb,,,2,5.0,2.848064102401816,2.2932675,3.4028606
Oral_cavity_and_pharynx,Female,pm,,,0,0.0,0.0,0.0,0.0
Oral_cavity_and_pharynx,Female,pm,,,0,0.050000001,20.41624069213867,18.384605,22.447876
Oral_cavity_and_pharynx,Female,pm,,,0,0.1,27.55025672912598,25.239771,29.860743
Oral_cavity_and_pharynx,Female,pm,,,0,0.15000001,29.82252883911133,27.431498,32.213558
Oral_cavity_and_pharynx,Female,pm,,,0,0.2,31.00081443786621,28.575064,33.426563
Oral_cavity_and_pharynx,Female,pm,,,0,0.25,31.78537750244141,29.341206,34.229549
Oral_cavity_and_pharynx,Female,pm,,,0,0.30000001,32.38830184936523,29.932949,34.843655
Oral_cavity_and_pharynx,Female,pm,,,0,0.34999999,32.89302062988281,30.43012,35.355923
Oral_cavity_and_pharynx,Female,pm,,,0,0.40000001,33.33830261230469,30.86981,35.806793
Oral_cavity_and_pharynx,Female,pm,,,0,0.44999999,33.74437713623047,31.271387,36.217365
Oral_cavity_and_pharynx,Female,pm,,,0,0.5,34.12276840209961,31.645903,36.599632
Oral_cavity_and_pharynx,Female,pm,,,0,0.55000001,34.48050689697266,32.000122,36.960892
Oral_cavity_and_pharynx,Female,pm,,,0,0.60000002,34.82213973999023,32.338432,37.305847
Oral_cavity_and_pharynx,Female,pm,,,0,0.64999998,35.15073394775391,32.663811,37.637657
Oral_cavity_and_pharynx,Female,pm,,,0,0.69999999,35.46846008300781,32.978378,37.958542
Oral_cavity_and_pharynx,Female,pm,,,0,0.75,35.77689361572266,33.283672,38.270115
Oral_cavity_and_pharynx,Female,pm,,,0,0.80000001,36.07722091674805,33.580864,38.573578
Oral_cavity_and_pharynx,Female,pm,,,0,0.85000002,36.37034225463867,33.87085,38.869835
Oral_cavity_and_pharynx,Female,pm,,,0,0.89999998,36.656982421875,34.15435,39.159615
Oral_cavity_and_pharynx,Female,pm,,,0,0.94999999,36.93772125244141,34.431946,39.443497
Oral_cavity_and_pharynx,Female,pm,,,0,1.0,37.21303558349609,34.704121,39.721951
Oral_cavity_and_pharynx,Female,pm,,,0,1.05,37.48307418823242,34.971069,39.995079
Oral_cavity_and_pharynx,Female,pm,,,0,1.1,37.7484245300293,35.233337,40.263512
Oral_cavity_and_pharynx,Female,pm,,,0,1.15,38.00938034057617,35.491222,40.527538
Oral_cavity_and_pharynx,Female,pm,,,0,1.2,38.26619720458984,35.744984,40.787411
Oral_cavity_and_pharynx,Female,pm,,,0,1.25,38.51911544799805,35.994865,41.043365
Oral_cavity_and_pharynx,Female,pm,,,0,1.3,38.76834487915039,36.241081,41.295609
Oral_cavity_and_pharynx,Female,pm,,,0,1.35,39.01407241821289,36.483822,41.544323
Oral_cavity_and_pharynx,Female,pm,,,0,1.4,39.25646591186523,36.723259,41.789673
Oral_cavity_and_pharynx,Female,pm,,,0,1.45,39.49568939208984,36.959557,42.031822
Oral_cavity_and_pharynx,Female,pm,,,0,1.5,39.73187637329102,37.192856,42.270897
Oral_cavity_and_pharynx,Female,pm,,,0,1.55,39.96516036987305,37.423286,42.507034
Oral_cavity_and_pharynx,Female,pm,,,0,1.6,40.1956672668457,37.650982,42.740353
Oral_cavity_and_pharynx,Female,pm,,,0,1.65,40.42350006103516,37.876041,42.970959
Oral_cavity_and_pharynx,Female,pm,,,0,1.7,40.64876937866211,38.098579,43.198959
Oral_cavity_and_pharynx,Female,pm,,,0,1.75,40.87156677246094,38.318691,43.424442
Oral_cavity_and_pharynx,Female,pm,,,0,1.8,41.09198760986328,38.536472,43.647503
Oral_cavity_and_pharynx,Female,pm,,,0,1.85,41.31011199951172,38.752003,43.868221
Oral_cavity_and_pharynx,Female,pm,,,0,1.9,41.52602386474609,38.965363,44.086685
Oral_cavity_and_pharynx,Female,pm,,,0,1.95,41.73979568481445,39.176632,44.302959
Oral_cavity_and_pharynx,Female,pm,,,0,2.0,41.95149993896484,39.385883,44.517117
Oral_cavity_and_pharynx,Female,pm,,,0,2.05,42.16077041625977,39.592781,44.72876
Oral_cavity_and_pharynx,Female,pm,,,0,2.0999999,42.36812210083008,39.797806,44.938438
Oral_cavity_and_pharynx,Female,pm,,,0,2.1500001,42.57364273071289,40.001045,45.14624
Oral_cavity_and_pharynx,Female,pm,,,0,2.2,42.77740097045898,40.202572,45.35223
Oral_cavity_and_pharynx,Female,pm,,,0,2.25,42.9794807434082,40.402462,45.556499
Oral_cavity_and_pharynx,Female,pm,,,0,2.3,43.17995452880859,40.600796,45.759113
Oral_cavity_and_pharynx,Female,pm,,,0,2.3499999,43.37888717651367,40.797638,45.960136
Oral_cavity_and_pharynx,Female,pm,,,0,2.4000001,43.57634735107422,40.99305,46.159645
Oral_cavity_and_pharynx,Female,pm,,,0,2.45,43.77239608764648,41.187099,46.357693
Oral_cavity_and_pharynx,Female,pm,,,0,2.5,43.96709823608398,41.379845,46.554352
Oral_cavity_and_pharynx,Female,pm,,,0,2.55,44.16050338745117,41.571342,46.749664
Oral_cavity_and_pharynx,Female,pm,,,0,2.5999999,44.35266876220703,41.761642,46.943695
Oral_cavity_and_pharynx,Female,pm,,,0,2.6500001,44.54364776611328,41.950806,47.13649
Oral_cavity_and_pharynx,Female,pm,,,0,2.7,44.73348999023438,42.138874,47.328106
Oral_cavity_and_pharynx,Female,pm,,,0,2.75,44.92224502563477,42.325901,47.518589
Oral_cavity_and_pharynx,Female,pm,,,0,2.8,45.10995101928711,42.511921,47.707981
Oral_cavity_and_pharynx,Female,pm,,,0,2.8499999,45.29665756225586,42.696991,47.896324
Oral_cavity_and_pharynx,Female,pm,,,0,2.9000001,45.48240280151367,42.881138,48.083668
Oral_cavity_and_pharynx,Female,pm,,,0,2.95,45.66722869873047,43.064411,48.270046
Oral_cavity_and_pharynx,Female,pm,,,0,3.0,45.85117340087891,43.246845,48.455502
Oral_cavity_and_pharynx,Female,pm,,,0,3.05,46.03355407714844,43.427784,48.639324
Oral_cavity_and_pharynx,Female,pm,,,0,3.0999999,46.2150993347168,43.607925,48.822273
Oral_cavity_and_pharynx,Female,pm,,,0,3.1500001,46.39584732055664,43.787315,49.004379
Oral_cavity_and_pharynx,Female,pm,,,0,3.2,46.57582473754883,43.965969,49.18568
Oral_cavity_and_pharynx,Female,pm,,,0,3.25,46.75506210327148,44.143929,49.366196
Oral_cavity_and_pharynx,Female,pm,,,0,3.3,46.93359375,44.32122,49.545967
Oral_cavity_and_pharynx,Female,pm,,,0,3.3499999,47.11144638061523,44.497871,49.725021
Oral_cavity_and_pharynx,Female,pm,,,0,3.4000001,47.28864669799805,44.673912,49.903381
Oral_cavity_and_pharynx,Female,pm,,,0,3.45,47.4652214050293,44.849365,50.081078
Oral_cavity_and_pharynx,Female,pm,,,0,3.5,47.64119338989258,45.024258,50.258129
Oral_cavity_and_pharynx,Female,pm,,,0,3.55,47.81659317016602,45.198612,50.434574
Oral_cavity_and_pharynx,Female,pm,,,0,3.5999999,47.9914436340332,45.372459,50.610428
Oral_cavity_and_pharynx,Female,pm,,,0,3.6500001,48.16576385498047,45.545818,50.785709
Oral_cavity_and_pharynx,Female,pm,,,0,3.7,48.33957290649414,45.7187,50.960445
Oral_cavity_and_pharynx,Female,pm,,,0,3.75,48.51290130615234,45.89114,51.134663
Oral_cavity_and_pharynx,Female,pm,,,0,3.8,48.68576431274414,46.063156,51.308372
Oral_cavity_and_pharynx,Female,pm,,,0,3.8499999,48.85818099975586,46.23476,51.481602
Oral_cavity_and_pharynx,Female,pm,,,0,3.9000001,49.03017425537109,46.405983,51.654366
Oral_cavity_and_pharynx,Female,pm,,,0,3.95,49.20175933837891,46.576832,51.826687
Oral_cavity_and_pharynx,Female,pm,,,0,4.0,49.37295532226563,46.747334,51.998577
Oral_cavity_and_pharynx,Female,pm,,,0,4.0500002,49.54270935058594,46.916439,52.16898
Oral_cavity_and_pharynx,Female,pm,,,0,4.0999999,49.71208190917969,47.085197,52.338966
Oral_cavity_and_pharynx,Female,pm,,,0,4.1500001,49.88108825683594,47.253624,52.508553
Oral_cavity_and_pharynx,Female,pm,,,0,4.1999998,50.04974746704102,47.421741,52.677753
Oral_cavity_and_pharynx,Female,pm,,,0,4.25,50.21807098388672,47.589561,52.846581
Oral_cavity_and_pharynx,Female,pm,,,0,4.3000002,50.38607788085938,47.757099,53.015057
Oral_cavity_and_pharynx,Female,pm,,,0,4.3499999,50.55377960205078,47.924366,53.183193
Oral_cavity_and_pharynx,Female,pm,,,0,4.4000001,50.72119140625,48.091377,53.351006
Oral_cavity_and_pharynx,Female,pm,,,0,4.4499998,50.88832473754883,48.258148,53.518501
Oral_cavity_and_pharynx,Female,pm,,,0,4.5,51.05519866943359,48.424698,53.685699
Oral_cavity_and_pharynx,Female,pm,,,0,4.5500002,51.22182083129883,48.591026,53.852615
Oral_cavity_and_pharynx,Female,pm,,,0,4.5999999,51.38820266723633,48.757153,54.019253
Oral_cavity_and_pharynx,Female,pm,,,0,4.6500001,51.55436325073242,48.923096,54.185631
Oral_cavity_and_pharynx,Female,pm,,,0,4.6999998,51.72031021118164,49.088856,54.351765
Oral_cavity_and_pharynx,Female,pm,,,0,4.75,51.88605117797852,49.254448,54.517654
Oral_cavity_and_pharynx,Female,pm,,,0,4.8000002,52.05160522460938,49.419888,54.683323
Oral_cavity_and_pharynx,Female,pm,,,0,4.8499999,52.21697998046875,49.585186,54.848774
Oral_cavity_and_pharynx,Female,pm,,,0,4.9000001,52.38218688964844,49.750351,55.014023
Oral_cavity_and_pharynx,Female,pm,,,0,4.9499998,52.54723358154297,49.91539,55.179077
Oral_cavity_and_pharynx,Female,pm,,,0,5.0,52.71213531494141,50.080322,55.343948
Oral_cavity_and_pharynx,Female,pm,,,1,0.0,0.0,0.0,0.0
Oral_cavity_and_pharynx,Female,pm,,,1,0.050000001,17.54304885864258,15.611768,19.474331
Oral_cavity_and_pharynx,Female,pm,,,1,0.1,24.78715133666992,22.547535,27.026768
Oral_cavity_and_pharynx,Female,pm,,,1,0.15000001,27.4219913482666,25.078432,29.765551
Oral_cavity_and_pharynx,Female,pm,,,1,0.2,28.88416290283203,26.489895,31.278431
Oral_cavity_and_pharynx,Female,pm,,,1,0.25,29.88130760192871,27.456289,32.306324
Oral_cavity_and_pharynx,Female,pm,,,1,0.30000001,30.6451416015625,28.198761,33.091522
Oral_cavity_and_pharynx,Female,pm,,,1,0.34999999,31.27328681945801,28.810642,33.735931
Oral_cavity_and_pharynx,Female,pm,,,1,0.40000001,31.81406402587891,29.338221,34.289906
Oral_cavity_and_pharynx,Female,pm,,,1,0.44999999,32.29425430297852,29.807201,34.781307
Oral_cavity_and_pharynx,Female,pm,,,1,0.5,32.72999572753906,30.233101,35.226891
Oral_cavity_and_pharynx,Female,pm,,,1,0.55000001,33.13167953491211,30.625933,35.637428
Oral_cavity_and_pharynx,Female,pm,,,1,0.60000002,33.50634002685547,30.992483,36.020195
Oral_cavity_and_pharynx,Female,pm,,,1,0.64999998,33.85894393920898,31.337561,36.380329
Oral_cavity_and_pharynx,Female,pm,,,1,0.69999999,34.19314193725586,31.664698,36.721588
Oral_cavity_and_pharynx,Female,pm,,,1,0.75,34.51166152954102,31.976542,37.04678
Oral_cavity_and_pharynx,Female,pm,,,1,0.80000001,34.81661987304688,32.27515,37.358089
Oral_cavity_and_pharynx,Female,pm,,,1,0.85000002,35.10967254638672,32.562134,37.657211
Oral_cavity_and_pharynx,Female,pm,,,1,0.89999998,35.39215469360352,32.838791,37.945518
Oral_cavity_and_pharynx,Female,pm,,,1,0.94999999,35.66515350341797,33.106182,38.224125
Oral_cavity_and_pharynx,Female,pm,,,1,1.0,35.92956924438477,33.365189,38.49395
Oral_cavity_and_pharynx,Female,pm,,,1,1.05,36.18635940551758,33.616756,38.755962
Oral_cavity_and_pharynx,Female,pm,,,1,1.1,36.43597030639648,33.861313,39.010628
Oral_cavity_and_pharynx,Female,pm,,,1,1.15,36.67895126342773,34.099392,39.258511
Oral_cavity_and_pharynx,Female,pm,,,1,1.2,36.91579437255859,34.331478,39.500111
Oral_cavity_and_pharynx,Female,pm,,,1,1.25,37.14699935913086,34.558056,39.735943
Oral_cavity_and_pharynx,Female,pm,,,1,1.3,37.37300109863281,34.779552,39.96645
Oral_cavity_and_pharynx,Female,pm,,,1,1.35,37.59418106079102,34.996346,40.192017
Oral_cavity_and_pharynx,Female,pm,,,1,1.4,37.81087112426758,35.208752,40.412991
Oral_cavity_and_pharynx,Female,pm,,,1,1.45,38.02337646484375,35.41708,40.629673
Oral_cavity_and_pharynx,Female,pm,,,1,1.5,38.23195266723633,35.621578,40.842327
Oral_cavity_and_pharynx,Female,pm,,,1,1.55,38.43684387207031,35.822483,41.051205
Oral_cavity_and_pharynx,Female,pm,,,1,1.6,38.63825607299805,36.019997,41.256516
Oral_cavity_and_pharynx,Female,pm,,,1,1.65,38.83638763427734,36.214317,41.458458
Oral_cavity_and_pharynx,Female,pm,,,1,1.7,39.03140258789063,36.405602,41.657204
Oral_cavity_and_pharynx,Female,pm,,,1,1.75,39.22346878051758,36.594017,41.852921
Oral_cavity_and_pharynx,Female,pm,,,1,1.8,39.41272354125977,36.779697,42.04575
Oral_cavity_and_pharynx,Female,pm,,,1,1.85,39.59930419921875,36.962776,42.235832
Oral_cavity_and_pharynx,Female,pm,,,1,1.9,39.78332901000977,37.143368,42.42329
Oral_cavity_and_pharynx,Female,pm,,,1,1.95,39.96491241455078,37.32159,42.608234
Oral_cavity_and_pharynx,Female,pm,,,1,2.0,40.14416122436523,37.497547,42.790775
Oral_cavity_and_pharynx,Female,pm,,,1,2.05,40.3213996887207,37.671562,42.971237
Oral_cavity_and_pharynx,Female,pm,,,1,2.0999999,40.49652099609375,37.843525,43.149517
Oral_cavity_and_pharynx,Female,pm,,,1,2.1500001,40.66963577270508,38.013546,43.325726
Oral_cavity_and_pharynx,Female,pm,,,1,2.2,40.84084320068359,38.181713,43.499973
Oral_cavity_and_pharynx,Female,pm,,,1,2.25,41.01023483276367,38.348125,43.672344
Oral_cavity_and_pharynx,Female,pm,,,1,2.3,41.17789840698242,38.512863,43.842934
Oral_cavity_and_pharynx,Female,pm,,,1,2.3499999,41.34392547607422,38.676022,44.011829
Oral_cavity_and_pharynx,Female,pm,,,1,2.4000001,41.50838851928711,38.837669,44.179108
Oral_cavity_and_pharynx,Female,pm,,,1,2.45,41.67136764526367,38.997883,44.344852
Oral_cavity_and_pharynx,Female,pm,,,1,2.5,41.83292770385742,39.156731,44.509125
Oral_cavity_and_pharynx,Female,pm,,,1,2.55,41.99313735961914,39.314274,44.672001
Oral_cavity_and_pharynx,Female,pm,,,1,2.5999999,42.15206146240234,39.470585,44.833538
Oral_cavity_and_pharynx,Female,pm,,,1,2.6500001,42.30976486206055,39.625717,44.993813
Oral_cavity_and_pharynx,Female,pm,,,1,2.7,42.4662971496582,39.779724,45.15287
Oral_cavity_and_pharynx,Female,pm,,,1,2.75,42.6217155456543,39.932667,45.310764
Oral_cavity_and_pharynx,Female,pm,,,1,2.8,42.77606964111328,40.084587,45.467552
Oral_cavity_and_pharynx,Female,pm,,,1,2.8499999,42.92940902709961,40.235535,45.623283
Oral_cavity_and_pharynx,Female,pm,,,1,2.9000001,43.081787109375,40.385563,45.778011
Oral_cavity_and_pharynx,Female,pm,,,1,2.95,43.23323822021484,40.534706,45.93177
Oral_cavity_and_pharynx,Female,pm,,,1,3.0,43.38381195068359,40.683014,46.08461
Oral_cavity_and_pharynx,Female,pm,,,1,3.05,43.53374099731445,40.830723,46.236759
Oral_cavity_and_pharynx,Female,pm,,,1,3.0999999,43.68286514282227,40.977669,46.388062
Oral_cavity_and_pharynx,Female,pm,,,1,3.1500001,43.83121871948242,41.123878,46.538559
Oral_cavity_and_pharynx,Female,pm,,,1,3.2,43.97883605957031,41.269394,46.688278
Oral_cavity_and_pharynx,Female,pm,,,1,3.25,44.12575531005859,41.414246,46.837265
Oral_cavity_and_pharynx,Female,pm,,,1,3.3,44.27200317382813,41.558464,46.985542
Oral_cavity_and_pharynx,Female,pm,,,1,3.3499999,44.4176139831543,41.702084,47.133144
Oral_cavity_and_pharynx,Female,pm,,,1,3.4000001,44.56261825561523,41.845131,47.280106
Oral_cavity_and_pharynx,Female,pm,,,1,3.45,44.70703887939453,41.987625,47.426453
Oral_cavity_and_pharynx,Female,pm,,,1,3.5,44.85090637207031,42.129604,47.572208
Oral_cavity_and_pharynx,Female,pm,,,1,3.55,44.9942512512207,42.271095,47.717407
Oral_cavity_and_pharynx,Female,pm,,,1,3.5999999,45.13709259033203,42.412117,47.862068
Oral_cavity_and_pharynx,Female,pm,,,1,3.6500001,45.27945327758789,42.552689,48.006218
Oral_cavity_and_pharynx,Female,pm,,,1,3.7,45.42136383056641,42.692844,48.149883
Oral_cavity_and_pharynx,Female,pm,,,1,3.75,45.56283950805664,42.8326,48.293079
Oral_cavity_and_pharynx,Female,pm,,,1,3.8,45.70390701293945,42.971977,48.435837
Oral_cavity_and_pharynx,Female,pm,,,1,3.8499999,45.84458160400391,43.110992,48.578171
Oral_cavity_and_pharynx,Female,pm,,,1,3.9000001,45.98488998413086,43.249676,48.720104
Oral_cavity_and_pharynx,Female,pm,,,1,3.95,46.12484741210938,43.388035,48.86166
Oral_cavity_and_pharynx,Female,pm,,,1,4.0,46.26446914672852,43.526093,49.002846
Oral_cavity_and_pharynx,Female,pm,,,1,4.0500002,46.40392684936523,43.664024,49.143829
Oral_cavity_and_pharynx,Female,pm,,,1,4.0999999,46.5430793762207,43.801685,49.284473
Oral_cavity_and_pharynx,Female,pm,,,1,4.1500001,46.68194580078125,43.939087,49.424805
Oral_cavity_and_pharynx,Female,pm,,,1,4.1999998,46.82053756713867,44.076244,49.564831
Oral_cavity_and_pharynx,Female,pm,,,1,4.25,46.95887756347656,44.213181,49.704575
Oral_cavity_and_pharynx,Female,pm,,,1,4.3000002,47.09697723388672,44.349903,49.844051
Oral_cavity_and_pharynx,Female,pm,,,1,4.3499999,47.23484802246094,44.486427,49.983269
Oral_cavity_and_pharynx,Female,pm,,,1,4.4000001,47.37250518798828,44.622768,50.122242
Oral_cavity_and_pharynx,Female,pm,,,1,4.4499998,47.50996780395508,44.758945,50.26099
Oral_cavity_and_pharynx,Female,pm,,,1,4.5,47.64724349975586,44.894962,50.399525
Oral_cavity_and_pharynx,Female,pm,,,1,4.5500002,47.78434753417969,45.030834,50.537861
Oral_cavity_and_pharynx,Female,pm,,,1,4.5999999,47.92129135131836,45.166576,50.676006
Oral_cavity_and_pharynx,Female,pm,,,1,4.6500001,48.05809020996094,45.302204,50.813976
Oral_cavity_and_pharynx,Female,pm,,,1,4.6999998,48.19475173950195,45.437721,50.951782
Oral_cavity_and_pharynx,Female,pm,,,1,4.75,48.3312873840332,45.573139,51.089436
Oral_cavity_and_pharynx,Female,pm,,,1,4.8000002,48.46771240234375,45.708477,51.226948
Oral_cavity_and_pharynx,Female,pm,,,1,4.8499999,48.60403442382813,45.843739,51.36433
Oral_cavity_and_pharynx,Female,pm,,,1,4.9000001,48.74026489257813,45.978935,51.501595
Oral_cavity_and_pharynx,Female,pm,,,1,4.9499998,48.87641143798828,46.114079,51.638744
Oral_cavity_and_pharynx,Female,pm,,,1,5.0,49.01248931884766,46.24918,51.775799
Oral_cavity_and_pharynx,Female,pm,,,2,0.0,0.0,0.0,0.0
Oral_cavity_and_pharynx,Female,pm,,,2,0.050000001,37.4536018371582,32.182518,42.724686
Oral_cavity_and_pharynx,Female,pm,,,2,0.1,38.78149032592773,33.762489,43.800491
Oral_cavity_and_pharynx,Female,pm,,,2,0.15000001,38.32676315307617,33.36702,43.286507
Oral_cavity_and_pharynx,Female,pm,,,2,0.2,38.03055191040039,33.102634,42.958469
Oral_cavity_and_pharynx,Female,pm,,,2,0.25,37.91015625,33.001972,42.81834
Oral_cavity_and_pharynx,Female,pm,,,2,0.30000001,37.91464996337891,33.018791,42.810509
Oral_cavity_and_pharynx,Female,pm,,,2,0.34999999,38.00661849975586,33.117912,42.895325
Oral_cavity_and_pharynx,Female,pm,,,2,0.40000001,38.16162490844727,33.276226,43.047024
Oral_cavity_and_pharynx,Female,pm,,,2,0.44999999,38.36357879638672,33.478531,43.248627
Oral_cavity_and_pharynx,Female,pm,,,2,0.5,38.60158920288086,33.714565,43.488613
Oral_cavity_and_pharynx,Female,pm,,,2,0.55000001,38.86805725097656,33.977207,43.758907
Oral_cavity_and_pharynx,Female,pm,,,2,0.60000002,39.15755081176758,34.26141,44.053692
Oral_cavity_and_pharynx,Female,pm,,,2,0.64999998,39.46609115600586,34.563492,44.36869
Oral_cavity_and_pharynx,Female,pm,,,2,0.69999999,39.79071044921875,34.880733,44.700687
Oral_cavity_and_pharynx,Female,pm,,,2,0.75,40.12915420532227,35.21109,45.047218
Oral_cavity_and_pharynx,Female,pm,,,2,0.80000001,40.47967147827148,35.552986,45.406357
Oral_cavity_and_pharynx,Female,pm,,,2,0.85000002,40.84090042114258,35.905205,45.776596
Oral_cavity_and_pharynx,Female,pm,,,2,0.89999998,41.21177673339844,36.266815,46.156738
Oral_cavity_and_pharynx,Female,pm,,,2,0.94999999,41.59146499633789,36.637089,46.545841
Oral_cavity_and_pharynx,Female,pm,,,2,1.0,41.97930526733398,37.015469,46.943142
Oral_cavity_and_pharynx,Female,pm,,,2,1.05,42.37405776977539,37.400955,47.34716
Oral_cavity_and_pharynx,Female,pm,,,2,1.1,42.77599716186523,37.793739,47.758255
Oral_cavity_and_pharynx,Female,pm,,,2,1.15,43.18482208251953,38.193596,48.176048
Oral_cavity_and_pharynx,Female,pm,,,2,1.2,43.6002082824707,38.600262,48.600155
Oral_cavity_and_pharynx,Female,pm,,,2,1.25,44.02163314819336,39.013283,49.029984
Oral_cavity_and_pharynx,Female,pm,,,2,1.3,44.44862747192383,39.432247,49.465008
Oral_cavity_and_pharynx,Female,pm,,,2,1.35,44.88080596923828,39.856819,49.904793
Oral_cavity_and_pharynx,Female,pm,,,2,1.4,45.31785583496094,40.286736,50.348976
Oral_cavity_and_pharynx,Female,pm,,,2,1.45,45.759521484375,40.721783,50.79726
Oral_cavity_and_pharynx,Female,pm,,,2,1.5,46.20559310913086,41.161785,51.249401
Oral_cavity_and_pharynx,Female,pm,,,2,1.55,46.65590286254883,41.606617,51.705189
Oral_cavity_and_pharynx,Female,pm,,,2,1.6,47.11031341552734,42.056164,52.164463
Oral_cavity_and_pharynx,Female,pm,,,2,1.65,47.5687141418457,42.510353,52.627075
Oral_cavity_and_pharynx,Female,pm,,,2,1.7,48.03103256225586,42.969139,53.092926
Oral_cavity_and_pharynx,Female,pm,,,2,1.75,48.49719619750977,43.432472,53.56192
Oral_cavity_and_pharynx,Female,pm,,,2,1.8,48.96715927124023,43.900337,54.033981
Oral_cavity_and_pharynx,Female,pm,,,2,1.85,49.44089889526367,44.372734,54.509064
Oral_cavity_and_pharynx,Female,pm,,,2,1.9,49.91839218139648,44.84967,54.987114
Oral_cavity_and_pharynx,Female,pm,,,2,1.95,50.39963912963867,45.331161,55.468117
Oral_cavity_and_pharynx,Female,pm,,,2,2.0,50.88463973999023,45.817234,55.952045
Oral_cavity_and_pharynx,Female,pm,,,2,2.05,51.37213897705078,46.306786,56.437492
Oral_cavity_and_pharynx,Female,pm,,,2,2.0999999,51.86346054077148,46.801033,56.925888
Oral_cavity_and_pharynx,Female,pm,,,2,2.1500001,52.35868072509766,47.300068,57.417294
Oral_cavity_and_pharynx,Female,pm,,,2,2.2,52.85788726806641,47.804012,57.911762
Oral_cavity_and_pharynx,Female,pm,,,2,2.25,53.36116790771484,48.312973,58.409363
Oral_cavity_and_pharynx,Female,pm,,,2,2.3,53.86861801147461,48.827072,58.910164
Oral_cavity_and_pharynx,Female,pm,,,2,2.3499999,54.38033294677734,49.346436,59.41423
Oral_cavity_and_pharynx,Female,pm,,,2,2.4000001,54.89641571044922,49.871189,59.921642
Oral_cavity_and_pharynx,Female,pm,,,2,2.45,55.41696929931641,50.401463,60.432476
Oral_cavity_and_pharynx,Female,pm,,,2,2.5,55.94210052490234,50.937397,60.946804
Oral_cavity_and_pharynx,Female,pm,,,2,2.55,56.47192001342773,51.479126,61.464714
Oral_cavity_and_pharynx,Female,pm,,,2,2.5999999,57.00653839111328,52.026798,61.986279
Oral_cavity_and_pharynx,Female,pm,,,2,2.6500001,57.54607772827148,52.580563,62.511593
Oral_cavity_and_pharynx,Female,pm,,,2,2.7,58.09064865112305,53.140564,63.040733
Oral_cavity_and_pharynx,Female,pm,,,2,2.75,58.6403694152832,53.706955,63.573784
Oral_cavity_and_pharynx,Female,pm,,,2,2.8,59.19536972045898,54.2799,64.11084
Oral_cavity_and_pharynx,Female,pm,,,2,2.8499999,59.75577163696289,54.859558,64.651985
Oral_cavity_and_pharynx,Female,pm,,,2,2.9000001,60.32170867919922,55.446102,65.197319
Oral_cavity_and_pharynx,Female,pm,,,2,2.95,60.8932991027832,56.039684,65.74691
Oral_cavity_and_pharynx,Female,pm,,,2,3.0,61.47068023681641,56.640491,66.300865
Oral_cavity_and_pharynx,Female,pm,,,2,3.05,62.05194473266602,57.246693,66.857201
Oral_cavity_and_pharynx,Female,pm,,,2,3.0999999,62.63920211791992,57.860382,67.418022
Oral_cavity_and_pharynx,Female,pm,,,2,3.1500001,63.23260498046875,58.481766,67.983444
Oral_cavity_and_pharynx,Female,pm,,,2,3.2,63.832275390625,59.111012,68.553543
Oral_cavity_and_pharynx,Female,pm,,,2,3.25,64.43836975097656,59.748318,69.128426
Oral_cavity_and_pharynx,Female,pm,,,2,3.3,65.05103302001953,60.393879,69.708183
Oral_cavity_and_pharynx,Female,pm,,,2,3.3499999,65.67041015625,61.047897,70.292923
Oral_cavity_and_pharynx,Female,pm,,,2,3.4000001,66.29666137695312,61.710579,70.882744
Oral_cavity_and_pharynx,Female,pm,,,2,3.45,66.929931640625,62.38213,71.47773
Oral_cavity_and_pharynx,Female,pm,,,2,3.5,67.57039642333984,63.062778,72.078018
Oral_cavity_and_pharynx,Female,pm,,,2,3.55,68.21820068359375,63.752728,72.68367
Oral_cavity_and_pharynx,Female,pm,,,2,3.5999999,68.8735122680664,64.452209,73.294815
Oral_cavity_and_pharynx,Female,pm,,,2,3.6500001,69.53651428222656,65.161461,73.911568
Oral_cavity_and_pharynx,Female,pm,,,2,3.7,70.20736694335938,65.880714,74.534019
Oral_cavity_and_pharynx,Female,pm,,,2,3.75,70.8862533569336,66.610222,75.162285
Oral_cavity_and_pharynx,Female,pm,,,2,3.8,71.57334899902344,67.35022,75.796478
Oral_cavity_and_pharynx,Female,pm,,,2,3.8499999,72.26884460449219,68.100975,76.436714
Oral_cavity_and_pharynx,Female,pm,,,2,3.9000001,72.9729232788086,68.862732,77.083115
Oral_cavity_and_pharynx,Female,pm,,,2,3.95,73.68578338623047,69.63578,77.735786
Oral_cavity_and_pharynx,Female,pm,,,2,4.0,74.40762329101562,70.42038,78.394867
Oral_cavity_and_pharynx,Female,pm,,,2,4.0500002,75.13554382324219,71.213539,79.057549
Oral_cavity_and_pharynx,Female,pm,,,2,4.0999999,75.87274169921875,72.018669,79.726814
Oral_cavity_and_pharynx,Female,pm,,,2,4.1500001,76.61943817138672,72.83609,80.402786
Oral_cavity_and_pharynx,Female,pm,,,2,4.1999998,77.37584686279297,73.666084,81.085609
Oral_cavity_and_pharynx,Female,pm,,,2,4.25,78.14219665527344,74.508957,81.775436
Oral_cavity_and_pharynx,Female,pm,,,2,4.3000002,78.918701171875,75.365013,82.472389
Oral_cavity_and_pharynx,Female,pm,,,2,4.3499999,79.7055892944336,76.23455,83.176628
Oral_cavity_and_pharynx,Female,pm,,,2,4.4000001,80.50312042236328,77.117912,83.888329
Oral_cavity_and_pharynx,Female,pm,,,2,4.4499998,81.31151580810547,78.015388,84.607643
Oral_cavity_and_pharynx,Female,pm,,,2,4.5,82.13105010986328,78.927338,85.334763
Oral_cavity_and_pharynx,Female,pm,,,2,4.5500002,82.96196746826172,79.85405,86.069885
Oral_cavity_and_pharynx,Female,pm,,,2,4.5999999,83.80452728271484,80.795853,86.813202
Oral_cavity_and_pharynx,Female,pm,,,2,4.6500001,84.65901947021484,81.753067,87.564972
Oral_cavity_and_pharynx,Female,pm,,,2,4.6999998,85.52571105957031,82.725983,88.325439
Oral_cavity_and_pharynx,Female,pm,,,2,4.75,86.40489959716797,83.714897,89.094902
Oral_cavity_and_pharynx,Female,pm,,,2,4.8000002,87.296875,84.720062,89.873688
Oral_cavity_and_pharynx,Female,pm,,,2,4.8499999,88.20194244384766,85.741692,90.662193
Oral_cavity_and_pharynx,Female,pm,,,2,4.9000001,89.12042236328125,86.779953,91.460892
Oral_cavity_and_pharynx,Female,pm,,,2,4.9499998,90.05261993408203,87.834908,92.270332
Oral_cavity_and_pharynx,Female,pm,,,2,5.0,90.9989013671875,88.906548,93.091255
Oral_cavity_and_pharynx,Female,tce,,,0,0.0,0.0,0.0,0.0
Oral_cavity_and_pharynx,Female,tce,,,0,0.050000001,0.0030545971389972,0.0029693919,0.0031398025
Oral_cavity_and_pharynx,Female,tce,,,0,0.1,0.0082011310362708,0.0079334788,0.0084687835
Oral_cavity_and_pharynx,Female,tce,,,0,0.15000001,0.0141135387804455,0.013631102,0.014595975
Oral_cavity_and_pharynx,Female,tce,,,0,0.2,0.0201526222427298,0.019448699,0.020856544
Oral_cavity_and_pharynx,Female,tce,,,0,0.25,0.0260220333681429,0.025101077,0.026942991
Oral_cavity_and_pharynx,Female,tce,,,0,0.30000001,0.0315832002920549,0.030454792,0.03271161
Oral_cavity_and_pharynx,Female,tce,,,0,0.34999999,0.0367768939304121,0.035452824,0.038100962
Oral_cavity_and_pharynx,Female,tce,,,0,0.40000001,0.0415855491927783,0.040078316,0.043092784
Oral_cavity_and_pharynx,Female,tce,,,0,0.44999999,0.0460137021282009,0.044335727,0.04769168
Oral_cavity_and_pharynx,Female,tce,,,0,0.5,0.0500774024293072,0.048240624,0.051914182
Oral_cavity_and_pharynx,Female,tce,,,0,0.55000001,0.0537982714627408,0.051813964,0.055782583
Oral_cavity_and_pharynx,Female,tce,,,0,0.60000002,0.0572001640618127,0.055078849,0.059321478
Oral_cavity_and_pharynx,Female,tce,,,0,0.64999998,0.0603072718953252,0.058058713,0.062555827
Oral_cavity_and_pharynx,Female,tce,,,0,0.69999999,0.063143081963585,0.060776308,0.065509856
Oral_cavity_and_pharynx,Female,tce,,,0,0.75,0.0657293639202857,0.063252717,0.068206005
Oral_cavity_and_pharynx,Female,tce,,,0,0.80000001,0.0680859229220053,0.065507144,0.070664704
Oral_cavity_and_pharynx,Female,tce,,,0,0.85000002,0.0702312112653169,0.067557454,0.072904967
Oral_cavity_and_pharynx,Female,tce,,,0,0.89999998,0.0721823258768577,0.069420218,0.074944437
Oral_cavity_and_pharynx,Female,tce,,,0,0.94999999,0.0739550281158271,0.071110711,0.076799348
Oral_cavity_and_pharynx,Female,tce,,,0,1.0,0.075563780989292,0.072642945,0.078484617
Oral_cavity_and_pharynx,Female,tce,,,0,1.05,0.0770130828874256,0.074021414,0.080004752
Oral_cavity_and_pharynx,Female,tce,,,0,1.1,0.0783236421793204,0.075266056,0.081381232
Oral_cavity_and_pharynx,Female,tce,,,0,1.15,0.0795065654292011,0.076387614,0.082625516
Oral_cavity_and_pharynx,Female,tce,,,0,1.2,0.0805721030095576,0.07739602,0.083748184
Oral_cavity_and_pharynx,Female,tce,,,0,1.25,0.0815298595252719,0.078300573,0.084759146
Oral_cavity_and_pharynx,Female,tce,,,0,1.3,0.0823886195664389,0.07910978,0.085667461
Oral_cavity_and_pharynx,Female,tce,,,0,1.35,0.0831563705638459,0.079831354,0.086481385
Oral_cavity_and_pharynx,Female,tce,,,0,1.4,0.0838403775452922,0.080472343,0.087208413
Oral_cavity_and_pharynx,Female,tce,,,0,1.45,0.0844472666625706,0.081039146,0.087855384
Oral_cavity_and_pharynx,Female,tce,,,0,1.5,0.0849830759440022,0.081537604,0.088428542
Oral_cavity_and_pharynx,Female,tce,,,0,1.55,0.0854533230894864,0.081973061,0.088933587
Oral_cavity_and_pharynx,Female,tce,,,0,1.6,0.0858630516039736,0.082350381,0.089375719
Oral_cavity_and_pharynx,Female,tce,,,0,1.65,0.086216874349906,0.082674034,0.089759715
Oral_cavity_and_pharynx,Female,tce,,,0,1.7,0.0865190210047934,0.082948096,0.090089947
Oral_cavity_and_pharynx,Female,tce,,,0,1.75,0.0867733679127735,0.083176322,0.090370409
Oral_cavity_and_pharynx,Female,tce,,,0,1.8,0.0869834762560144,0.083362155,0.090604804
Oral_cavity_and_pharynx,Female,tce,,,0,1.85,0.087152618826503,0.083508737,0.0907965
Oral_cavity_and_pharynx,Female,tce,,,0,1.9,0.0872838056703798,0.083618991,0.090948619
Oral_cavity_and_pharynx,Female,tce,,,0,1.95,0.0873798103705169,0.08369559,0.091064028
Oral_cavity_and_pharynx,Female,tce,,,0,2.0,0.0874432002854923,0.083741017,0.091145389
Oral_cavity_and_pharynx,Female,tce,,,0,2.05,0.0874672238793561,0.083748892,0.091185555
Oral_cavity_and_pharynx,Female,tce,,,0,2.0999999,0.087463937365723,0.083730705,0.09119717
Oral_cavity_and_pharynx,Female,tce,,,0,2.1500001,0.0874357041797258,0.083688729,0.091182679
Oral_cavity_and_pharynx,Female,tce,,,0,2.2,0.0873846733229667,0.083625019,0.091144323
Oral_cavity_and_pharynx,Female,tce,,,0,2.25,0.0873128003598454,0.083541468,0.09108413
Oral_cavity_and_pharynx,Female,tce,,,0,2.3,0.0872218672212653,0.083439782,0.091003947
Oral_cavity_and_pharynx,Female,tce,,,0,2.3499999,0.0871134993478488,0.083321527,0.090905473
Oral_cavity_and_pharynx,Female,tce,,,0,2.4000001,0.0869891803888909,0.083188124,0.090790235
Oral_cavity_and_pharynx,Female,tce,,,0,2.45,0.0868502683112853,0.083040878,0.090659656
Oral_cavity_and_pharynx,Female,tce,,,0,2.5,0.0866980040248535,0.082880981,0.090515025
Oral_cavity_and_pharynx,Female,tce,,,0,2.55,0.0865335245804759,0.082709521,0.090357527
Oral_cavity_and_pharynx,Female,tce,,,0,2.5999999,0.0863578723634107,0.082527503,0.090188242
Oral_cavity_and_pharynx,Female,tce,,,0,2.6500001,0.0861720029194857,0.082335837,0.090008169
Oral_cavity_and_pharynx,Female,tce,,,0,2.7,0.0859767963867487,0.082135372,0.089818224
Oral_cavity_and_pharynx,Female,tce,,,0,2.75,0.0857730592121191,0.081926875,0.089619249
Oral_cavity_and_pharynx,Female,tce,,,0,2.8,0.0855615339860556,0.081711054,0.089412011
Oral_cavity_and_pharynx,Female,tce,,,0,2.8499999,0.0853429042837294,0.081488572,0.089197233
Oral_cavity_and_pharynx,Female,tce,,,0,2.9000001,0.0851177987206368,0.081260026,0.088975571
Oral_cavity_and_pharynx,Female,tce,,,0,2.95,0.0848867999211897,0.081025973,0.088747628
Oral_cavity_and_pharynx,Female,tce,,,0,3.0,0.0846504422721009,0.080786929,0.088513955
Oral_cavity_and_pharynx,Female,tce,,,0,3.05,0.0844002709990991,0.080534913,0.088265628
Oral_cavity_and_pharynx,Female,tce,,,0,3.0999999,0.084145844794117,0.080278963,0.088012733
Oral_cavity_and_pharynx,Female,tce,,,0,3.1500001,0.0838875829687118,0.080019467,0.087755702
Oral_cavity_and_pharynx,Female,tce,,,0,3.2,0.0836258765944112,0.079756804,0.087494947
Oral_cavity_and_pharynx,Female,tce,,,0,3.25,0.0833610837045334,0.079491325,0.087230846
Oral_cavity_and_pharynx,Female,tce,,,0,3.3,0.0830935365639609,0.079223327,0.086963743
Oral_cavity_and_pharynx,Female,tce,,,0,3.3499999,0.0828235425959948,0.078953117,0.086693965
Oral_cavity_and_pharynx,Female,tce,,,0,3.4000001,0.0825513850397959,0.078680962,0.08642181
Oral_cavity_and_pharynx,Female,tce,,,0,3.45,0.0822773299406283,0.078407109,0.086147554
Oral_cavity_and_pharynx,Female,tce,,,0,3.5,0.0820016199957592,0.078131787,0.085871451
Oral_cavity_and_pharynx,Female,tce,,,0,3.55,0.0817244812310943,0.077855222,0.085593738
Oral_cavity_and_pharynx,Female,tce,,,0,3.5999999,0.0814461230762437,0.077577606,0.085314639
Oral_cavity_and_pharynx,Female,tce,,,0,3.6500001,0.081166738283321,0.077299118,0.085034356
Oral_cavity_and_pharynx,Female,tce,,,0,3.7,0.0808865094098384,0.077019937,0.084753081
Oral_cavity_and_pharynx,Female,tce,,,0,3.75,0.0806056018787526,0.07674022,0.08447098
Oral_cavity_and_pharynx,Female,tce,,,0,3.8,0.0803241702720787,0.076460108,0.08418823
Oral_cavity_and_pharynx,Female,tce,,,0,3.8499999,0.080042357891425,0.076179735,0.083904974
Oral_cavity_and_pharynx,Female,tce,,,0,3.9000001,0.0797602962318564,0.075899236,0.08362136
Oral_cavity_and_pharynx,Female,tce,,,0,3.95,0.0794781111173176,0.075618714,0.083337508
Oral_cavity_and_pharynx,Female,tce,,,0,4.0,0.07919591532498,0.075338289,0.083053537
Oral_cavity_and_pharynx,Female,tce,,,0,4.0500002,0.0789057271014569,0.075050473,0.082760982
Oral_cavity_and_pharynx,Female,tce,,,0,4.0999999,0.0786158810515953,0.074763082,0.082468681
Oral_cavity_and_pharynx,Female,tce,,,0,4.1500001,0.0783264602539171,0.074476197,0.082176723
Oral_cavity_and_pharynx,Female,tce,,,0,4.1999998,0.0780375521159404,0.074189894,0.081885211
Oral_cavity_and_pharynx,Female,tce,,,0,4.25,0.077749226766007,0.073904246,0.081594206
Oral_cavity_and_pharynx,Female,tce,,,0,4.3000002,0.0774615567859132,0.073619321,0.08130379
Oral_cavity_and_pharynx,Female,tce,,,0,4.3499999,0.0771746093188634,0.073335178,0.081014045
Oral_cavity_and_pharynx,Female,tce,,,0,4.4000001,0.0768884382600299,0.073051862,0.080725014
Oral_cavity_and_pharynx,Female,tce,,,0,4.4499998,0.0766031037387615,0.072769441,0.080436766
Oral_cavity_and_pharynx,Female,tce,,,0,4.5,0.0763186506079011,0.07248795,0.080149353
Oral_cavity_and_pharynx,Female,tce,,,0,4.5500002,0.0760351278085348,0.072207436,0.079862826
Oral_cavity_and_pharynx,Female,tce,,,0,4.5999999,0.0757525804422164,0.071927935,0.07957723
Oral_cavity_and_pharynx,Female,tce,,,0,4.6500001,0.0754710419831193,0.071649477,0.079292603
Oral_cavity_and_pharynx,Female,tce,,,0,4.6999998,0.0751905533540456,0.071372114,0.079008996
Oral_cavity_and_pharynx,Female,tce,,,0,4.75,0.0749111416697461,0.071095854,0.078726426
Oral_cavity_and_pharynx,Female,tce,,,0,4.8000002,0.074632839192404,0.070820734,0.078444943
Oral_cavity_and_pharynx,Female,tce,,,0,4.8499999,0.0743556754508803,0.070546784,0.07816457
Oral_cavity_and_pharynx,Female,tce,,,0,4.9000001,0.0740796695370616,0.070274018,0.077885322
Oral_cavity_and_pharynx,Female,tce,,,0,4.9499998,0.0738048487473036,0.070002452,0.077607244
Oral_cavity_and_pharynx,Female,tce,,,0,5.0,0.0735312276809883,0.069732115,0.077330343
Oral_cavity_and_pharynx,Female,tce,,,1,0.0,0.0,0.0,0.0
Oral_cavity_and_pharynx,Female,tce,,,1,0.050000001,0.0030347277023591,0.0029587923,0.0031106633
Oral_cavity_and_pharynx,Female,tce,,,1,0.1,0.0076417988331401,0.0074114804,0.0078721168
Oral_cavity_and_pharynx,Female,tce,,,1,0.15000001,0.0127791311539207,0.012368672,0.013189591
Oral_cavity_and_pharynx,Female,tce,,,1,0.2,0.0179832333059455,0.017386213,0.018580254
Oral_cavity_and_pharynx,Female,tce,,,1,0.25,0.0230475707411918,0.02226576,0.02382938
Oral_cavity_and_pharynx,Female,tce,,,1,0.30000001,0.0278763692090904,0.026915466,0.028837271
Oral_cavity_and_pharynx,Female,tce,,,1,0.34999999,0.0324278538389422,0.031295452,0.033560257
Oral_cavity_and_pharynx,Female,tce,,,1,0.40000001,0.0366883740338087,0.035392899,0.037983846
Oral_cavity_and_pharynx,Female,tce,,,1,0.44999999,0.0406593479106637,0.039209485,0.042109214
Oral_cavity_and_pharynx,Female,tce,,,1,0.5,0.0443502866812023,0.042754639,0.045945935
Oral_cavity_and_pharynx,Female,tce,,,1,0.55000001,0.0477748627928271,0.046041775,0.04950795
Oral_cavity_and_pharynx,Female,tce,,,1,0.60000002,0.0509486718701082,0.049086142,0.052811202
Oral_cavity_and_pharynx,Female,tce,,,1,0.64999998,0.0538879210659801,0.051903535,0.05587231
Oral_cavity_and_pharynx,Female,tce,,,1,0.69999999,0.0566086766402796,0.054509599,0.058707755
Oral_cavity_and_pharynx,Female,tce,,,1,0.75,0.0591259990869291,0.056918986,0.061333012
Oral_cavity_and_pharynx,Female,tce,,,1,0.80000001,0.061453711202041,0.059145145,0.063762277
Oral_cavity_and_pharynx,Female,tce,,,1,0.85000002,0.0636049423196889,0.061200839,0.066009045
Oral_cavity_and_pharynx,Female,tce,,,1,0.89999998,0.0655920851300491,0.063098103,0.068086065
Oral_cavity_and_pharynx,Female,tce,,,1,0.94999999,0.0674267650520461,0.064848222,0.070005305
Oral_cavity_and_pharynx,Female,tce,,,1,1.0,0.0691198214094816,0.06646172,0.071777917
Oral_cavity_and_pharynx,Female,tce,,,1,1.05,0.0706770346541017,0.067944244,0.073409826
Oral_cavity_and_pharynx,Female,tce,,,1,1.1,0.0721118985006502,0.069308847,0.074914947
Oral_cavity_and_pharynx,Female,tce,,,1,1.15,0.0734330867208058,0.070563927,0.076302245
Oral_cavity_and_pharynx,Female,tce,,,1,1.2,0.0746486651270556,0.071717307,0.07758002
Oral_cavity_and_pharynx,Female,tce,,,1,1.25,0.0757661585848813,0.072776265,0.078756049
Oral_cavity_and_pharynx,Female,tce,,,1,1.3,0.0767925328874466,0.073747538,0.079837523
Oral_cavity_and_pharynx,Female,tce,,,1,1.35,0.077734213411951,0.074637353,0.080831073
Oral_cavity_and_pharynx,Female,tce,,,1,1.4,0.0785971223229144,0.075451419,0.081742831
Oral_cavity_and_pharynx,Female,tce,,,1,1.45,0.0793867340031881,0.076195039,0.082578436
Oral_cavity_and_pharynx,Female,tce,,,1,1.5,0.0801080958500371,0.076873079,0.083343111
Oral_cavity_and_pharynx,Female,tce,,,1,1.55,0.0807658763699209,0.077490069,0.084041685
Oral_cavity_and_pharynx,Female,tce,,,1,1.6,0.0813643905754535,0.078050166,0.08467862
Oral_cavity_and_pharynx,Female,tce,,,1,1.65,0.0819076255081314,0.078557216,0.085258037
Oral_cavity_and_pharynx,Female,tce,,,1,1.7,0.082399276573645,0.079014793,0.085783765
Oral_cavity_and_pharynx,Female,tce,,,1,1.75,0.0828427615391989,0.079426192,0.086259328
Oral_cavity_and_pharynx,Female,tce,,,1,1.8,0.0832412513485602,0.079794474,0.086688027
Oral_cavity_and_pharynx,Female,tce,,,1,1.85,0.0835976864878106,0.080122486,0.087072894
Oral_cavity_and_pharynx,Female,tce,,,1,1.9,0.083914793514346,0.080412835,0.087416746
Oral_cavity_and_pharynx,Female,tce,,,1,1.95,0.0841951077489582,0.080667987,0.087722227
Oral_cavity_and_pharynx,Female,tce,,,1,2.0,0.0844409945331095,0.080890216,0.087991774
Oral_cavity_and_pharynx,Female,tce,,,1,2.05,0.0846495971836029,0.081076786,0.088222407
Oral_cavity_and_pharynx,Female,tce,,,1,2.0999999,0.0848286737785203,0.081235155,0.088422187
Oral_cavity_and_pharynx,Female,tce,,,1,2.1500001,0.0849804896877286,0.081367493,0.088593483
Oral_cavity_and_pharynx,Female,tce,,,1,2.2,0.0851071150970873,0.081475794,0.088738434
Oral_cavity_and_pharynx,Female,tce,,,1,2.25,0.0852104478498994,0.081561871,0.088859022
Oral_cavity_and_pharynx,Female,tce,,,1,2.3,0.0852922269959437,0.081627406,0.088957049
Oral_cavity_and_pharynx,Female,tce,,,1,2.3499999,0.0853540484095281,0.08167392,0.089034177
Oral_cavity_and_pharynx,Female,tce,,,1,2.4000001,0.085397378247002,0.081702828,0.089091927
Oral_cavity_and_pharynx,Female,tce,,,1,2.45,0.0854235641353303,0.081715427,0.089131705
Oral_cavity_and_pharynx,Female,tce,,,1,2.5,0.0854338471132074,0.081712894,0.089154802
Oral_cavity_and_pharynx,Female,tce,,,1,2.55,0.085429370354287,0.081696332,0.089162409
Oral_cavity_and_pharynx,Female,tce,,,1,2.5999999,0.085411188084198,0.081666753,0.089155622
Oral_cavity_and_pharynx,Female,tce,,,1,2.6500001,0.0853802732138698,0.081625082,0.089135461
Oral_cavity_and_pharynx,Female,tce,,,1,2.7,0.0853375250348935,0.08157219,0.089102857
Oral_cavity_and_pharynx,Female,tce,,,1,2.75,0.0852837746899952,0.081508875,0.089058675
Oral_cavity_and_pharynx,Female,tce,,,1,2.8,0.0852197914580105,0.081435859,0.089003727
Oral_cavity_and_pharynx,Female,tce,,,1,2.8499999,0.0851462878406587,0.081353836,0.088938743
Oral_cavity_and_pharynx,Female,tce,,,1,2.9000001,0.0850639238650415,0.08126343,0.088864416
Oral_cavity_and_pharynx,Female,tce,,,1,2.95,0.0849733129739769,0.081165232,0.088781394
Oral_cavity_and_pharynx,Female,tce,,,1,3.0,0.0848750235483294,0.081059784,0.088690266
Oral_cavity_and_pharynx,Female,tce,,,1,3.05,0.0847638404475153,0.080942109,0.08858557
Oral_cavity_and_pharynx,Female,tce,,,1,3.0999999,0.0846460391765782,0.080818199,0.088473879
Oral_cavity_and_pharynx,Female,tce,,,1,3.1500001,0.084522077071149,0.080688491,0.088355668
Oral_cavity_and_pharynx,Female,tce,,,1,3.2,0.0843923815657573,0.08055339,0.08823137
Oral_cavity_and_pharynx,Female,tce,,,1,3.25,0.0842573490891913,0.080413274,0.088101417
Oral_cavity_and_pharynx,Female,tce,,,1,3.3,0.0841173496354681,0.080268502,0.087966196
Oral_cavity_and_pharynx,Female,tce,,,1,3.3499999,0.0839727282293605,0.080119401,0.087826051
Oral_cavity_and_pharynx,Female,tce,,,1,3.4000001,0.0838238060757356,0.079966277,0.087681338
Oral_cavity_and_pharynx,Female,tce,,,1,3.45,0.0836708851331018,0.079809412,0.087532364
Oral_cavity_and_pharynx,Female,tce,,,1,3.5,0.0835142454209856,0.079649076,0.087379418
Oral_cavity_and_pharynx,Female,tce,,,1,3.55,0.0833541492827129,0.079485513,0.087222785
Oral_cavity_and_pharynx,Female,tce,,,1,3.5999999,0.0831908420090701,0.07931897,0.087062716
Oral_cavity_and_pharynx,Female,tce,,,1,3.6500001,0.0830245522556605,0.079149656,0.086899452
Oral_cavity_and_pharynx,Female,tce,,,1,3.7,0.0828554963488433,0.078977779,0.086733215
Oral_cavity_and_pharynx,Female,tce,,,1,3.75,0.0826838745579614,0.078803517,0.086564228
Oral_cavity_and_pharynx,Female,tce,,,1,3.8,0.0825098752046308,0.078627072,0.086392678
Oral_cavity_and_pharynx,Female,tce,,,1,3.8499999,0.0823336747535533,0.078448594,0.086218759
Oral_cavity_and_pharynx,Female,tce,,,1,3.9000001,0.0821554377674329,0.078268237,0.086042635
Oral_cavity_and_pharynx,Female,tce,,,1,3.95,0.081975321064142,0.078086168,0.085864477
Oral_cavity_and_pharynx,Female,tce,,,1,4.0,0.0817934693075888,0.077902503,0.085684434
Oral_cavity_and_pharynx,Female,tce,,,1,4.0500002,0.0816044081381329,0.077712052,0.085496761
Oral_cavity_and_pharynx,Female,tce,,,1,4.0999999,0.0814139274761289,0.077520318,0.085307539
Oral_cavity_and_pharynx,Female,tce,,,1,4.1500001,0.0812221439980925,0.0773274,0.085116886
Oral_cavity_and_pharynx,Female,tce,,,1,4.1999998,0.0810291743221666,0.077133425,0.084924921
Oral_cavity_and_pharynx,Female,tce,,,1,4.25,0.0808351208559707,0.07693848,0.084731758
Oral_cavity_and_pharynx,Female,tce,,,1,4.3000002,0.0806400850906897,0.076742664,0.084537506
Oral_cavity_and_pharynx,Female,tce,,,1,4.3499999,0.080444162531769,0.076546066,0.084342264
Oral_cavity_and_pharynx,Female,tce,,,1,4.4000001,0.080247437431848,0.076348759,0.084146112
Oral_cavity_and_pharynx,Female,tce,,,1,4.4499998,0.0800499962430022,0.076150835,0.083949156
Oral_cavity_and_pharynx,Female,tce,,,1,4.5,0.0798519129410387,0.075952359,0.083751462
Oral_cavity_and_pharynx,Female,tce,,,1,4.5500002,0.0796532624955915,0.075753406,0.08355312
Oral_cavity_and_pharynx,Female,tce,,,1,4.5999999,0.0794541155315906,0.075554036,0.083354197
Oral_cavity_and_pharynx,Female,tce,,,1,4.6500001,0.0792545328738169,0.075354308,0.08315476
Oral_cavity_and_pharynx,Female,tce,,,1,4.6999998,0.0790545791004193,0.075154282,0.082954876
Oral_cavity_and_pharynx,Female,tce,,,1,4.75,0.0788543075509075,0.074954011,0.082754605
Oral_cavity_and_pharynx,Female,tce,,,1,4.8000002,0.0786537738822774,0.074753545,0.082553998
Oral_cavity_and_pharynx,Female,tce,,,1,4.8499999,0.0784530305621687,0.074552938,0.082353123
Oral_cavity_and_pharynx,Female,tce,,,1,4.9000001,0.0782521213036732,0.07435222,0.082152024
Oral_cavity_and_pharynx,Female,tce,,,1,4.9499998,0.078051094647496,0.074151449,0.081950739
Oral_cavity_and_pharynx,Female,tce,,,1,5.0,0.0778499888016842,0.073950648,0.081749327
Oral_cavity_and_pharynx,Female,tce,,,2,0.0,0.0,0.0,0.0
Oral_cavity_and_pharynx,Female,tce,,,2,0.050000001,0.0031779799310246,0.0028873018,0.0034686581
Oral_cavity_and_pharynx,Female,tce,,,2,0.1,0.0116744035879696,0.010695884,0.012652923
Oral_cavity_and_pharynx,Female,tce,,,2,0.15000001,0.0223997796870916,0.020592939,0.02420662
Oral_cavity_and_pharynx,Female,tce,,,2,0.2,0.0336238277372776,0.030966178,0.036281478
Oral_cavity_and_pharynx,Female,tce,,,2,0.25,0.0444924867774361,0.041015081,0.047969893
Oral_cavity_and_pharynx,Female,tce,,,2,0.30000001,0.0546014255653022,0.050359007,0.058843844
Oral_cavity_and_pharynx,Female,tce,,,2,0.34999999,0.0637830299822814,0.058839142,0.06872692
Oral_cavity_and_pharynx,Female,tce,,,2,0.40000001,0.0719954271960569,0.066414855,0.077575997
Oral_cavity_and_pharynx,Female,tce,,,2,0.44999999,0.0792625146080689,0.073107533,0.085417502
Oral_cavity_and_pharynx,Female,tce,,,2,0.5,0.0856409437683454,0.078969575,0.092312306
Oral_cavity_and_pharynx,Female,tce,,,2,0.55000001,0.0912016962678503,0.084067076,0.098336317
Oral_cavity_and_pharynx,Female,tce,,,2,0.60000002,0.0960199139619129,0.088470198,0.10356963
Oral_cavity_and_pharynx,Female,tce,,,2,0.64999998,0.1001693697872265,0.092247941,0.1080908
Oral_cavity_and_pharynx,Female,tce,,,2,0.69999999,0.103719631148626,0.095465466,0.11197379
Oral_cavity_and_pharynx,Female,tce,,,2,0.75,0.1067341294177419,0.098182239,0.11528602
Oral_cavity_and_pharynx,Female,tce,,,2,0.80000001,0.1092698182798481,0.1004517,0.11808794
Oral_cavity_and_pharynx,Female,tce,,,2,0.85000002,0.1113782039115559,0.10232221,0.1204342
Oral_cavity_and_pharynx,Female,tce,,,2,0.89999998,0.1131055950304278,0.10383724,0.12237395
Oral_cavity_and_pharynx,Female,tce,,,2,0.94999999,0.1144934358505966,0.10503573,0.12395114
Oral_cavity_and_pharynx,Female,tce,,,2,1.0,0.1155786912832762,0.10595238,0.125205
Oral_cavity_and_pharynx,Female,tce,,,2,1.05,0.1163578985298407,0.10658523,0.12613057
Oral_cavity_and_pharynx,Female,tce,,,2,1.1,0.1168965666355789,0.10699459,0.12679854
Oral_cavity_and_pharynx,Female,tce,,,2,1.15,0.1172209090216559,0.10720507,0.12723674
Oral_cavity_and_pharynx,Female,tce,,,2,1.2,0.1173547414734809,0.10723903,0.12747045
Oral_cavity_and_pharynx,Female,tce,,,2,1.25,0.1173205831067301,0.10711762,0.12752354
Oral_cavity_and_pharynx,Female,tce,,,2,1.3,0.1171385126537293,0.10685973,0.1274173
Oral_cavity_and_pharynx,Female,tce,,,2,1.35,0.1168262173941611,0.10648195,0.12717049
Oral_cavity_and_pharynx,Female,tce,,,2,1.4,0.1163993011036066,0.10599893,0.12679967
Oral_cavity_and_pharynx,Female,tce,,,2,1.45,0.115871542047446,0.10542359,0.12631948
Oral_cavity_and_pharynx,Female,tce,,,2,1.5,0.1152551297533012,0.10476736,0.1257429
Oral_cavity_and_pharynx,Female,tce,,,2,1.55,0.1145608551384016,0.10404032,0.12508139
Oral_cavity_and_pharynx,Female,tce,,,2,1.6,0.1137982854101066,0.10325145,0.12434512
Oral_cavity_and_pharynx,Female,tce,,,2,1.65,0.1129759195770548,0.10240866,0.12354317
Oral_cavity_and_pharynx,Female,tce,,,2,1.7,0.1121013049724086,0.10151903,0.12268358
Oral_cavity_and_pharynx,Female,tce,,,2,1.75,0.1111811655551317,0.10058879,0.12177353
Oral_cavity_and_pharynx,Female,tce,,,2,1.8,0.1102214857619799,0.099623553,0.12081942
Oral_cavity_and_pharynx,Female,tce,,,2,1.85,0.1092276018974154,0.098628253,0.11982695
Oral_cavity_and_pharynx,Female,tce,,,2,1.9,0.1082042843812354,0.097607344,0.11880123
Oral_cavity_and_pharynx,Female,tce,,,2,1.95,0.1071557863269701,0.096564755,0.11774682
Oral_cavity_and_pharynx,Female,tce,,,2,2.0,0.1060859295543208,0.095504038,0.11666781
Oral_cavity_and_pharynx,Female,tce,,,2,2.05,0.1049637767481459,0.094397999,0.11552955
Oral_cavity_and_pharynx,Female,tce,,,2,2.0999999,0.1038280741572233,0.093281053,0.11437509
Oral_cavity_and_pharynx,Female,tce,,,2,2.1500001,0.1026817941703533,0.092155933,0.11320765
Oral_cavity_and_pharynx,Female,tce,,,2,2.2,0.1015275752094759,0.09102504,0.11203011
Oral_cavity_and_pharynx,Female,tce,,,2,2.25,0.1003677312683812,0.089890487,0.11084498
Oral_cavity_and_pharynx,Female,tce,,,2,2.3,0.0992043105559233,0.088754132,0.10965449
Oral_cavity_and_pharynx,Female,tce,,,2,2.3499999,0.0980391221100008,0.087617621,0.10846063
Oral_cavity_and_pharynx,Female,tce,,,2,2.4000001,0.0968737582054598,0.086482383,0.10726513
Oral_cavity_and_pharynx,Female,tce,,,2,2.45,0.0957096410168118,0.085349709,0.10606957
Oral_cavity_and_pharynx,Female,tce,,,2,2.5,0.0945480106536239,0.084220715,0.1048753
Oral_cavity_and_pharynx,Female,tce,,,2,2.55,0.0933899661463266,0.083096378,0.10368356
Oral_cavity_and_pharynx,Female,tce,,,2,2.5999999,0.0922364763552961,0.081977554,0.10249539
Oral_cavity_and_pharynx,Female,tce,,,2,2.6500001,0.0910883889946817,0.080865011,0.10131177
Oral_cavity_and_pharynx,Female,tce,,,2,2.7,0.0899464652652046,0.079759412,0.10013352
Oral_cavity_and_pharynx,Female,tce,,,2,2.75,0.0888113582607912,0.078661323,0.098961391
Oral_cavity_and_pharynx,Female,tce,,,2,2.8,0.0876836448456901,0.077571265,0.09779603
Oral_cavity_and_pharynx,Female,tce,,,2,2.8499999,0.0865638289705394,0.076489657,0.096638002
Oral_cavity_and_pharynx,Female,tce,,,2,2.9000001,0.0854523441948978,0.075416878,0.095487811
Oral_cavity_and_pharynx,Female,tce,,,2,2.95,0.0843495817708181,0.074353255,0.094345905
Oral_cavity_and_pharynx,Female,tce,,,2,3.0,0.0832558649922948,0.073299073,0.093212657
Oral_cavity_and_pharynx,Female,tce,,,2,3.05,0.0821426220049014,0.07222978,0.092055462
Oral_cavity_and_pharynx,Female,tce,,,2,3.0999999,0.0810397990320598,0.071171165,0.090908431
Oral_cavity_and_pharynx,Female,tce,,,2,3.1500001,0.0799475792680939,0.07012336,0.0897718
Oral_cavity_and_pharynx,Female,tce,,,2,3.2,0.0788661279820201,0.0690865,0.088645756
Oral_cavity_and_pharynx,Female,tce,,,2,3.25,0.0777955647836737,0.068060659,0.087530471
Oral_cavity_and_pharynx,Female,tce,,,2,3.3,0.0767359876521821,0.067045912,0.086426064
Oral_cavity_and_pharynx,Female,tce,,,2,3.3499999,0.0756874705178369,0.066042297,0.08533264
Oral_cavity_and_pharynx,Female,tce,,,2,3.4000001,0.074650060865009,0.065049842,0.084250279
Oral_cavity_and_pharynx,Female,tce,,,2,3.45,0.0736238017293007,0.064068563,0.083179042
Oral_cavity_and_pharynx,Female,tce,,,2,3.5,0.0726087040487892,0.063098446,0.082118966
Oral_cavity_and_pharynx,Female,tce,,,2,3.55,0.0716047683299141,0.062139466,0.081070073
Oral_cavity_and_pharynx,Female,tce,,,2,3.5999999,0.0706119813159503,0.061191596,0.080032364
Oral_cavity_and_pharynx,Female,tce,,,2,3.6500001,0.0696303128099236,0.06025479,0.079005837
Oral_cavity_and_pharynx,Female,tce,,,2,3.7,0.0686597356756953,0.059328996,0.077990472
Oral_cavity_and_pharynx,Female,tce,,,2,3.75,0.0677001989514081,0.058414157,0.076986246
Oral_cavity_and_pharynx,Female,tce,,,2,3.8,0.066751647707038,0.057510197,0.075993098
Oral_cavity_and_pharynx,Female,tce,,,2,3.8499999,0.0658140193120801,0.056617044,0.075010993
Oral_cavity_and_pharynx,Female,tce,,,2,3.9000001,0.0648872399222277,0.055734608,0.074039869
Oral_cavity_and_pharynx,Female,tce,,,2,3.95,0.0639712428991342,0.05486282,0.073079668
Oral_cavity_and_pharynx,Female,tce,,,2,4.0,0.063065943013619,0.054001577,0.072130308
Oral_cavity_and_pharynx,Female,tce,,,2,4.0500002,0.0621477884059694,0.053131357,0.071164221
Oral_cavity_and_pharynx,Female,tce,,,2,4.0999999,0.0612409153508627,0.052272204,0.07020963
Oral_cavity_and_pharynx,Female,tce,,,2,4.1500001,0.0603451982941175,0.051423982,0.069266416
Oral_cavity_and_pharynx,Female,tce,,,2,4.1999998,0.0594605432546975,0.050586596,0.06833449
Oral_cavity_and_pharynx,Female,tce,,,2,4.25,0.0585868199170392,0.049759902,0.06741374
Oral_cavity_and_pharynx,Female,tce,,,2,4.3000002,0.0577239213449622,0.048943795,0.066504046
Oral_cavity_and_pharynx,Female,tce,,,2,4.3499999,0.0568717385613044,0.048138157,0.06560532
Oral_cavity_and_pharynx,Female,tce,,,2,4.4000001,0.0560301369511591,0.047342848,0.064717427
Oral_cavity_and_pharynx,Female,tce,,,2,4.4499998,0.0551990131882346,0.046557765,0.063840263
Oral_cavity_and_pharynx,Female,tce,,,2,4.5,0.0543782312811592,0.045782767,0.062973693
Oral_cavity_and_pharynx,Female,tce,,,2,4.5500002,0.0535676785421342,0.045017738,0.062117621
Oral_cavity_and_pharynx,Female,tce,,,2,4.5999999,0.0527672415807795,0.044262558,0.061271925
Oral_cavity_and_pharynx,Female,tce,,,2,4.6500001,0.0519767840328196,0.043517094,0.060436472
Oral_cavity_and_pharynx,Female,tce,,,2,4.6999998,0.0511961999289826,0.042781238,0.059611164
Oral_cavity_and_pharynx,Female,tce,,,2,4.75,0.0504253535367275,0.042054847,0.058795862
Oral_cavity_and_pharynx,Female,tce,,,2,4.8000002,0.0496641318439964,0.04133781,0.057990454
Oral_cavity_and_pharynx,Female,tce,,,2,4.8499999,0.0489124219372347,0.040630013,0.057194833
Oral_cavity_and_pharynx,Female,tce,,,2,4.9000001,0.0481700900185868,0.03993132,0.05640886
Oral_cavity_and_pharynx,Female,tce,,,2,4.9499998,0.0474370314638508,0.039241627,0.055632435
Oral_cavity_and_pharynx,Female,tce,,,2,5.0,0.0467131142702149,0.0385608,0.054865427
Oral_cavity_and_pharynx,Female,tie,,,0,0.0,0.0,0.0,0.0
Oral_cavity_and_pharynx,Female,tie,,,0,0.050000001,0.0006236339254189,0.00054447149,0.00070279633
Oral_cavity_and_pharynx,Female,tie,,,0,0.1,0.0022594326321886,0.0019959451,0.0025229203
Oral_cavity_and_pharynx,Female,tie,,,0,0.15000001,0.0042090141831136,0.0037270666,0.0046909619
Oral_cavity_and_pharynx,Female,tie,,,0,0.2,0.0062474769625441,0.005539625,0.0069553289
Oral_cavity_and_pharynx,Female,tie,,,0,0.25,0.0082712015278533,0.007341627,0.009200776
Oral_cavity_and_pharynx,Female,tie,,,0,0.30000001,0.010229261875847,0.0090875197,0.011371003
Oral_cavity_and_pharynx,Female,tie,,,0,0.34999999,0.0120970319160945,0.010755014,0.01343905
Oral_cavity_and_pharynx,Female,tie,,,0,0.40000001,0.0138639168327708,0.012334285,0.015393548
Oral_cavity_and_pharynx,Female,tie,,,0,0.44999999,0.0155270373401052,0.013822411,0.017231664
Oral_cavity_and_pharynx,Female,tie,,,0,0.5,0.0170877958683356,0.015220325,0.018955266
Oral_cavity_and_pharynx,Female,tie,,,0,0.55000001,0.0185499175605901,0.016531084,0.020568753
Oral_cavity_and_pharynx,Female,tie,,,0,0.60000002,0.019918320837552,0.017758848,0.022077793
Oral_cavity_and_pharynx,Female,tie,,,0,0.64999998,0.0211984486220532,0.018908296,0.023488602
Oral_cavity_and_pharynx,Female,tie,,,0,0.69999999,0.0223958786330681,0.019984255,0.024807503
Oral_cavity_and_pharynx,Female,tie,,,0,0.75,0.0235159255988194,0.020991348,0.026040502
Oral_cavity_and_pharynx,Female,tie,,,0,0.80000001,0.0245635081353407,0.02193387,0.027193146
Oral_cavity_and_pharynx,Female,tie,,,0,0.85000002,0.0255433327230432,0.022815945,0.028270721
Oral_cavity_and_pharynx,Female,tie,,,0,0.89999998,0.026459863530807,0.023641493,0.029278234
Oral_cavity_and_pharynx,Female,tie,,,0,0.94999999,0.0273173029125558,0.024414223,0.030220384
Oral_cavity_and_pharynx,Female,tie,,,0,1.0,0.0281195775994998,0.025137598,0.031101558
Oral_cavity_and_pharynx,Female,tie,,,0,1.05,0.0288668714183997,0.025811803,0.031921938
Oral_cavity_and_pharynx,Female,tie,,,0,1.1,0.0295659412637395,0.0264428,0.032689083
Oral_cavity_and_pharynx,Female,tie,,,0,1.15,0.0302199522546598,0.027033396,0.033406507
Oral_cavity_and_pharynx,Female,tie,,,0,1.2,0.0308318812895807,0.027586237,0.034077525
Oral_cavity_and_pharynx,Female,tie,,,0,1.25,0.0314045820708004,0.028103866,0.0347053
Oral_cavity_and_pharynx,Female,tie,,,0,1.3,0.0319407041890123,0.02858864,0.035292771
Oral_cavity_and_pharynx,Female,tie,,,0,1.35,0.032442686136879,0.029042736,0.035842635
Oral_cavity_and_pharynx,Female,tie,,,0,1.4,0.0329127705733525,0.029468156,0.036357384
Oral_cavity_and_pharynx,Female,tie,,,0,1.45,0.0333530294328594,0.029866751,0.036839306
Oral_cavity_and_pharynx,Female,tie,,,0,1.5,0.033765370374337,0.030240228,0.037290514
Oral_cavity_and_pharynx,Female,tie,,,0,1.55,0.0341515583512466,0.030590164,0.037712954
Oral_cavity_and_pharynx,Female,tie,,,0,1.6,0.0345132249283815,0.030918021,0.038108427
Oral_cavity_and_pharynx,Female,tie,,,0,1.65,0.0348518775321452,0.031225149,0.038478605
Oral_cavity_and_pharynx,Female,tie,,,0,1.7,0.0351689158194169,0.031512801,0.038825031
Oral_cavity_and_pharynx,Female,tie,,,0,1.75,0.0354656346851519,0.031782143,0.039149128
Oral_cavity_and_pharynx,Female,tie,,,0,1.8,0.0357432382728789,0.032034248,0.039452229
Oral_cavity_and_pharynx,Female,tie,,,0,1.85,0.0360028452838376,0.032270126,0.039735563
Oral_cavity_and_pharynx,Female,tie,,,0,1.9,0.0362454943799684,0.032490708,0.040000282
Oral_cavity_and_pharynx,Female,tie,,,0,1.95,0.0364721548149493,0.032696862,0.040247448
Oral_cavity_and_pharynx,Female,tie,,,0,2.0,0.0366837329694135,0.032889407,0.040478058
Oral_cavity_and_pharynx,Female,tie,,,0,2.05,0.0368768562963804,0.033065356,0.040688355
Oral_cavity_and_pharynx,Female,tie,,,0,2.0999999,0.0370568293100293,0.033229433,0.040884227
Oral_cavity_and_pharynx,Female,tie,,,0,2.1500001,0.0372245628459122,0.033382449,0.041066676
Oral_cavity_and_pharynx,Female,tie,,,0,2.2,0.0373808920944531,0.033525161,0.041236624
Oral_cavity_and_pharynx,Female,tie,,,0,2.25,0.0375265881836889,0.033658262,0.041394915
Oral_cavity_and_pharynx,Female,tie,,,0,2.3,0.0376623610140845,0.033782389,0.041542333
Oral_cavity_and_pharynx,Female,tie,,,0,2.3499999,0.0377888655503548,0.033898134,0.041679598
Oral_cavity_and_pharynx,Female,tie,,,0,2.4000001,0.0379067072723853,0.034006041,0.041807372
Oral_cavity_and_pharynx,Female,tie,,,0,2.45,0.0380164443844861,0.034106616,0.041926272
Oral_cavity_and_pharynx,Female,tie,,,0,2.5,0.0381185951588504,0.034200322,0.042036869
Oral_cavity_and_pharynx,Female,tie,,,0,2.55,0.0382136392344334,0.034287594,0.042139683
Oral_cavity_and_pharynx,Female,tie,,,0,2.5999999,0.0383020214345875,0.034368835,0.042235207
Oral_cavity_and_pharynx,Female,tie,,,0,2.6500001,0.0383841550683662,0.03444441,0.042323899
Oral_cavity_and_pharynx,Female,tie,,,0,2.7,0.0384604230394647,0.034514673,0.042406172
Oral_cavity_and_pharynx,Female,tie,,,0,2.75,0.0385311825897346,0.034579944,0.042482421
Oral_cavity_and_pharynx,Female,tie,,,0,2.8,0.0385967658783523,0.034640521,0.042553011
Oral_cavity_and_pharynx,Female,tie,,,0,2.8499999,0.0386574823613315,0.03469668,0.042618282
Oral_cavity_and_pharynx,Female,tie,,,0,2.9000001,0.0387136208424742,0.034748688,0.042678554
Oral_cavity_and_pharynx,Female,tie,,,0,2.95,0.0387654500569984,0.034796786,0.042734113
Oral_cavity_and_pharynx,Female,tie,,,0,3.0,0.0388132217629738,0.034841198,0.042785242
Oral_cavity_and_pharynx,Female,tie,,,0,3.05,0.0388524450779478,0.03487793,0.042826962
Oral_cavity_and_pharynx,Female,tie,,,0,3.0999999,0.0388880872577875,0.034911402,0.04286477
Oral_cavity_and_pharynx,Female,tie,,,0,3.1500001,0.0389203549060987,0.034941807,0.042898901
Oral_cavity_and_pharynx,Female,tie,,,0,3.2,0.0389494410670412,0.034969319,0.042929564
Oral_cavity_and_pharynx,Female,tie,,,0,3.25,0.0389755271031726,0.034994099,0.042956956
Oral_cavity_and_pharynx,Female,tie,,,0,3.3,0.0389987829415217,0.035016302,0.042981263
Oral_cavity_and_pharynx,Female,tie,,,0,3.3499999,0.0390193680397227,0.035036076,0.043002661
Oral_cavity_and_pharynx,Female,tie,,,0,3.4000001,0.0390374322052919,0.035053551,0.043021314
Oral_cavity_and_pharynx,Female,tie,,,0,3.45,0.0390531159426279,0.035068855,0.043037377
Oral_cavity_and_pharynx,Female,tie,,,0,3.5,0.0390665515941597,0.035082113,0.04305099
Oral_cavity_and_pharynx,Female,tie,,,0,3.55,0.0390778635606598,0.03509343,0.043062296
Oral_cavity_and_pharynx,Female,tie,,,0,3.5999999,0.0390871689244384,0.035102919,0.043071419
Oral_cavity_and_pharynx,Female,tie,,,0,3.6500001,0.0390945779705104,0.035110675,0.043078482
Oral_cavity_and_pharynx,Female,tie,,,0,3.7,0.0391001945071594,0.035116792,0.043083597
Oral_cavity_and_pharynx,Female,tie,,,0,3.75,0.0391041164957366,0.035121363,0.043086872
Oral_cavity_and_pharynx,Female,tie,,,0,3.8,0.0391064362881671,0.035124466,0.043088406
Oral_cavity_and_pharynx,Female,tie,,,0,3.8499999,0.039107241025314,0.035126183,0.043088298
Oral_cavity_and_pharynx,Female,tie,,,0,3.9000001,0.0391066129630119,0.035126593,0.043086633
Oral_cavity_and_pharynx,Female,tie,,,0,3.95,0.0391046297991308,0.035125758,0.0430835
Oral_cavity_and_pharynx,Female,tie,,,0,4.0,0.0391013649411135,0.035123751,0.043078978
Oral_cavity_and_pharynx,Female,tie,,,0,4.0500002,0.0390920359551034,0.035116289,0.043067783
Oral_cavity_and_pharynx,Female,tie,,,0,4.0999999,0.0390815909171153,0.035107799,0.043055385
Oral_cavity_and_pharynx,Female,tie,,,0,4.1500001,0.0390700916689899,0.035098337,0.043041848
Oral_cavity_and_pharynx,Female,tie,,,0,4.1999998,0.0390575971220877,0.035087962,0.043027233
Oral_cavity_and_pharynx,Female,tie,,,0,4.25,0.0390441625835371,0.035076719,0.043011606
Oral_cavity_and_pharynx,Female,tie,,,0,4.3000002,0.0390298407536656,0.03506466,0.042995021
Oral_cavity_and_pharynx,Female,tie,,,0,4.3499999,0.0390146815813163,0.035051826,0.042977538
Oral_cavity_and_pharynx,Female,tie,,,0,4.4000001,0.0389987319550439,0.035038263,0.042959202
Oral_cavity_and_pharynx,Female,tie,,,0,4.4499998,0.0389820368860783,0.03502401,0.042940065
Oral_cavity_and_pharynx,Female,tie,,,0,4.5,0.038964638435707,0.035009105,0.042920172
Oral_cavity_and_pharynx,Female,tie,,,0,4.5500002,0.0389465769448402,0.034993585,0.042899568
Oral_cavity_and_pharynx,Female,tie,,,0,4.5999999,0.0389278907092657,0.034977488,0.042878293
Oral_cavity_and_pharynx,Female,tie,,,0,4.6500001,0.0389086155330246,0.034960844,0.042856388
Oral_cavity_and_pharynx,Female,tie,,,0,4.6999998,0.0388887860989141,0.034943685,0.042833887
Oral_cavity_and_pharynx,Female,tie,,,0,4.75,0.0388684346016806,0.034926038,0.042810831
Oral_cavity_and_pharynx,Female,tie,,,0,4.8000002,0.0388475921542957,0.034907933,0.04278725
Oral_cavity_and_pharynx,Female,tie,,,0,4.8499999,0.0388262883316572,0.0348894,0.042763177
Oral_cavity_and_pharynx,Female,tie,,,0,4.9000001,0.0388045506244173,0.034870461,0.042738639
Oral_cavity_and_pharynx,Female,tie,,,0,4.9499998,0.0387824059507444,0.034851141,0.042713672
Oral_cavity_and_pharynx,Female,tie,,,0,5.0,0.0387598790735579,0.034831461,0.042688299
Oral_cavity_and_pharynx,Female,tie,,,1,0.0,0.0,0.0,0.0
Oral_cavity_and_pharynx,Female,tie,,,1,0.050000001,0.0005323837775767,0.00046059943,0.0006041681
Oral_cavity_and_pharynx,Female,tie,,,1,0.1,0.0018941842107503,0.0016655404,0.002122828
Oral_cavity_and_pharynx,Female,tie,,,1,0.15000001,0.0035042921759327,0.00309139,0.0039171944
Oral_cavity_and_pharynx,Female,tie,,,1,0.2,0.005194306338616,0.0045900987,0.005798514
Oral_cavity_and_pharynx,Female,tie,,,1,0.25,0.0068869154835272,0.0060929381,0.0076808929
Oral_cavity_and_pharynx,Female,tie,,,1,0.30000001,0.0085427528344821,0.0075646606,0.0095208446
Oral_cavity_and_pharynx,Female,tie,,,1,0.34999999,0.0101412555437283,0.0089867041,0.011295808
Oral_cavity_and_pharynx,Female,tie,,,1,0.40000001,0.0116720625516781,0.010349599,0.012994526
Oral_cavity_and_pharynx,Female,tie,,,1,0.44999999,0.0131306324731449,0.011649088,0.014612177
Oral_cavity_and_pharynx,Female,tie,,,1,0.5,0.0145158474270115,0.012883994,0.016147701
Oral_cavity_and_pharynx,Female,tie,,,1,0.55000001,0.0158286148995185,0.014054974,0.017602256
Oral_cavity_and_pharynx,Female,tie,,,1,0.60000002,0.0170710348431218,0.015163771,0.0189783
Oral_cavity_and_pharynx,Female,tie,,,1,0.64999998,0.018245881828254,0.016212752,0.020279011
Oral_cavity_and_pharynx,Female,tie,,,1,0.69999999,0.0193562841420518,0.01720462,0.021507947
Oral_cavity_and_pharynx,Female,tie,,,1,0.75,0.0204053649307018,0.018142086,0.022668645
Oral_cavity_and_pharynx,Female,tie,,,1,0.80000001,0.0213961044756518,0.019027745,0.023764463
Oral_cavity_and_pharynx,Female,tie,,,1,0.85000002,0.0223314865226676,0.019864209,0.024798764
Oral_cavity_and_pharynx,Female,tie,,,1,0.89999998,0.0232144514006376,0.020654056,0.025774846
Oral_cavity_and_pharynx,Female,tie,,,1,0.94999999,0.0240478585587166,0.021399803,0.026695915
Oral_cavity_and_pharynx,Female,tie,,,1,1.0,0.0248344543583945,0.022103868,0.02756504
Oral_cavity_and_pharynx,Female,tie,,,1,1.05,0.0255754459891801,0.022767324,0.028383568
Oral_cavity_and_pharynx,Female,tie,,,1,1.1,0.0262746703035503,0.023393555,0.029155785
Oral_cavity_and_pharynx,Female,tie,,,1,1.15,0.0269344853993841,0.023984645,0.029884325
Oral_cavity_and_pharynx,Female,tie,,,1,1.2,0.0275571490809029,0.024542596,0.030571703
Oral_cavity_and_pharynx,Female,tie,,,1,1.25,0.0281448549848185,0.025069352,0.031220358
Oral_cavity_and_pharynx,Female,tie,,,1,1.3,0.0286996735489413,0.025566753,0.031832594
Oral_cavity_and_pharynx,Female,tie,,,1,1.35,0.0292235396562244,0.026036518,0.032410562
Oral_cavity_and_pharynx,Female,tie,,,1,1.4,0.0297182573439999,0.026480248,0.032956265
Oral_cavity_and_pharynx,Female,tie,,,1,1.45,0.0301855164153715,0.02689945,0.033471584
Oral_cavity_and_pharynx,Female,tie,,,1,1.5,0.030626890812418,0.027295519,0.033958264
Oral_cavity_and_pharynx,Female,tie,,,1,1.55,0.0310438540972633,0.027669771,0.034417938
Oral_cavity_and_pharynx,Female,tie,,,1,1.6,0.0314377829959688,0.028023429,0.034852136
Oral_cavity_and_pharynx,Female,tie,,,1,1.65,0.031809961590641,0.02835764,0.035262283
Oral_cavity_and_pharynx,Female,tie,,,1,1.7,0.0321615940991314,0.028673474,0.035649713
Oral_cavity_and_pharynx,Female,tie,,,1,1.75,0.0324938036846426,0.028971935,0.036015671
Oral_cavity_and_pharynx,Female,tie,,,1,1.8,0.0328076439664195,0.029253962,0.036361326
Oral_cavity_and_pharynx,Female,tie,,,1,1.85,0.033104101437663,0.029520433,0.036687769
Oral_cavity_and_pharynx,Female,tie,,,1,1.9,0.0333840983030941,0.029772172,0.036996026
Oral_cavity_and_pharynx,Female,tie,,,1,1.95,0.0336485017407376,0.030009953,0.037287049
Oral_cavity_and_pharynx,Female,tie,,,1,2.0,0.0338981278903406,0.030234506,0.037561752
Oral_cavity_and_pharynx,Female,tie,,,1,2.05,0.0341319020867018,0.03044489,0.037818912
Oral_cavity_and_pharynx,Female,tie,,,1,2.0999999,0.0343526628936732,0.030643621,0.038061704
Oral_cavity_and_pharynx,Female,tie,,,1,2.1500001,0.0345612568099705,0.030831454,0.038291059
Oral_cavity_and_pharynx,Female,tie,,,1,2.2,0.0347584627757608,0.031009085,0.038507842
Oral_cavity_and_pharynx,Female,tie,,,1,2.25,0.034945003769706,0.031177161,0.038712844
Oral_cavity_and_pharynx,Female,tie,,,1,2.3,0.0351215478730138,0.031336281,0.038906816
Oral_cavity_and_pharynx,Female,tie,,,1,2.3499999,0.0352887139034792,0.031486992,0.039090436
Oral_cavity_and_pharynx,Female,tie,,,1,2.4000001,0.0354470763248922,0.031629816,0.039264336
Oral_cavity_and_pharynx,Female,tie,,,1,2.45,0.0355971660503853,0.031765223,0.03942911
Oral_cavity_and_pharynx,Female,tie,,,1,2.5,0.0357394783975862,0.031893656,0.039585304
Oral_cavity_and_pharynx,Female,tie,,,1,2.55,0.0358744731394499,0.032015525,0.039733421
Oral_cavity_and_pharynx,Female,tie,,,1,2.5999999,0.0360025781040502,0.032131217,0.039873939
Oral_cavity_and_pharynx,Female,tie,,,1,2.6500001,0.0361241923061258,0.032241087,0.040007297
Oral_cavity_and_pharynx,Female,tie,,,1,2.7,0.0362396859931533,0.032345466,0.040133905
Oral_cavity_and_pharynx,Female,tie,,,1,2.75,0.0363494062474892,0.032444667,0.040254146
Oral_cavity_and_pharynx,Female,tie,,,1,2.8,0.0364536765747704,0.032538977,0.040368378
Oral_cavity_and_pharynx,Female,tie,,,1,2.8499999,0.0365527992655793,0.032628667,0.040476933
Oral_cavity_and_pharynx,Female,tie,,,1,2.9000001,0.0366470574465861,0.032713987,0.040580127
Oral_cavity_and_pharynx,Female,tie,,,1,2.95,0.0367367147799599,0.032795183,0.040678248
Oral_cavity_and_pharynx,Female,tie,,,1,3.0,0.03682201950637,0.032872468,0.04077157
Oral_cavity_and_pharynx,Female,tie,,,1,3.05,0.0369008706267828,0.03294399,0.040857751
Oral_cavity_and_pharynx,Female,tie,,,1,3.0999999,0.0369758143963781,0.033012003,0.040939625
Oral_cavity_and_pharynx,Female,tie,,,1,3.1500001,0.0370470562158924,0.033076692,0.041017421
Oral_cavity_and_pharynx,Female,tie,,,1,3.2,0.0371147880048001,0.033138227,0.041091349
Oral_cavity_and_pharynx,Female,tie,,,1,3.25,0.0371791911171198,0.03319677,0.041161612
Oral_cavity_and_pharynx,Female,tie,,,1,3.3,0.0372404357744193,0.033252474,0.041228399
Oral_cavity_and_pharynx,Female,tie,,,1,3.3499999,0.0372986821583155,0.033305485,0.041291881
Oral_cavity_and_pharynx,Female,tie,,,1,3.4000001,0.0373540813536583,0.033355933,0.041352227
Oral_cavity_and_pharynx,Female,tie,,,1,3.45,0.0374067749377271,0.033403952,0.041409597
Oral_cavity_and_pharynx,Female,tie,,,1,3.5,0.0374568971476345,0.033449657,0.041464135
Oral_cavity_and_pharynx,Female,tie,,,1,3.55,0.0375045743498172,0.033493165,0.041515984
Oral_cavity_and_pharynx,Female,tie,,,1,3.5999999,0.0375499258090452,0.033534579,0.041565273
Oral_cavity_and_pharynx,Female,tie,,,1,3.6500001,0.0375930643499106,0.033574,0.041612126
Oral_cavity_and_pharynx,Female,tie,,,1,3.7,0.03763409597139,0.033611529,0.041656662
Oral_cavity_and_pharynx,Female,tie,,,1,3.75,0.0376731214757141,0.03364725,0.041698992
Oral_cavity_and_pharynx,Female,tie,,,1,3.8,0.0377102360023223,0.033681251,0.041739218
Oral_cavity_and_pharynx,Female,tie,,,1,3.8499999,0.0377455295790584,0.033713613,0.041777443
Oral_cavity_and_pharynx,Female,tie,,,1,3.9000001,0.0377790875942283,0.033744413,0.041813761
Oral_cavity_and_pharynx,Female,tie,,,1,3.95,0.0378109904585959,0.03377372,0.041848261
Oral_cavity_and_pharynx,Female,tie,,,1,4.0,0.037841314838097,0.033801608,0.041881021
Oral_cavity_and_pharynx,Female,tie,,,1,4.0500002,0.0378676500679688,0.033825938,0.041909363
Oral_cavity_and_pharynx,Female,tie,,,1,4.0999999,0.0378925486617327,0.033848971,0.041936126
Oral_cavity_and_pharynx,Female,tie,,,1,4.1500001,0.0379160765925927,0.033870772,0.041961383
Oral_cavity_and_pharynx,Female,tie,,,1,4.1999998,0.0379382955831175,0.033891391,0.041985199
Oral_cavity_and_pharynx,Female,tie,,,1,4.25,0.0379592650961228,0.033910882,0.042007647
Oral_cavity_and_pharynx,Female,tie,,,1,4.3000002,0.037979041000232,0.033929296,0.042028785
Oral_cavity_and_pharynx,Female,tie,,,1,4.3499999,0.0379976764252941,0.033946682,0.042048674
Oral_cavity_and_pharynx,Female,tie,,,1,4.4000001,0.0380152224018012,0.03396308,0.042067364
Oral_cavity_and_pharynx,Female,tie,,,1,4.4499998,0.0380317267900527,0.03397854,0.042084914
Oral_cavity_and_pharynx,Female,tie,,,1,4.5,0.0380472357588779,0.033993103,0.042101368
Oral_cavity_and_pharynx,Female,tie,,,1,4.5500002,0.0380617927880148,0.034006804,0.04211678
Oral_cavity_and_pharynx,Female,tie,,,1,4.5999999,0.038075439302257,0.034019683,0.042131197
Oral_cavity_and_pharynx,Female,tie,,,1,4.6500001,0.0380882151345389,0.034031775,0.042144656
Oral_cavity_and_pharynx,Female,tie,,,1,4.6999998,0.0381001577421166,0.034043111,0.042157203
Oral_cavity_and_pharynx,Female,tie,,,1,4.75,0.0381113032829491,0.034053728,0.042168878
Oral_cavity_and_pharynx,Female,tie,,,1,4.8000002,0.0381216858923391,0.034063656,0.042179719
Oral_cavity_and_pharynx,Female,tie,,,1,4.8499999,0.038131338145628,0.034072921,0.042189758
Oral_cavity_and_pharynx,Female,tie,,,1,4.9000001,0.0381402913845646,0.034081552,0.042199031
Oral_cavity_and_pharynx,Female,tie,,,1,4.9499998,0.038148575167595,0.034089576,0.042207573
Oral_cavity_and_pharynx,Female,tie,,,1,5.0,0.0381562180277214,0.034097023,0.042215414
Oral_cavity_and_pharynx,Female,tie,,,2,0.0,0.0,0.0,0.0
Oral_cavity_and_pharynx,Female,tie,,,2,0.050000001,0.0011902679079871,0.00091622543,0.0014643103
Oral_cavity_and_pharynx,Female,tie,,,2,0.1,0.0045275075072495,0.0035614597,0.0054935552
Oral_cavity_and_pharynx,Female,tie,,,2,0.15000001,0.0085851105180274,0.0067789634,0.010391258
Oral_cavity_and_pharynx,Female,tie,,,2,0.2,0.0127873268046786,0.010115496,0.015459158
Oral_cavity_and_pharynx,Female,tie,,,2,0.25,0.0168671713192332,0.013359859,0.020374484
Oral_cavity_and_pharynx,Female,tie,,,2,0.30000001,0.020701938987548,0.016414192,0.024989687
Oral_cavity_and_pharynx,Female,tie,,,2,0.34999999,0.0242417722928848,0.019238019,0.029245526
Oral_cavity_and_pharynx,Female,tie,,,2,0.40000001,0.0274746248685889,0.021820804,0.033128448
Oral_cavity_and_pharynx,Female,tie,,,2,0.44999999,0.0304079385301004,0.024167569,0.036648307
Oral_cavity_and_pharynx,Female,tie,,,2,0.5,0.0330587660281706,0.026291117,0.039826415
Oral_cavity_and_pharynx,Female,tie,,,2,0.55000001,0.0354483292462768,0.028207714,0.042688943
Oral_cavity_and_pharynx,Female,tie,,,2,0.60000002,0.037599048383611,0.029934721,0.045263376
Oral_cavity_and_pharynx,Female,tie,,,2,0.64999998,0.039532935970645,0.03148929,0.04757658
Oral_cavity_and_pharynx,Female,tie,,,2,0.69999999,0.0412707799079275,0.032887708,0.04965385
Oral_cavity_and_pharynx,Female,tie,,,2,0.75,0.0428315039411622,0.034144837,0.051518172
Oral_cavity_and_pharynx,Female,tie,,,2,0.80000001,0.0442320631188929,0.035274044,0.053190082
Oral_cavity_and_pharynx,Female,tie,,,2,0.85000002,0.0454878615479563,0.036287498,0.054688226
Oral_cavity_and_pharynx,Female,tie,,,2,0.89999998,0.04661282595202,0.037196234,0.056029417
Oral_cavity_and_pharynx,Female,tie,,,2,0.94999999,0.0476194976904283,0.03801021,0.057228785
Oral_cavity_and_pharynx,Female,tie,,,2,1.0,0.048519133209589,0.038738374,0.058299892
Oral_cavity_and_pharynx,Female,tie,,,2,1.05,0.0493055615837149,0.039376047,0.059235077
Oral_cavity_and_pharynx,Female,tie,,,2,1.1,0.0500036722262048,0.039942823,0.060064521
Oral_cavity_and_pharynx,Female,tie,,,2,1.15,0.0506216415979043,0.040445235,0.060798049
Oral_cavity_and_pharynx,Female,tie,,,2,1.2,0.051166911940241,0.040889233,0.061444588
Oral_cavity_and_pharynx,Female,tie,,,2,1.25,0.0516464357498816,0.041280378,0.062012494
Oral_cavity_and_pharynx,Female,tie,,,2,1.3,0.0520664589700977,0.041623667,0.062509246
Oral_cavity_and_pharynx,Female,tie,,,2,1.35,0.0524325473473956,0.041923564,0.062941529
Oral_cavity_and_pharynx,Female,tie,,,2,1.4,0.0527496672394939,0.042184044,0.063315287
Oral_cavity_and_pharynx,Female,tie,,,2,1.45,0.0530222634930669,0.042408675,0.063635856
Oral_cavity_and_pharynx,Female,tie,,,2,1.5,0.0532543160410917,0.04260065,0.063907981
Oral_cavity_and_pharynx,Female,tie,,,2,1.55,0.0534493992832393,0.042762838,0.064135961
Oral_cavity_and_pharynx,Female,tie,,,2,1.6,0.0536107272506217,0.04289782,0.064323634
Oral_cavity_and_pharynx,Female,tie,,,2,1.65,0.0537411942656792,0.043007925,0.064474463
Oral_cavity_and_pharynx,Female,tie,,,2,1.7,0.0538434135986084,0.043095246,0.064591579
Oral_cavity_and_pharynx,Female,tie,,,2,1.75,0.0539197465431531,0.043161687,0.064677805
Oral_cavity_and_pharynx,Female,tie,,,2,1.8,0.0539723319500872,0.043208968,0.064735696
Oral_cavity_and_pharynx,Female,tie,,,2,1.85,0.0540031094899214,0.043238644,0.064767577
Oral_cavity_and_pharynx,Female,tie,,,2,1.9,0.054013840986365,0.043252137,0.064775549
Oral_cavity_and_pharynx,Female,tie,,,2,1.95,0.0540061295499734,0.043250732,0.064761527
Oral_cavity_and_pharynx,Female,tie,,,2,2.0,0.0539814419281726,0.043235611,0.064727269
Oral_cavity_and_pharynx,Female,tie,,,2,2.05,0.0539221364693844,0.043192938,0.064651333
Oral_cavity_and_pharynx,Female,tie,,,2,2.0999999,0.0538488304438533,0.043138932,0.06455873
Oral_cavity_and_pharynx,Female,tie,,,2,2.1500001,0.0537628341981305,0.04307466,0.064451009
Oral_cavity_and_pharynx,Female,tie,,,2,2.2,0.0536653322185909,0.043001063,0.064329602
Oral_cavity_and_pharynx,Female,tie,,,2,2.25,0.0535573946253568,0.042919014,0.064195774
Oral_cavity_and_pharynx,Female,tie,,,2,2.3,0.0534399910029911,0.042829283,0.064050697
Oral_cavity_and_pharynx,Female,tie,,,2,2.3499999,0.0533140007769208,0.042732589,0.063895412
Oral_cavity_and_pharynx,Female,tie,,,2,2.4000001,0.0531802220269794,0.042629562,0.063730881
Oral_cavity_and_pharynx,Female,tie,,,2,2.45,0.0530393824268861,0.042520802,0.06355796
Oral_cavity_and_pharynx,Female,tie,,,2,2.5,0.0528921427892814,0.042406831,0.063377455
Oral_cavity_and_pharynx,Female,tie,,,2,2.55,0.0527391061145736,0.042288136,0.063190073
Oral_cavity_and_pharynx,Female,tie,,,2,2.5999999,0.0525808227613115,0.042165168,0.062996477
Oral_cavity_and_pharynx,Female,tie,,,2,2.6500001,0.0524177948016335,0.042038321,0.062797271
Oral_cavity_and_pharynx,Female,tie,,,2,2.7,0.0522504837302684,0.041907974,0.062592991
Oral_cavity_and_pharynx,Female,tie,,,2,2.75,0.0520793098762579,0.041774463,0.062384155
Oral_cavity_and_pharynx,Female,tie,,,2,2.8,0.051904659134466,0.041638102,0.062171217
Oral_cavity_and_pharynx,Female,tie,,,2,2.8499999,0.0517268854559215,0.041499171,0.061954599
Oral_cavity_and_pharynx,Female,tie,,,2,2.9000001,0.0515463128975853,0.041357938,0.061734691
Oral_cavity_and_pharynx,Female,tie,,,2,2.95,0.0513632416966731,0.041214637,0.061511844
Oral_cavity_and_pharynx,Female,tie,,,2,3.0,0.0511779454531749,0.041069496,0.061286394
Oral_cavity_and_pharynx,Female,tie,,,2,3.05,0.0509710928795372,0.040907279,0.061034907
Oral_cavity_and_pharynx,Female,tie,,,2,3.0999999,0.0507626848649263,0.04074375,0.06078162
Oral_cavity_and_pharynx,Female,tie,,,2,3.1500001,0.0505529354823793,0.040579084,0.060526785
Oral_cavity_and_pharynx,Female,tie,,,2,3.2,0.0503420447599901,0.040413447,0.060270645
Oral_cavity_and_pharynx,Female,tie,,,2,3.25,0.0501301941133396,0.040246975,0.060013413
Oral_cavity_and_pharynx,Female,tie,,,2,3.3,0.0499175516404633,0.040079813,0.059755288
Oral_cavity_and_pharynx,Female,tie,,,2,3.3499999,0.0497042723032992,0.039912086,0.059496459
Oral_cavity_and_pharynx,Female,tie,,,2,3.4000001,0.0494904979775331,0.039743904,0.059237093
Oral_cavity_and_pharynx,Female,tie,,,2,3.45,0.0492763625053181,0.039575376,0.058977347
Oral_cavity_and_pharynx,Female,tie,,,2,3.5,0.0490619864637111,0.039406605,0.05871737
Oral_cavity_and_pharynx,Female,tie,,,2,3.55,0.0488474820473434,0.039237674,0.058457289
Oral_cavity_and_pharynx,Female,tie,,,2,3.5999999,0.0486329527861541,0.039068677,0.05819723
Oral_cavity_and_pharynx,Female,tie,,,2,3.6500001,0.0484184931952031,0.038899682,0.057937305
Oral_cavity_and_pharynx,Female,tie,,,2,3.7,0.0482041934792759,0.038730767,0.057677619
Oral_cavity_and_pharynx,Female,tie,,,2,3.75,0.0479901339587797,0.038561996,0.057418272
Oral_cavity_and_pharynx,Female,tie,,,2,3.8,0.0477763896760743,0.038393427,0.057159353
Oral_cavity_and_pharynx,Female,tie,,,2,3.8499999,0.0475630298448043,0.038225122,0.056900937
Oral_cavity_and_pharynx,Female,tie,,,2,3.9000001,0.0473501172691677,0.038057126,0.056643106
Oral_cavity_and_pharynx,Female,tie,,,2,3.95,0.0471377128008396,0.037889495,0.056385931
Oral_cavity_and_pharynx,Female,tie,,,2,4.0,0.0469258696130714,0.037722267,0.05612947
Oral_cavity_and_pharynx,Female,tie,,,2,4.0500002,0.0466950773510197,0.037540022,0.055850133
Oral_cavity_and_pharynx,Female,tie,,,2,4.0999999,0.046465159761023,0.037358429,0.055571891
Oral_cavity_and_pharynx,Female,tie,,,2,4.1500001,0.0462361530304891,0.037177518,0.055294789
Oral_cavity_and_pharynx,Female,tie,,,2,4.1999998,0.04600809861408,0.036997322,0.055018876
Oral_cavity_and_pharynx,Female,tie,,,2,4.25,0.0457810260134484,0.036817864,0.054744188
Oral_cavity_and_pharynx,Female,tie,,,2,4.3000002,0.0455549682548263,0.036639176,0.054470763
Oral_cavity_and_pharynx,Female,tie,,,2,4.3499999,0.0453299555340354,0.036461279,0.054198634
Oral_cavity_and_pharynx,Female,tie,,,2,4.4000001,0.045106009019534,0.03628419,0.053927828
Oral_cavity_and_pharynx,Female,tie,,,2,4.4499998,0.0448831560307534,0.036107935,0.053658374
Oral_cavity_and_pharynx,Female,tie,,,2,4.5,0.0446614131224675,0.03593253,0.053390298
Oral_cavity_and_pharynx,Female,tie,,,2,4.5500002,0.044440801144482,0.035757985,0.053123616
Oral_cavity_and_pharynx,Female,tie,,,2,4.5999999,0.0442213389624652,0.035584319,0.052858356
Oral_cavity_and_pharynx,Female,tie,,,2,4.6500001,0.0440030373623308,0.035411544,0.052594528
Oral_cavity_and_pharynx,Female,tie,,,2,4.6999998,0.0437859137983824,0.035239674,0.052332152
Oral_cavity_and_pharynx,Female,tie,,,2,4.75,0.0435699758550945,0.035068717,0.052071236
Oral_cavity_and_pharynx,Female,tie,,,2,4.8000002,0.0433552358777357,0.034898676,0.051811796
Oral_cavity_and_pharynx,Female,tie,,,2,4.8499999,0.043141704809419,0.034729566,0.051553842
Oral_cavity_and_pharynx,Female,tie,,,2,4.9000001,0.0429293862267294,0.034561392,0.051297382
Oral_cavity_and_pharynx,Female,tie,,,2,4.9499998,0.0427182906525594,0.03439416,0.051042419
Oral_cavity_and_pharynx,Female,tie,,,2,5.0,0.0425084194388331,0.034227874,0.050788965
