site,sex,estimate,race,stage,agegroup,tt,PE,lci,uci
Oral_cavity_and_pharynx,Male,ADb,,,0,0.0,0.0,0.0,0.0
Oral_cavity_and_pharynx,Male,ADb,,,0,0.050000001,1.242842549615308,1.1379658,1.3477193
Oral_cavity_and_pharynx,Male,ADb,,,0,0.1,2.931342624412999,2.6864743,3.1762109
Oral_cavity_and_pharynx,Male,ADb,,,0,0.15000001,4.699370004283113,4.3067851,5.0919552
Oral_cavity_and_pharynx,Male,ADb,,,0,0.2,6.446967724879404,5.9078212,6.986114
Oral_cavity_and_pharynx,Male,ADb,,,0,0.25,8.133073504654412,7.4523473,8.8137999
Oral_cavity_and_pharynx,Male,ADb,,,0,0.30000001,9.739896968666208,8.9243031,10.555491
Oral_cavity_and_pharynx,Male,ADb,,,0,0.34999999,11.26061863607654,10.31758,12.203657
Oral_cavity_and_pharynx,Male,ADb,,,0,0.40000001,12.6940433824479,11.631161,13.756926
Oral_cavity_and_pharynx,Male,ADb,,,0,0.44999999,14.04195274243341,12.866716,15.217189
Oral_cavity_and_pharynx,Male,ADb,,,0,0.5,15.30770399311881,14.027335,16.588074
Oral_cavity_and_pharynx,Male,ADb,,,0,0.55000001,16.49543654426611,15.116807,17.874065
Oral_cavity_and_pharynx,Male,ADb,,,0,0.60000002,17.60962124731814,16.139215,19.080027
Oral_cavity_and_pharynx,Male,ADb,,,0,0.64999998,18.65479339202105,17.098698,20.210888
Oral_cavity_and_pharynx,Male,ADb,,,0,0.69999999,19.63540349432459,17.999311,21.271496
Oral_cavity_and_pharynx,Male,ADb,,,0,0.75,20.5556958417292,18.844921,22.26647
Oral_cavity_and_pharynx,Male,ADb,,,0,0.80000001,21.41923442641701,19.638767,23.199701
Oral_cavity_and_pharynx,Male,ADb,,,0,0.85000002,22.22908610014342,20.383635,24.074537
Oral_cavity_and_pharynx,Male,ADb,,,0,0.89999998,22.9882651130891,21.08226,24.89427
Oral_cavity_and_pharynx,Male,ADb,,,0,0.94999999,23.69971122247054,21.73731,25.662111
Oral_cavity_and_pharynx,Male,ADb,,,0,1.0,24.36625627233796,22.351362,26.381151
Oral_cavity_and_pharynx,Male,ADb,,,0,1.05,24.98738423199147,22.923922,27.050846
Oral_cavity_and_pharynx,Male,ADb,,,0,1.1,25.5687691997294,23.460165,27.677372
Oral_cavity_and_pharynx,Male,ADb,,,0,1.15,26.11286194551511,23.96232,28.263403
Oral_cavity_and_pharynx,Male,ADb,,,0,1.2,26.62197899175837,24.432493,28.811466
Oral_cavity_and_pharynx,Male,ADb,,,0,1.25,27.09829417447943,24.87266,29.323929
Oral_cavity_and_pharynx,Male,ADb,,,0,1.3,27.54385816467412,25.284685,29.80303
Oral_cavity_and_pharynx,Male,ADb,,,0,1.35,27.96075643374243,25.670471,30.251041
Oral_cavity_and_pharynx,Male,ADb,,,0,1.4,28.35107617688369,26.031916,30.670237
Oral_cavity_and_pharynx,Male,ADb,,,0,1.45,28.71673471562757,26.370768,31.062702
Oral_cavity_and_pharynx,Male,ADb,,,0,1.5,29.05948057971162,26.688618,31.430344
Oral_cavity_and_pharynx,Male,ADb,,,0,1.55,29.38091572022637,26.986927,31.774904
Oral_cavity_and_pharynx,Male,ADb,,,0,1.6,29.68250704302756,27.267035,32.09798
Oral_cavity_and_pharynx,Male,ADb,,,0,1.65,29.96559740698616,27.530165,32.401031
Oral_cavity_and_pharynx,Male,ADb,,,0,1.7,30.23142215511054,27.777443,32.685402
Oral_cavity_and_pharynx,Male,ADb,,,0,1.75,30.48111411799874,28.009905,32.952324
Oral_cavity_and_pharynx,Male,ADb,,,0,1.8,30.71571750067633,28.228504,33.20293
Oral_cavity_and_pharynx,Male,ADb,,,0,1.85,30.93619420573323,28.434116,33.438274
Oral_cavity_and_pharynx,Male,ADb,,,0,1.9,31.14342994688531,28.627552,33.659309
Oral_cavity_and_pharynx,Male,ADb,,,0,1.95,31.33824461191169,28.809559,33.866928
Oral_cavity_and_pharynx,Male,ADb,,,0,2.0,31.52139437866498,28.980831,34.061958
Oral_cavity_and_pharynx,Male,ADb,,,0,2.05,31.68940084203383,29.138172,34.240631
Oral_cavity_and_pharynx,Male,ADb,,,0,2.0999999,31.84706659481917,29.285984,34.40815
Oral_cavity_and_pharynx,Male,ADb,,,0,2.1500001,31.99499854258704,29.424828,34.56517
Oral_cavity_and_pharynx,Male,ADb,,,0,2.2,32.1337674391303,29.55522,34.712315
Oral_cavity_and_pharynx,Male,ADb,,,0,2.25,32.26394512173125,29.677687,34.850204
Oral_cavity_and_pharynx,Male,ADb,,,0,2.3,32.38607006147475,29.792725,34.979416
Oral_cavity_and_pharynx,Male,ADb,,,0,2.3499999,32.50063952841504,29.900785,35.100494
Oral_cavity_and_pharynx,Male,ADb,,,0,2.4000001,32.60811376971691,30.002295,35.213932
Oral_cavity_and_pharynx,Male,ADb,,,0,2.45,32.70891730558392,30.097639,35.320194
Oral_cavity_and_pharynx,Male,ADb,,,0,2.5,32.80344498277782,30.187183,35.419708
Oral_cavity_and_pharynx,Male,ADb,,,0,2.55,32.89206258103505,30.271261,35.512863
Oral_cavity_and_pharynx,Male,ADb,,,0,2.5999999,32.97510976762149,30.350187,35.600033
Oral_cavity_and_pharynx,Male,ADb,,,0,2.6500001,33.05290264773308,30.424252,35.681553
Oral_cavity_and_pharynx,Male,ADb,,,0,2.7,33.12573428836993,30.493721,35.757748
Oral_cavity_and_pharynx,Male,ADb,,,0,2.75,33.19387873731029,30.558849,35.828907
Oral_cavity_and_pharynx,Male,ADb,,,0,2.8,33.2575911439161,30.619871,35.895313
Oral_cavity_and_pharynx,Male,ADb,,,0,2.8499999,33.31710962016652,30.677004,35.957214
Oral_cavity_and_pharynx,Male,ADb,,,0,2.9000001,33.3726568394566,30.730455,36.014858
Oral_cavity_and_pharynx,Male,ADb,,,0,2.95,33.42444021817977,30.780415,36.068466
Oral_cavity_and_pharynx,Male,ADb,,,0,3.0,33.47265461655385,30.827061,36.118248
Oral_cavity_and_pharynx,Male,ADb,,,0,3.05,33.51283672838329,30.866287,36.159386
Oral_cavity_and_pharynx,Male,ADb,,,0,3.0999999,33.54980898444606,30.902531,36.197086
Oral_cavity_and_pharynx,Male,ADb,,,0,3.1500001,33.58373300284583,30.93594,36.231525
Oral_cavity_and_pharynx,Male,ADb,,,0,3.2,33.61476003933467,30.966654,36.262867
Oral_cavity_and_pharynx,Male,ADb,,,0,3.25,33.64303267297751,30.994806,36.29126
Oral_cavity_and_pharynx,Male,ADb,,,0,3.3,33.66868480197306,31.020517,36.316853
Oral_cavity_and_pharynx,Male,ADb,,,0,3.3499999,33.6918424150185,31.043905,36.339779
Oral_cavity_and_pharynx,Male,ADb,,,0,3.4000001,33.71262423831109,31.065079,36.360168
Oral_cavity_and_pharynx,Male,ADb,,,0,3.45,33.73114185937717,31.084143,36.378139
Oral_cavity_and_pharynx,Male,ADb,,,0,3.5,33.74750078911771,31.101192,36.39381
Oral_cavity_and_pharynx,Male,ADb,,,0,3.55,33.7618004861103,31.11632,36.40728
Oral_cavity_and_pharynx,Male,ADb,,,0,3.5999999,33.77413485901542,31.129612,36.418655
Oral_cavity_and_pharynx,Male,ADb,,,0,3.6500001,33.78459267916585,31.141153,36.428032
Oral_cavity_and_pharynx,Male,ADb,,,0,3.7,33.79325772915263,31.151016,36.435497
Oral_cavity_and_pharynx,Male,ADb,,,0,3.75,33.80020941487862,31.159279,36.441139
Oral_cavity_and_pharynx,Male,ADb,,,0,3.8,33.80552284766017,31.166008,36.445038
Oral_cavity_and_pharynx,Male,ADb,,,0,3.8499999,33.80926916708924,31.17127,36.447269
Oral_cavity_and_pharynx,Male,ADb,,,0,3.9000001,33.81151579721126,31.175129,36.447903
Oral_cavity_and_pharynx,Male,ADb,,,0,3.95,33.81232664177338,31.177641,36.447014
Oral_cavity_and_pharynx,Male,ADb,,,0,4.0,33.81176236239946,31.178864,36.44466
Oral_cavity_and_pharynx,Male,ADb,,,0,4.0500002,33.80501921991169,31.174368,36.435669
Oral_cavity_and_pharynx,Male,ADb,,,0,4.0999999,33.79703339017493,31.168705,36.425362
Oral_cavity_and_pharynx,Male,ADb,,,0,4.1500001,33.78785708185453,31.161922,36.413792
Oral_cavity_and_pharynx,Male,ADb,,,0,4.1999998,33.77754023869772,31.154066,36.401012
Oral_cavity_and_pharynx,Male,ADb,,,0,4.25,33.76612999307986,31.145184,36.387077
Oral_cavity_and_pharynx,Male,ADb,,,0,4.3000002,33.75367146853355,31.135311,36.372032
Oral_cavity_and_pharynx,Male,ADb,,,0,4.3499999,33.74020766134069,31.124493,36.355923
Oral_cavity_and_pharynx,Male,ADb,,,0,4.4000001,33.72577913332921,31.112764,36.338795
Oral_cavity_and_pharynx,Male,ADb,,,0,4.4499998,33.71042504853199,31.100163,36.320686
Oral_cavity_and_pharynx,Male,ADb,,,0,4.5,33.69418218157654,31.086721,36.301643
Oral_cavity_and_pharynx,Male,ADb,,,0,4.5500002,33.6770860210035,31.072474,36.281696
Oral_cavity_and_pharynx,Male,ADb,,,0,4.5999999,33.65917046074131,31.057453,36.260887
Oral_cavity_and_pharynx,Male,ADb,,,0,4.6500001,33.64046733906594,31.041685,36.23925
Oral_cavity_and_pharynx,Male,ADb,,,0,4.6999998,33.6210077359429,31.025204,36.216812
Oral_cavity_and_pharynx,Male,ADb,,,0,4.75,33.60082062497418,31.00803,36.193611
Oral_cavity_and_pharynx,Male,ADb,,,0,4.8000002,33.57993422705144,30.990196,36.169674
Oral_cavity_and_pharynx,Male,ADb,,,0,4.8499999,33.5583755519333,30.971724,36.145027
Oral_cavity_and_pharynx,Male,ADb,,,0,4.9000001,33.5361698155877,30.952637,36.119701
Oral_cavity_and_pharynx,Male,ADb,,,0,4.9499998,33.51334195508036,30.932959,36.093727
Oral_cavity_and_pharynx,Male,ADb,,,0,5.0,33.48991499224573,30.91271,36.06712
Oral_cavity_and_pharynx,Male,ADb,,,1,0.0,0.0,0.0,0.0
Oral_cavity_and_pharynx,Male,ADb,,,1,0.050000001,0.8834135060021411,0.80768174,0.95914531
Oral_cavity_and_pharynx,Male,ADb,,,1,0.1,2.208040981307977,2.0165191,2.3995628
Oral_cavity_and_pharynx,Male,ADb,,,1,0.15000001,3.640114599734769,3.3221869,3.9580424
Oral_cavity_and_pharynx,Male,ADb,,,1,0.2,5.080162555326385,4.6346412,5.5256844
Oral_cavity_and_pharynx,Male,ADb,,,1,0.25,6.484827125579187,5.914731,7.0549235
Oral_cavity_and_pharynx,Male,ADb,,,1,0.30000001,7.833696993977508,7.1440639,8.5233297
Oral_cavity_and_pharynx,Male,ADb,,,1,0.34999999,9.11750277656994,8.3143101,9.9206953
Oral_cavity_and_pharynx,Male,ADb,,,1,0.40000001,10.3328706046404,9.4224548,11.243286
Oral_cavity_and_pharynx,Male,ADb,,,1,0.44999999,11.47967433930462,10.468413,12.490935
Oral_cavity_and_pharynx,Male,ADb,,,1,0.5,12.55960564200571,11.453732,13.66548
Oral_cavity_and_pharynx,Male,ADb,,,1,0.55000001,13.57534868473342,12.380851,14.769847
Oral_cavity_and_pharynx,Male,ADb,,,1,0.60000002,14.53009861655634,13.252668,15.807528
Oral_cavity_and_pharynx,Male,ADb,,,1,0.64999998,15.42726845342635,14.072278,16.782259
Oral_cavity_and_pharynx,Male,ADb,,,1,0.69999999,16.27031681601677,14.842812,17.697823
Oral_cavity_and_pharynx,Male,ADb,,,1,0.75,17.06261334116629,15.567317,18.557909
Oral_cavity_and_pharynx,Male,ADb,,,1,0.80000001,17.80702185837597,16.248383,19.365662
Oral_cavity_and_pharynx,Male,ADb,,,1,0.85000002,18.50603381969252,16.888256,20.123812
Oral_cavity_and_pharynx,Male,ADb,,,1,0.89999998,19.16212524186756,17.489168,20.835081
Oral_cavity_and_pharynx,Male,ADb,,,1,0.94999999,19.777731075365,18.05332,21.502142
Oral_cavity_and_pharynx,Male,ADb,,,1,1.0,20.35521154816249,18.58284,22.127583
Oral_cavity_and_pharynx,Male,ADb,,,1,1.05,20.89511306940035,19.078218,22.712008
Oral_cavity_and_pharynx,Male,ADb,,,1,1.1,21.40124955305005,19.542904,23.259596
Oral_cavity_and_pharynx,Male,ADb,,,1,1.15,21.87568370526299,19.97876,23.772608
Oral_cavity_and_pharynx,Male,ADb,,,1,1.2,22.32037026519048,20.387554,24.253185
Oral_cavity_and_pharynx,Male,ADb,,,1,1.25,22.73714713011627,20.77095,24.703344
Oral_cavity_and_pharynx,Male,ADb,,,1,1.3,23.12775125308758,21.130518,25.124985
Oral_cavity_and_pharynx,Male,ADb,,,1,1.35,23.49395760329078,21.467865,25.52005
Oral_cavity_and_pharynx,Male,ADb,,,1,1.4,23.83754924737906,21.784607,25.890491
Oral_cavity_and_pharynx,Male,ADb,,,1,1.45,24.16016457698318,22.082228,26.238102
Oral_cavity_and_pharynx,Male,ADb,,,1,1.5,24.46329755385827,22.362082,26.564512
Oral_cavity_and_pharynx,Male,ADb,,,1,1.55,24.74831673306105,22.625412,26.871222
Oral_cavity_and_pharynx,Male,ADb,,,1,1.6,25.01647497533153,22.873352,27.159597
Oral_cavity_and_pharynx,Male,ADb,,,1,1.65,25.2689187363934,23.106945,27.430893
Oral_cavity_and_pharynx,Male,ADb,,,1,1.7,25.50670236074836,23.327145,27.68626
Oral_cavity_and_pharynx,Male,ADb,,,1,1.75,25.73079216617849,23.53483,27.926754
Oral_cavity_and_pharynx,Male,ADb,,,1,1.8,25.9420785079836,23.73081,28.153347
Oral_cavity_and_pharynx,Male,ADb,,,1,1.85,26.1413811343821,23.915829,28.366934
Oral_cavity_and_pharynx,Male,ADb,,,1,1.9,26.32945436231206,24.090572,28.568336
Oral_cavity_and_pharynx,Male,ADb,,,1,1.95,26.50699614698593,24.255674,28.758318
Oral_cavity_and_pharynx,Male,ADb,,,1,2.0,26.6746497121061,24.411718,28.93758
Oral_cavity_and_pharynx,Male,ADb,,,1,2.05,26.83074735917096,24.557192,29.104301
Oral_cavity_and_pharynx,Male,ADb,,,1,2.0999999,26.97808411849034,24.694635,29.261534
Oral_cavity_and_pharynx,Male,ADb,,,1,2.1500001,27.11717417340142,24.824514,29.409834
Oral_cavity_and_pharynx,Male,ADb,,,1,2.2,27.24850051351638,24.947269,29.54973
Oral_cavity_and_pharynx,Male,ADb,,,1,2.25,27.37254670529138,25.063343,29.681749
Oral_cavity_and_pharynx,Male,ADb,,,1,2.3,27.48976779312075,25.173149,29.806387
Oral_cavity_and_pharynx,Male,ADb,,,1,2.3499999,27.60058384792025,25.277071,29.924097
Oral_cavity_and_pharynx,Male,ADb,,,1,2.4000001,27.7053835847146,25.375463,30.035303
Oral_cavity_and_pharynx,Male,ADb,,,1,2.45,27.80452520971019,25.468655,30.140396
Oral_cavity_and_pharynx,Male,ADb,,,1,2.5,27.89834195250644,25.556948,30.239737
Oral_cavity_and_pharynx,Male,ADb,,,1,2.55,27.98714232694212,25.640623,30.33366
Oral_cavity_and_pharynx,Male,ADb,,,1,2.5999999,28.07121270811648,25.719948,30.422478
Oral_cavity_and_pharynx,Male,ADb,,,1,2.6500001,28.15081956581557,25.79516,30.506479
Oral_cavity_and_pharynx,Male,ADb,,,1,2.7,28.22620965363073,25.866488,30.585932
Oral_cavity_and_pharynx,Male,ADb,,,1,2.75,28.29761381157334,25.934143,30.661085
Oral_cavity_and_pharynx,Male,ADb,,,1,2.8,28.36524681204382,25.99832,30.732174
Oral_cavity_and_pharynx,Male,ADb,,,1,2.8499999,28.42930900619416,26.059204,30.799414
Oral_cavity_and_pharynx,Male,ADb,,,1,2.9000001,28.48998774704712,26.116966,30.86301
Oral_cavity_and_pharynx,Male,ADb,,,1,2.95,28.54745728683342,26.171764,30.923149
Oral_cavity_and_pharynx,Male,ADb,,,1,3.0,28.60188145746723,26.223751,30.980011
Oral_cavity_and_pharynx,Male,ADb,,,1,3.05,28.6508152520514,26.270697,31.030933
Oral_cavity_and_pharynx,Male,ADb,,,1,3.0999999,28.69699576519474,26.3151,31.078894
Oral_cavity_and_pharynx,Male,ADb,,,1,3.1500001,28.74055840508355,26.357079,31.124039
Oral_cavity_and_pharynx,Male,ADb,,,1,3.2,28.78162964770698,26.396753,31.166506
Oral_cavity_and_pharynx,Male,ADb,,,1,3.25,28.82032888778606,26.434233,31.206425
Oral_cavity_and_pharynx,Male,ADb,,,1,3.3,28.85676815104465,26.46962,31.243916
Oral_cavity_and_pharynx,Male,ADb,,,1,3.3499999,28.89105281712661,26.50301,31.279095
Oral_cavity_and_pharynx,Male,ADb,,,1,3.4000001,28.92328223597958,26.534496,31.312069
Oral_cavity_and_pharynx,Male,ADb,,,1,3.45,28.95354955264902,26.564163,31.342936
Oral_cavity_and_pharynx,Male,ADb,,,1,3.5,28.98194302400091,26.592091,31.371796
Oral_cavity_and_pharynx,Male,ADb,,,1,3.55,29.00854575876396,26.618357,31.398735
Oral_cavity_and_pharynx,Male,ADb,,,1,3.5999999,29.03343621157286,26.643034,31.423838
Oral_cavity_and_pharynx,Male,ADb,,,1,3.6500001,29.05668859960751,26.666189,31.447187
Oral_cavity_and_pharynx,Male,ADb,,,1,3.7,29.07837275278342,26.687887,31.468859
Oral_cavity_and_pharynx,Male,ADb,,,1,3.75,29.09855504267162,26.708189,31.488922
Oral_cavity_and_pharynx,Male,ADb,,,1,3.8,29.11729817593236,26.727152,31.507444
Oral_cavity_and_pharynx,Male,ADb,,,1,3.8499999,29.1346615352405,26.744831,31.524492
Oral_cavity_and_pharynx,Male,ADb,,,1,3.9000001,29.15070146227637,26.761278,31.540125
Oral_cavity_and_pharynx,Male,ADb,,,1,3.95,29.1654711524631,26.776541,31.554401
Oral_cavity_and_pharynx,Male,ADb,,,1,4.0,29.17902129382486,26.790668,31.567373
Oral_cavity_and_pharynx,Male,ADb,,,1,4.0500002,29.18862699079678,26.801172,31.57608
Oral_cavity_and_pharynx,Male,ADb,,,1,4.0999999,29.19710893407238,26.810627,31.58359
Oral_cavity_and_pharynx,Male,ADb,,,1,4.1500001,29.20451091939034,26.819075,31.589947
Oral_cavity_and_pharynx,Male,ADb,,,1,4.1999998,29.21087428637796,26.826551,31.595198
Oral_cavity_and_pharynx,Male,ADb,,,1,4.25,29.21623861160816,26.833096,31.599382
Oral_cavity_and_pharynx,Male,ADb,,,1,4.3000002,29.22064137676796,26.838739,31.602543
Oral_cavity_and_pharynx,Male,ADb,,,1,4.3499999,29.22411830197362,26.843519,31.604717
Oral_cavity_and_pharynx,Male,ADb,,,1,4.4000001,29.22670350660275,26.847464,31.605944
Oral_cavity_and_pharynx,Male,ADb,,,1,4.4499998,29.2284293942391,26.850603,31.606255
Oral_cavity_and_pharynx,Male,ADb,,,1,4.5,29.2293269409538,26.852968,31.605686
Oral_cavity_and_pharynx,Male,ADb,,,1,4.5500002,29.22942564327315,26.854584,31.604269
Oral_cavity_and_pharynx,Male,ADb,,,1,4.5999999,29.22875368027667,26.855476,31.602032
Oral_cavity_and_pharynx,Male,ADb,,,1,4.6500001,29.22733793350778,26.855671,31.599005
Oral_cavity_and_pharynx,Male,ADb,,,1,4.6999998,29.22520411831067,26.855192,31.595215
Oral_cavity_and_pharynx,Male,ADb,,,1,4.75,29.22237674146999,26.854063,31.590691
Oral_cavity_and_pharynx,Male,ADb,,,1,4.8000002,29.21887928695449,26.852303,31.585455
Oral_cavity_and_pharynx,Male,ADb,,,1,4.8499999,29.21473424043938,26.849936,31.579533
Oral_cavity_and_pharynx,Male,ADb,,,1,4.9000001,29.20996299529452,26.846979,31.572948
Oral_cavity_and_pharynx,Male,ADb,,,1,4.9499998,29.20458619430892,26.843451,31.565722
Oral_cavity_and_pharynx,Male,ADb,,,1,5.0,29.19862341372487,26.839373,31.557873
Oral_cavity_and_pharynx,Male,ADb,,,2,0.0,0.0,0.0,0.0
Oral_cavity_and_pharynx,Male,ADb,,,2,0.050000001,0.3777387712520482,0.31782511,0.43765241
Oral_cavity_and_pharynx,Male,ADb,,,2,0.1,0.7551378482275024,0.6357879,0.87448782
Oral_cavity_and_pharynx,Male,ADb,,,2,0.15000001,1.101146052840889,0.92644793,1.2758442
Oral_cavity_and_pharynx,Male,ADb,,,2,0.2,1.416397713703551,1.1907943,1.642001
Oral_cavity_and_pharynx,Male,ADb,,,2,0.25,1.703875672995065,1.4315984,1.9761529
Oral_cavity_and_pharynx,Male,ADb,,,2,0.30000001,1.966647019246819,1.6515838,2.2817104
Oral_cavity_and_pharynx,Male,ADb,,,2,0.34999999,2.20746447727042,1.8531445,2.5617845
Oral_cavity_and_pharynx,Male,ADb,,,2,0.40000001,2.428719403166919,2.0383346,2.8191042
Oral_cavity_and_pharynx,Male,ADb,,,2,0.44999999,2.632472705837458,2.2089088,3.0560365
Oral_cavity_and_pharynx,Male,ADb,,,2,0.5,2.820502815695349,2.3663723,3.2746332
Oral_cavity_and_pharynx,Male,ADb,,,2,0.55000001,2.994349493326823,2.512022,3.4766769
Oral_cavity_and_pharynx,Male,ADb,,,2,0.60000002,3.155352731840825,2.646982,3.6637235
Oral_cavity_and_pharynx,Male,ADb,,,2,0.64999998,3.304684353127708,2.772233,3.8371358
Oral_cavity_and_pharynx,Male,ADb,,,2,0.69999999,3.443374897225503,2.8886352,3.9981146
Oral_cavity_and_pharynx,Male,ADb,,,2,0.75,3.572329368028532,2.9969428,4.147716
Oral_cavity_and_pharynx,Male,ADb,,,2,0.80000001,3.692270288669848,3.0977561,4.2867846
Oral_cavity_and_pharynx,Male,ADb,,,2,0.85000002,3.803789829014965,3.191566,4.4160137
Oral_cavity_and_pharynx,Male,ADb,,,2,0.89999998,3.907440215553208,3.2788298,4.5360503
Oral_cavity_and_pharynx,Male,ADb,,,2,0.94999999,4.003738066913421,3.3599753,4.647501
Oral_cavity_and_pharynx,Male,ADb,,,2,1.0,4.093165040472286,3.4354012,4.7509289
Oral_cavity_and_pharynx,Male,ADb,,,2,1.05,4.174567811481859,3.5041614,4.8449745
Oral_cavity_and_pharynx,Male,ADb,,,2,1.1,4.249910150161121,3.5678725,4.9319477
Oral_cavity_and_pharynx,Male,ADb,,,2,1.15,4.319586978394627,3.6268613,5.0123129
Oral_cavity_and_pharynx,Male,ADb,,,2,1.2,4.383966103726387,3.6814322,5.0865002
Oral_cavity_and_pharynx,Male,ADb,,,2,1.25,4.44338879340504,3.7318678,5.1549096
Oral_cavity_and_pharynx,Male,ADb,,,2,1.3,4.49817350132189,3.7784317,5.2179155
Oral_cavity_and_pharynx,Male,ADb,,,2,1.35,4.548634767205645,3.8213844,5.2758851
Oral_cavity_and_pharynx,Male,ADb,,,2,1.4,4.595080155780799,3.8609807,5.3291798
Oral_cavity_and_pharynx,Male,ADb,,,2,1.45,4.637791712777123,3.8974545,5.378129
Oral_cavity_and_pharynx,Male,ADb,,,2,1.5,4.677026865373346,3.9310188,5.4230347
Oral_cavity_and_pharynx,Male,ADb,,,2,1.55,4.713021644471915,3.9618702,5.4641733
Oral_cavity_and_pharynx,Male,ADb,,,2,1.6,4.745992537528036,3.9901876,5.5017972
Oral_cavity_and_pharynx,Male,ADb,,,2,1.65,4.776138225307911,4.0161366,5.53614
Oral_cavity_and_pharynx,Male,ADb,,,2,1.7,4.803641830795829,4.0398688,5.5674148
Oral_cavity_and_pharynx,Male,ADb,,,2,1.75,4.828671863698798,4.0615249,5.595819
Oral_cavity_and_pharynx,Male,ADb,,,2,1.8,4.85138404759034,4.0812335,5.6215348
Oral_cavity_and_pharynx,Male,ADb,,,2,1.85,4.871922302285448,4.0991154,5.6447296
Oral_cavity_and_pharynx,Male,ADb,,,2,1.9,4.890419695948236,4.1152806,5.6655588
Oral_cavity_and_pharynx,Male,ADb,,,2,1.95,4.906999735778967,4.1298323,5.6841674
Oral_cavity_and_pharynx,Male,ADb,,,2,2.0,4.921776873477569,4.1428657,5.7006879
Oral_cavity_and_pharynx,Male,ADb,,,2,2.05,4.932815765826888,4.1527829,5.7128487
Oral_cavity_and_pharynx,Male,ADb,,,2,2.0999999,4.942251148208868,4.1613474,5.723155
Oral_cavity_and_pharynx,Male,ADb,,,2,2.1500001,4.950177133163756,4.1686382,5.7317162
Oral_cavity_and_pharynx,Male,ADb,,,2,2.2,4.956682843908744,4.1747298,5.738636
Oral_cavity_and_pharynx,Male,ADb,,,2,2.25,4.961857943897162,4.1796966,5.744019
Oral_cavity_and_pharynx,Male,ADb,,,2,2.3,4.965787199131007,4.18361,5.7479644
Oral_cavity_and_pharynx,Male,ADb,,,2,2.3499999,4.968549059793489,4.1865358,5.7505622
Oral_cavity_and_pharynx,Male,ADb,,,2,2.4000001,4.970216223282161,4.1885343,5.7518983
Oral_cavity_and_pharynx,Male,ADb,,,2,2.45,4.970856108911374,4.1896625,5.7520499
Oral_cavity_and_pharynx,Male,ADb,,,2,2.5,4.970531356284777,4.1899724,5.75109
Oral_cavity_and_pharynx,Male,ADb,,,2,2.55,4.969300195322358,4.1895137,5.7490869
Oral_cavity_and_pharynx,Male,ADb,,,2,2.5999999,4.967216823824995,4.1883307,5.7461028
Oral_cavity_and_pharynx,Male,ADb,,,2,2.6500001,4.964331723664856,4.1864667,5.7421966
Oral_cavity_and_pharynx,Male,ADb,,,2,2.7,4.960692019970026,4.1839609,5.7374234
Oral_cavity_and_pharynx,Male,ADb,,,2,2.75,4.956341670426255,4.18085,5.7318335
Oral_cavity_and_pharynx,Male,ADb,,,2,2.8,4.951321763770636,4.1771688,5.7254748
Oral_cavity_and_pharynx,Male,ADb,,,2,2.8499999,4.945670732373841,4.1729493,5.7183919
Oral_cavity_and_pharynx,Male,ADb,,,2,2.9000001,4.939424525327542,4.1682224,5.7106266
Oral_cavity_and_pharynx,Male,ADb,,,2,2.95,4.932616916498322,4.1630158,5.7022181
Oral_cavity_and_pharynx,Male,ADb,,,2,3.0,4.925279495290422,4.1573563,5.6932025
Oral_cavity_and_pharynx,Male,ADb,,,2,3.05,4.915261860246787,4.1494632,5.6810603
Oral_cavity_and_pharynx,Male,ADb,,,2,3.0999999,4.904783382294614,4.1411748,5.6683917
Oral_cavity_and_pharynx,Male,ADb,,,2,3.1500001,4.893870780038998,4.1325135,5.6552281
Oral_cavity_and_pharynx,Male,ADb,,,2,3.2,4.88254933214489,4.1235003,5.6415987
Oral_cavity_and_pharynx,Male,ADb,,,2,3.25,4.870842677375471,4.1141553,5.6275301
Oral_cavity_and_pharynx,Male,ADb,,,2,3.3,4.858773124050263,4.1044974,5.613049
Oral_cavity_and_pharynx,Male,ADb,,,2,3.3499999,4.846361693930515,4.0945439,5.5981793
Oral_cavity_and_pharynx,Male,ADb,,,2,3.4000001,4.833628148096651,4.0843124,5.5829439
Oral_cavity_and_pharynx,Male,ADb,,,2,3.45,4.820591311812869,4.0738182,5.5673647
Oral_cavity_and_pharynx,Male,ADb,,,2,3.5,4.807268784259296,4.063076,5.5514617
Oral_cavity_and_pharynx,Male,ADb,,,2,3.55,4.793677248433372,4.0521002,5.5352545
Oral_cavity_and_pharynx,Male,ADb,,,2,3.5999999,4.779832474425518,4.040904,5.5187607
Oral_cavity_and_pharynx,Male,ADb,,,2,3.6500001,4.765749310196771,4.0295005,5.5019984
Oral_cavity_and_pharynx,Male,ADb,,,2,3.7,4.751442005457843,4.0179005,5.4849834
Oral_cavity_and_pharynx,Male,ADb,,,2,3.75,4.736923858779555,4.0061164,5.467731
Oral_cavity_and_pharynx,Male,ADb,,,2,3.8,4.722207531630129,3.9941587,5.4502563
Oral_cavity_and_pharynx,Male,ADb,,,2,3.8499999,4.70730502490655,3.9820375,5.4325724
Oral_cavity_and_pharynx,Male,ADb,,,2,3.9000001,4.692227646693382,3.9697623,5.4146929
Oral_cavity_and_pharynx,Male,ADb,,,2,3.95,4.67698633790658,3.9573424,5.3966303
Oral_cavity_and_pharynx,Male,ADb,,,2,4.0,4.661591275478397,3.9447863,5.378396
Oral_cavity_and_pharynx,Male,ADb,,,2,4.0500002,4.643829955533672,3.9302549,5.3574047
Oral_cavity_and_pharynx,Male,ADb,,,2,4.0999999,4.625953323281479,3.9156194,5.3362875
Oral_cavity_and_pharynx,Male,ADb,,,2,4.1500001,4.607969951062035,3.9008868,5.315053
Oral_cavity_and_pharynx,Male,ADb,,,2,4.1999998,4.589888646214501,3.8860645,5.2937126
Oral_cavity_and_pharynx,Male,ADb,,,2,4.25,4.571717104886751,3.8711596,5.2722745
Oral_cavity_and_pharynx,Male,ADb,,,2,4.3000002,4.553463140504451,3.8561783,5.2507482
Oral_cavity_and_pharynx,Male,ADb,,,2,4.3499999,4.535134192229837,3.8411269,5.2291412
Oral_cavity_and_pharynx,Male,ADb,,,2,4.4000001,4.516736817819403,3.8260114,5.2074623
Oral_cavity_and_pharynx,Male,ADb,,,2,4.4499998,4.498277938302923,3.8108375,5.1857185
Oral_cavity_and_pharynx,Male,ADb,,,2,4.5,4.479763452912692,3.7956102,5.1639166
Oral_cavity_and_pharynx,Male,ADb,,,2,4.5500002,4.461199486955021,3.7803349,5.1420641
Oral_cavity_and_pharynx,Male,ADb,,,2,4.5999999,4.442591881858924,3.7650163,5.1201673
Oral_cavity_and_pharynx,Male,ADb,,,2,4.6500001,4.423945675730579,3.7496588,5.0982323
Oral_cavity_and_pharynx,Male,ADb,,,2,4.6999998,4.405266360592172,3.7342675,5.0762653
Oral_cavity_and_pharynx,Male,ADb,,,2,4.75,4.386558473306724,3.7188458,5.0542712
Oral_cavity_and_pharynx,Male,ADb,,,2,4.8000002,4.367826854239482,3.703398,5.0322556
Oral_cavity_and_pharynx,Male,ADb,,,2,4.8499999,4.349076125606089,3.6879282,5.0102239
Oral_cavity_and_pharynx,Male,ADb,,,2,4.9000001,4.330310165045827,3.6724398,4.9881806
Oral_cavity_and_pharynx,Male,ADb,,,2,4.9499998,4.311533368140765,3.6569362,4.9661307
Oral_cavity_and_pharynx,Male,ADb,,,2,5.0,4.292749226687281,3.6414208,4.9440775
Oral_cavity_and_pharynx,Male,pm,,,0,0.0,0.0,0.0,0.0
Oral_cavity_and_pharynx,Male,pm,,,0,0.050000001,39.19943618774414,37.194176,41.204697
Oral_cavity_and_pharynx,Male,pm,,,0,0.1,36.65095901489258,34.71804,38.583878
Oral_cavity_and_pharynx,Male,pm,,,0,0.15000001,35.06847763061523,33.170082,36.966873
Oral_cavity_and_pharynx,Male,pm,,,0,0.2,33.97658920288086,32.1021,35.851078
Oral_cavity_and_pharynx,Male,pm,,,0,0.25,33.16451644897461,31.308981,35.02005
Oral_cavity_and_pharynx,Male,pm,,,0,0.30000001,32.52925491333008,30.689739,34.368771
Oral_cavity_and_pharynx,Male,pm,,,0,0.34999999,32.01424407958984,30.18877,33.839718
Oral_cavity_and_pharynx,Male,pm,,,0,0.40000001,31.58556365966797,29.772684,33.398441
Oral_cavity_and_pharynx,Male,pm,,,0,0.44999999,31.22149658203125,29.420092,33.022903
Oral_cavity_and_pharynx,Male,pm,,,0,0.5,30.90739440917969,29.116556,32.698235
Oral_cavity_and_pharynx,Male,pm,,,0,0.55000001,30.63297080993652,28.851946,32.413994
Oral_cavity_and_pharynx,Male,pm,,,0,0.60000002,30.3907527923584,28.618902,32.162605
Oral_cavity_and_pharynx,Male,pm,,,0,0.64999998,30.17516136169434,28.411928,31.938395
Oral_cavity_and_pharynx,Male,pm,,,0,0.69999999,29.98192596435547,28.22682,31.737032
Oral_cavity_and_pharynx,Male,pm,,,0,0.75,29.80772590637207,28.06031,31.555141
Oral_cavity_and_pharynx,Male,pm,,,0,0.80000001,29.64994812011719,27.909828,31.390068
Oral_cavity_and_pharynx,Male,pm,,,0,0.85000002,29.50651550292969,27.773325,31.239706
Oral_cavity_and_pharynx,Male,pm,,,0,0.89999998,29.3757266998291,27.649128,31.102325
Oral_cavity_and_pharynx,Male,pm,,,0,0.94999999,29.25617599487305,27.535856,30.976496
Oral_cavity_and_pharynx,Male,pm,,,0,1.0,29.14668655395508,27.432348,30.861025
Oral_cavity_and_pharynx,Male,pm,,,0,1.05,29.04567718505859,27.337072,30.754282
Oral_cavity_and_pharynx,Male,pm,,,0,1.1,28.95289421081543,27.24976,30.656029
Oral_cavity_and_pharynx,Male,pm,,,0,1.15,28.86760520935059,27.169693,30.565517
Oral_cavity_and_pharynx,Male,pm,,,0,1.2,28.78917503356934,27.096252,30.482098
Oral_cavity_and_pharynx,Male,pm,,,0,1.25,28.7170467376709,27.028889,30.405205
Oral_cavity_and_pharynx,Male,pm,,,0,1.3,28.65072822570801,26.967125,30.334332
Oral_cavity_and_pharynx,Male,pm,,,0,1.35,28.58973693847656,26.910486,30.268988
Oral_cavity_and_pharynx,Male,pm,,,0,1.4,28.53359794616699,26.858511,30.208685
Oral_cavity_and_pharynx,Male,pm,,,0,1.45,28.48188972473145,26.810791,30.152988
Oral_cavity_and_pharynx,Male,pm,,,0,1.5,28.43423843383789,26.766958,30.101519
Oral_cavity_and_pharynx,Male,pm,,,0,1.55,28.39031028747559,26.726688,30.053932
Oral_cavity_and_pharynx,Male,pm,,,0,1.6,28.34981346130371,26.689703,30.009924
Oral_cavity_and_pharynx,Male,pm,,,0,1.65,28.31247901916504,26.655735,29.969223
Oral_cavity_and_pharynx,Male,pm,,,0,1.7,28.2780704498291,26.624561,29.93158
Oral_cavity_and_pharynx,Male,pm,,,0,1.75,28.24637413024902,26.59597,29.896778
Oral_cavity_and_pharynx,Male,pm,,,0,1.8,28.21719169616699,26.569771,29.864613
Oral_cavity_and_pharynx,Male,pm,,,0,1.85,28.19035148620605,26.545799,29.834904
Oral_cavity_and_pharynx,Male,pm,,,0,1.9,28.16568756103516,26.523895,29.80748
Oral_cavity_and_pharynx,Male,pm,,,0,1.95,28.14305686950684,26.503918,29.782196
Oral_cavity_and_pharynx,Male,pm,,,0,2.0,28.12232398986816,26.485741,29.758907
Oral_cavity_and_pharynx,Male,pm,,,0,2.05,28.10283851623535,26.468737,29.73694
Oral_cavity_and_pharynx,Male,pm,,,0,2.0999999,28.08502197265625,26.453312,29.716732
Oral_cavity_and_pharynx,Male,pm,,,0,2.1500001,28.06877326965332,26.439367,29.698179
Oral_cavity_and_pharynx,Male,pm,,,0,2.2,28.05399513244629,26.426811,29.681179
Oral_cavity_and_pharynx,Male,pm,,,0,2.25,28.04059410095215,26.415552,29.665636
Oral_cavity_and_pharynx,Male,pm,,,0,2.3,28.02848434448242,26.40551,29.651459
Oral_cavity_and_pharynx,Male,pm,,,0,2.3499999,28.0175838470459,26.396605,29.638563
Oral_cavity_and_pharynx,Male,pm,,,0,2.4000001,28.00781631469727,26.388763,29.626869
Oral_cavity_and_pharynx,Male,pm,,,0,2.45,27.99911689758301,26.381927,29.616306
Oral_cavity_and_pharynx,Male,pm,,,0,2.5,27.99142074584961,26.376032,29.60681
Oral_cavity_and_pharynx,Male,pm,,,0,2.55,27.98466682434082,26.371019,29.598314
Oral_cavity_and_pharynx,Male,pm,,,0,2.5999999,27.97879981994629,26.366838,29.590761
Oral_cavity_and_pharynx,Male,pm,,,0,2.6500001,27.97376823425293,26.363438,29.584099
Oral_cavity_and_pharynx,Male,pm,,,0,2.7,27.96952438354492,26.360773,29.578276
Oral_cavity_and_pharynx,Male,pm,,,0,2.75,27.96602439880371,26.358805,29.573244
Oral_cavity_and_pharynx,Male,pm,,,0,2.8,27.96322631835938,26.357491,29.568962
Oral_cavity_and_pharynx,Male,pm,,,0,2.8499999,27.96109008789063,26.356792,29.565388
Oral_cavity_and_pharynx,Male,pm,,,0,2.9000001,27.95957946777344,26.356678,29.562481
Oral_cavity_and_pharynx,Male,pm,,,0,2.95,27.95866012573242,26.357113,29.560207
Oral_cavity_and_pharynx,Male,pm,,,0,3.0,27.95829963684082,26.358067,29.558533
Oral_cavity_and_pharynx,Male,pm,,,0,3.05,27.95794677734375,26.359011,29.556883
Oral_cavity_and_pharynx,Male,pm,,,0,3.0999999,27.95810127258301,26.360426,29.555777
Oral_cavity_and_pharynx,Male,pm,,,0,3.1500001,27.95873832702637,26.362288,29.555189
Oral_cavity_and_pharynx,Male,pm,,,0,3.2,27.95983123779297,26.364571,29.555092
Oral_cavity_and_pharynx,Male,pm,,,0,3.25,27.96135711669922,26.367254,29.55546
Oral_cavity_and_pharynx,Male,pm,,,0,3.3,27.96329498291016,26.370317,29.556273
Oral_cavity_and_pharynx,Male,pm,,,0,3.3499999,27.96562194824219,26.373739,29.557505
Oral_cavity_and_pharynx,Male,pm,,,0,3.4000001,27.96831893920898,26.377501,29.559137
Oral_cavity_and_pharynx,Male,pm,,,0,3.45,27.97136688232422,26.381588,29.561146
Oral_cavity_and_pharynx,Male,pm,,,0,3.5,27.97475051879883,26.385981,29.56352
Oral_cavity_and_pharynx,Male,pm,,,0,3.55,27.97844886779785,26.390663,29.566235
Oral_cavity_and_pharynx,Male,pm,,,0,3.5999999,27.98245048522949,26.395624,29.569277
Oral_cavity_and_pharynx,Male,pm,,,0,3.6500001,27.98673820495605,26.400845,29.572632
Oral_cavity_and_pharynx,Male,pm,,,0,3.7,27.99129867553711,26.406317,29.576281
Oral_cavity_and_pharynx,Male,pm,,,0,3.75,27.99611854553223,26.412024,29.580214
Oral_cavity_and_pharynx,Male,pm,,,0,3.8,28.00118446350098,26.417955,29.584414
Oral_cavity_and_pharynx,Male,pm,,,0,3.8499999,28.00648498535156,26.424101,29.588869
Oral_cavity_and_pharynx,Male,pm,,,0,3.9000001,28.01200866699219,26.430447,29.593571
Oral_cavity_and_pharynx,Male,pm,,,0,3.95,28.01774597167969,26.436989,29.598503
Oral_cavity_and_pharynx,Male,pm,,,0,4.0,28.02368545532227,26.443712,29.603659
Oral_cavity_and_pharynx,Male,pm,,,0,4.0500002,28.02931022644043,26.450119,29.608501
Oral_cavity_and_pharynx,Male,pm,,,0,4.0999999,28.03512573242188,26.456699,29.613552
Oral_cavity_and_pharynx,Male,pm,,,0,4.1500001,28.04112243652344,26.463442,29.618803
Oral_cavity_and_pharynx,Male,pm,,,0,4.1999998,28.04729461669922,26.470343,29.624247
Oral_cavity_and_pharynx,Male,pm,,,0,4.25,28.05363273620605,26.477392,29.629873
Oral_cavity_and_pharynx,Male,pm,,,0,4.3000002,28.06012725830078,26.484583,29.635672
Oral_cavity_and_pharynx,Male,pm,,,0,4.3499999,28.06677436828613,26.491909,29.64164
Oral_cavity_and_pharynx,Male,pm,,,0,4.4000001,28.07356452941895,26.499363,29.647766
Oral_cavity_and_pharynx,Male,pm,,,0,4.4499998,28.08049201965332,26.506939,29.654045
Oral_cavity_and_pharynx,Male,pm,,,0,4.5,28.08755302429199,26.514633,29.660473
Oral_cavity_and_pharynx,Male,pm,,,0,4.5500002,28.09473609924316,26.522436,29.667036
Oral_cavity_and_pharynx,Male,pm,,,0,4.5999999,28.10204124450684,26.530348,29.673735
Oral_cavity_and_pharynx,Male,pm,,,0,4.6500001,28.10945892333984,26.538357,29.680561
Oral_cavity_and_pharynx,Male,pm,,,0,4.6999998,28.11698532104492,26.546463,29.687508
Oral_cavity_and_pharynx,Male,pm,,,0,4.75,28.1246166229248,26.554661,29.694572
Oral_cavity_and_pharynx,Male,pm,,,0,4.8000002,28.13234710693359,26.562944,29.70175
Oral_cavity_and_pharynx,Male,pm,,,0,4.8499999,28.14017295837402,26.571314,29.709032
Oral_cavity_and_pharynx,Male,pm,,,0,4.9000001,28.1480884552002,26.57976,29.716417
Oral_cavity_and_pharynx,Male,pm,,,0,4.9499998,28.15608978271484,26.58828,29.7239
Oral_cavity_and_pharynx,Male,pm,,,0,5.0,28.16417503356934,26.596872,29.731478
Oral_cavity_and_pharynx,Male,pm,,,1,0.0,0.0,0.0,0.0
Oral_cavity_and_pharynx,Male,pm,,,1,0.050000001,36.88146209716797,34.892437,38.870487
Oral_cavity_and_pharynx,Male,pm,,,1,0.1,33.76629257202148,31.829752,35.702835
Oral_cavity_and_pharynx,Male,pm,,,1,0.15000001,32.17335891723633,30.267269,34.079449
Oral_cavity_and_pharynx,Male,pm,,,1,0.2,31.15405082702637,29.270563,33.03754
Oral_cavity_and_pharynx,Male,pm,,,1,0.25,30.42516899108887,28.560089,32.290249
Oral_cavity_and_pharynx,Male,pm,,,1,0.30000001,29.86808967590332,28.018761,31.717419
Oral_cavity_and_pharynx,Male,pm,,,1,0.34999999,29.42308044433594,27.587641,31.25852
Oral_cavity_and_pharynx,Male,pm,,,1,0.40000001,29.05628776550293,27.233345,30.87923
Oral_cavity_and_pharynx,Male,pm,,,1,0.44999999,28.74688720703125,26.935349,30.558426
Oral_cavity_and_pharynx,Male,pm,,,1,0.5,28.48123741149902,26.680214,30.282261
Oral_cavity_and_pharynx,Male,pm,,,1,0.55000001,28.2499828338623,26.458731,30.041235
Oral_cavity_and_pharynx,Male,pm,,,1,0.60000002,28.04644203186035,26.264326,29.828558
Oral_cavity_and_pharynx,Male,pm,,,1,0.64999998,27.86570167541504,26.092167,29.639236
Oral_cavity_and_pharynx,Male,pm,,,1,0.69999999,27.70404434204102,25.938602,29.469486
Oral_cavity_and_pharynx,Male,pm,,,1,0.75,27.55860710144043,25.800819,29.316395
Oral_cavity_and_pharynx,Male,pm,,,1,0.80000001,27.42715454101563,25.676624,29.177685
Oral_cavity_and_pharynx,Male,pm,,,1,0.85000002,27.30793190002441,25.564291,29.051573
Oral_cavity_and_pharynx,Male,pm,,,1,0.89999998,27.19950675964355,25.462412,28.936602
Oral_cavity_and_pharynx,Male,pm,,,1,0.94999999,27.10070037841797,25.369833,28.831568
Oral_cavity_and_pharynx,Male,pm,,,1,1.0,27.01053047180176,25.285589,28.735472
Oral_cavity_and_pharynx,Male,pm,,,1,1.05,26.92827033996582,25.208981,28.64756
Oral_cavity_and_pharynx,Male,pm,,,1,1.1,26.85311126708984,25.139206,28.567017
Oral_cavity_and_pharynx,Male,pm,,,1,1.15,26.78443908691406,25.075663,28.493216
Oral_cavity_and_pharynx,Male,pm,,,1,1.2,26.72172927856445,25.017841,28.425617
Oral_cavity_and_pharynx,Male,pm,,,1,1.25,26.66452026367188,24.96529,28.36375
Oral_cavity_and_pharynx,Male,pm,,,1,1.3,26.61240005493164,24.91761,28.30719
Oral_cavity_and_pharynx,Male,pm,,,1,1.35,26.5649585723877,24.874401,28.255516
Oral_cavity_and_pharynx,Male,pm,,,1,1.4,26.52178382873535,24.835264,28.208303
Oral_cavity_and_pharynx,Male,pm,,,1,1.45,26.48251152038574,24.799847,28.165176
Oral_cavity_and_pharynx,Male,pm,,,1,1.5,26.44681549072266,24.767832,28.125799
Oral_cavity_and_pharynx,Male,pm,,,1,1.55,26.41440963745117,24.738943,28.089876
Oral_cavity_and_pharynx,Male,pm,,,1,1.6,26.38503456115723,24.712933,28.057137
Oral_cavity_and_pharynx,Male,pm,,,1,1.65,26.35845947265625,24.689573,28.027346
Oral_cavity_and_pharynx,Male,pm,,,1,1.7,26.33447647094727,24.668669,28.000284
Oral_cavity_and_pharynx,Male,pm,,,1,1.75,26.31289863586426,24.650038,27.97576
Oral_cavity_and_pharynx,Male,pm,,,1,1.8,26.29355621337891,24.633518,27.953594
Oral_cavity_and_pharynx,Male,pm,,,1,1.85,26.27629470825195,24.618959,27.93363
Oral_cavity_and_pharynx,Male,pm,,,1,1.9,26.26097106933594,24.606228,27.915714
Oral_cavity_and_pharynx,Male,pm,,,1,1.95,26.24745750427246,24.595198,27.899717
Oral_cavity_and_pharynx,Male,pm,,,1,2.0,26.23563575744629,24.585758,27.885513
Oral_cavity_and_pharynx,Male,pm,,,1,2.05,26.22552299499512,24.577936,27.87311
Oral_cavity_and_pharynx,Male,pm,,,1,2.0999999,26.21689796447754,24.571508,27.862288
Oral_cavity_and_pharynx,Male,pm,,,1,2.1500001,26.20966529846191,24.566385,27.852945
Oral_cavity_and_pharynx,Male,pm,,,1,2.2,26.20373916625977,24.562483,27.844995
Oral_cavity_and_pharynx,Male,pm,,,1,2.25,26.19903945922852,24.559729,27.83835
Oral_cavity_and_pharynx,Male,pm,,,1,2.3,26.19548606872559,24.558043,27.83293
Oral_cavity_and_pharynx,Male,pm,,,1,2.3499999,26.19300842285156,24.557362,27.828655
Oral_cavity_and_pharynx,Male,pm,,,1,2.4000001,26.19153594970703,24.557615,27.825457
Oral_cavity_and_pharynx,Male,pm,,,1,2.45,26.19100761413574,24.55875,27.823265
Oral_cavity_and_pharynx,Male,pm,,,1,2.5,26.19136619567871,24.560707,27.822025
Oral_cavity_and_pharynx,Male,pm,,,1,2.55,26.19255638122559,24.563438,27.821674
Oral_cavity_and_pharynx,Male,pm,,,1,2.5999999,26.19453048706055,24.566896,27.822165
Oral_cavity_and_pharynx,Male,pm,,,1,2.6500001,26.19724082946777,24.571037,27.823444
Oral_cavity_and_pharynx,Male,pm,,,1,2.7,26.20064353942871,24.575819,27.825468
Oral_cavity_and_pharynx,Male,pm,,,1,2.75,26.20469665527344,24.581202,27.828192
Oral_cavity_and_pharynx,Male,pm,,,1,2.8,26.20936584472656,24.587154,27.831577
Oral_cavity_and_pharynx,Male,pm,,,1,2.8499999,26.2146110534668,24.593639,27.835583
Oral_cavity_and_pharynx,Male,pm,,,1,2.9000001,26.22040176391602,24.600626,27.840178
Oral_cavity_and_pharynx,Male,pm,,,1,2.95,26.22670555114746,24.608086,27.845325
Oral_cavity_and_pharynx,Male,pm,,,1,3.0,26.23349380493164,24.61599,27.850998
Oral_cavity_and_pharynx,Male,pm,,,1,3.05,26.24085998535156,24.624441,27.857279
Oral_cavity_and_pharynx,Male,pm,,,1,3.0999999,26.24866104125977,24.633291,27.864031
Oral_cavity_and_pharynx,Male,pm,,,1,3.1500001,26.25686645507813,24.642509,27.871223
Oral_cavity_and_pharynx,Male,pm,,,1,3.2,26.26545906066895,24.652084,27.878834
Oral_cavity_and_pharynx,Male,pm,,,1,3.25,26.27441596984863,24.661991,27.886841
Oral_cavity_and_pharynx,Male,pm,,,1,3.3,26.28371429443359,24.672209,27.89522
Oral_cavity_and_pharynx,Male,pm,,,1,3.3499999,26.29333877563477,24.682724,27.903954
Oral_cavity_and_pharynx,Male,pm,,,1,3.4000001,26.30326843261719,24.693518,27.913019
Oral_cavity_and_pharynx,Male,pm,,,1,3.45,26.3134880065918,24.704573,27.922403
Oral_cavity_and_pharynx,Male,pm,,,1,3.5,26.3239803314209,24.715876,27.932085
Oral_cavity_and_pharynx,Male,pm,,,1,3.55,26.33473014831543,24.727411,27.942049
Oral_cavity_and_pharynx,Male,pm,,,1,3.5999999,26.34572410583496,24.739168,27.95228
Oral_cavity_and_pharynx,Male,pm,,,1,3.6500001,26.35694885253906,24.751133,27.962765
Oral_cavity_and_pharynx,Male,pm,,,1,3.7,26.3683910369873,24.763292,27.97349
Oral_cavity_and_pharynx,Male,pm,,,1,3.75,26.38003730773926,24.775635,27.98444
Oral_cavity_and_pharynx,Male,pm,,,1,3.8,26.39188003540039,24.788155,27.995605
Oral_cavity_and_pharynx,Male,pm,,,1,3.8499999,26.40390396118164,24.800835,28.006973
Oral_cavity_and_pharynx,Male,pm,,,1,3.9000001,26.41609954833984,24.813669,28.01853
Oral_cavity_and_pharynx,Male,pm,,,1,3.95,26.42845916748047,24.826647,28.030272
Oral_cavity_and_pharynx,Male,pm,,,1,4.0,26.44097328186035,24.839764,28.042183
Oral_cavity_and_pharynx,Male,pm,,,1,4.0500002,26.45376396179199,24.853144,28.054384
Oral_cavity_and_pharynx,Male,pm,,,1,4.0999999,26.46669006347656,24.866644,28.066736
Oral_cavity_and_pharynx,Male,pm,,,1,4.1500001,26.4797477722168,24.880259,28.079237
Oral_cavity_and_pharynx,Male,pm,,,1,4.1999998,26.49292945861816,24.893982,28.091877
Oral_cavity_and_pharynx,Male,pm,,,1,4.25,26.50622367858887,24.907804,28.104643
Oral_cavity_and_pharynx,Male,pm,,,1,4.3000002,26.51962661743164,24.921721,28.117533
Oral_cavity_and_pharynx,Male,pm,,,1,4.3499999,26.53313255310059,24.935726,28.130539
Oral_cavity_and_pharynx,Male,pm,,,1,4.4000001,26.54673194885254,24.949812,28.143652
Oral_cavity_and_pharynx,Male,pm,,,1,4.4499998,26.56042289733887,24.963976,28.15687
Oral_cavity_and_pharynx,Male,pm,,,1,4.5,26.57419776916504,24.978212,28.170183
Oral_cavity_and_pharynx,Male,pm,,,1,4.5500002,26.58805084228516,24.992514,28.183588
Oral_cavity_and_pharynx,Male,pm,,,1,4.5999999,26.60197830200195,25.00688,28.197077
Oral_cavity_and_pharynx,Male,pm,,,1,4.6500001,26.61597442626953,25.021301,28.210648
Oral_cavity_and_pharynx,Male,pm,,,1,4.6999998,26.63003540039063,25.035778,28.224293
Oral_cavity_and_pharynx,Male,pm,,,1,4.75,26.64415550231934,25.050303,28.238008
Oral_cavity_and_pharynx,Male,pm,,,1,4.8000002,26.65833282470703,25.064875,28.251791
Oral_cavity_and_pharynx,Male,pm,,,1,4.8499999,26.67256164550781,25.079489,28.265635
Oral_cavity_and_pharynx,Male,pm,,,1,4.9000001,26.68683815002441,25.094139,28.279537
Oral_cavity_and_pharynx,Male,pm,,,1,4.9499998,26.70115852355957,25.108826,28.293491
Oral_cavity_and_pharynx,Male,pm,,,1,5.0,26.71552085876465,25.123545,28.307497
Oral_cavity_and_pharynx,Male,pm,,,2,0.0,0.0,0.0,0.0
Oral_cavity_and_pharynx,Male,pm,,,2,0.050000001,46.68765640258789,42.703316,50.671997
Oral_cavity_and_pharynx,Male,pm,,,2,0.1,50.38498306274414,46.424122,54.345844
Oral_cavity_and_pharynx,Male,pm,,,2,0.15000001,51.92225646972656,47.965225,55.879288
Oral_cavity_and_pharynx,Male,pm,,,2,0.2,52.64305877685547,48.682705,56.603413
Oral_cavity_and_pharynx,Male,pm,,,2,0.25,52.97165298461914,49.005211,56.938095
Oral_cavity_and_pharynx,Male,pm,,,2,0.30000001,53.08863830566406,49.115322,57.061954
Oral_cavity_and_pharynx,Male,pm,,,2,0.34999999,53.08372497558594,49.103668,57.063782
Oral_cavity_and_pharynx,Male,pm,,,2,0.40000001,53.00598526000977,49.01976,56.99221
Oral_cavity_and_pharynx,Male,pm,,,2,0.44999999,52.88407135009766,48.892437,56.875706
Oral_cavity_and_pharynx,Male,pm,,,2,0.5,52.73551177978516,48.739277,56.731747
Oral_cavity_and_pharynx,Male,pm,,,2,0.55000001,52.57140350341797,48.571362,56.571445
Oral_cavity_and_pharynx,Male,pm,,,2,0.60000002,52.39894866943359,48.395859,56.402039
Oral_cavity_and_pharynx,Male,pm,,,2,0.64999998,52.22290802001953,48.217457,56.228359
Oral_cavity_and_pharynx,Male,pm,,,2,0.69999999,52.04644393920898,48.039265,56.053623
Oral_cavity_and_pharynx,Male,pm,,,2,0.75,51.87168502807617,47.863338,55.880032
Oral_cavity_and_pharynx,Male,pm,,,2,0.80000001,51.70006561279297,47.691059,55.709072
Oral_cavity_and_pharynx,Male,pm,,,2,0.85000002,51.53253936767578,47.523312,55.541767
Oral_cavity_and_pharynx,Male,pm,,,2,0.89999998,51.36970520019531,47.360649,55.378761
Oral_cavity_and_pharynx,Male,pm,,,2,0.94999999,51.21191787719727,47.203377,55.220459
Oral_cavity_and_pharynx,Male,pm,,,2,1.0,51.05936050415039,47.051632,55.067089
Oral_cavity_and_pharynx,Male,pm,,,2,1.05,50.90995788574219,46.903473,54.916443
Oral_cavity_and_pharynx,Male,pm,,,2,1.1,50.76586151123047,46.760853,54.77087
Oral_cavity_and_pharynx,Male,pm,,,2,1.15,50.62697982788086,46.62365,54.63031
Oral_cavity_and_pharynx,Male,pm,,,2,1.2,50.49318695068359,46.491703,54.494671
Oral_cavity_and_pharynx,Male,pm,,,2,1.25,50.36432647705078,46.364845,54.363808
Oral_cavity_and_pharynx,Male,pm,,,2,1.3,50.24023056030273,46.242882,54.237579
Oral_cavity_and_pharynx,Male,pm,,,2,1.35,50.12078094482422,46.125675,54.115887
Oral_cavity_and_pharynx,Male,pm,,,2,1.4,50.00589370727539,46.013123,53.998665
Oral_cavity_and_pharynx,Male,pm,,,2,1.45,49.89545822143555,45.905102,53.885815
Oral_cavity_and_pharynx,Male,pm,,,2,1.5,49.78934860229492,45.801468,53.777229
Oral_cavity_and_pharynx,Male,pm,,,2,1.55,49.68742370605469,45.702076,53.672771
Oral_cavity_and_pharynx,Male,pm,,,2,1.6,49.58953475952148,45.606762,53.572308
Oral_cavity_and_pharynx,Male,pm,,,2,1.65,49.49552536010742,45.515358,53.475693
Oral_cavity_and_pharynx,Male,pm,,,2,1.7,49.40523910522461,45.427704,53.382774
Oral_cavity_and_pharynx,Male,pm,,,2,1.75,49.31852722167969,45.343647,53.293407
Oral_cavity_and_pharynx,Male,pm,,,2,1.8,49.23523712158203,45.263023,53.207451
Oral_cavity_and_pharynx,Male,pm,,,2,1.85,49.15521621704102,45.185673,53.12476
Oral_cavity_and_pharynx,Male,pm,,,2,1.9,49.07833099365234,45.111465,53.045197
Oral_cavity_and_pharynx,Male,pm,,,2,1.95,49.00443267822266,45.040245,52.96862
Oral_cavity_and_pharynx,Male,pm,,,2,2.0,48.93339920043945,44.971886,52.894913
Oral_cavity_and_pharynx,Male,pm,,,2,2.05,48.86330795288086,44.90464,52.821976
Oral_cavity_and_pharynx,Male,pm,,,2,2.0999999,48.79585266113281,44.840023,52.751682
Oral_cavity_and_pharynx,Male,pm,,,2,2.1500001,48.73091888427734,44.777916,52.683922
Oral_cavity_and_pharynx,Male,pm,,,2,2.2,48.66838836669922,44.718201,52.618576
Oral_cavity_and_pharynx,Male,pm,,,2,2.25,48.60816192626953,44.660774,52.55555
Oral_cavity_and_pharynx,Male,pm,,,2,2.3,48.55014038085938,44.605541,52.49474
Oral_cavity_and_pharynx,Male,pm,,,2,2.3499999,48.49423217773438,44.552402,52.436062
Oral_cavity_and_pharynx,Male,pm,,,2,2.4000001,48.44034957885742,44.501278,52.379421
Oral_cavity_and_pharynx,Male,pm,,,2,2.45,48.38840866088867,44.452072,52.324745
Oral_cavity_and_pharynx,Male,pm,,,2,2.5,48.33833694458008,44.40472,52.271954
Oral_cavity_and_pharynx,Male,pm,,,2,2.55,48.29005432128906,44.359138,52.22097
Oral_cavity_and_pharynx,Male,pm,,,2,2.5999999,48.24348831176758,44.315254,52.171722
Oral_cavity_and_pharynx,Male,pm,,,2,2.6500001,48.19857788085938,44.27301,52.124146
Oral_cavity_and_pharynx,Male,pm,,,2,2.7,48.15525817871094,44.232334,52.078182
Oral_cavity_and_pharynx,Male,pm,,,2,2.75,48.11346817016602,44.193172,52.033764
Oral_cavity_and_pharynx,Male,pm,,,2,2.8,48.07315063476563,44.15546,51.990841
Oral_cavity_and_pharynx,Male,pm,,,2,2.8499999,48.03425598144531,44.119152,51.94936
Oral_cavity_and_pharynx,Male,pm,,,2,2.9000001,47.99672317504883,44.08419,51.909256
Oral_cavity_and_pharynx,Male,pm,,,2,2.95,47.96051025390625,44.050526,51.870495
Oral_cavity_and_pharynx,Male,pm,,,2,3.0,47.92557144165039,44.018116,51.833027
Oral_cavity_and_pharynx,Male,pm,,,2,3.05,47.89004135131836,43.985294,51.794788
Oral_cavity_and_pharynx,Male,pm,,,2,3.0999999,47.85571670532227,43.953659,51.757774
Oral_cavity_and_pharynx,Male,pm,,,2,3.1500001,47.82255554199219,43.923168,51.721943
Oral_cavity_and_pharynx,Male,pm,,,2,3.2,47.7905158996582,43.89378,51.687252
Oral_cavity_and_pharynx,Male,pm,,,2,3.25,47.75956726074219,43.865463,51.653671
Oral_cavity_and_pharynx,Male,pm,,,2,3.3,47.72967147827148,43.838181,51.621162
Oral_cavity_and_pharynx,Male,pm,,,2,3.3499999,47.70079803466797,43.811901,51.589695
Oral_cavity_and_pharynx,Male,pm,,,2,3.4000001,47.67290878295898,43.786587,51.559231
Oral_cavity_and_pharynx,Male,pm,,,2,3.45,47.64598083496094,43.762215,51.529747
Oral_cavity_and_pharynx,Male,pm,,,2,3.5,47.61997604370117,43.73875,51.501202
Oral_cavity_and_pharynx,Male,pm,,,2,3.55,47.59487533569336,43.716171,51.473579
Oral_cavity_and_pharynx,Male,pm,,,2,3.5999999,47.57064819335938,43.694447,51.44685
Oral_cavity_and_pharynx,Male,pm,,,2,3.6500001,47.54726791381836,43.67355,51.420986
Oral_cavity_and_pharynx,Male,pm,,,2,3.7,47.52471160888672,43.653461,51.395962
Oral_cavity_and_pharynx,Male,pm,,,2,3.75,47.50295257568359,43.634155,51.37175
Oral_cavity_and_pharynx,Male,pm,,,2,3.8,47.48197555541992,43.615612,51.348339
Oral_cavity_and_pharynx,Male,pm,,,2,3.8499999,47.46175384521484,43.597805,51.325703
Oral_cavity_and_pharynx,Male,pm,,,2,3.9000001,47.44226455688477,43.580715,51.303814
Oral_cavity_and_pharynx,Male,pm,,,2,3.95,47.42349624633789,43.564331,51.282661
Oral_cavity_and_pharynx,Male,pm,,,2,4.0,47.40542221069336,43.548626,51.262218
Oral_cavity_and_pharynx,Male,pm,,,2,4.0500002,47.38628005981445,43.532036,51.240524
Oral_cavity_and_pharynx,Male,pm,,,2,4.0999999,47.36781692504883,43.516109,51.219524
Oral_cavity_and_pharynx,Male,pm,,,2,4.1500001,47.35000991821289,43.500824,51.199196
Oral_cavity_and_pharynx,Male,pm,,,2,4.1999998,47.33284378051758,43.48616,51.179527
Oral_cavity_and_pharynx,Male,pm,,,2,4.25,47.31630706787109,43.472111,51.160503
Oral_cavity_and_pharynx,Male,pm,,,2,4.3000002,47.30037689208984,43.458656,51.142097
Oral_cavity_and_pharynx,Male,pm,,,2,4.3499999,47.2850456237793,43.445778,51.124313
Oral_cavity_and_pharynx,Male,pm,,,2,4.4000001,47.27029418945313,43.433472,51.107117
Oral_cavity_and_pharynx,Male,pm,,,2,4.4499998,47.2561149597168,43.421715,51.090515
Oral_cavity_and_pharynx,Male,pm,,,2,4.5,47.24248504638672,43.410496,51.074474
Oral_cavity_and_pharynx,Male,pm,,,2,4.5500002,47.22940063476563,43.399807,51.058994
Oral_cavity_and_pharynx,Male,pm,,,2,4.5999999,47.21685028076172,43.389637,51.044064
Oral_cavity_and_pharynx,Male,pm,,,2,4.6500001,47.20481491088867,43.379971,51.029659
Oral_cavity_and_pharynx,Male,pm,,,2,4.6999998,47.19328308105469,43.370789,51.015778
Oral_cavity_and_pharynx,Male,pm,,,2,4.75,47.1822509765625,43.362095,51.002407
Oral_cavity_and_pharynx,Male,pm,,,2,4.8000002,47.17170715332031,43.353874,50.98954
Oral_cavity_and_pharynx,Male,pm,,,2,4.8499999,47.16163635253906,43.346111,50.977161
Oral_cavity_and_pharynx,Male,pm,,,2,4.9000001,47.15203094482422,43.338802,50.96526
Oral_cavity_and_pharynx,Male,pm,,,2,4.9499998,47.14287948608398,43.331932,50.953827
Oral_cavity_and_pharynx,Male,pm,,,2,5.0,47.13417816162109,43.3255,50.942856
Oral_cavity_and_pharynx,Male,tce,,,0,0.0,0.0,0.0,0.0
Oral_cavity_and_pharynx,Male,tce,,,0,0.050000001,0.0030663079318062,0.0029625301,0.0031700856
Oral_cavity_and_pharynx,Male,tce,,,0,0.1,0.0077350069327433,0.007494627,0.0079753865
Oral_cavity_and_pharynx,Male,tce,,,0,0.15000001,0.0129599155238725,0.012576553,0.013343278
Oral_cavity_and_pharynx,Male,tce,,,0,0.2,0.0183508084363404,0.017826237,0.018875381
Oral_cavity_and_pharynx,Male,tce,,,0,0.25,0.0237170406817048,0.023056464,0.024377618
Oral_cavity_and_pharynx,Male,tce,,,0,0.30000001,0.0289574084854703,0.028167538,0.029747277
Oral_cavity_and_pharynx,Male,tce,,,0,0.34999999,0.0340171933810797,0.033105325,0.034929063
Oral_cavity_and_pharynx,Male,tce,,,0,0.40000001,0.0388678767808717,0.037841406,0.039894346
Oral_cavity_and_pharynx,Male,tce,,,0,0.44999999,0.0434963946838965,0.042362567,0.044630222
Oral_cavity_and_pharynx,Male,tce,,,0,0.5,0.0478990741386394,0.046664849,0.049133297
Oral_cavity_and_pharynx,Male,tce,,,0,0.55000001,0.0520779825617308,0.050749961,0.053406004
Oral_cavity_and_pharynx,Male,tce,,,0,0.60000002,0.0560386950928273,0.054623097,0.057454292
Oral_cavity_and_pharynx,Male,tce,,,0,0.64999998,0.0597888658848797,0.058291517,0.061286215
Oral_cavity_and_pharynx,Male,tce,,,0,0.69999999,0.0633373298735717,0.061763678,0.064910986
Oral_cavity_and_pharynx,Male,tce,,,0,0.75,0.0666933901426724,0.065048508,0.068338275
Oral_cavity_and_pharynx,Male,tce,,,0,0.80000001,0.0698649670065858,0.06815362,0.071576312
Oral_cavity_and_pharynx,Male,tce,,,0,0.85000002,0.0728589902356607,0.071085669,0.074632309
Oral_cavity_and_pharynx,Male,tce,,,0,0.89999998,0.0756827733426335,0.073851712,0.077513836
Oral_cavity_and_pharynx,Male,tce,,,0,0.94999999,0.0783438571550462,0.076459028,0.080228686
Oral_cavity_and_pharynx,Male,tce,,,0,1.0,0.0808498244511315,0.07891494,0.082784705
Oral_cavity_and_pharynx,Male,tce,,,0,1.05,0.0831991244401579,0.081217945,0.085180305
Oral_cavity_and_pharynx,Male,tce,,,0,1.1,0.0854077541358564,0.083383545,0.08743196
Oral_cavity_and_pharynx,Male,tce,,,0,1.15,0.08748289991559,0.085418724,0.089547075
Oral_cavity_and_pharynx,Male,tce,,,0,1.2,0.0894315140667939,0.08733023,0.091532797
Oral_cavity_and_pharynx,Male,tce,,,0,1.25,0.0912602499081613,0.089124531,0.093395971
Oral_cavity_and_pharynx,Male,tce,,,0,1.3,0.0929755110113485,0.090807848,0.095143177
Oral_cavity_and_pharynx,Male,tce,,,0,1.35,0.0945841162832998,0.092386827,0.09678141
Oral_cavity_and_pharynx,Male,tce,,,0,1.4,0.0960931571104941,0.093868382,0.098317936
Oral_cavity_and_pharynx,Male,tce,,,0,1.45,0.0975092281706326,0.095258944,0.099759512
Oral_cavity_and_pharynx,Male,tce,,,0,1.5,0.0988384035578527,0.096564434,0.10111237
Oral_cavity_and_pharynx,Male,tce,,,0,1.55,0.1000863024547653,0.097790346,0.10238226
Oral_cavity_and_pharynx,Male,tce,,,0,1.6,0.1012581167072434,0.098941743,0.10357448
Oral_cavity_and_pharynx,Male,tce,,,0,1.65,0.1023586389582148,0.10002331,0.10469396
Oral_cavity_and_pharynx,Male,tce,,,0,1.7,0.1033923145551342,0.10103938,0.10574525
Oral_cavity_and_pharynx,Male,tce,,,0,1.75,0.1043632505424055,0.10199397,0.10673252
Oral_cavity_and_pharynx,Male,tce,,,0,1.8,0.1052752607694072,0.10289081,0.10765971
Oral_cavity_and_pharynx,Male,tce,,,0,1.85,0.1061318829169656,0.10373335,0.10853041
Oral_cavity_and_pharynx,Male,tce,,,0,1.9,0.106936395839727,0.10452481,0.10934798
Oral_cavity_and_pharynx,Male,tce,,,0,1.95,0.1076918543549207,0.10526817,0.11011554
Oral_cavity_and_pharynx,Male,tce,,,0,2.0,0.1084010928049094,0.10596618,0.110836
Oral_cavity_and_pharynx,Male,tce,,,0,2.05,0.1090544294027873,0.10660946,0.11149939
Oral_cavity_and_pharynx,Male,tce,,,0,2.0999999,0.109666535874898,0.1072123,0.11212077
Oral_cavity_and_pharynx,Male,tce,,,0,2.1500001,0.1102397242560305,0.10777695,0.1127025
Oral_cavity_and_pharynx,Male,tce,,,0,2.2,0.1107761799443791,0.10830554,0.11324681
Oral_cavity_and_pharynx,Male,tce,,,0,2.25,0.1112781027962044,0.10880025,0.11375596
Oral_cavity_and_pharynx,Male,tce,,,0,2.3,0.1117475743996144,0.10926309,0.11423206
Oral_cavity_and_pharynx,Male,tce,,,0,2.3499999,0.1121865264833169,0.10969598,0.11467707
Oral_cavity_and_pharynx,Male,tce,,,0,2.4000001,0.112596755302467,0.11010066,0.11509285
Oral_cavity_and_pharynx,Male,tce,,,0,2.45,0.1129799252860246,0.11047877,0.11548108
Oral_cavity_and_pharynx,Male,tce,,,0,2.5,0.1133375910477194,0.11083183,0.11584336
Oral_cavity_and_pharynx,Male,tce,,,0,2.55,0.1136711987773559,0.11116125,0.11618114
Oral_cavity_and_pharynx,Male,tce,,,0,2.5999999,0.1139820967578793,0.11146837,0.11649582
Oral_cavity_and_pharynx,Male,tce,,,0,2.6500001,0.1142715444250476,0.11175442,0.11678867
Oral_cavity_and_pharynx,Male,tce,,,0,2.7,0.1145407139886447,0.11202054,0.11706089
Oral_cavity_and_pharynx,Male,tce,,,0,2.75,0.1147907051220224,0.11226781,0.11731361
Oral_cavity_and_pharynx,Male,tce,,,0,2.8,0.1150225452009393,0.11249723,0.11754785
Oral_cavity_and_pharynx,Male,tce,,,0,2.8499999,0.1152371960815394,0.11270977,0.11776462
Oral_cavity_and_pharynx,Male,tce,,,0,2.9000001,0.1154355598975017,0.11290629,0.11796483
Oral_cavity_and_pharynx,Male,tce,,,0,2.95,0.1156184798282187,0.11308763,0.11814933
Oral_cavity_and_pharynx,Male,tce,,,0,3.0,0.1157867498653345,0.11325456,0.11831894
Oral_cavity_and_pharynx,Male,tce,,,0,3.05,0.1159272116564534,0.11339428,0.11846015
Oral_cavity_and_pharynx,Male,tce,,,0,3.0999999,0.1160544626693963,0.11352099,0.11858793
Oral_cavity_and_pharynx,Male,tce,,,0,3.1500001,0.116169166112942,0.11363537,0.11870296
Oral_cavity_and_pharynx,Male,tce,,,0,3.2,0.116271944499892,0.11373802,0.11880587
Oral_cavity_and_pharynx,Male,tce,,,0,3.25,0.1163633856243074,0.1138295,0.11889727
Oral_cavity_and_pharynx,Male,tce,,,0,3.3,0.116444042804023,0.11391038,0.1189777
Oral_cavity_and_pharynx,Male,tce,,,0,3.3499999,0.1165144377489624,0.11398116,0.11904772
Oral_cavity_and_pharynx,Male,tce,,,0,3.4000001,0.1165750629421104,0.11404232,0.11910781
Oral_cavity_and_pharynx,Male,tce,,,0,3.45,0.1166263824823763,0.11409432,0.11915844
Oral_cavity_and_pharynx,Male,tce,,,0,3.5,0.1166688356199182,0.1141376,0.11920007
Oral_cavity_and_pharynx,Male,tce,,,0,3.55,0.1167028372244912,0.11417256,0.11923312
Oral_cavity_and_pharynx,Male,tce,,,0,3.5999999,0.1167287796419268,0.11419957,0.11925799
Oral_cavity_and_pharynx,Male,tce,,,0,3.6500001,0.1167470341941574,0.11421902,0.11927505
Oral_cavity_and_pharynx,Male,tce,,,0,3.7,0.1167579521943407,0.11423124,0.11928467
Oral_cavity_and_pharynx,Male,tce,,,0,3.75,0.1167618666972736,0.11423656,0.11928717
Oral_cavity_and_pharynx,Male,tce,,,0,3.8,0.1167590932592484,0.1142353,0.11928289
Oral_cavity_and_pharynx,Male,tce,,,0,3.8499999,0.1167499311049127,0.11422774,0.11927212
Oral_cavity_and_pharynx,Male,tce,,,0,3.9000001,0.1167346640276727,0.11421417,0.11925516
Oral_cavity_and_pharynx,Male,tce,,,0,3.95,0.1167135616289253,0.11419485,0.11923227
Oral_cavity_and_pharynx,Male,tce,,,0,4.0,0.1166868797348952,0.11417003,0.11920373
Oral_cavity_and_pharynx,Male,tce,,,0,4.0500002,0.1166401978142219,0.11412565,0.11915475
Oral_cavity_and_pharynx,Male,tce,,,0,4.0999999,0.1165884535849861,0.11407627,0.11910064
Oral_cavity_and_pharynx,Male,tce,,,0,4.1500001,0.1165318675635844,0.11402212,0.11904161
Oral_cavity_and_pharynx,Male,tce,,,0,4.1999998,0.116470651528868,0.11396341,0.1189779
Oral_cavity_and_pharynx,Male,tce,,,0,4.25,0.1164050048263356,0.11390033,0.11890969
Oral_cavity_and_pharynx,Male,tce,,,0,4.3000002,0.1163351189156767,0.11383305,0.11883718
Oral_cavity_and_pharynx,Male,tce,,,0,4.3499999,0.116261176336638,0.11376179,0.11876056
Oral_cavity_and_pharynx,Male,tce,,,0,4.4000001,0.1161833489124996,0.11368669,0.11868002
Oral_cavity_and_pharynx,Male,tce,,,0,4.4499998,0.1161018032478152,0.11360791,0.1185957
Oral_cavity_and_pharynx,Male,tce,,,0,4.5,0.1160166952378441,0.11352562,0.11850777
Oral_cavity_and_pharynx,Male,tce,,,0,4.5500002,0.1159281758354686,0.11343997,0.11841638
Oral_cavity_and_pharynx,Male,tce,,,0,4.5999999,0.1158363892516127,0.11335108,0.11832169
Oral_cavity_and_pharynx,Male,tce,,,0,4.6500001,0.1157414705460208,0.11325911,0.11822383
Oral_cavity_and_pharynx,Male,tce,,,0,4.6999998,0.1156435521703214,0.11316418,0.11812293
Oral_cavity_and_pharynx,Male,tce,,,0,4.75,0.1155427570528854,0.1130664,0.11801912
Oral_cavity_and_pharynx,Male,tce,,,0,4.8000002,0.1154392053651738,0.1129659,0.11791252
Oral_cavity_and_pharynx,Male,tce,,,0,4.8499999,0.1153330121223758,0.11286279,0.11780324
Oral_cavity_and_pharynx,Male,tce,,,0,4.9000001,0.1152242842939278,0.11275717,0.1176914
Oral_cavity_and_pharynx,Male,tce,,,0,4.9499998,0.1151131282044343,0.11264916,0.1175771
Oral_cavity_and_pharynx,Male,tce,,,0,5.0,0.1149996414801046,0.11253884,0.11746044
Oral_cavity_and_pharynx,Male,tce,,,1,0.0,0.0,0.0,0.0
Oral_cavity_and_pharynx,Male,tce,,,1,0.050000001,0.0026555188174948,0.0025694694,0.0027415683
Oral_cavity_and_pharynx,Male,tce,,,1,0.1,0.0072496528279604,0.0070348387,0.0074644671
Oral_cavity_and_pharynx,Male,tce,,,1,0.15000001,0.0125433081084283,0.012189031,0.012897586
Oral_cavity_and_pharynx,Male,tce,,,1,0.2,0.0180782566221595,0.01758378,0.018572733
Oral_cavity_and_pharynx,Male,tce,,,1,0.25,0.0236297358499988,0.022998713,0.024260757
Oral_cavity_and_pharynx,Male,tce,,,1,0.30000001,0.0290772125946149,0.028315369,0.029839056
Oral_cavity_and_pharynx,Male,tce,,,1,0.34999999,0.0343543107268867,0.033468314,0.035240307
Oral_cavity_and_pharynx,Male,tce,,,1,0.40000001,0.0394252369346122,0.038422093,0.040428381
Oral_cavity_and_pharynx,Male,tce,,,1,0.44999999,0.0442723132348822,0.04315903,0.045385595
Oral_cavity_and_pharynx,Male,tce,,,1,0.5,0.0488889376279237,0.04767235,0.050105527
Oral_cavity_and_pharynx,Male,tce,,,1,0.55000001,0.0532753454469976,0.051961999,0.05458869
Oral_cavity_and_pharynx,Male,tce,,,1,0.60000002,0.0574360092114345,0.056032121,0.058839899
Oral_cavity_and_pharynx,Male,tce,,,1,0.64999998,0.0613779713203717,0.059889395,0.062866546
Oral_cavity_and_pharynx,Male,tce,,,1,0.69999999,0.0651097886235668,0.063542023,0.066677555
Oral_cavity_and_pharynx,Male,tce,,,1,0.75,0.0686407086561124,0.066998899,0.070282519
Oral_cavity_and_pharynx,Male,tce,,,1,0.80000001,0.0719786981018169,0.070267692,0.073689707
Oral_cavity_and_pharynx,Male,tce,,,1,0.85000002,0.075130797321508,0.073355161,0.076906428
Oral_cavity_and_pharynx,Male,tce,,,1,0.89999998,0.0781045084981696,0.076268569,0.079940453
Oral_cavity_and_pharynx,Male,tce,,,1,0.94999999,0.080907616744896,0.079015419,0.082799815
Oral_cavity_and_pharynx,Male,tce,,,1,1.0,0.0835479850418698,0.081603341,0.085492626
Oral_cavity_and_pharynx,Male,tce,,,1,1.05,0.0860259973359241,0.084032655,0.088019341
Oral_cavity_and_pharynx,Male,tce,,,1,1.1,0.0883563958552985,0.086317703,0.090395093
Oral_cavity_and_pharynx,Male,tce,,,1,1.15,0.0905466799916876,0.088465773,0.092627592
Oral_cavity_and_pharynx,Male,tce,,,1,1.2,0.0926041154199208,0.090483926,0.094724305
Oral_cavity_and_pharynx,Male,tce,,,1,1.25,0.0945356629196639,0.092378929,0.096692398
Oral_cavity_and_pharynx,Male,tce,,,1,1.3,0.0963480294770914,0.094157316,0.098538741
Oral_cavity_and_pharynx,Male,tce,,,1,1.35,0.0980483973967452,0.095826082,0.10027071
Oral_cavity_and_pharynx,Male,tce,,,1,1.4,0.0996442678208818,0.097392552,0.10189599
Oral_cavity_and_pharynx,Male,tce,,,1,1.45,0.1011426148069924,0.09886352,0.10342171
Oral_cavity_and_pharynx,Male,tce,,,1,1.5,0.1025498587470964,0.10024527,0.10485445
Oral_cavity_and_pharynx,Male,tce,,,1,1.55,0.1038719360972012,0.10154359,0.10620028
Oral_cavity_and_pharynx,Male,tce,,,1,1.6,0.105114328844491,0.10276385,0.10746481
Oral_cavity_and_pharynx,Male,tce,,,1,1.65,0.1062820945410359,0.10391097,0.10865323
Oral_cavity_and_pharynx,Male,tce,,,1,1.7,0.1073799215611536,0.10498954,0.10977031
Oral_cavity_and_pharynx,Male,tce,,,1,1.75,0.1084121388272189,0.10600379,0.11082049
Oral_cavity_and_pharynx,Male,tce,,,1,1.8,0.1093827638566127,0.10695766,0.11180787
Oral_cavity_and_pharynx,Male,tce,,,1,1.85,0.1102955209888728,0.10785478,0.11273625
Oral_cavity_and_pharynx,Male,tce,,,1,1.9,0.1111538598917745,0.10869854,0.11360918
Oral_cavity_and_pharynx,Male,tce,,,1,1.95,0.1119609926689652,0.10949206,0.11442992
Oral_cavity_and_pharynx,Male,tce,,,1,2.0,0.112719897660084,0.11023828,0.11520152
Oral_cavity_and_pharynx,Male,tce,,,1,2.05,0.1134232428993703,0.11093001,0.11591648
Oral_cavity_and_pharynx,Male,tce,,,1,2.0999999,0.1140836152642279,0.11157957,0.11658766
Oral_cavity_and_pharynx,Male,tce,,,1,2.1500001,0.1147034369266658,0.11218934,0.11721753
Oral_cavity_and_pharynx,Male,tce,,,1,2.2,0.1152849958025188,0.11276154,0.11780845
Oral_cavity_and_pharynx,Male,tce,,,1,2.25,0.1158305942978883,0.11329845,0.11836274
Oral_cavity_and_pharynx,Male,tce,,,1,2.3,0.116342410209935,0.11380219,0.11888263
Oral_cavity_and_pharynx,Male,tce,,,1,2.3499999,0.116822463821064,0.11427473,0.11937019
Oral_cavity_and_pharynx,Male,tce,,,1,2.4000001,0.1172726331390654,0.11471793,0.11982733
Oral_cavity_and_pharynx,Male,tce,,,1,2.45,0.1176946573925641,0.11513349,0.12025582
Oral_cavity_and_pharynx,Male,tce,,,1,2.5,0.1180901607321443,0.115523,0.12065732
Oral_cavity_and_pharynx,Male,tce,,,1,2.55,0.1184606533518682,0.11588794,0.12103337
Oral_cavity_and_pharynx,Male,tce,,,1,2.5999999,0.118807542650671,0.11622969,0.1213854
Oral_cavity_and_pharynx,Male,tce,,,1,2.6500001,0.1191321428674413,0.11654954,0.12171475
Oral_cavity_and_pharynx,Male,tce,,,1,2.7,0.1194356764080568,0.11684868,0.12202267
Oral_cavity_and_pharynx,Male,tce,,,1,2.75,0.1197192898787701,0.11712826,0.12231032
Oral_cavity_and_pharynx,Male,tce,,,1,2.8,0.1199840539588332,0.11738931,0.1225788
Oral_cavity_and_pharynx,Male,tce,,,1,2.8499999,0.1202309706284698,0.11763282,0.12282912
Oral_cavity_and_pharynx,Male,tce,,,1,2.9000001,0.1204609793710011,0.11785971,0.12306225
Oral_cavity_and_pharynx,Male,tce,,,1,2.95,0.1206749575734223,0.11807083,0.12327908
Oral_cavity_and_pharynx,Male,tce,,,1,3.0,0.1208737314106807,0.11826701,0.12348045
Oral_cavity_and_pharynx,Male,tce,,,1,3.05,0.1210465366214369,0.11843772,0.12365535
Oral_cavity_and_pharynx,Male,tce,,,1,3.0999999,0.121205619864133,0.11859494,0.1238163
Oral_cavity_and_pharynx,Male,tce,,,1,3.1500001,0.121351669281689,0.11873934,0.123964
Oral_cavity_and_pharynx,Male,tce,,,1,3.2,0.1214853301397188,0.11887155,0.12409911
Oral_cavity_and_pharynx,Male,tce,,,1,3.25,0.1216072118326915,0.11899218,0.12422225
Oral_cavity_and_pharynx,Male,tce,,,1,3.3,0.1217178876476148,0.11910179,0.12433399
Oral_cavity_and_pharynx,Male,tce,,,1,3.3499999,0.121817897894154,0.1192009,0.1244349
Oral_cavity_and_pharynx,Male,tce,,,1,3.4000001,0.1219077525261513,0.11929003,0.12452547
Oral_cavity_and_pharynx,Male,tce,,,1,3.45,0.1219879315225861,0.11936964,0.12460622
Oral_cavity_and_pharynx,Male,tce,,,1,3.5,0.122058889345223,0.11944018,0.12467761
Oral_cavity_and_pharynx,Male,tce,,,1,3.55,0.1221210549269862,0.11950206,0.12474005
Oral_cavity_and_pharynx,Male,tce,,,1,3.5999999,0.1221748337417007,0.1195557,0.12479397
Oral_cavity_and_pharynx,Male,tce,,,1,3.6500001,0.122220609501843,0.11960146,0.12483976
Oral_cavity_and_pharynx,Male,tce,,,1,3.7,0.1222587447122238,0.11963969,0.12487779
Oral_cavity_and_pharynx,Male,tce,,,1,3.75,0.1222895832648724,0.11967076,0.12490841
Oral_cavity_and_pharynx,Male,tce,,,1,3.8,0.1223134507252976,0.11969496,0.12493194
Oral_cavity_and_pharynx,Male,tce,,,1,3.8499999,0.1223306556800614,0.11971261,0.12494871
Oral_cavity_and_pharynx,Male,tce,,,1,3.9000001,0.1223414908060735,0.11972398,0.12495901
Oral_cavity_and_pharynx,Male,tce,,,1,3.95,0.1223462336548935,0.11972935,0.12496311
Oral_cavity_and_pharynx,Male,tce,,,1,4.0,0.1223451478548491,0.119729,0.1249613
Oral_cavity_and_pharynx,Male,tce,,,1,4.0500002,0.1223262513490785,0.11971118,0.12494133
Oral_cavity_and_pharynx,Male,tce,,,1,4.0999999,0.1223020299766078,0.11968811,0.12491595
Oral_cavity_and_pharynx,Male,tce,,,1,4.1500001,0.1222727107971536,0.11966003,0.1248854
Oral_cavity_and_pharynx,Male,tce,,,1,4.1999998,0.1222385107208133,0.11962714,0.12484988
Oral_cavity_and_pharynx,Male,tce,,,1,4.25,0.1221996349177096,0.11958965,0.12480962
Oral_cavity_and_pharynx,Male,tce,,,1,4.3000002,0.1221562795791291,0.11954775,0.12476481
Oral_cavity_and_pharynx,Male,tce,,,1,4.3499999,0.1221086316881009,0.11950162,0.12471564
Oral_cavity_and_pharynx,Male,tce,,,1,4.4000001,0.1220568679847849,0.11945144,0.12466229
Oral_cavity_and_pharynx,Male,tce,,,1,4.4499998,0.1220011587328627,0.11939737,0.12460495
Oral_cavity_and_pharynx,Male,tce,,,1,4.5,0.1219416642348667,0.11933957,0.12454376
Oral_cavity_and_pharynx,Male,tce,,,1,4.5500002,0.1218785388849004,0.1192782,0.12447888
Oral_cavity_and_pharynx,Male,tce,,,1,4.5999999,0.1218119301325647,0.1192134,0.12441046
Oral_cavity_and_pharynx,Male,tce,,,1,4.6500001,0.1217419767985323,0.1191453,0.12433865
Oral_cavity_and_pharynx,Male,tce,,,1,4.6999998,0.1216688139547795,0.11907404,0.12426358
Oral_cavity_and_pharynx,Male,tce,,,1,4.75,0.1215925679263148,0.11899975,0.12418539
Oral_cavity_and_pharynx,Male,tce,,,1,4.8000002,0.1215133614111107,0.11892253,0.12410419
Oral_cavity_and_pharynx,Male,tce,,,1,4.8499999,0.1214313118082184,0.11884252,0.1240201
Oral_cavity_and_pharynx,Male,tce,,,1,4.9000001,0.1213465290200457,0.11875982,0.12393324
Oral_cavity_and_pharynx,Male,tce,,,1,4.9499998,0.1212591212553435,0.11867452,0.12384371
Oral_cavity_and_pharynx,Male,tce,,,1,5.0,0.1211691888110965,0.11858674,0.12375163
Oral_cavity_and_pharynx,Male,tce,,,2,0.0,0.0,0.0,0.0
Oral_cavity_and_pharynx,Male,tce,,,2,0.050000001,0.0061293658928679,0.0056681237,0.006590608
Oral_cavity_and_pharynx,Male,tce,,,2,0.1,0.0113540603662332,0.010434047,0.012274073
Oral_cavity_and_pharynx,Male,tce,,,2,0.15000001,0.0160663577738155,0.014720463,0.017412253
Oral_cavity_and_pharynx,Male,tce,,,2,0.2,0.0203830969638199,0.018646628,0.022119567
Oral_cavity_and_pharynx,Male,tce,,,2,0.25,0.024368031057252,0.022274334,0.026461728
Oral_cavity_and_pharynx,Male,tce,,,2,0.30000001,0.0280640865411966,0.025643619,0.030484553
Oral_cavity_and_pharynx,Male,tce,,,2,0.34999999,0.0315034705634314,0.028783759,0.034223184
Oral_cavity_and_pharynx,Male,tce,,,2,0.40000001,0.0347119086779809,0.031717751,0.037706066
Oral_cavity_and_pharynx,Male,tce,,,2,0.44999999,0.0377107411406771,0.034464497,0.040956985
Oral_cavity_and_pharynx,Male,tce,,,2,0.5,0.0405181355120192,0.037039991,0.043996278
Oral_cavity_and_pharynx,Male,tce,,,2,0.55000001,0.0431498201781111,0.039458048,0.046841595
Oral_cavity_and_pharynx,Male,tce,,,2,0.60000002,0.0456195919910386,0.041730762,0.049508423
Oral_cavity_and_pharynx,Male,tce,,,2,0.64999998,0.0479396666593633,0.043868858,0.052010477
Oral_cavity_and_pharynx,Male,tce,,,2,0.69999999,0.0501209526725217,0.045881912,0.054359991
Oral_cavity_and_pharynx,Male,tce,,,2,0.75,0.0521731673141958,0.047778472,0.056567863
Oral_cavity_and_pharynx,Male,tce,,,2,0.80000001,0.0541038851443193,0.049565155,0.058642615
Oral_cavity_and_pharynx,Male,tce,,,2,0.85000002,0.0559192113129297,0.051247284,0.060591139
Oral_cavity_and_pharynx,Male,tce,,,2,0.89999998,0.0576250525089615,0.052830022,0.062420081
Oral_cavity_and_pharynx,Male,tce,,,2,0.94999999,0.0592271280394266,0.054318409,0.064135849
Oral_cavity_and_pharynx,Male,tce,,,2,1.0,0.0607309313506264,0.055717293,0.065744571
Oral_cavity_and_pharynx,Male,tce,,,2,1.05,0.0621204852391181,0.057012271,0.067228697
Oral_cavity_and_pharynx,Male,tce,,,2,1.1,0.0634211430539289,0.058226045,0.068616241
Oral_cavity_and_pharynx,Male,tce,,,2,1.15,0.0646377571742534,0.059362944,0.069912568
Oral_cavity_and_pharynx,Male,tce,,,2,1.2,0.0657749431076086,0.060427092,0.071122795
Oral_cavity_and_pharynx,Male,tce,,,2,1.25,0.0668370615832615,0.061422404,0.072251722
Oral_cavity_and_pharynx,Male,tce,,,2,1.3,0.0678282537559175,0.062352601,0.073303908
Oral_cavity_and_pharynx,Male,tce,,,2,1.35,0.0687526288504346,0.063221373,0.074283883
Oral_cavity_and_pharynx,Male,tce,,,2,1.4,0.0696142229004295,0.064032361,0.07519608
Oral_cavity_and_pharynx,Male,tce,,,2,1.45,0.0704168017299493,0.06478896,0.076044641
Oral_cavity_and_pharynx,Male,tce,,,2,1.5,0.0711638572554488,0.065494321,0.076833397
Oral_cavity_and_pharynx,Male,tce,,,2,1.55,0.0718586429035585,0.066151395,0.077565894
Oral_cavity_and_pharynx,Male,tce,,,2,1.6,0.0725041870751579,0.066762924,0.078245454
Oral_cavity_and_pharynx,Male,tce,,,2,1.65,0.0731033071123958,0.067331471,0.078875139
Oral_cavity_and_pharynx,Male,tce,,,2,1.7,0.0736586362276417,0.067859441,0.079457834
Oral_cavity_and_pharynx,Male,tce,,,2,1.75,0.0741726270273837,0.068349063,0.079996191
Oral_cavity_and_pharynx,Male,tce,,,2,1.8,0.0746475747061135,0.068802431,0.08049272
Oral_cavity_and_pharynx,Male,tce,,,2,1.85,0.0750856251199189,0.069221504,0.080949746
Oral_cavity_and_pharynx,Male,tce,,,2,1.9,0.0754887834516338,0.06960813,0.081369437
Oral_cavity_and_pharynx,Male,tce,,,2,1.95,0.075858931708893,0.069964029,0.081753835
Oral_cavity_and_pharynx,Male,tce,,,2,2.0,0.0761978305152385,0.070290811,0.082104847
Oral_cavity_and_pharynx,Male,tce,,,2,2.05,0.0764782765913102,0.070563838,0.082392715
Oral_cavity_and_pharynx,Male,tce,,,2,2.0999999,0.0767304873848947,0.070810512,0.08265046
Oral_cavity_and_pharynx,Male,tce,,,2,2.1500001,0.0769559536902063,0.071032204,0.082879707
Oral_cavity_and_pharynx,Male,tce,,,2,2.2,0.0771560964804244,0.071230225,0.083081968
Oral_cavity_and_pharynx,Male,tce,,,2,2.25,0.0773323509466917,0.071405895,0.083258808
Oral_cavity_and_pharynx,Male,tce,,,2,2.3,0.077486081292224,0.07156048,0.083411686
Oral_cavity_and_pharynx,Male,tce,,,2,2.3499999,0.0776185589431591,0.071695149,0.083541967
Oral_cavity_and_pharynx,Male,tce,,,2,2.4000001,0.0777309705643528,0.071811005,0.083650932
Oral_cavity_and_pharynx,Male,tce,,,2,2.45,0.0778244228394369,0.07190907,0.083739772
Oral_cavity_and_pharynx,Male,tce,,,2,2.5,0.0778999518790718,0.071990304,0.083809599
Oral_cavity_and_pharynx,Male,tce,,,2,2.55,0.0779585266239269,0.072055601,0.083861455
Oral_cavity_and_pharynx,Male,tce,,,2,2.5999999,0.0780010545572804,0.07210581,0.083896302
Oral_cavity_and_pharynx,Male,tce,,,2,2.6500001,0.0780283864741562,0.072141707,0.083915062
Oral_cavity_and_pharynx,Male,tce,,,2,2.7,0.0780413202960714,0.072164051,0.083918594
Oral_cavity_and_pharynx,Male,tce,,,2,2.75,0.0780406057401864,0.072173528,0.083907686
Oral_cavity_and_pharynx,Male,tce,,,2,2.8,0.0780269472888164,0.072170794,0.083883107
Oral_cavity_and_pharynx,Male,tce,,,2,2.8499999,0.0780010076120373,0.072156459,0.083845556
Oral_cavity_and_pharynx,Male,tce,,,2,2.9000001,0.0779634103451041,0.07213112,0.083795704
Oral_cavity_and_pharynx,Male,tce,,,2,2.95,0.0779147435976786,0.072095312,0.083734177
Oral_cavity_and_pharynx,Male,tce,,,2,3.0,0.0778555613859048,0.072049558,0.083661571
Oral_cavity_and_pharynx,Male,tce,,,2,3.05,0.077754853765381,0.071965635,0.083544068
Oral_cavity_and_pharynx,Male,tce,,,2,3.0999999,0.0776447470651635,0.071872793,0.0834167
Oral_cavity_and_pharynx,Male,tce,,,2,3.1500001,0.0775257185720687,0.07177148,0.083279952
Oral_cavity_and_pharynx,Male,tce,,,2,3.2,0.0773982211420527,0.071662113,0.083134331
Oral_cavity_and_pharynx,Male,tce,,,2,3.25,0.0772626815052687,0.071545094,0.082980268
Oral_cavity_and_pharynx,Male,tce,,,2,3.3,0.0771195040789799,0.071420804,0.08281821
Oral_cavity_and_pharynx,Male,tce,,,2,3.3499999,0.0769690718837293,0.071289591,0.082648553
Oral_cavity_and_pharynx,Male,tce,,,2,3.4000001,0.0768117471306751,0.0711518,0.082471691
Oral_cavity_and_pharynx,Male,tce,,,2,3.45,0.0766478755086386,0.071007766,0.08228799
Oral_cavity_and_pharynx,Male,tce,,,2,3.5,0.076477782842102,0.070857771,0.082097791
Oral_cavity_and_pharynx,Male,tce,,,2,3.55,0.076301779138496,0.070702128,0.081901431
Oral_cavity_and_pharynx,Male,tce,,,2,3.5999999,0.0761201588544821,0.070541106,0.081699215
Oral_cavity_and_pharynx,Male,tce,,,2,3.6500001,0.0759332009216323,0.070374958,0.081491441
Oral_cavity_and_pharynx,Male,tce,,,2,3.7,0.0757411732022984,0.070203945,0.081278399
Oral_cavity_and_pharynx,Male,tce,,,2,3.75,0.0755443279432221,0.070028305,0.08106035
Oral_cavity_and_pharynx,Male,tce,,,2,3.8,0.075342906066751,0.069848262,0.080837548
Oral_cavity_and_pharynx,Male,tce,,,2,3.8499999,0.0751371369902166,0.069664031,0.080610245
Oral_cavity_and_pharynx,Male,tce,,,2,3.9000001,0.0749272382669888,0.069475815,0.080378667
Oral_cavity_and_pharynx,Male,tce,,,2,3.95,0.0747134202179011,0.069283813,0.080143027
Oral_cavity_and_pharynx,Male,tce,,,2,4.0,0.0744958804926314,0.069088213,0.07990355
Oral_cavity_and_pharynx,Male,tce,,,2,4.0500002,0.0742420160217045,0.068859227,0.079624802
Oral_cavity_and_pharynx,Male,tce,,,2,4.0999999,0.0739850470126769,0.068627216,0.079342879
Oral_cavity_and_pharynx,Male,tce,,,2,4.1500001,0.0737251451915362,0.068392329,0.079057962
Oral_cavity_and_pharynx,Male,tce,,,2,4.1999998,0.0734624840758846,0.068154737,0.078770235
Oral_cavity_and_pharynx,Male,tce,,,2,4.25,0.0731972195797865,0.067914583,0.078479856
Oral_cavity_and_pharynx,Male,tce,,,2,4.3000002,0.0729295078816727,0.067672022,0.078186989
Oral_cavity_and_pharynx,Male,tce,,,2,4.3499999,0.0726594983898595,0.067427196,0.077891804
Oral_cavity_and_pharynx,Male,tce,,,2,4.4000001,0.0723873262648075,0.067180224,0.077594429
Oral_cavity_and_pharynx,Male,tce,,,2,4.4499998,0.0721131308267002,0.06693124,0.07729502
Oral_cavity_and_pharynx,Male,tce,,,2,4.5,0.0718370351078704,0.066680364,0.076993704
Oral_cavity_and_pharynx,Male,tce,,,2,4.5500002,0.0715591644016619,0.066427723,0.076690607
Oral_cavity_and_pharynx,Male,tce,,,2,4.5999999,0.0712796387697318,0.066173412,0.076385863
Oral_cavity_and_pharynx,Male,tce,,,2,4.6500001,0.0709985652283811,0.065917552,0.076079585
Oral_cavity_and_pharynx,Male,tce,,,2,4.6999998,0.0707160566905571,0.065660231,0.075771883
Oral_cavity_and_pharynx,Male,tce,,,2,4.75,0.0704322107575318,0.065401562,0.075462863
Oral_cavity_and_pharynx,Male,tce,,,2,4.8000002,0.0701471287617748,0.065141626,0.075152636
Oral_cavity_and_pharynx,Male,tce,,,2,4.8499999,0.0698609079431581,0.06488052,0.074841298
Oral_cavity_and_pharynx,Male,tce,,,2,4.9000001,0.0695736334013525,0.064618327,0.07452894
Oral_cavity_and_pharynx,Male,tce,,,2,4.9499998,0.0692853974117846,0.064355135,0.074215665
Oral_cavity_and_pharynx,Male,tce,,,2,5.0,0.068996277685969,0.064091012,0.073901542
Oral_cavity_and_pharynx,Male,tie,,,0,0.0,0.0,0.0,0.0
Oral_cavity_and_pharynx,Male,tie,,,0,0.050000001,0.0012019753864752,0.0011005471,0.0013034036
Oral_cavity_and_pharynx,Male,tie,,,0,0.1,0.0028349541822176,0.0025981378,0.0030717705
Oral_cavity_and_pharynx,Male,tie,,,0,0.15000001,0.0045448452652641,0.0041651693,0.0049245213
Oral_cavity_and_pharynx,Male,tie,,,0,0.2,0.0062349784573302,0.0057135602,0.0067563965
Oral_cavity_and_pharynx,Male,tie,,,0,0.25,0.0078656416872867,0.0072072991,0.0085239839
Oral_cavity_and_pharynx,Male,tie,,,0,0.30000001,0.009419629563507,0.0086308541,0.010208406
Oral_cavity_and_pharynx,Male,tie,,,0,0.34999999,0.0108903468434009,0.0099783167,0.011802376
Oral_cavity_and_pharynx,Male,tie,,,0,0.40000001,0.0122766377006266,0.011248705,0.013304571
Oral_cavity_and_pharynx,Male,tie,,,0,0.44999999,0.013580225089394,0.012443633,0.014716817
Oral_cavity_and_pharynx,Male,tie,,,0,0.5,0.0148043558927648,0.013566088,0.016042624
Oral_cavity_and_pharynx,Male,tie,,,0,0.55000001,0.0159530334083811,0.014619736,0.01728633
Oral_cavity_and_pharynx,Male,tie,,,0,0.60000002,0.0170305814770968,0.015608526,0.018452637
Oral_cavity_and_pharynx,Male,tie,,,0,0.64999998,0.018041386259208,0.016536459,0.019546313
Oral_cavity_and_pharynx,Male,tie,,,0,0.69999999,0.0189897519287472,0.017407458,0.020572046
Oral_cavity_and_pharynx,Male,tie,,,0,0.75,0.0198797832125041,0.018225262,0.021534305
Oral_cavity_and_pharynx,Male,tie,,,0,0.80000001,0.0207149269114284,0.018993005,0.022436848
Oral_cavity_and_pharynx,Male,tie,,,0,0.85000002,0.0214981490330207,0.019713379,0.023282919
Oral_cavity_and_pharynx,Male,tie,,,0,0.89999998,0.0222323647128521,0.020389032,0.024075696
Oral_cavity_and_pharynx,Male,tie,,,0,0.94999999,0.0229204170430083,0.021022545,0.02481829
Oral_cavity_and_pharynx,Male,tie,,,0,1.0,0.0235650447508104,0.021616405,0.025513686
Oral_cavity_and_pharynx,Male,tie,,,0,1.05,0.0241657487736862,0.022170138,0.02616136
Oral_cavity_and_pharynx,Male,tie,,,0,1.1,0.0247280166341677,0.022688748,0.026767286
Oral_cavity_and_pharynx,Male,tie,,,0,1.15,0.0252542185159721,0.02317439,0.027334046
Oral_cavity_and_pharynx,Male,tie,,,0,1.2,0.0257465947695922,0.023629103,0.027864087
Oral_cavity_and_pharynx,Male,tie,,,0,1.25,0.0262072477509472,0.024054796,0.0283597
Oral_cavity_and_pharynx,Male,tie,,,0,1.3,0.0266381607008454,0.024453275,0.028823046
Oral_cavity_and_pharynx,Male,tie,,,0,1.35,0.0270413505161919,0.024826374,0.029256327
Oral_cavity_and_pharynx,Male,tie,,,0,1.4,0.0274188357610094,0.025175935,0.029661737
Oral_cavity_and_pharynx,Male,tie,,,0,1.45,0.0277724707114386,0.025503643,0.030041298
Oral_cavity_and_pharynx,Male,tie,,,0,1.5,0.0281039464020422,0.025811043,0.030396851
Oral_cavity_and_pharynx,Male,tie,,,0,1.55,0.0284148121085361,0.026099544,0.030730082
Oral_cavity_and_pharynx,Male,tie,,,0,1.6,0.0287064865019609,0.02637044,0.031042533
Oral_cavity_and_pharynx,Male,tie,,,0,1.65,0.0289802682852864,0.026624918,0.031335618
Oral_cavity_and_pharynx,Male,tie,,,0,1.7,0.029237352180958,0.026864065,0.031610638
Oral_cavity_and_pharynx,Male,tie,,,0,1.75,0.0294788337698247,0.027088884,0.031868786
Oral_cavity_and_pharynx,Male,tie,,,0,1.8,0.0297057229213505,0.027300293,0.032111153
Oral_cavity_and_pharynx,Male,tie,,,0,1.85,0.0299189499088329,0.027499145,0.032338753
Oral_cavity_and_pharynx,Male,tie,,,0,1.9,0.0301193713219394,0.02768622,0.032552522
Oral_cavity_and_pharynx,Male,tie,,,0,1.95,0.0303077800888894,0.027862243,0.032753319
Oral_cavity_and_pharynx,Male,tie,,,0,2.0,0.0304849075228868,0.028027883,0.03294193
Oral_cavity_and_pharynx,Male,tie,,,0,2.05,0.0306473895957775,0.02818005,0.033114731
Oral_cavity_and_pharynx,Male,tie,,,0,2.0999999,0.0307998709814499,0.028323002,0.03327674
Oral_cavity_and_pharynx,Male,tie,,,0,2.1500001,0.0309429386291944,0.028457278,0.033428598
Oral_cavity_and_pharynx,Male,tie,,,0,2.2,0.0310771445252711,0.028583385,0.033570904
Oral_cavity_and_pharynx,Male,tie,,,0,2.25,0.031203041703802,0.028701825,0.033704259
Oral_cavity_and_pharynx,Male,tie,,,0,2.3,0.0313211509298596,0.028813079,0.033829223
Oral_cavity_and_pharynx,Male,tie,,,0,2.3499999,0.0314319531222583,0.028917586,0.03394632
Oral_cavity_and_pharynx,Male,tie,,,0,2.4000001,0.0315358933943103,0.029015757,0.03405603
Oral_cavity_and_pharynx,Male,tie,,,0,2.45,0.0316333823071412,0.029107967,0.034158796
Oral_cavity_and_pharynx,Male,tie,,,0,2.5,0.0317248017241565,0.029194567,0.034255035
Oral_cavity_and_pharynx,Male,tie,,,0,2.55,0.0318105053975194,0.029275881,0.034345128
Oral_cavity_and_pharynx,Male,tie,,,0,2.5999999,0.0318908218255527,0.029352212,0.034429431
Oral_cavity_and_pharynx,Male,tie,,,0,2.6500001,0.0319660567192777,0.02942384,0.034508273
Oral_cavity_and_pharynx,Male,tie,,,0,2.7,0.0320364935090618,0.029491026,0.034581963
Oral_cavity_and_pharynx,Male,tie,,,0,2.75,0.0321023972314413,0.029554013,0.03465078
Oral_cavity_and_pharynx,Male,tie,,,0,2.8,0.0321640146459537,0.029613027,0.034715001
Oral_cavity_and_pharynx,Male,tie,,,0,2.8499999,0.0322215760349773,0.029668283,0.03477487
Oral_cavity_and_pharynx,Male,tie,,,0,2.9000001,0.032275296749958,0.029719977,0.034830619
Oral_cavity_and_pharynx,Male,tie,,,0,2.95,0.0323253773870211,0.029768292,0.034882464
Oral_cavity_and_pharynx,Male,tie,,,0,3.0,0.0323720063989883,0.029813405,0.034930609
Oral_cavity_and_pharynx,Male,tie,,,0,3.05,0.0324108672421502,0.029851342,0.034970395
Oral_cavity_and_pharynx,Male,tie,,,0,3.0999999,0.0324466237760601,0.029886393,0.035006855
Oral_cavity_and_pharynx,Male,tie,,,0,3.1500001,0.032479432304493,0.029918704,0.035040163
Oral_cavity_and_pharynx,Male,tie,,,0,3.2,0.032509439109608,0.029948408,0.035070471
Oral_cavity_and_pharynx,Male,tie,,,0,3.25,0.0325367820821833,0.029975634,0.035097931
Oral_cavity_and_pharynx,Male,tie,,,0,3.3,0.0325615907175754,0.0300005,0.035122681
Oral_cavity_and_pharynx,Male,tie,,,0,3.3499999,0.03258398686172,0.030023118,0.035144854
Oral_cavity_and_pharynx,Male,tie,,,0,3.4000001,0.0326040853368579,0.030043596,0.035164572
Oral_cavity_and_pharynx,Male,tie,,,0,3.45,0.0326219940612932,0.030062033,0.035181955
Oral_cavity_and_pharynx,Male,tie,,,0,3.5,0.0326378150765161,0.030078523,0.035197109
Oral_cavity_and_pharynx,Male,tie,,,0,3.55,0.0326516445707063,0.030093152,0.035210136
Oral_cavity_and_pharynx,Male,tie,,,0,3.5999999,0.0326635733646184,0.030106008,0.035221137
Oral_cavity_and_pharynx,Male,tie,,,0,3.6500001,0.0326736873106053,0.030117169,0.035230204
Oral_cavity_and_pharynx,Male,tie,,,0,3.7,0.0326820674363179,0.030126708,0.035237428
Oral_cavity_and_pharynx,Male,tie,,,0,3.75,0.0326887905366331,0.030134698,0.035242882
Oral_cavity_and_pharynx,Male,tie,,,0,3.8,0.0326939292530563,0.030141206,0.035246652
Oral_cavity_and_pharynx,Male,tie,,,0,3.8499999,0.0326975523859664,0.030146297,0.035248809
Oral_cavity_and_pharynx,Male,tie,,,0,3.9000001,0.0326997251423707,0.030150028,0.035249423
Oral_cavity_and_pharynx,Male,tie,,,0,3.95,0.0327005093247325,0.030152457,0.035248563
Oral_cavity_and_pharynx,Male,tie,,,0,4.0,0.0326999635999995,0.03015364,0.035246287
Oral_cavity_and_pharynx,Male,tie,,,0,4.0500002,0.0326934421856013,0.030149292,0.035237592
Oral_cavity_and_pharynx,Male,tie,,,0,4.0999999,0.0326857189460106,0.030143814,0.035227623
Oral_cavity_and_pharynx,Male,tie,,,0,4.1500001,0.0326768443731668,0.030137256,0.035216432
Oral_cavity_and_pharynx,Male,tie,,,0,4.1999998,0.0326668667685664,0.030129658,0.035204075
Oral_cavity_and_pharynx,Male,tie,,,0,4.25,0.0326558317147774,0.030121066,0.035190597
Oral_cavity_and_pharynx,Male,tie,,,0,4.3000002,0.0326437828515799,0.03011152,0.035176046
Oral_cavity_and_pharynx,Male,tie,,,0,4.3499999,0.0326307617614513,0.030101057,0.035160467
Oral_cavity_and_pharynx,Male,tie,,,0,4.4000001,0.0326168076724654,0.030089714,0.035143901
Oral_cavity_and_pharynx,Male,tie,,,0,4.4499998,0.0326019584608627,0.030077526,0.035126392
Oral_cavity_and_pharynx,Male,tie,,,0,4.5,0.032586249692047,0.030064527,0.035107974
Oral_cavity_and_pharynx,Male,tie,,,0,4.5500002,0.0325697156876242,0.030050749,0.035088684
Oral_cavity_and_pharynx,Male,tie,,,0,4.5999999,0.0325523892270225,0.03003622,0.035068557
Oral_cavity_and_pharynx,Male,tie,,,0,4.6500001,0.0325343011016112,0.030020973,0.035047628
Oral_cavity_and_pharynx,Male,tie,,,0,4.6999998,0.0325154813693839,0.030005032,0.035025932
Oral_cavity_and_pharynx,Male,tie,,,0,4.75,0.0324959580512323,0.029988425,0.035003491
Oral_cavity_and_pharynx,Male,tie,,,0,4.8000002,0.0324757584400884,0.029971177,0.034980342
Oral_cavity_and_pharynx,Male,tie,,,0,4.8499999,0.0324549086575758,0.02995331,0.034956507
Oral_cavity_and_pharynx,Male,tie,,,0,4.9000001,0.0324334330905104,0.029934851,0.034932014
Oral_cavity_and_pharynx,Male,tie,,,0,4.9499998,0.0324113558559771,0.029915821,0.03490689
Oral_cavity_and_pharynx,Male,tie,,,0,5.0,0.0323886992188063,0.029896239,0.03488116
Oral_cavity_and_pharynx,Male,tie,,,1,0.0,0.0,0.0,0.0
Oral_cavity_and_pharynx,Male,tie,,,1,0.050000001,0.0009793941308228,0.00089543429,0.001063354
Oral_cavity_and_pharynx,Male,tie,,,1,0.1,0.0024479390036674,0.0022356086,0.0026602692
Oral_cavity_and_pharynx,Male,tie,,,1,0.15000001,0.0040356037691073,0.003683134,0.0043880735
Oral_cavity_and_pharynx,Male,tie,,,1,0.2,0.0056321092631113,0.005138183,0.0061260355
Oral_cavity_and_pharynx,Male,tie,,,1,0.25,0.0071893870571831,0.0065573514,0.007821423
Oral_cavity_and_pharynx,Male,tie,,,1,0.30000001,0.0086848081973143,0.0079202484,0.0094493683
Oral_cavity_and_pharynx,Male,tie,,,1,0.34999999,0.010108096204623,0.0092176385,0.010998555
Oral_cavity_and_pharynx,Male,tie,,,1,0.40000001,0.0114555106481601,0.010446181,0.01246484
Oral_cavity_and_pharynx,Male,tie,,,1,0.44999999,0.0127269116843732,0.01160578,0.013848044
Oral_cavity_and_pharynx,Male,tie,,,1,0.5,0.0139241747694077,0.01269815,0.0151502
Oral_cavity_and_pharynx,Male,tie,,,1,0.55000001,0.0150502757036956,0.013725999,0.016374553
Oral_cavity_and_pharynx,Male,tie,,,1,0.60000002,0.0161087567811046,0.014692537,0.017524976
Oral_cavity_and_pharynx,Male,tie,,,1,0.64999998,0.0171034018330669,0.015601195,0.018605608
Oral_cavity_and_pharynx,Male,tie,,,1,0.69999999,0.0180380452505729,0.016455445,0.019620646
Oral_cavity_and_pharynx,Male,tie,,,1,0.75,0.0189164227729116,0.017258666,0.020574179
Oral_cavity_and_pharynx,Male,tie,,,1,0.80000001,0.019741709377357,0.018013729,0.02146969
Oral_cavity_and_pharynx,Male,tie,,,1,0.85000002,0.0205166672058675,0.018723121,0.022310212
Oral_cavity_and_pharynx,Male,tie,,,1,0.89999998,0.0212440412881015,0.019389322,0.023098761
Oral_cavity_and_pharynx,Male,tie,,,1,0.94999999,0.0219265311256818,0.020014767,0.023838295
Oral_cavity_and_pharynx,Male,tie,,,1,1.0,0.0225667533793376,0.020601818,0.024531689
Oral_cavity_and_pharynx,Male,tie,,,1,1.05,0.0231653138241689,0.021151017,0.02517961
Oral_cavity_and_pharynx,Male,tie,,,1,1.1,0.0237264407461752,0.02166619,0.025786692
Oral_cavity_and_pharynx,Male,tie,,,1,1.15,0.0242524209592716,0.022149401,0.026355442
Oral_cavity_and_pharynx,Male,tie,,,1,1.2,0.0247454215800338,0.02260261,0.026888233
Oral_cavity_and_pharynx,Male,tie,,,1,1.25,0.025207480188599,0.02302766,0.027387299
Oral_cavity_and_pharynx,Male,tie,,,1,1.3,0.0256405224535339,0.023426294,0.02785475
Oral_cavity_and_pharynx,Male,tie,,,1,1.35,0.0260465161899011,0.023800293,0.028292738
Oral_cavity_and_pharynx,Male,tie,,,1,1.4,0.026427438189999,0.024151448,0.028703427
Oral_cavity_and_pharynx,Male,tie,,,1,1.45,0.0267851048525312,0.024481405,0.029088804
Oral_cavity_and_pharynx,Male,tie,,,1,1.5,0.0271211724543883,0.024791665,0.029450679
Oral_cavity_and_pharynx,Male,tie,,,1,1.55,0.0274371582406442,0.025083605,0.029790711
Oral_cavity_and_pharynx,Male,tie,,,1,1.6,0.0277344511921636,0.025358485,0.030110419
Oral_cavity_and_pharynx,Male,tie,,,1,1.65,0.0280143223241612,0.025617456,0.030411189
Oral_cavity_and_pharynx,Male,tie,,,1,1.7,0.0282779405329804,0.02586158,0.030694302
Oral_cavity_and_pharynx,Male,tie,,,1,1.75,0.0285263771243664,0.026091829,0.030960925
Oral_cavity_and_pharynx,Male,tie,,,1,1.8,0.0287606191884519,0.026309103,0.031212136
Oral_cavity_and_pharynx,Male,tie,,,1,1.85,0.028981575537009,0.026514223,0.031448927
Oral_cavity_and_pharynx,Male,tie,,,1,1.9,0.0291900824415877,0.026707951,0.031672213
Oral_cavity_and_pharynx,Male,tie,,,1,1.95,0.0293869136884544,0.026890991,0.031882837
Oral_cavity_and_pharynx,Male,tie,,,1,2.0,0.029572782385927,0.02706399,0.032081574
Oral_cavity_and_pharynx,Male,tie,,,1,2.05,0.0297458396443137,0.027225269,0.032266412
Oral_cavity_and_pharynx,Male,tie,,,1,2.0999999,0.0299091841668407,0.027377645,0.032440726
Oral_cavity_and_pharynx,Male,tie,,,1,2.1500001,0.0300633860015537,0.027521634,0.032605138
Oral_cavity_and_pharynx,Male,tie,,,1,2.2,0.0302089806136545,0.027657727,0.032760233
Oral_cavity_and_pharynx,Male,tie,,,1,2.25,0.0303465041078619,0.027786411,0.032906596
Oral_cavity_and_pharynx,Male,tie,,,1,2.3,0.0304764609679831,0.027908148,0.033044774
Oral_cavity_and_pharynx,Male,tie,,,1,2.3499999,0.0305993169045679,0.02802336,0.033175275
Oral_cavity_and_pharynx,Male,tie,,,1,2.4000001,0.0307155028655373,0.028132442,0.033298563
Oral_cavity_and_pharynx,Male,tie,,,1,2.45,0.0308254159752884,0.028235758,0.033415075
Oral_cavity_and_pharynx,Male,tie,,,1,2.5,0.0309294256679672,0.028333643,0.033525206
Oral_cavity_and_pharynx,Male,tie,,,1,2.55,0.0310278739766542,0.028426412,0.033629335
Oral_cavity_and_pharynx,Male,tie,,,1,2.5999999,0.031121078390373,0.028514354,0.033727802
Oral_cavity_and_pharynx,Male,tie,,,1,2.6500001,0.0312093343301725,0.028597739,0.033820931
Oral_cavity_and_pharynx,Male,tie,,,1,2.7,0.0312929153587924,0.028676815,0.033909015
Oral_cavity_and_pharynx,Male,tie,,,1,2.75,0.0313720773964228,0.02875182,0.033992335
Oral_cavity_and_pharynx,Male,tie,,,1,2.8,0.0314470585499377,0.028822972,0.034071147
Oral_cavity_and_pharynx,Male,tie,,,1,2.8499999,0.031518080938131,0.02889047,0.034145691
Oral_cavity_and_pharynx,Male,tie,,,1,2.9000001,0.0315853522694536,0.028954508,0.034216199
Oral_cavity_and_pharynx,Male,tie,,,1,2.95,0.0316490657281967,0.02901526,0.034282871
Oral_cavity_and_pharynx,Male,tie,,,1,3.0,0.0317094029461942,0.029072896,0.03434591
Oral_cavity_and_pharynx,Male,tie,,,1,3.05,0.0317636532727842,0.029124942,0.034402363
Oral_cavity_and_pharynx,Male,tie,,,1,3.0999999,0.0318148511809254,0.029174168,0.034455534
Oral_cavity_and_pharynx,Male,tie,,,1,3.1500001,0.0318631467905582,0.029220708,0.034505587
Oral_cavity_and_pharynx,Male,tie,,,1,3.2,0.0319086803189656,0.029264694,0.034552667
Oral_cavity_and_pharynx,Male,tie,,,1,3.25,0.0319515841328005,0.029306246,0.034596924
Oral_cavity_and_pharynx,Male,tie,,,1,3.3,0.0319919824290961,0.029345477,0.034638487
Oral_cavity_and_pharynx,Male,tie,,,1,3.3499999,0.0320299920367257,0.029382495,0.034677491
Oral_cavity_and_pharynx,Male,tie,,,1,3.4000001,0.0320657230997556,0.029417401,0.034714043
Oral_cavity_and_pharynx,Male,tie,,,1,3.45,0.0320992788832029,0.029450292,0.034748267
Oral_cavity_and_pharynx,Male,tie,,,1,3.5,0.032130757232817,0.029481255,0.03478026
Oral_cavity_and_pharynx,Male,tie,,,1,3.55,0.032160250286878,0.029510373,0.034810126
Oral_cavity_and_pharynx,Male,tie,,,1,3.5999999,0.0321878450239167,0.029537732,0.034837957
Oral_cavity_and_pharynx,Male,tie,,,1,3.6500001,0.0322136237246203,0.029563403,0.034863845
Oral_cavity_and_pharynx,Male,tie,,,1,3.7,0.0322376638057466,0.029587457,0.034887869
Oral_cavity_and_pharynx,Male,tie,,,1,3.75,0.0322600388499686,0.029609965,0.034910113
Oral_cavity_and_pharynx,Male,tie,,,1,3.8,0.0322808183768652,0.029630989,0.03493065
Oral_cavity_and_pharynx,Male,tie,,,1,3.8499999,0.0323000682208875,0.029650588,0.034949549
Oral_cavity_and_pharynx,Male,tie,,,1,3.9000001,0.0323178508450958,0.029668823,0.034966879
Oral_cavity_and_pharynx,Male,tie,,,1,3.95,0.0323342252244602,0.029685745,0.034982707
Oral_cavity_and_pharynx,Male,tie,,,1,4.0,0.0323492475541296,0.029701408,0.034997087
Oral_cavity_and_pharynx,Male,tie,,,1,4.0500002,0.0323598968855841,0.029713051,0.035006743
Oral_cavity_and_pharynx,Male,tie,,,1,4.0999999,0.0323693003703685,0.029723534,0.035015065
Oral_cavity_and_pharynx,Male,tie,,,1,4.1500001,0.032377506562517,0.0297329,0.035022113
Oral_cavity_and_pharynx,Male,tie,,,1,4.1999998,0.032384561293102,0.029741189,0.035027932
Oral_cavity_and_pharynx,Male,tie,,,1,4.25,0.03239050843859,0.029748444,0.035032574
Oral_cavity_and_pharynx,Male,tie,,,1,4.3000002,0.0323953895529578,0.029754702,0.03503608
Oral_cavity_and_pharynx,Male,tie,,,1,4.3499999,0.0323992442372213,0.029759999,0.03503849
Oral_cavity_and_pharynx,Male,tie,,,1,4.4000001,0.0324021103177414,0.029764373,0.03503985
Oral_cavity_and_pharynx,Male,tie,,,1,4.4499998,0.0324040237186687,0.029767852,0.035040196
Oral_cavity_and_pharynx,Male,tie,,,1,4.5,0.0324050187815452,0.029770475,0.035039563
Oral_cavity_and_pharynx,Male,tie,,,1,4.5500002,0.0324051282076198,0.029772265,0.035037991
Oral_cavity_and_pharynx,Male,tie,,,1,4.5999999,0.0324043832375573,0.029773256,0.03503551
Oral_cavity_and_pharynx,Male,tie,,,1,4.6500001,0.032402813673512,0.029773472,0.035032157
Oral_cavity_and_pharynx,Male,tie,,,1,4.6999998,0.0324004480247346,0.029772941,0.035027955
Oral_cavity_and_pharynx,Male,tie,,,1,4.75,0.0323973134606097,0.029771687,0.03502294
Oral_cavity_and_pharynx,Male,tie,,,1,4.8000002,0.0323934360165793,0.029769737,0.035017133
Oral_cavity_and_pharynx,Male,tie,,,1,4.8499999,0.0323888406213296,0.029767113,0.035010569
Oral_cavity_and_pharynx,Male,tie,,,1,4.9000001,0.032383550992566,0.029763835,0.035003267
Oral_cavity_and_pharynx,Male,tie,,,1,4.9499998,0.0323775900158635,0.029759925,0.034995254
Oral_cavity_and_pharynx,Male,tie,,,1,5.0,0.0323709793943734,0.029755402,0.034986556
Oral_cavity_and_pharynx,Male,tie,,,2,0.0,0.0,0.0,0.0
Oral_cavity_and_pharynx,Male,tie,,,2,0.050000001,0.0028616573579701,0.0024077659,0.0033155486
Oral_cavity_and_pharynx,Male,tie,,,2,0.1,0.0057207412744508,0.004816575,0.0066249077
Oral_cavity_and_pharynx,Male,tie,,,2,0.15000001,0.0083420155518249,0.0070185447,0.0096654864
Oral_cavity_and_pharynx,Male,tie,,,2,0.2,0.0107302857098754,0.0090211695,0.012439402
Oral_cavity_and_pharynx,Male,tie,,,2,0.25,0.0129081490378414,0.010845443,0.014970855
Oral_cavity_and_pharynx,Male,tie,,,2,0.30000001,0.0148988410549001,0.012511998,0.017285684
Oral_cavity_and_pharynx,Male,tie,,,2,0.34999999,0.0167232157368971,0.014038973,0.019407459
Oral_cavity_and_pharynx,Male,tie,,,2,0.40000001,0.0183993894179312,0.015441928,0.021356851
Oral_cavity_and_pharynx,Male,tie,,,2,0.44999999,0.0199429750442232,0.016734159,0.023151793
Oral_cavity_and_pharynx,Male,tie,,,2,0.5,0.0213674455734496,0.017927064,0.024807828
Oral_cavity_and_pharynx,Male,tie,,,2,0.55000001,0.0226844658585365,0.019030469,0.026338462
Oral_cavity_and_pharynx,Male,tie,,,2,0.60000002,0.0239041873624305,0.020052893,0.02775548
Oral_cavity_and_pharynx,Male,tie,,,2,0.64999998,0.0250354875236948,0.021001766,0.029069209
Oral_cavity_and_pharynx,Male,tie,,,2,0.69999999,0.0260861734638296,0.021883599,0.030288747
Oral_cavity_and_pharynx,Male,tie,,,2,0.75,0.0270631012729434,0.022704111,0.03142209
Oral_cavity_and_pharynx,Male,tie,,,2,0.80000001,0.0279717446111352,0.02346785,0.032475639
Oral_cavity_and_pharynx,Male,tie,,,2,0.85000002,0.0288165896137497,0.024178531,0.033454649
Oral_cavity_and_pharynx,Male,tie,,,2,0.89999998,0.029601819814797,0.024839621,0.034364019
Oral_cavity_and_pharynx,Male,tie,,,2,0.94999999,0.0303313489917683,0.025454359,0.035208341
Oral_cavity_and_pharynx,Male,tie,,,2,1.0,0.031008826064184,0.026025767,0.035991885
Oral_cavity_and_pharynx,Male,tie,,,2,1.05,0.0316255137233474,0.026546678,0.03670435
Oral_cavity_and_pharynx,Male,tie,,,2,1.1,0.0321962890163721,0.027029337,0.037363242
Oral_cavity_and_pharynx,Male,tie,,,2,1.15,0.0327241437757168,0.027476221,0.037972067
Oral_cavity_and_pharynx,Male,tie,,,2,1.2,0.0332118644221696,0.027889639,0.03853409
Oral_cavity_and_pharynx,Male,tie,,,2,1.25,0.0336620363136746,0.028271725,0.039052345
Oral_cavity_and_pharynx,Male,tie,,,2,1.3,0.0340770719797113,0.028624482,0.039529663
Oral_cavity_and_pharynx,Male,tie,,,2,1.35,0.0344593542970125,0.028949881,0.039968826
Oral_cavity_and_pharynx,Male,tie,,,2,1.4,0.0348112133013698,0.029249854,0.040372573
Oral_cavity_and_pharynx,Male,tie,,,2,1.45,0.035134785702857,0.02952617,0.040743403
Oral_cavity_and_pharynx,Male,tie,,,2,1.5,0.0354320217073738,0.029780446,0.041083597
Oral_cavity_and_pharynx,Male,tie,,,2,1.55,0.0357047094278175,0.030014168,0.041395251
Oral_cavity_and_pharynx,Male,tie,,,2,1.6,0.0359544889206669,0.030228695,0.041680284
Oral_cavity_and_pharynx,Male,tie,,,2,1.65,0.0361828653432417,0.030425277,0.041940454
Oral_cavity_and_pharynx,Male,tie,,,2,1.7,0.0363912259908775,0.030605067,0.042177387
Oral_cavity_and_pharynx,Male,tie,,,2,1.75,0.0365808474522636,0.030769126,0.042392571
Oral_cavity_and_pharynx,Male,tie,,,2,1.8,0.036752909451442,0.030918436,0.042587385
Oral_cavity_and_pharynx,Male,tie,,,2,1.85,0.0369085022900413,0.031053903,0.042763103
Oral_cavity_and_pharynx,Male,tie,,,2,1.9,0.0370486340602139,0.031176368,0.042920902
Oral_cavity_and_pharynx,Male,tie,,,2,1.95,0.0371742404225679,0.031286608,0.043061875
Oral_cavity_and_pharynx,Male,tie,,,2,2.0,0.0372861884354361,0.031385347,0.04318703
Oral_cavity_and_pharynx,Male,tie,,,2,2.05,0.0373698164077795,0.031460475,0.043279156
Oral_cavity_and_pharynx,Male,tie,,,2,2.0999999,0.0374412965773399,0.031525359,0.043357234
Oral_cavity_and_pharynx,Male,tie,,,2,2.1500001,0.0375013419179073,0.031580593,0.043422092
Oral_cavity_and_pharynx,Male,tie,,,2,2.2,0.0375506276053693,0.031626739,0.043474514
Oral_cavity_and_pharynx,Male,tie,,,2,2.25,0.0375898329083119,0.031664368,0.043515299
Oral_cavity_and_pharynx,Male,tie,,,2,2.3,0.0376195999934167,0.031694017,0.043545183
Oral_cavity_and_pharynx,Male,tie,,,2,2.3499999,0.0376405231802537,0.031716179,0.043564867
Oral_cavity_and_pharynx,Male,tie,,,2,2.4000001,0.0376531532066831,0.031731322,0.043574985
Oral_cavity_and_pharynx,Male,tie,,,2,2.45,0.0376580008250862,0.031739868,0.043576133
Oral_cavity_and_pharynx,Male,tie,,,2,2.5,0.037655540577915,0.031742219,0.043568864
Oral_cavity_and_pharynx,Male,tie,,,2,2.55,0.0376462136009269,0.031738739,0.043553688
Oral_cavity_and_pharynx,Male,tie,,,2,2.5999999,0.0376304304835227,0.03172978,0.043531083
Oral_cavity_and_pharynx,Male,tie,,,2,2.6500001,0.0376085736641277,0.031715658,0.043501489
Oral_cavity_and_pharynx,Male,tie,,,2,2.7,0.037581000151288,0.031696673,0.043465327
Oral_cavity_and_pharynx,Male,tie,,,2,2.75,0.0375480429577747,0.031673107,0.043422978
Oral_cavity_and_pharynx,Male,tie,,,2,2.8,0.0375100133618988,0.03164522,0.04337481
Oral_cavity_and_pharynx,Male,tie,,,2,2.8499999,0.0374672025179837,0.031613253,0.043321151
Oral_cavity_and_pharynx,Male,tie,,,2,2.9000001,0.0374198827676329,0.031577442,0.043262325
Oral_cavity_and_pharynx,Male,tie,,,2,2.95,0.0373683099734722,0.031537998,0.043198623
Oral_cavity_and_pharynx,Male,tie,,,2,3.0,0.0373127234491699,0.031495124,0.043130323
Oral_cavity_and_pharynx,Male,tie,,,2,3.05,0.0372368322745969,0.031435329,0.043038335
Oral_cavity_and_pharynx,Male,tie,,,2,3.0999999,0.0371574498658683,0.031372536,0.042942364
Oral_cavity_and_pharynx,Male,tie,,,2,3.1500001,0.0370747786366591,0.031306919,0.042842638
Oral_cavity_and_pharynx,Male,tie,,,2,3.2,0.0369890100920068,0.031238638,0.042739384
Oral_cavity_and_pharynx,Male,tie,,,2,3.25,0.0369003233134505,0.031167842,0.042632803
Oral_cavity_and_pharynx,Male,tie,,,2,3.3,0.0368088873034111,0.031094676,0.042523097
Oral_cavity_and_pharynx,Male,tie,,,2,3.3499999,0.0367148613176555,0.031019274,0.042410448
Oral_cavity_and_pharynx,Male,tie,,,2,3.4000001,0.0366183950613382,0.03094176,0.042295028
Oral_cavity_and_pharynx,Male,tie,,,2,3.45,0.0365196311500975,0.030862259,0.042177003
Oral_cavity_and_pharynx,Male,tie,,,2,3.5,0.0364187029110553,0.030780878,0.042056527
Oral_cavity_and_pharynx,Male,tie,,,2,3.55,0.0363157367305559,0.030697729,0.041933745
Oral_cavity_and_pharynx,Male,tie,,,2,3.5999999,0.0362108520789812,0.03061291,0.041808795
Oral_cavity_and_pharynx,Male,tie,,,2,3.6500001,0.0361041614408846,0.030526517,0.041681807
Oral_cavity_and_pharynx,Male,tie,,,2,3.7,0.03599577276862,0.030438641,0.041552905
Oral_cavity_and_pharynx,Male,tie,,,2,3.75,0.035885786808936,0.030349368,0.041422207
Oral_cavity_and_pharynx,Male,tie,,,2,3.8,0.0357742994820464,0.030258778,0.041289821
Oral_cavity_and_pharynx,Male,tie,,,2,3.8499999,0.0356614017038375,0.030166952,0.041155852
Oral_cavity_and_pharynx,Male,tie,,,2,3.9000001,0.0355471791416166,0.030073956,0.041020401
Oral_cavity_and_pharynx,Male,tie,,,2,3.95,0.0354317146811105,0.029979866,0.040883563
Oral_cavity_and_pharynx,Male,tie,,,2,4.0,0.0353150854202909,0.029884744,0.040745426
Oral_cavity_and_pharynx,Male,tie,,,2,4.0500002,0.0351805299661642,0.029774658,0.040586401
Oral_cavity_and_pharynx,Male,tie,,,2,4.0999999,0.0350451009339506,0.029663783,0.040426418
Oral_cavity_and_pharynx,Male,tie,,,2,4.1500001,0.0349088632656215,0.029552173,0.040265553
Oral_cavity_and_pharynx,Male,tie,,,2,4.1999998,0.0347718836834432,0.029439883,0.040103883
Oral_cavity_and_pharynx,Male,tie,,,2,4.25,0.0346342204915663,0.029326966,0.039941475
Oral_cavity_and_pharynx,Male,tie,,,2,4.3000002,0.0344959328826095,0.029213471,0.039778393
Oral_cavity_and_pharynx,Male,tie,,,2,4.3499999,0.0343570772138624,0.029099448,0.039614707
Oral_cavity_and_pharynx,Male,tie,,,2,4.4000001,0.0342177031652985,0.028984936,0.03945047
Oral_cavity_and_pharynx,Male,tie,,,2,4.4499998,0.0340778631689615,0.028869981,0.039285745
Oral_cavity_and_pharynx,Male,tie,,,2,4.5,0.0339376019160052,0.028754624,0.039120581
Oral_cavity_and_pharynx,Male,tie,,,2,4.5500002,0.0337969658102653,0.028638901,0.038955033
Oral_cavity_and_pharynx,Male,tie,,,2,4.5999999,0.0336559991049918,0.028522851,0.038789146
Oral_cavity_and_pharynx,Male,tie,,,2,4.6500001,0.0335147399676559,0.028406506,0.038622972
Oral_cavity_and_pharynx,Male,tie,,,2,4.6999998,0.0333732300044862,0.028289905,0.038456555
Oral_cavity_and_pharynx,Male,tie,,,2,4.75,0.033231503585657,0.028173074,0.038289934
Oral_cavity_and_pharynx,Male,tie,,,2,4.8000002,0.0330895973806021,0.028056046,0.038123149
Oral_cavity_and_pharynx,Male,tie,,,2,4.8499999,0.0329475464061067,0.02793885,0.037956242
Oral_cavity_and_pharynx,Male,tie,,,2,4.9000001,0.0328053800382259,0.027821513,0.037789248
Oral_cavity_and_pharynx,Male,tie,,,2,4.9499998,0.032663131576824,0.027704062,0.037622202
Oral_cavity_and_pharynx,Male,tie,,,2,5.0,0.0325208274749037,0.02758652,0.037455134
