site,sex,estimate,race,stage,agegroup,tt,PE,lci,uci
Breast,Female,AD,,,0,0.0,0.0,0.0,0.0
Breast,Female,AD,,,0,0.050000001,13.7346526107138,13.195591,14.273714
Breast,Female,AD,,,0,0.1,26.67621122909524,25.690508,27.661915
Breast,Female,AD,,,0,0.15000001,38.97515887570919,37.600761,40.349556
Breast,Female,AD,,,0,0.2,50.9305887723295,49.209904,52.651276
Breast,Female,AD,,,0,0.25,62.71682109075043,60.682983,64.750656
Breast,Female,AD,,,0,0.30000001,74.43044855756865,72.110367,76.750526
Breast,Female,AD,,,0,0.34999999,86.12127924144184,83.537361,88.705193
Breast,Female,AD,,,0,0.40000001,97.81065993000873,94.981926,100.63939
Breast,Female,AD,,,0,0.44999999,109.5024077752178,106.44523,112.55959
Breast,Female,AD,,,0,0.5,121.1896579921865,117.9183,124.46101
Breast,Female,AD,,,0,0.55000001,132.8591296514485,129.38614,136.33212
Breast,Female,AD,,,0,0.60000002,144.4939552913881,140.83046,148.15746
Breast,Female,AD,,,0,0.64999998,156.0755085756102,152.23148,159.91954
Breast,Female,AD,,,0,0.69999999,167.5846894898699,163.56906,171.60031
Breast,Female,AD,,,0,0.75,179.0026599272229,174.82356,183.18175
Breast,Female,AD,,,0,0.80000001,190.3114373343473,185.97627,194.64661
Breast,Female,AD,,,0,0.85000002,201.4942250005551,197.00975,205.9787
Breast,Female,AD,,,0,0.89999998,212.5356065919374,207.90804,217.16318
Breast,Female,AD,,,0,0.94999999,223.4217093917737,218.6568,228.18663
Breast,Female,AD,,,0,1.0,234.1401671148916,229.24324,239.03709
Breast,Female,AD,,,0,1.05,244.6562170640033,239.63303,249.67941
Breast,Female,AD,,,0,1.1,254.9830077958017,249.8382,260.12784
Breast,Female,AD,,,0,1.15,265.1126894080426,259.85062,270.37476
Breast,Female,AD,,,0,1.2,275.0388595762782,269.6636,280.41412
Breast,Female,AD,,,0,1.25,284.7562797557291,279.2717,290.24088
Breast,Female,AD,,,0,1.3,294.2609462602614,288.67065,299.85123
Breast,Female,AD,,,0,1.35,303.5499194048476,297.85736,309.24246
Breast,Female,AD,,,0,1.4,312.6211624238303,306.82962,318.41272
Breast,Female,AD,,,0,1.45,321.4736007258035,315.58612,327.36108
Breast,Female,AD,,,0,1.5,330.1068581210558,324.1264,336.08731
Breast,Female,AD,,,0,1.55,338.5213196764964,332.45068,344.59195
Breast,Female,AD,,,0,1.6,346.7199730523673,340.5618,352.87814
Breast,Female,AD,,,0,1.65,354.7150164642798,348.47165,360.95837
Breast,Female,AD,,,0,1.7,362.5205557853132,356.19406,368.84705
Breast,Female,AD,,,0,1.75,370.149697835441,363.74185,376.55756
Breast,Female,AD,,,0,1.8,377.6147291777378,371.12711,384.10236
Breast,Female,AD,,,0,1.85,384.9271057988051,378.36105,391.49316
Breast,Female,AD,,,0,1.9,392.0974488256874,385.45416,398.74075
Breast,Female,AD,,,0,1.95,399.1357105290696,392.4162,405.85522
Breast,Female,AD,,,0,2.0,406.0510805277898,399.25623,412.84592
Breast,Female,AD,,,0,2.05,412.8145127472741,405.94608,419.68295
Breast,Female,AD,,,0,2.0999999,419.4708687189567,412.52951,426.41223
Breast,Female,AD,,,0,2.1500001,426.0275905334281,419.01385,433.04132
Breast,Female,AD,,,0,2.2,432.4914815791532,425.40588,439.57709
Breast,Female,AD,,,0,2.25,438.868927583418,431.71185,446.026
Breast,Female,AD,,,0,2.3,445.16580267271,437.93759,452.39401
Breast,Female,AD,,,0,2.3499999,451.3875305517166,444.08847,458.68661
Breast,Female,AD,,,0,2.4000001,457.5390455377996,450.16934,464.90875
Breast,Female,AD,,,0,2.45,463.6201242659623,456.18008,471.06015
Breast,Female,AD,,,0,2.5,469.6240813947636,462.11411,477.13403
Breast,Female,AD,,,0,2.55,475.5443378117133,467.965,483.12366
Breast,Female,AD,,,0,2.5999999,481.3749514452978,473.72693,489.02298
Breast,Female,AD,,,0,2.6500001,487.110599046606,479.39468,494.82651
Breast,Female,AD,,,0,2.7,492.7464259796237,484.9635,500.52936
Breast,Female,AD,,,0,2.75,498.2781725734686,490.42923,506.12714
Breast,Female,AD,,,0,2.8,503.7020294648165,495.78812,511.61594
Breast,Female,AD,,,0,2.8499999,509.0146330083656,501.0369,516.99237
Breast,Female,AD,,,0,2.9000001,514.2130599040659,506.17267,522.25342
Breast,Female,AD,,,0,2.95,519.2947007249427,511.19293,527.39648
Breast,Female,AD,,,0,3.0,524.2573826000164,516.09552,532.41925
Breast,Female,AD,,,0,3.05,529.0519785060001,520.83252,537.27148
Breast,Female,AD,,,0,3.0999999,533.7238512383328,525.44812,541.99957
Breast,Female,AD,,,0,3.1500001,538.2718013114813,529.94122,546.60236
Breast,Female,AD,,,0,3.2,542.6948366082387,534.31085,551.07886
Breast,Female,AD,,,0,3.25,546.9923162344376,538.55634,555.42828
Breast,Female,AD,,,0,3.3,551.1657996808574,542.67932,559.65228
Breast,Female,AD,,,0,3.3499999,555.2199611762985,546.68433,563.75555
Breast,Female,AD,,,0,3.4000001,559.1595769431399,550.57617,567.74298
Breast,Female,AD,,,0,3.45,562.9891758612964,554.35925,571.61914
Breast,Female,AD,,,0,3.5,566.7131588161257,558.03796,575.38837
Breast,Female,AD,,,0,3.55,570.3357297098393,561.61646,579.05505
Breast,Female,AD,,,0,3.5999999,573.8609211480516,565.09869,582.62317
Breast,Female,AD,,,0,3.6500001,577.2926171372358,568.48853,586.09668
Breast,Female,AD,,,0,3.7,580.6344945181114,571.78967,589.47931
Breast,Female,AD,,,0,3.75,583.8901274233926,575.00555,592.77466
Breast,Female,AD,,,0,3.8,587.062927546795,578.13965,595.98621
Breast,Female,AD,,,0,3.8499999,590.1561667050596,581.19513,599.11725
Breast,Female,AD,,,0,3.9000001,593.1729968446339,584.17511,602.1709
Breast,Female,AD,,,0,3.95,596.1163984785933,587.08258,605.15021
Breast,Female,AD,,,0,4.0,598.9892723972955,589.92035,608.05817
Breast,Female,AD,,,0,4.0500002,601.7408356464146,592.63892,610.84277
Breast,Female,AD,,,0,4.0999999,604.4272332230296,595.29309,613.5614
Breast,Female,AD,,,0,4.1500001,607.0510767997628,597.8855,616.21661
Breast,Female,AD,,,0,4.1999998,609.6147724510017,600.41852,618.81104
Breast,Female,AD,,,0,4.25,612.120725468392,602.89453,621.34692
Breast,Female,AD,,,0,4.3000002,614.5711721076127,605.3158,623.8266
Breast,Female,AD,,,0,4.3499999,616.9682594726942,607.68433,626.2522
Breast,Female,AD,,,0,4.4000001,619.3141156895744,610.00232,628.62592
Breast,Female,AD,,,0,4.4499998,621.6106949022742,612.27167,630.94977
Breast,Female,AD,,,0,4.5,623.8599599722427,614.49432,633.22559
Breast,Female,AD,,,0,4.5500002,626.063731458152,616.67206,635.45538
Breast,Female,AD,,,0,4.5999999,628.2237585964274,618.8067,637.64081
Breast,Female,AD,,,0,4.6500001,630.3417823198213,620.8999,639.78369
Breast,Female,AD,,,0,4.6999998,632.4193950868944,622.95325,641.88556
Breast,Female,AD,,,0,4.75,634.4582054393211,624.96832,643.94812
Breast,Female,AD,,,0,4.8000002,636.4597010978862,626.94659,645.97284
Breast,Female,AD,,,0,4.8499999,638.4253126418938,628.88947,647.96112
Breast,Female,AD,,,0,4.9000001,640.3564706598784,630.79846,649.91449
Breast,Female,AD,,,0,4.9499998,642.2544777496223,632.67474,651.83423
Breast,Female,AD,,,0,5.0,644.1206582040743,634.51965,653.72168
Breast,Female,AD,,,1,0.0,0.0,0.0,0.0
Breast,Female,AD,,,1,0.050000001,9.315108601826402,8.9782181,9.6519985
Breast,Female,AD,,,1,0.1,18.60467781462079,17.983074,19.226282
Breast,Female,AD,,,1,0.15000001,27.77465148044974,26.89447,28.654833
Breast,Female,AD,,,1,0.2,36.92525853159409,35.805637,38.04488
Breast,Female,AD,,,1,0.25,46.12159020940584,44.777958,47.465221
Breast,Female,AD,,,1,0.30000001,55.39825309551717,53.843636,56.952869
Breast,Female,AD,,,1,0.34999999,64.76911752152608,63.014816,66.523422
Breast,Female,AD,,,1,0.40000001,74.2345200411224,72.290512,76.178528
Breast,Female,AD,,,1,0.44999999,83.78604274281815,81.661247,85.910835
Breast,Female,AD,,,1,0.5,93.40978539425689,91.112259,95.707314
Breast,Female,AD,,,1,0.55000001,103.088515755522,100.62559,105.55144
Breast,Female,AD,,,1,0.60000002,112.8032029023508,110.18159,115.42481
Breast,Female,AD,,,1,0.64999998,122.5340553076551,119.75993,125.30817
Breast,Female,AD,,,1,0.69999999,132.2613092867605,129.34039,135.18222
Breast,Female,AD,,,1,0.75,141.9656799168713,138.90329,145.02806
Breast,Female,AD,,,1,0.80000001,151.6287677416132,148.42986,154.82768
Breast,Female,AD,,,1,0.85000002,161.233289299643,157.90248,164.56409
Breast,Female,AD,,,1,0.89999998,170.7632196317813,167.30487,174.22156
Breast,Female,AD,,,1,0.94999999,180.2039249690675,176.62213,183.78572
Breast,Female,AD,,,1,1.0,189.5421317387277,185.84076,193.24352
Breast,Female,AD,,,1,1.05,198.7566521444472,194.93956,202.57375
Breast,Female,AD,,,1,1.1,207.8455463939848,203.91621,211.77489
Breast,Female,AD,,,1,1.15,216.7996063859783,212.76132,220.83789
Breast,Female,AD,,,1,1.2,225.6109643737101,221.46689,229.75505
Breast,Female,AD,,,1,1.25,234.2728492583058,230.02596,238.51974
Breast,Female,AD,,,1,1.3,242.7796555230869,238.4328,247.12651
Breast,Female,AD,,,1,1.35,251.1267965344531,246.68269,255.57089
Breast,Female,AD,,,1,1.4,259.3105636730897,254.77184,263.84927
Breast,Female,AD,,,1,1.45,267.3281827446896,262.69733,271.95905
Breast,Female,AD,,,1,1.5,275.1775781783803,270.457,279.89816
Breast,Female,AD,,,1,1.55,282.8574312019895,278.04944,287.66544
Breast,Female,AD,,,1,1.6,290.3687460852393,285.47549,295.26199
Breast,Female,AD,,,1,1.65,297.7205147483817,292.74399,302.69705
Breast,Female,AD,,,1,1.7,304.923527934252,299.86542,309.98163
Breast,Female,AD,,,1,1.75,311.9878703566534,306.84973,317.12604
Breast,Female,AD,,,1,1.8,318.9230632538882,313.70618,324.13995
Breast,Female,AD,,,1,1.85,325.7380351653242,320.4436,331.03247
Breast,Female,AD,,,1,1.9,332.441099427306,327.0701,337.8121
Breast,Female,AD,,,1,1.95,339.0400926444084,333.59341,344.48676
Breast,Female,AD,,,1,2.0,345.5422722339367,340.02072,351.06384
Breast,Female,AD,,,1,2.05,351.9375132538426,346.34204,357.53299
Breast,Female,AD,,,1,2.0999999,358.2485278045671,352.57974,363.91733
Breast,Female,AD,,,1,2.1500001,364.4812475235215,358.73962,370.22287
Breast,Female,AD,,,1,2.2,370.6410956647749,364.82709,376.45511
Breast,Female,AD,,,1,2.25,376.733187890758,370.84717,382.61923
Breast,Female,AD,,,1,2.3,382.762234636955,376.80447,388.72
Breast,Female,AD,,,1,2.3499999,388.7325916483871,382.70337,394.76181
Breast,Female,AD,,,1,2.4000001,394.6482225893175,388.54776,400.74869
Breast,Female,AD,,,1,2.45,400.5085401634785,394.3371,406.67999
Breast,Female,AD,,,1,2.5,406.3072271472457,400.06516,412.54929
Breast,Female,AD,,,1,2.55,412.0380367643302,405.72586,418.35022
Breast,Female,AD,,,1,2.5999999,417.6952698158923,411.31357,424.07697
Breast,Female,AD,,,1,2.6500001,423.2737653172215,416.82327,429.72427
Breast,Female,AD,,,1,2.7,428.7687618239405,422.25024,435.28726
Breast,Female,AD,,,1,2.75,434.176027063893,427.59039,440.76166
Breast,Female,AD,,,1,2.8,439.4917233857539,432.8399,446.14355
Breast,Female,AD,,,1,2.8499999,444.712408746715,437.99542,451.42941
Breast,Female,AD,,,1,2.9000001,449.8350367860112,443.05396,456.61612
Breast,Female,AD,,,1,2.95,454.8568369553648,448.01276,461.7009
Breast,Female,AD,,,1,3.0,459.7754397854679,452.86957,466.68134
Breast,Female,AD,,,1,3.05,464.5644622588302,457.59842,471.53049
Breast,Female,AD,,,1,3.0999999,469.2459621373399,462.22101,476.2709
Breast,Female,AD,,,1,3.1500001,473.8184502019885,466.73587,480.90103
Breast,Female,AD,,,1,3.2,478.280625410786,471.14172,485.41953
Breast,Female,AD,,,1,3.25,482.6315189142585,475.43762,489.82541
Breast,Female,AD,,,1,3.3,486.8721407343054,479.62454,494.11972
Breast,Female,AD,,,1,3.3499999,491.006310705016,483.7063,498.3063
Breast,Female,AD,,,1,3.4000001,495.0379712733024,487.6868,502.38916
Breast,Female,AD,,,1,3.45,498.9708635965272,491.5697,506.37204
Breast,Female,AD,,,1,3.5,502.8086469120277,495.35864,510.25867
Breast,Female,AD,,,1,3.55,506.554825356993,499.0571,514.05255
Breast,Female,AD,,,1,3.5999999,510.2127717026834,502.66837,517.75714
Breast,Female,AD,,,1,3.6500001,513.7857485037268,506.19574,521.37573
Breast,Female,AD,,,1,3.7,517.2768446724801,509.64221,524.9115
Breast,Female,AD,,,1,3.75,520.6890819732466,513.0108,528.36737
Breast,Female,AD,,,1,3.8,524.02535073303,516.30438,531.74634
Breast,Female,AD,,,1,3.8499999,527.2884312608429,519.5257,535.05121
Breast,Female,AD,,,1,3.9000001,530.481013008824,522.67737,538.28467
Breast,Female,AD,,,1,3.95,533.6056380263889,525.76196,541.44934
Breast,Female,AD,,,1,4.0,536.6647961903353,528.78186,544.54773
Breast,Female,AD,,,1,4.0500002,539.6311110707029,531.71033,547.55188
Breast,Female,AD,,,1,4.0999999,542.5363296835593,534.57843,550.4942
Breast,Female,AD,,,1,4.1500001,545.3827201822264,537.38855,553.37689
Breast,Female,AD,,,1,4.1999998,548.1723570228992,540.14258,556.20215
Breast,Female,AD,,,1,4.25,550.9073415781718,542.84271,558.97198
Breast,Female,AD,,,1,4.3000002,553.5896177843595,545.49078,561.68842
Breast,Female,AD,,,1,4.3499999,556.2210573353067,548.08875,564.35339
Breast,Female,AD,,,1,4.4000001,558.8035357069391,550.63837,566.96869
Breast,Female,AD,,,1,4.4499998,561.3387605377591,553.14142,569.53613
Breast,Female,AD,,,1,4.5,563.8284715063818,555.59955,572.05737
Breast,Female,AD,,,1,4.5500002,566.274272615838,558.0144,574.53418
Breast,Female,AD,,,1,4.5999999,568.6777091677807,560.38745,576.96796
Breast,Female,AD,,,1,4.6500001,571.040337091935,562.72028,579.36041
Breast,Female,AD,,,1,4.6999998,573.3635658188284,565.01428,581.71283
Breast,Female,AD,,,1,4.75,575.648840851166,567.27087,584.02679
Breast,Female,AD,,,1,4.8000002,577.8974898854567,569.49133,586.30365
Breast,Female,AD,,,1,4.8499999,580.1107929213329,571.677,588.54456
Breast,Female,AD,,,1,4.9000001,582.2900459937736,573.8291,590.75098
Breast,Female,AD,,,1,4.9499998,584.4364161247765,575.94885,592.92401
Breast,Female,AD,,,1,5.0,586.5511094568394,578.03735,595.06488
Breast,Female,AD,,,2,0.0,0.0,0.0,0.0
Breast,Female,AD,,,2,0.050000001,4.422624656276908,4.054924,4.7903256
Breast,Female,AD,,,2,0.1,8.076877454115449,7.4092431,8.7445116
Breast,Female,AD,,,2,0.15000001,11.20757605959222,10.289537,12.125614
Breast,Female,AD,,,2,0.2,14.01377991025384,12.881614,15.145946
Breast,Female,AD,,,2,0.25,16.60482334480844,15.286477,17.92317
Breast,Female,AD,,,2,0.30000001,19.04275273952731,17.560486,20.525021
Breast,Female,AD,,,2,0.34999999,21.36354184963124,19.735504,22.991579
Breast,Female,AD,,,2,0.40000001,23.58822334401387,21.829481,25.346966
Breast,Female,AD,,,2,0.44999999,25.72904687768291,23.852285,27.605808
Breast,Female,AD,,,2,0.5,27.79305789447724,25.809086,29.777029
Breast,Female,AD,,,2,0.55000001,29.78421498979171,27.702337,31.866093
Breast,Female,AD,,,2,0.60000002,31.70468731588275,29.532986,33.876389
Breast,Female,AD,,,2,0.64999998,33.55564481907243,31.301195,35.810093
Breast,Female,AD,,,2,0.69999999,35.3377553835322,33.006802,37.668709
Breast,Female,AD,,,2,0.75,37.05146972181722,34.649555,39.453384
Breast,Female,AD,,,2,0.80000001,38.69720844470591,36.22929,41.165127
Breast,Female,AD,,,2,0.85000002,40.27546188754719,37.745995,42.804928
Breast,Female,AD,,,2,0.89999998,41.7868421677172,39.199856,44.373829
Breast,Female,AD,,,2,0.94999999,43.23211374616346,40.591267,45.872959
Breast,Female,AD,,,2,1.0,44.61218723466249,41.920822,47.303555
Breast,Female,AD,,,2,1.05,45.91347695388966,43.175655,48.651299
Breast,Female,AD,,,2,1.1,47.15108775095013,44.369659,49.932518
Breast,Female,AD,,,2,1.15,48.32638091128565,45.503975,51.148788
Breast,Female,AD,,,2,1.2,49.44082482070599,46.57988,52.301769
Breast,Female,AD,,,2,1.25,50.49595487433587,47.598743,53.393166
Breast,Female,AD,,,2,1.3,51.49337561131702,48.562012,54.42474
Breast,Female,AD,,,2,1.35,52.43473655652407,49.471199,55.398273
Breast,Female,AD,,,2,1.4,53.32171201094972,50.327858,56.315567
Breast,Female,AD,,,2,1.45,54.15600388891046,51.133575,57.178432
Breast,Female,AD,,,2,1.5,54.93931375891125,51.889954,57.988674
Breast,Female,AD,,,2,1.55,55.67334751800547,52.598606,58.748089
Breast,Female,AD,,,2,1.6,56.36009050221878,53.261414,59.458767
Breast,Female,AD,,,2,1.65,57.00275084588051,53.881435,60.124065
Breast,Female,AD,,,2,1.7,57.60464531588021,54.461834,60.747456
Breast,Female,AD,,,2,1.75,58.16879746645375,55.005501,61.332092
Breast,Female,AD,,,2,1.8,58.697973895394,55.515087,61.880863
Breast,Female,AD,,,2,1.85,59.19470317333082,55.993019,62.396389
Breast,Female,AD,,,2,1.9,59.66129408823076,56.441517,62.881073
Breast,Female,AD,,,2,1.95,60.0998631822753,56.862617,63.337109
Breast,Female,AD,,,2,2.0,60.51234343930516,57.25819,63.766495
Breast,Female,AD,,,2,2.05,60.8797952635723,57.610519,64.149071
Breast,Female,AD,,,2,2.0999999,61.22438777455055,57.940441,64.508331
Breast,Female,AD,,,2,2.1500001,61.54763199118239,58.249424,64.84584
Breast,Female,AD,,,2,2.2,61.85090856421226,58.538811,65.16301
Breast,Female,AD,,,2,2.25,62.13548801152093,58.80983,65.461143
Breast,Female,AD,,,2,2.3,62.40253443507552,59.063622,65.741447
Breast,Female,AD,,,2,2.3499999,62.65311616588257,59.30122,66.005013
Breast,Female,AD,,,2,2.4000001,62.8882041936959,59.523575,66.252831
Breast,Female,AD,,,2,2.45,63.10816294352952,59.731064,66.48526
Breast,Female,AD,,,2,2.5,63.31262502319241,59.923367,66.701881
Breast,Female,AD,,,2,2.55,63.50125884793057,60.100201,66.902321
Breast,Female,AD,,,2,2.5999999,63.67382229524115,60.261364,67.086281
Breast,Female,AD,,,2,2.6500001,63.83015384199885,60.406734,67.253571
Breast,Female,AD,,,2,2.7,63.97016104077377,60.536251,67.404076
Breast,Female,AD,,,2,2.75,64.09381721369127,60.649906,67.537727
Breast,Female,AD,,,2,2.8,64.20115135927506,60.747753,67.654549
Breast,Female,AD,,,2,2.8499999,64.29224256908311,60.829891,67.754593
Breast,Female,AD,,,2,2.9000001,64.36721457556294,60.896454,67.837975
Breast,Female,AD,,,2,2.95,64.42622916361171,60.94762,67.904839
Breast,Female,AD,,,2,3.0,64.46948356204258,60.983593,67.955376
Breast,Female,AD,,,2,3.05,64.47421409067982,60.983078,67.965347
Breast,Female,AD,,,2,3.0999999,64.46374682478404,60.967949,67.959549
Breast,Female,AD,,,2,3.1500001,64.4383720720036,60.938488,67.938255
Breast,Female,AD,,,2,3.2,64.3983993184853,60.895008,67.901787
Breast,Female,AD,,,2,3.25,64.34415704239294,60.837837,67.850479
Breast,Female,AD,,,2,3.3,64.27619512186604,60.767513,67.784882
Breast,Female,AD,,,2,3.3499999,64.19536818929353,60.684856,67.705879
Breast,Female,AD,,,2,3.4000001,64.10251021401166,60.590679,67.614342
Breast,Female,AD,,,2,3.45,63.99840909881297,60.485744,67.511078
Breast,Female,AD,,,2,3.5,63.88380663715159,60.370762,67.396851
Breast,Female,AD,,,2,3.55,63.75940272213103,60.246414,67.272392
Breast,Female,AD,,,2,3.5999999,63.62585729672207,60.113335,67.138382
Breast,Female,AD,,,2,3.6500001,63.48379189982796,59.97213,66.995453
Breast,Female,AD,,,2,3.7,63.33379454175554,59.82336,66.844223
Breast,Female,AD,,,2,3.75,63.17641764669017,59.667568,66.685265
Breast,Female,AD,,,2,3.8,63.01218262722458,59.505249,66.519112
Breast,Female,AD,,,2,3.8499999,62.84158102450053,59.336884,66.346275
Breast,Female,AD,,,2,3.9000001,62.66507535128102,59.162918,66.167236
Breast,Female,AD,,,2,3.95,62.48310409007868,58.983768,65.982437
Breast,Female,AD,,,2,4.0,62.29607815306019,58.799843,65.792313
Breast,Female,AD,,,2,4.0500002,62.08057080823932,58.589272,65.571869
Breast,Female,AD,,,2,4.0999999,61.86100053104866,58.374882,65.347122
Breast,Female,AD,,,2,4.1500001,61.63771080653893,58.156994,65.118423
Breast,Female,AD,,,2,4.1999998,61.41103324024348,57.935936,64.886131
Breast,Female,AD,,,2,4.25,61.18127170413109,57.711994,64.650551
Breast,Female,AD,,,2,4.3000002,60.94871848596514,57.485455,64.41198
Breast,Female,AD,,,2,4.3499999,60.7136489590371,57.25658,64.170715
Breast,Female,AD,,,2,4.4000001,60.4763157114235,57.025616,63.927013
Breast,Female,AD,,,2,4.4499998,60.2369652098794,56.792797,63.681133
Breast,Female,AD,,,2,4.5,59.99582056782333,56.558338,63.433304
Breast,Female,AD,,,2,4.5500002,59.75309828843905,56.322445,63.18375
Breast,Female,AD,,,2,4.5999999,59.5090022509296,56.08532,62.932686
Breast,Female,AD,,,2,4.6500001,59.26371738060226,55.847134,62.680298
Breast,Female,AD,,,2,4.6999998,59.01742665162274,55.60807,62.426785
Breast,Female,AD,,,2,4.75,58.77029302129779,55.368275,62.17231
Breast,Female,AD,,,2,4.8000002,58.52247644989387,55.127911,61.917042
Breast,Female,AD,,,2,4.8499999,58.27412745141669,54.887115,61.66114
Breast,Female,AD,,,2,4.9000001,58.02538049375315,54.646023,61.404739
Breast,Female,AD,,,2,4.9499998,57.77637109098518,54.404758,61.147984
Breast,Female,AD,,,2,5.0,57.52721730626766,54.163437,60.890995
Breast,Female,ADa,,,0,0.0,0.0,0.0,0.0
Breast,Female,ADa,,,0,0.050000001,4.041078012136378,4.0030289,4.0791273
Breast,Female,ADa,,,0,0.1,8.273996425407425,8.2008333,8.3471603
Breast,Female,ADa,,,0,0.15000001,12.46554253976799,12.361545,12.569541
Breast,Female,ADa,,,0,0.2,16.74137741975707,16.609831,16.872923
Breast,Female,ADa,,,0,0.25,21.17904163544462,21.02252,21.335562
Breast,Female,ADa,,,0,0.30000001,25.81596759336715,25.636541,25.995394
Breast,Female,ADa,,,0,0.34999999,30.66369591571448,30.463064,30.864326
Breast,Female,ADa,,,0,0.40000001,35.71773202979672,35.497318,35.938145
Breast,Female,ADa,,,0,0.44999999,40.96382099243235,40.724834,41.202808
Breast,Female,ADa,,,0,0.5,46.38199352399852,46.125481,46.638508
Breast,Female,ADa,,,0,0.55000001,51.94914896921914,51.676018,52.222279
Breast,Female,ADa,,,0,0.60000002,57.64077994081396,57.351845,57.929718
Breast,Female,ADa,,,0,0.64999998,63.4321003024599,63.128078,63.736122
Breast,Female,ADa,,,0,0.69999999,69.2988318773642,68.980385,69.617279
Breast,Female,ADa,,,0,0.75,75.21766534615065,74.885384,75.549942
Breast,Female,ADa,,,0,0.80000001,81.16661237515143,80.821053,81.512169
Breast,Female,ADa,,,0,0.85000002,87.12519782906551,86.766876,87.483521
Breast,Female,ADa,,,0,0.89999998,93.07456183654251,92.703957,93.445168
Breast,Female,ADa,,,0,0.94999999,98.99753235538331,98.615097,99.379974
Breast,Female,ADa,,,0,1.0,104.8785798178568,104.48474,105.27242
Breast,Female,ADa,,,0,1.05,110.6933467241981,110.28854,111.09814
Breast,Female,ADa,,,0,1.1,116.4392489108797,116.02388,116.85462
Breast,Female,ADa,,,0,1.15,122.1054639671582,121.6799,122.53103
Breast,Female,ADa,,,0,1.2,127.6826265627671,127.24722,128.11803
Breast,Female,ADa,,,0,1.25,133.1626261732025,132.71773,133.60751
Breast,Female,ADa,,,0,1.3,138.5386034371895,138.08455,138.99265
Breast,Female,ADa,,,0,1.35,143.8048115120459,143.34193,144.26768
Breast,Female,ADa,,,0,1.4,148.9564833784834,148.48509,149.42789
Breast,Female,ADa,,,0,1.45,153.9898258083954,153.51021,154.46944
Breast,Female,ADa,,,0,1.5,158.9018318133027,158.41431,159.38936
Breast,Female,ADa,,,0,1.55,163.6902806090708,163.19511,164.18544
Breast,Female,ADa,,,0,1.6,168.3545982443264,167.8521,168.8571
Breast,Female,ADa,,,0,1.65,172.8991055820152,172.38951,173.40871
Breast,Female,ADa,,,0,1.7,177.3294632494544,176.81302,177.84592
Breast,Female,ADa,,,0,1.75,181.6511789633844,181.12811,182.17426
Breast,Female,ADa,,,0,1.8,185.8696484149339,185.34016,186.39914
Breast,Female,ADa,,,0,1.85,189.9900969145881,189.45439,190.5258
Breast,Female,ADa,,,0,1.9,194.0175321206139,193.4758,194.55927
Breast,Female,ADa,,,0,1.95,197.9567988213257,197.40923,198.50438
Breast,Female,ADa,,,0,2.0,201.8124931192379,201.25923,202.36575
Breast,Female,ADa,,,0,2.05,205.572404881358,205.01367,206.13115
Breast,Female,ADa,,,0,2.0999999,209.25706165378,208.69301,209.82112
Breast,Female,ADa,,,0,2.1500001,212.8704650292398,212.30124,213.4397
Breast,Female,ADa,,,0,2.2,216.4163472450637,215.8421,216.9906
Breast,Female,ADa,,,0,2.25,219.8982782037916,219.31915,220.47742
Breast,Female,ADa,,,0,2.3,223.3196010730318,222.73573,223.90347
Breast,Female,ADa,,,0,2.3499999,226.6834554156079,226.09499,227.27193
Breast,Female,ADa,,,0,2.4000001,229.9927552626165,229.39983,230.58569
Breast,Female,ADa,,,0,2.45,233.2480334895723,232.65077,233.84529
Breast,Female,ADa,,,0,2.5,236.4468396849148,235.8454,237.04828
Breast,Female,ADa,,,0,2.55,239.5867339973758,238.98126,240.1922
Breast,Female,ADa,,,0,2.5999999,242.6655378075835,242.05621,243.27487
Breast,Female,ADa,,,0,2.6500001,245.6813317798137,245.0683,246.29436
Breast,Female,ADa,,,0,2.7,248.6323835476284,248.01582,249.24895
Breast,Female,ADa,,,0,2.75,251.517219860811,250.89729,252.13715
Breast,Female,ADa,,,0,2.8,254.3345554396549,253.71144,254.95767
Breast,Female,ADa,,,0,2.8499999,257.0832949372136,256.45715,257.70944
Breast,Female,ADa,,,0,2.9000001,259.7625336485613,259.13354,260.39151
Breast,Female,ADa,,,0,2.95,262.3714954517889,261.73987,263.00314
Breast,Female,ADa,,,0,3.0,264.9095987413148,264.27545,265.54373
Breast,Female,ADa,,,0,3.05,267.3565025738334,266.72009,267.99292
Breast,Female,ADa,,,0,3.0999999,269.7317480873467,269.09323,270.37027
Breast,Female,ADa,,,0,3.1500001,272.0351757186983,271.39471,272.67563
Breast,Female,ADa,,,0,3.2,274.2667106834908,273.62448,274.90897
Breast,Female,ADa,,,0,3.25,276.4264378797569,275.78259,277.07028
Breast,Female,ADa,,,0,3.3,278.5155796148006,277.87027,279.16089
Breast,Female,ADa,,,0,3.3499999,280.5369826877491,279.89035,281.18359
Breast,Female,ADa,,,0,3.4000001,282.4935346958713,281.84573,283.14133
Breast,Female,ADa,,,0,3.45,284.3879823918109,283.73917,285.0368
Breast,Female,ADa,,,0,3.5,286.2229911412531,285.57327,286.87271
Breast,Female,ADa,,,0,3.55,288.0011108957018,287.35065,288.65158
Breast,Female,ADa,,,0,3.5999999,289.7247893027581,289.07367,290.37592
Breast,Female,ADa,,,0,3.6500001,291.3963831953517,290.74475,292.04803
Breast,Female,ADa,,,0,3.7,293.0181305812264,292.36606,293.6702
Breast,Female,ADa,,,0,3.75,294.5922020354235,293.93982,295.24457
Breast,Female,ADa,,,0,3.8,296.1206721095728,295.46808,296.77325
Breast,Female,ADa,,,0,3.8499999,297.6055308826055,296.95285,298.25821
Breast,Female,ADa,,,0,3.9000001,299.0486941221436,298.396,299.70142
Breast,Female,ADa,,,0,3.95,300.4519792453169,299.79935,301.10461
Breast,Female,ADa,,,0,4.0,301.8171497858137,301.16467,302.46964
Breast,Female,ADa,,,0,4.0500002,303.1246834747382,302.4725,303.77689
Breast,Female,ADa,,,0,4.0999999,304.3974985200637,303.74567,305.04932
Breast,Female,ADa,,,0,4.1500001,305.6371738607286,304.98578,306.28857
Breast,Female,ADa,,,0,4.1999998,306.845177116494,306.19431,307.49606
Breast,Female,ADa,,,0,4.25,308.0229619435292,307.37265,308.67325
Breast,Female,ADa,,,0,4.3000002,309.1718892342133,308.52225,309.82153
Breast,Female,ADa,,,0,4.3499999,310.293265417044,309.64432,310.9422
Breast,Female,ADa,,,0,4.4000001,311.3883756976935,310.7402,312.03656
Breast,Female,ADa,,,0,4.4499998,312.4584121194858,311.81107,313.10577
Breast,Female,ADa,,,0,4.5,313.5045593676505,312.85809,314.15103
Breast,Female,ADa,,,0,4.5500002,314.5279248402304,313.88239,315.17346
Breast,Female,ADa,,,0,4.5999999,315.5295722555522,314.88504,316.1741
Breast,Female,ADa,,,0,4.6500001,316.5105512586601,315.86703,317.15405
Breast,Female,ADa,,,0,4.6999998,317.4718328866322,316.82941,318.11426
Breast,Female,ADa,,,0,4.75,318.4143862158211,317.7731,319.05566
Breast,Female,ADa,,,0,4.8000002,319.3391153981031,318.69901,319.97925
Breast,Female,ADa,,,0,4.8499999,320.2468895358592,319.60797,320.8858
Breast,Female,ADa,,,0,4.9000001,321.1385694231602,320.50092,321.77621
Breast,Female,ADa,,,0,4.9499998,322.0149487924256,321.37857,322.65131
Breast,Female,ADa,,,0,5.0,322.8768237793434,322.24179,323.51187
Breast,Female,ADa,,,1,0.0,0.0,0.0,0.0
Breast,Female,ADa,,,1,0.050000001,2.231675138701915,2.2094975,2.2538528
Breast,Female,ADa,,,1,0.1,4.968246035632014,4.9209681,5.0155239
Breast,Female,ADa,,,1,0.15000001,7.900937307427853,7.8291235,7.9727511
Breast,Female,ADa,,,1,0.2,11.0493178086361,10.953984,11.144651
Breast,Female,ADa,,,1,0.25,14.43359362461956,14.315863,14.551324
Breast,Female,ADa,,,1,0.30000001,18.06093110249536,17.921921,18.199942
Breast,Female,ADa,,,1,0.34999999,21.92752259899639,21.768299,22.086746
Breast,Female,ADa,,,1,0.40000001,26.02185454921265,25.843418,26.200291
Breast,Female,ADa,,,1,0.44999999,30.32730673150294,30.130589,30.524025
Breast,Female,ADa,,,1,0.5,34.82407966046897,34.60994,35.038219
Breast,Female,ADa,,,1,0.55000001,39.49054539472489,39.259781,39.72131
Breast,Female,ADa,,,1,0.60000002,44.30424253163494,44.057587,44.5509
Breast,Female,ADa,,,1,0.64999998,49.24258055737494,48.980709,49.504452
Breast,Female,ADa,,,1,0.69999999,54.2833799494941,54.006927,54.559834
Breast,Female,ADa,,,1,0.75,59.40520807183997,59.114754,59.69566
Breast,Female,ADa,,,1,0.80000001,64.58766425656255,64.28376,64.891571
Breast,Female,ADa,,,1,0.85000002,69.81155148890961,69.494705,70.128403
Breast,Female,ADa,,,1,0.89999998,75.0589823704629,74.729668,75.388298
Breast,Female,ADa,,,1,0.94999999,80.313465559943,79.972137,80.654793
Breast,Female,ADa,,,1,1.0,85.55989009024725,85.20697,85.912804
Breast,Female,ADa,,,1,1.05,90.78070353168071,90.416618,91.144791
Breast,Female,ADa,,,1,1.1,95.96699854065272,95.592125,96.341873
Breast,Female,ADa,,,1,1.15,101.1077129435781,100.72242,101.49301
Breast,Female,ADa,,,1,1.2,106.1930835211007,105.79772,106.58845
Breast,Female,ADa,,,1,1.25,111.2144780545219,110.80938,111.61958
Breast,Female,ADa,,,1,1.3,116.1644052071246,115.74989,116.57892
Breast,Female,ADa,,,1,1.35,121.0363993035402,120.61279,121.46001
Breast,Female,ADa,,,1,1.4,125.8249073754615,125.3925,126.25731
Breast,Female,ADa,,,1,1.45,130.5252918627044,130.08438,130.9662
Breast,Female,ADa,,,1,1.5,135.1336631581574,134.68454,135.58279
Breast,Female,ADa,,,1,1.55,139.6468852123336,139.1898,140.10396
Breast,Female,ADa,,,1,1.6,144.0633274569408,143.59857,144.52808
Breast,Female,ADa,,,1,1.65,148.3857251809964,147.91354,148.85791
Breast,Female,ADa,,,1,1.7,152.6180994652282,152.13872,153.09747
Breast,Female,ADa,,,1,1.75,156.7644369193792,156.27808,157.25079
Breast,Female,ADa,,,1,1.8,160.828720012362,160.33559,161.32185
Breast,Female,ADa,,,1,1.85,164.8148633487525,164.31514,165.31459
Breast,Female,ADa,,,1,1.9,168.7266603131616,168.22054,169.23279
Breast,Female,ADa,,,1,1.95,172.5678291611258,172.05547,173.0802
Breast,Female,ADa,,,1,2.0,176.3419231582241,175.82349,176.86035
Breast,Female,ADa,,,1,2.05,180.0446456042351,179.52032,180.56897
Breast,Female,ADa,,,1,2.0999999,183.6867339260358,183.15669,184.21678
Breast,Female,ADa,,,1,2.1500001,187.271345767394,186.73572,187.80698
Breast,Female,ADa,,,1,2.2,190.8014319031445,190.26038,191.3425
Breast,Female,ADa,,,1,2.25,194.2798377347641,193.73349,194.82619
Breast,Female,ADa,,,1,2.3,197.7092351216878,197.15773,198.26073
Breast,Female,ADa,,,1,2.3499999,201.0921412762617,200.53563,201.64865
Breast,Female,ADa,,,1,2.4000001,204.4308965260873,203.86952,204.99228
Breast,Female,ADa,,,1,2.45,207.7256578527518,207.15955,208.29176
Breast,Female,ADa,,,1,2.5,210.9738266456762,210.40314,211.54453
Breast,Female,ADa,,,1,2.55,214.1728030575121,213.59769,214.74792
Breast,Female,ADa,,,1,2.5999999,217.3202215039449,216.74083,217.89961
Breast,Female,ADa,,,1,2.6500001,220.413952784172,219.83046,220.99744
Breast,Female,ADa,,,1,2.7,223.4520335782639,222.86462,224.03944
Breast,Female,ADa,,,1,2.75,226.4327438636855,225.84158,227.02391
Breast,Female,ADa,,,1,2.8,229.3545370845183,228.7598,229.94928
Breast,Female,ADa,,,1,2.8499999,232.216044964281,231.61789,232.81419
Breast,Female,ADa,,,1,2.9000001,235.0160810742938,234.4147,235.61745
Breast,Female,ADa,,,1,2.95,237.7535784788917,237.14915,238.358
Breast,Female,ADa,,,1,3.0,240.4276609733238,239.82037,241.03494
Breast,Female,ADa,,,1,3.05,243.0263944347262,242.41644,243.63635
Breast,Female,ADa,,,1,3.0999999,245.560150706768,244.94771,246.17259
Breast,Female,ADa,,,1,3.1500001,248.0284627384402,247.4137,248.64322
Breast,Female,ADa,,,1,3.2,250.4309465666753,249.81404,251.04785
Breast,Female,ADa,,,1,3.25,252.7673807500121,252.14848,253.38628
Breast,Female,ADa,,,1,3.3,255.0386096849666,254.41789,255.65932
Breast,Female,ADa,,,1,3.3499999,257.2470048311088,256.62463,257.86938
Breast,Female,ADa,,,1,3.4000001,259.3949987616792,258.77112,260.01889
Breast,Female,ADa,,,1,3.45,261.4849088761994,260.85965,262.11017
Breast,Female,ADa,,,1,3.5,263.5190007091891,262.89252,264.14551
Breast,Female,ADa,,,1,3.55,265.4994487213243,264.87186,266.12704
Breast,Female,ADa,,,1,3.5999999,267.4283488420755,266.79977,268.05692
Breast,Female,ADa,,,1,3.6500001,269.3077295617311,268.67831,269.93716
Breast,Female,ADa,,,1,3.7,271.1395186258962,270.50937,271.76968
Breast,Female,ADa,,,1,3.75,272.9255991272181,272.29483,273.55637
Breast,Female,ADa,,,1,3.8,274.6677757830054,274.0365,275.29907
Breast,Female,ADa,,,1,3.8499999,276.3677863579042,275.73608,276.99948
Breast,Female,ADa,,,1,3.9000001,278.0273118095479,277.39529,278.65933
Breast,Female,ADa,,,1,3.95,279.6479471268133,279.01572,280.28018
Breast,Female,ADa,,,1,4.0,281.2312510558287,280.59891,281.86362
Breast,Female,ADa,,,1,4.0500002,282.7651337807621,282.13278,283.39749
Breast,Female,ADa,,,1,4.0999999,284.2644911278616,283.63223,284.89676
Breast,Female,ADa,,,1,4.1500001,285.7307402687186,285.09863,286.36285
Breast,Female,ADa,,,1,4.1999998,287.1651899749473,286.53333,287.79706
Breast,Female,ADa,,,1,4.25,288.5691545415905,287.93759,289.20071
Breast,Female,ADa,,,1,4.3000002,289.9438591989779,289.31268,290.57501
Breast,Female,ADa,,,1,4.3499999,291.2904842802792,290.65979,291.9212
Breast,Female,ADa,,,1,4.4000001,292.6102042996583,291.98001,293.24039
Breast,Female,ADa,,,1,4.4499998,293.9041004367513,293.27451,294.53369
Breast,Female,ADa,,,1,4.5,295.1732629517318,294.54431,295.80222
Breast,Female,ADa,,,1,4.5500002,296.4187058054544,295.79047,297.04694
Breast,Female,ADa,,,1,4.5999999,297.6414062524943,297.01392,298.26889
Breast,Female,ADa,,,1,4.6500001,298.8423403005037,298.21567,299.46899
Breast,Female,ADa,,,1,4.6999998,300.0224030398619,299.39661,300.64819
Breast,Female,ADa,,,1,4.75,301.1825016885341,300.55762,301.80737
Breast,Female,ADa,,,1,4.8000002,302.3234776382292,301.69958,302.94739
Breast,Female,ADa,,,1,4.8499999,303.4461423090427,302.82324,304.06903
Breast,Female,ADa,,,1,4.9000001,304.5513096681008,303.92947,305.17316
Breast,Female,ADa,,,1,4.9499998,305.6397228684274,305.01898,306.26047
Breast,Female,ADa,,,1,5.0,306.7121397217439,306.09253,307.33173
Breast,Female,ADa,,,2,0.0,0.0,0.0,0.0
Breast,Female,ADa,,,2,0.050000001,1.810944537714856,1.7810497,1.8408394
Breast,Female,ADa,,,2,0.1,3.308409051160863,3.2552464,3.3615718
Breast,Female,ADa,,,2,0.15000001,4.568091856346747,4.4973311,4.6388526
Breast,Female,ADa,,,2,0.2,5.696195282206059,5.6118717,5.780519
Breast,Female,ADa,,,2,0.25,6.750111616993124,6.6551805,6.8450432
Breast,Female,ADa,,,2,0.30000001,7.760138054213627,7.6568046,7.8634715
Breast,Female,ADa,,,2,0.34999999,8.74163996685806,8.631568,8.8517122
Breast,Female,ADa,,,2,0.40000001,9.70164590284844,9.5860939,9.8171978
Breast,Female,ADa,,,2,0.44999999,10.64252661902209,10.522448,10.762606
Breast,Female,ADa,,,2,0.5,11.5641156488932,11.44023,11.688002
Breast,Female,ADa,,,2,0.55000001,12.46494253544,12.337792,12.592093
Breast,Female,ADa,,,2,0.60000002,13.34296308484826,13.212956,13.47297
Breast,Female,ADa,,,2,0.64999998,14.19598332812518,14.063426,14.328541
Breast,Female,ADa,,,2,0.69999999,15.02190629540395,14.887029,15.156784
Breast,Female,ADa,,,2,0.75,15.81885709320122,15.681834,15.95588
Breast,Female,ADa,,,2,0.80000001,16.5852499719557,16.446218,16.724281
Breast,Female,ADa,,,2,0.85000002,17.31980884543819,17.178881,17.460737
Breast,Female,ADa,,,2,0.89999998,18.02156337014323,17.878832,18.164295
Breast,Female,ADa,,,2,0.94999999,18.68983503950753,18.545382,18.834288
Breast,Female,ADa,,,2,1.0,19.32420748320048,19.178112,19.470304
Breast,Female,ADa,,,2,1.05,19.91787145653622,19.770264,20.065477
Breast,Female,ADa,,,2,1.1,20.47715848834719,20.328119,20.626198
Breast,Female,ADa,,,2,1.15,21.00231055898593,20.851919,21.152702
Breast,Female,ADa,,,2,1.2,21.49372771410755,21.342066,21.64539
Breast,Female,ADa,,,2,1.25,21.95193373654948,21.799089,22.104778
Breast,Female,ADa,,,2,1.3,22.37756260624424,22.223623,22.531502
Breast,Female,ADa,,,2,1.35,22.77133507156046,22.616396,22.926275
Breast,Female,ADa,,,2,1.4,23.13403890727584,22.978193,23.289885
Breast,Female,ADa,,,2,1.45,23.46652017147593,23.309866,23.623175
Breast,Female,ADa,,,2,1.5,23.76966311721509,23.612299,23.927027
Breast,Female,ADa,,,2,1.55,24.04438454564973,23.88641,24.202358
Breast,Female,ADa,,,2,1.6,24.29174249398983,24.133259,24.450226
Breast,Female,ADa,,,2,1.65,24.51332374891808,24.354425,24.672222
Breast,Female,ADa,,,2,1.7,24.71076889965283,24.551548,24.869989
Breast,Female,ADa,,,2,1.75,24.88559997512378,24.726145,25.045055
Breast,Female,ADa,,,2,1.8,25.03923100470635,24.879625,25.198837
Breast,Female,ADa,,,2,1.85,25.17297340373878,25.013296,25.332651
Breast,Female,ADa,,,2,1.9,25.28804207354813,25.12837,25.447714
Breast,Female,ADa,,,2,1.95,25.38556409396043,25.225969,25.545158
Breast,Female,ADa,,,2,2.0,25.46658278859498,25.307135,25.626032
Breast,Female,ADa,,,2,2.05,25.52317701377217,25.364004,25.68235
Breast,Female,ADa,,,2,2.0999999,25.56514546724952,25.406311,25.72398
Breast,Female,ADa,,,2,2.1500001,25.59333244186568,25.434895,25.75177
Breast,Female,ADa,,,2,2.2,25.60851971374923,25.450535,25.766504
Breast,Female,ADa,,,2,2.25,25.61143205529231,25.453955,25.768909
Breast,Female,ADa,,,2,2.3,25.60274101980848,25.445822,25.759661
Breast,Female,ADa,,,2,2.3499999,25.58306917790861,25.426756,25.739384
Breast,Female,ADa,,,2,2.4000001,25.55299043249272,25.397329,25.708651
Breast,Female,ADa,,,2,2.45,25.5128810521137,25.357918,25.667845
Breast,Female,ADa,,,2,2.5,25.46288985507147,25.30867,25.617111
Breast,Female,ADa,,,2,2.55,25.40317746957848,25.249744,25.55661
Breast,Female,ADa,,,2,2.5999999,25.3339314800595,25.18133,25.486534
Breast,Female,ADa,,,2,2.6500001,25.25536235369322,25.103634,25.407089
Breast,Female,ADa,,,2,2.7,25.16770163924741,25.016891,25.318512
Breast,Female,ADa,,,2,2.75,25.07119667812691,24.921345,25.221048
Breast,Female,ADa,,,2,2.8,24.96610930041112,24.817257,25.114962
Breast,Female,ADa,,,2,2.8499999,24.85271297037946,24.704901,25.000525
Breast,Female,ADa,,,2,2.9000001,24.7312899237113,24.584555,24.878025
Breast,Female,ADa,,,2,2.95,24.6021314746404,24.456511,24.747753
Breast,Female,ADa,,,2,3.0,24.46553269305898,24.321062,24.610004
Breast,Female,ADa,,,2,3.05,24.3130798731317,24.169851,24.456308
Breast,Female,ADa,,,2,3.0999999,24.15395028784712,24.011997,24.295904
Breast,Female,ADa,,,2,3.1500001,23.98845183705612,23.847803,24.129101
Breast,Female,ADa,,,2,3.2,23.81689409850981,23.677578,23.956211
Breast,Female,ADa,,,2,3.25,23.63958377893502,23.501625,23.777542
Breast,Female,ADa,,,2,3.3,23.45689904405864,23.320324,23.593473
Breast,Female,ADa,,,2,3.3499999,23.26931532200911,23.134146,23.404486
Breast,Female,ADa,,,2,3.4000001,23.07728769280499,22.943542,23.211033
Breast,Female,ADa,,,2,3.45,22.88124555848751,22.748941,23.01355
Breast,Female,ADa,,,2,3.5,22.68158877672707,22.550741,22.812435
Breast,Female,ADa,,,2,3.55,22.47869285494016,22.349316,22.60807
Breast,Female,ADa,,,2,3.5999999,22.27290951631358,22.145012,22.400808
Breast,Female,ADa,,,2,3.6500001,22.06456709547035,21.938158,22.190977
Breast,Female,ADa,,,2,3.7,21.85397584503332,21.729063,21.978889
Breast,Female,ADa,,,2,3.75,21.64142322140265,21.518011,21.764835
Breast,Female,ADa,,,2,3.8,21.42717902790653,21.305273,21.549084
Breast,Female,ADa,,,2,3.8499999,21.21149554094475,21.091099,21.331892
Breast,Female,ADa,,,2,3.9000001,20.99460752394947,20.875721,21.113493
Breast,Female,ADa,,,2,3.95,20.77673736059884,20.659361,20.894114
Breast,Female,ADa,,,2,4.0,20.55808978141548,20.442225,20.673956
Breast,Female,ADa,,,2,4.0500002,20.33122651874487,20.216917,20.445536
Breast,Female,ADa,,,2,4.0999999,20.1041759031346,19.991419,20.216932
Breast,Female,ADa,,,2,4.1500001,19.87709962392944,19.76589,19.988308
Breast,Female,ADa,,,2,4.1999998,19.65015646736194,19.540487,19.759825
Breast,Female,ADa,,,2,4.25,19.42348571080265,19.315351,19.53162
Breast,Female,ADa,,,2,4.3000002,19.19722294437096,19.090614,19.303831
Breast,Female,ADa,,,2,4.3499999,18.9714941891805,18.866404,19.076586
Breast,Female,ADa,,,2,4.4000001,18.74641004706433,18.642828,18.849993
Breast,Female,ADa,,,2,4.4499998,18.52208130876463,18.419996,18.624166
Breast,Female,ADa,,,2,4.5,18.29860230717941,18.198006,18.399199
Breast,Female,ADa,,,2,4.5500002,18.07606639980918,17.976948,18.175184
Breast,Female,ADa,,,2,4.5999999,17.85455996975423,17.756908,17.952211
Breast,Female,ADa,,,2,4.6500001,17.63415656024665,17.537962,17.730352
Breast,Female,ADa,,,2,4.6999998,17.4149320406396,17.320181,17.509684
Breast,Female,ADa,,,2,4.75,17.1969481747403,17.103628,17.290268
Breast,Female,ADa,,,2,4.8000002,16.98026764077241,16.888367,17.072168
Breast,Female,ADa,,,2,4.8499999,16.76494803895139,16.674454,16.855444
Breast,Female,ADa,,,2,4.9000001,16.55103610207752,16.461935,16.640139
Breast,Female,ADa,,,2,4.9499998,16.33858233197361,16.25086,16.426304
Breast,Female,ADa,,,2,5.0,16.12762495931275,16.041271,16.21398
Breast,Female,ADb,,,0,0.0,0.0,0.0,0.0
Breast,Female,ADb,,,0,0.050000001,10.34696463330078,9.7933512,10.900578
Breast,Female,ADb,,,0,0.1,19.6202699829615,18.618422,20.622118
Breast,Female,ADb,,,0,0.15000001,28.22747107756472,26.835382,29.619558
Breast,Female,ADb,,,0,0.2,36.35908110782916,34.61755,38.100613
Breast,Female,ADb,,,0,0.25,44.12280737738172,42.063042,46.182575
Breast,Female,ADb,,,0,0.30000001,51.58538304268299,49.232388,53.938381
Breast,Female,ADb,,,0,0.34999999,58.79058232499776,56.165016,61.416145
Breast,Female,ADb,,,0,0.40000001,65.76835345054803,62.887672,68.649033
Breast,Female,ADb,,,0,0.44999999,72.53986294532189,69.419052,75.660675
Breast,Female,ADb,,,0,0.5,79.12055251415049,75.772675,82.46843
Breast,Female,ADb,,,0,0.55000001,85.52199971508048,81.958565,89.085442
Breast,Female,ADb,,,0,0.60000002,91.75315750262178,87.984398,95.521912
Breast,Female,ADb,,,0,0.64999998,97.82115661250612,93.856285,101.78603
Breast,Female,ADb,,,0,0.69999999,103.7318864605919,99.579231,107.88454
Breast,Female,ADb,,,0,0.75,109.4903320561591,105.15748,113.82318
Breast,Female,ADb,,,0,0.80000001,115.1008677639516,110.5948,119.60694
Breast,Female,ADb,,,0,0.85000002,120.5674352806832,115.89458,125.24029
Breast,Female,ADb,,,0,0.89999998,125.8936674303951,121.06,130.72734
Breast,Female,ADb,,,0,0.94999999,131.0830045384376,126.09409,136.07191
Breast,Female,ADb,,,0,1.0,136.1387198321146,130.99977,141.27766
Breast,Female,ADb,,,0,1.05,141.0498075101073,135.76639,146.33324
Breast,Female,ADb,,,0,1.1,145.8327601883456,140.4095,151.25603
Breast,Female,ADb,,,0,1.15,150.4906424171781,144.93193,156.04936
Breast,Female,ADb,,,0,1.2,155.0265187080643,149.33652,160.71652
Breast,Female,ADb,,,0,1.25,159.4433717774356,153.62605,165.2607
Breast,Female,ADb,,,0,1.3,163.7441824720587,157.80331,169.68506
Breast,Female,ADb,,,0,1.35,167.931897079724,161.87108,173.99272
Breast,Female,ADb,,,0,1.4,172.009397949657,165.83208,178.18672
Breast,Female,ADb,,,0,1.45,175.979570987493,169.68906,182.27008
Breast,Female,ADb,,,0,1.5,179.8452254799392,173.44469,186.24576
Breast,Female,ADb,,,0,1.55,183.6091831326207,177.10167,190.1167
Breast,Female,ADb,,,0,1.6,187.2764080580791,180.66476,193.88806
Breast,Female,ADb,,,0,1.65,190.8553015832109,184.14207,197.56853
Breast,Female,ADb,,,0,1.7,194.3539070266619,187.54138,201.16644
Breast,Female,ADb,,,0,1.75,197.7794902019601,190.86969,204.6893
Breast,Female,ADb,,,0,1.8,201.1386717047972,194.13341,208.14394
Breast,Female,ADb,,,0,1.85,204.4374667761048,197.33835,211.53659
Breast,Female,ADb,,,0,1.9,207.6813210068219,200.48979,214.87285
Breast,Female,ADb,,,0,1.95,210.8752173793489,203.59256,218.15788
Breast,Female,ADb,,,0,2.0,214.023661063405,206.65102,221.3963
Breast,Female,ADb,,,0,2.05,217.1088177942339,209.64804,224.5696
Breast,Female,ADb,,,0,2.0999999,220.1559281545441,212.60794,227.70392
Breast,Female,ADb,,,0,2.1500001,223.1684316918593,215.53404,230.80283
Breast,Female,ADb,,,0,2.2,226.149418993997,218.42937,233.86948
Breast,Female,ADb,,,0,2.25,229.1017448726204,221.29668,236.90681
Breast,Female,ADb,,,0,2.3,232.0279950229688,224.1385,239.91748
Breast,Female,ADb,,,0,2.3499999,234.9305222897162,226.95712,242.90392
Breast,Female,ADb,,,0,2.4000001,237.8112070282226,229.75438,245.86803
Breast,Female,ADb,,,0,2.45,240.6682212331431,232.52852,248.80792
Breast,Female,ADb,,,0,2.5,243.4975473075153,235.27567,251.71944
Breast,Female,ADb,,,0,2.55,246.2954875171475,237.99225,254.59872
Breast,Female,ADb,,,0,2.5999999,249.0587000824381,240.67505,257.44235
Breast,Female,ADb,,,0,2.6500001,251.7841838167348,243.32117,260.24719
Breast,Female,ADb,,,0,2.7,254.4692008820027,245.92798,263.01041
Breast,Female,ADb,,,0,2.75,257.1113317632434,248.49313,265.72952
Breast,Female,ADb,,,0,2.8,259.7084021495001,251.01454,268.40225
Breast,Female,ADb,,,0,2.8499999,262.2584768895942,253.49034,271.02661
Breast,Female,ADb,,,0,2.9000001,264.7598542455338,255.91885,273.60086
Breast,Female,ADb,,,0,2.95,267.2110022456878,258.29865,276.12338
Breast,Female,ADb,,,0,3.0,269.6106153192999,260.62842,278.5928
Breast,Female,ADb,,,0,3.05,271.9291530205542,262.87964,280.97867
Breast,Female,ADb,,,0,3.0999999,274.1937284058376,265.07852,283.30896
Breast,Female,ADb,,,0,3.1500001,276.4035440424066,267.22424,285.58282
Breast,Female,ADb,,,0,3.2,278.5579117212298,269.31619,287.79962
Breast,Female,ADb,,,0,3.25,280.6563581164448,271.35388,289.95883
Breast,Female,ADb,,,0,3.3,282.6997397804902,273.33813,292.06134
Breast,Female,ADb,,,0,3.3499999,284.6901398913714,275.27103,294.10925
Breast,Female,ADb,,,0,3.4000001,286.629613984997,277.15448,296.10477
Breast,Female,ADb,,,0,3.45,288.5200995721027,278.99039,298.0498
Breast,Female,ADb,,,0,3.5,290.3634755820706,280.78061,299.94635
Breast,Female,ADb,,,0,3.55,292.1615289812012,282.52686,301.7962
Breast,Female,ADb,,,0,3.5999999,293.9159678505937,284.2308,303.60114
Breast,Female,ADb,,,0,3.6500001,295.6284330282498,285.89401,305.36285
Breast,Female,ADb,,,0,3.7,297.3004690842477,287.51797,307.08295
Breast,Female,ADb,,,0,3.75,298.9335766022149,289.10419,308.76294
Breast,Female,ADb,,,0,3.8,300.5291824875215,290.65402,310.40433
Breast,Female,ADb,,,0,3.8499999,302.0886512588928,292.16882,312.00848
Breast,Female,ADb,,,0,3.9000001,303.6132951323094,293.64981,313.57678
Breast,Female,ADb,,,0,3.95,305.1043478735872,295.09821,315.11047
Breast,Female,ADb,,,0,4.0,306.5630110500921,296.5152,316.61084
Breast,Female,ADb,,,0,4.0500002,307.9570887268032,297.8696,318.04459
Breast,Female,ADb,,,0,4.0999999,309.3208711172603,299.19458,319.44714
Breast,Female,ADb,,,0,4.1500001,310.6554396565202,300.49124,320.81964
Breast,Female,ADb,,,0,4.1999998,311.9617791035145,301.76053,322.16302
Breast,Female,ADb,,,0,4.25,313.2408815095348,303.00339,323.47839
Breast,Female,ADb,,,0,4.3000002,314.4936603362532,304.22067,324.76663
Breast,Female,ADb,,,0,4.3499999,315.7209908662564,305.41333,326.02866
Breast,Female,ADb,,,0,4.4000001,316.9237459999347,306.58209,327.26538
Breast,Female,ADb,,,0,4.4499998,318.1027166300808,307.72781,328.4776
Breast,Female,ADb,,,0,4.5,319.2587050802085,308.85126,329.66617
Breast,Female,ADb,,,0,4.5500002,320.3924473884216,309.95309,330.83179
Breast,Female,ADb,,,0,4.5999999,321.5046494757296,311.03406,331.97522
Breast,Female,ADb,,,0,4.6500001,322.5960194210891,312.09482,333.0972
Breast,Female,ADb,,,0,4.6999998,323.6671950490586,313.13602,334.19839
Breast,Female,ADb,,,0,4.75,324.7188284981218,314.15823,335.27942
Breast,Female,ADb,,,0,4.8000002,325.7515154396697,315.16208,336.34094
Breast,Female,ADb,,,0,4.8499999,326.765827690549,316.14813,337.38351
Breast,Female,ADb,,,0,4.9000001,327.7623425155353,317.11691,338.40778
Breast,Female,ADb,,,0,4.9499998,328.7415763799417,318.06894,339.41422
Breast,Female,ADb,,,0,5.0,329.7040619927751,319.00473,340.40338
Breast,Female,ADb,,,1,0.0,0.0,0.0,0.0
Breast,Female,ADb,,,1,0.050000001,7.302075306034602,6.9252896,7.6788607
Breast,Female,ADb,,,1,0.1,14.20246454248618,13.498287,14.906642
Breast,Female,ADb,,,1,0.15000001,20.78699046447586,19.783056,21.790924
Breast,Female,ADb,,,1,0.2,27.12215473258233,25.839441,28.404867
Breast,Female,ADb,,,1,0.25,33.25071981661875,31.706419,34.795021
Breast,Female,ADb,,,1,0.30000001,39.20098185432455,37.409725,40.992241
Breast,Female,ADb,,,1,0.34999999,44.99223598913692,42.966763,47.017708
Breast,Female,ADb,,,1,0.40000001,50.63800150881873,48.389584,52.886417
Breast,Female,ADb,,,1,0.44999999,56.14795656264621,53.68668,58.609234
Breast,Female,ADb,,,1,0.5,61.52921336835129,58.864189,64.194237
Breast,Female,ADb,,,1,0.55000001,66.7871160961796,63.926636,69.647598
Breast,Female,ADb,,,1,0.60000002,71.92580787356428,68.877472,74.974144
Breast,Female,ADb,,,1,0.64999998,76.94860202113561,73.719421,80.17778
Breast,Female,ADb,,,1,0.69999999,81.85827061715138,78.454735,85.261803
Breast,Female,ADb,,,1,0.75,86.65719419242208,83.08535,90.229034
Breast,Female,ADb,,,1,0.80000001,91.3475162823687,87.613014,95.082016
Breast,Female,ADb,,,1,0.85000002,95.93122883990924,92.039375,99.823082
Breast,Female,ADb,,,1,0.89999998,100.4102305490615,96.36602,104.45444
Breast,Female,ADb,,,1,0.94999999,104.7863915744016,100.59454,108.97824
Breast,Female,ADb,,,1,1.0,109.0615505323198,104.72654,113.39657
Breast,Female,ADb,,,1,1.05,113.2317764650268,108.75809,117.70546
Breast,Female,ADb,,,1,1.1,117.304327857133,112.69603,121.91263
Breast,Female,ADb,,,1,1.15,121.2810801287361,116.54203,126.02013
Breast,Female,ADb,,,1,1.2,125.1639677495355,120.29787,130.03006
Breast,Female,ADb,,,1,1.25,128.9549073922579,123.96529,133.94452
Breast,Female,ADb,,,1,1.3,132.6558605248907,127.54612,137.76559
Breast,Female,ADb,,,1,1.35,136.2688007493943,131.04219,141.49541
Breast,Female,ADb,,,1,1.4,139.7956843247824,134.45532,145.13603
Breast,Female,ADb,,,1,1.45,143.2385050223204,137.78741,148.68961
Breast,Female,ADb,,,1,1.5,146.5992218230383,141.04028,152.15817
Breast,Female,ADb,,,1,1.55,149.8798325715298,144.21582,155.54384
Breast,Female,ADb,,,1,1.6,153.0841407724135,147.31769,158.85059
Breast,Female,ADb,,,1,1.65,156.2188395452837,150.35229,162.08537
Breast,Female,ADb,,,1,1.7,159.2903664795666,153.32584,165.2549
Breast,Female,ADb,,,1,1.75,162.3045463265447,156.24393,168.36517
Breast,Female,ADb,,,1,1.8,165.2666982574256,159.11166,171.42174
Breast,Female,ADb,,,1,1.85,168.1816633425363,161.93373,174.4296
Breast,Female,ADb,,,1,1.9,171.0538291622011,164.71434,177.39331
Breast,Female,ADb,,,1,1.95,173.8872184834563,167.4574,180.31705
Breast,Female,ADb,,,1,2.0,176.6854705597023,170.16638,183.20456
Breast,Female,ADb,,,1,2.05,179.4423003782141,172.8353,186.0493
Breast,Female,ADb,,,1,2.0999999,182.1700845511542,175.47604,188.86412
Breast,Female,ADb,,,1,2.1500001,184.8716054440287,178.09132,191.65189
Breast,Female,ADb,,,1,2.2,187.5493610778045,180.68353,194.41519
Breast,Female,ADb,,,1,2.25,190.2056635549739,183.25491,197.15642
Breast,Female,ADb,,,1,2.3,192.8426064659324,185.8075,199.87772
Breast,Female,ADb,,,1,2.3499999,195.4620949961163,188.34314,202.58105
Breast,Female,ADb,,,1,2.4000001,198.0656411415612,190.8633,205.26799
Breast,Female,ADb,,,1,2.45,200.6515984818421,193.36638,207.93681
Breast,Female,ADb,,,1,2.5,203.2164493371026,195.84903,210.58386
Breast,Female,ADb,,,1,2.55,205.7569385807021,198.30811,213.20576
Breast,Female,ADb,,,1,2.5999999,208.2701068634199,200.74075,215.79945
Breast,Female,ADb,,,1,2.6500001,210.753279889437,203.14439,218.36217
Breast,Female,ADb,,,1,2.7,213.2040009302376,205.51668,220.89133
Breast,Female,ADb,,,1,2.75,215.6200835152937,207.85547,223.3847
Breast,Female,ADb,,,1,2.8,217.9995471672182,210.15887,225.84023
Breast,Female,ADb,,,1,2.8499999,220.3406139757184,212.42519,228.25604
Breast,Female,ADb,,,1,2.9000001,222.6417053546245,214.65286,230.63055
Breast,Female,ADb,,,1,2.95,224.9013852966447,216.84053,232.96225
Breast,Female,ADb,,,1,3.0,227.1184141196344,218.98698,235.24985
Breast,Female,ADb,,,1,3.05,229.2781219069071,221.07809,237.47815
Breast,Female,ADb,,,1,3.0999999,231.392888849285,223.12579,239.65999
Breast,Female,ADb,,,1,3.1500001,233.4619075118192,225.12929,241.79453
Breast,Female,ADb,,,1,3.2,235.4844636622097,227.08788,243.88106
Breast,Female,ADb,,,1,3.25,237.4600319906527,229.00105,245.91901
Breast,Female,ADb,,,1,3.3,239.3892253398564,230.86942,247.90903
Breast,Female,ADb,,,1,3.3499999,241.2737105903194,232.69458,249.85284
Breast,Female,ADb,,,1,3.4000001,243.1151398250673,234.47812,251.75215
Breast,Female,ADb,,,1,3.45,244.9150691042472,236.22156,253.60857
Breast,Female,ADb,,,1,3.5,246.6750140077265,237.92636,255.42366
Breast,Female,ADb,,,1,3.55,248.3964171159714,239.59392,257.19891
Breast,Female,ADb,,,1,3.5999999,250.0806596133031,241.22556,258.93576
Breast,Female,ADb,,,1,3.6500001,251.7290717021377,242.82257,260.63559
Breast,Female,ADb,,,1,3.7,253.3429038836527,244.38615,262.29965
Breast,Female,ADb,,,1,3.75,254.923376569756,245.91751,263.92923
Breast,Female,ADb,,,1,3.8,256.4716508470441,247.41776,265.52554
Breast,Female,ADb,,,1,3.8499999,257.9888386983415,248.88795,267.08972
Breast,Female,ADb,,,1,3.9000001,259.4760122099605,250.32916,268.62286
Breast,Female,ADb,,,1,3.95,260.9341774459048,251.74232,270.12604
Breast,Female,ADb,,,1,4.0,262.364318996244,253.12842,271.60022
Breast,Female,ADb,,,1,4.0500002,263.7507657181485,254.47234,273.02921
Breast,Female,ADb,,,1,4.0999999,265.1108552375964,255.79077,274.43094
Breast,Female,ADb,,,1,4.1500001,266.4454785162451,257.08463,275.80634
Breast,Female,ADb,,,1,4.1999998,267.7554392642958,258.35464,277.15625
Breast,Female,ADb,,,1,4.25,269.0415574117014,259.60162,278.48151
Breast,Female,ADb,,,1,4.3000002,270.3045826044001,260.82629,279.78287
Breast,Female,ADb,,,1,4.3499999,271.5452341399625,262.02933,281.06113
Breast,Female,ADb,,,1,4.4000001,272.7642368691295,263.21149,282.31699
Breast,Female,ADb,,,1,4.4499998,273.9622402196235,264.37335,283.55115
Breast,Female,ADb,,,1,4.5,275.1399124975149,265.51556,284.76425
Breast,Female,ADb,,,1,4.5500002,276.2978616177742,266.63873,285.957
Breast,Female,ADb,,,1,4.5999999,277.4366713784325,267.74341,287.12991
Breast,Female,ADb,,,1,4.6500001,278.5569342931203,268.8302,288.28369
Breast,Female,ADb,,,1,4.6999998,279.6591770533289,269.89957,289.41879
Breast,Female,ADb,,,1,4.75,280.7439470174376,270.95206,290.53583
Breast,Female,ADb,,,1,4.8000002,281.8117391445397,271.98816,291.63531
Breast,Female,ADb,,,1,4.8499999,282.8630291622,273.00833,292.71774
Breast,Female,ADb,,,1,4.9000001,283.8983037758617,274.01303,293.78357
Breast,Female,ADb,,,1,4.9499998,284.9179916878418,275.00269,294.83331
Breast,Female,ADb,,,1,5.0,285.9225433829719,275.97772,295.86737
Breast,Female,ADb,,,2,0.0,0.0,0.0,0.0
Breast,Female,ADb,,,2,0.050000001,3.092486300815169,2.7098796,3.4750929
Breast,Female,ADb,,,2,0.1,5.497106804594935,4.8205018,6.1737118
Breast,Female,ADb,,,2,0.15000001,7.543677301707014,6.6262879,8.4610662
Breast,Female,ADb,,,2,0.2,9.359176250695278,8.2380733,10.480279
Breast,Female,ADb,,,2,0.25,11.01006692066892,9.7129946,12.307139
Breast,Female,ADb,,,2,0.30000001,12.53567169611214,11.084288,13.987056
Breast,Female,ADb,,,2,0.34999999,13.96102783447097,12.372729,15.549327
Breast,Female,ADb,,,2,0.40000001,15.30293635543604,13.59199,17.013882
Breast,Female,ADb,,,2,0.44999999,16.57314482393325,14.751451,18.394838
Breast,Female,ADb,,,2,0.5,17.7801702237874,15.857787,19.702553
Breast,Female,ADb,,,2,0.55000001,18.93038615955928,16.915918,20.944853
Breast,Female,ADb,,,2,0.60000002,20.02871056624817,17.929596,22.127827
Breast,Female,ADb,,,2,0.64999998,21.07904654941235,18.901772,23.256321
Breast,Female,ADb,,,2,0.69999999,22.08458112660003,19.834854,24.334309
Breast,Female,ADb,,,2,0.75,23.04797670527144,20.73086,25.365093
Breast,Female,ADb,,,2,0.80000001,23.97151326745397,21.59153,26.351498
Breast,Female,ADb,,,2,0.85000002,24.85718298856722,22.418398,27.295969
Breast,Female,ADb,,,2,0.89999998,25.70675718247543,23.212851,28.200665
Breast,Female,ADb,,,2,0.94999999,26.52183899601836,23.976158,29.06752
Breast,Female,ADb,,,2,1.0,27.30389259995445,24.709503,29.898283
Breast,Female,ADb,,,2,1.05,28.04567449823239,25.406355,30.684994
Breast,Female,ADb,,,2,1.1,28.75662947141306,26.075012,31.438248
Breast,Female,ADb,,,2,1.15,29.43796958631233,26.716492,32.159447
Breast,Female,ADb,,,2,1.2,30.09084600344693,27.331778,32.849915
Breast,Female,ADb,,,2,1.25,30.71634428055827,27.921806,33.510883
Breast,Female,ADb,,,2,1.3,31.31550188304621,28.487478,34.143528
Breast,Female,ADb,,,2,1.35,31.88930830067999,29.029663,34.748955
Breast,Female,ADb,,,2,1.4,32.43870527878134,29.549194,35.328217
Breast,Female,ADb,,,2,1.45,32.96459954626701,30.046881,35.882317
Breast,Female,ADb,,,2,1.5,33.46785505767473,30.523495,36.412216
Breast,Female,ADb,,,2,1.55,33.94930845395746,30.979792,36.918823
Breast,Female,ADb,,,2,1.6,34.41013394139095,31.41684,37.403427
Breast,Female,ADb,,,2,1.65,34.85205486430256,31.83622,37.867889
Breast,Female,ADb,,,2,1.7,35.27669053055368,32.239418,38.313965
Breast,Female,ADb,,,2,1.75,35.68549397771889,32.627773,38.743214
Breast,Female,ADb,,,2,1.8,36.07977718316653,33.002502,39.157051
Breast,Female,ADb,,,2,1.85,36.46072365140598,33.364693,39.556755
Breast,Female,ADb,,,2,1.9,36.82939969027608,33.71534,39.943462
Breast,Female,ADb,,,2,1.95,37.18677286394924,34.055336,40.318211
Breast,Female,ADb,,,2,2.0,37.53371566442561,34.385498,40.681934
Breast,Female,ADb,,,2,2.05,37.85840293658954,34.69519,41.021618
Breast,Female,ADb,,,2,2.0999999,38.1739820163622,34.996273,41.351688
Breast,Female,ADb,,,2,2.1500001,38.48111498558025,35.289371,41.672855
Breast,Female,ADb,,,2,2.2,38.78039887716155,35.575047,41.985752
Breast,Female,ADb,,,2,2.25,39.07238038251624,35.853802,42.290958
Breast,Female,ADb,,,2,2.3,39.35755523042431,36.126114,42.588997
Breast,Female,ADb,,,2,2.3499999,39.63637437371624,36.392399,42.880348
Breast,Female,ADb,,,2,2.4000001,39.90920912995004,36.653011,43.165405
Breast,Female,ADb,,,2,2.45,40.17588046931183,36.907795,43.443966
Breast,Female,ADb,,,2,2.5,40.43589098809726,37.156292,43.715492
Breast,Female,ADb,,,2,2.55,40.68880093073543,37.398102,43.9795
Breast,Female,ADb,,,2,2.5999999,40.93423098487838,37.632881,44.23558
Breast,Female,ADb,,,2,2.6500001,41.17185756951407,37.860332,44.483383
Breast,Female,ADb,,,2,2.7,41.40140312054632,38.0802,44.722607
Breast,Female,ADb,,,2,2.75,41.62263819993632,38.292274,44.953003
Breast,Female,ADb,,,2,2.8,41.83537269481187,38.496384,45.174362
Breast,Female,ADb,,,2,2.8499999,42.03945314561747,38.692387,45.38652
Breast,Female,ADb,,,2,2.9000001,42.23476019105712,38.880169,45.589352
Breast,Female,ADb,,,2,2.95,42.42120173765872,39.059654,45.782749
Breast,Female,ADb,,,2,3.0,42.59871568462989,39.230778,45.966652
Breast,Female,ADb,,,2,3.05,42.75210555309073,39.379772,46.124439
Breast,Female,ADb,,,2,3.0999999,42.89643673445536,39.520279,46.272594
Breast,Female,ADb,,,2,3.1500001,43.03172309043808,39.652313,46.411133
Breast,Female,ADb,,,2,3.2,43.15799451025546,39.775906,46.540085
Breast,Female,ADb,,,2,3.25,43.27530668544091,39.891102,46.659512
Breast,Female,ADb,,,2,3.3,43.38390700887618,39.998135,46.76968
Breast,Female,ADb,,,2,3.3499999,43.48421530784822,40.097397,46.871033
Breast,Female,ADb,,,2,3.4000001,43.5766382929462,40.189262,46.964016
Breast,Female,ADb,,,2,3.45,43.66156052120209,40.274094,47.04903
Breast,Female,ADb,,,2,3.5,43.73934815257871,40.352226,47.126469
Breast,Female,ADb,,,2,3.55,43.81034820950615,40.423992,47.196705
Breast,Female,ADb,,,2,3.5999999,43.87489003862316,40.489693,47.260086
Breast,Female,ADb,,,2,3.6500001,43.93328652457012,40.549622,47.316952
Breast,Female,ADb,,,2,3.7,43.98583390437048,40.604053,47.367615
Breast,Female,ADb,,,2,3.75,44.03281428620642,40.653255,47.412376
Breast,Female,ADb,,,2,3.8,44.07449531187925,40.697472,47.451519
Breast,Female,ADb,,,2,3.8499999,44.11113120951347,40.736942,47.485317
Breast,Female,ADb,,,2,3.9000001,44.14296365225113,40.771896,47.51403
Breast,Female,ADb,,,2,3.95,44.17022185242956,40.802544,47.537899
Breast,Female,ADb,,,2,4.0,44.19312411131875,40.82909,47.557156
Breast,Female,ADb,,,2,4.0500002,44.19478061766389,40.836163,47.553398
Breast,Female,ADb,,,2,4.0999999,44.19251281218399,40.839527,47.545498
Breast,Female,ADb,,,2,4.1500001,44.18651221187497,40.839371,47.533653
Breast,Female,ADb,,,2,4.1999998,44.17696104968888,40.835857,47.518066
Breast,Female,ADb,,,2,4.25,44.1640323240361,40.829151,47.498913
Breast,Female,ADb,,,2,4.3000002,44.14789082222174,40.819408,47.476372
Breast,Female,ADb,,,2,4.3499999,44.12869342995518,40.806774,47.450611
Breast,Female,ADb,,,2,4.4000001,44.10658886404016,40.791389,47.421791
Breast,Female,ADb,,,2,4.4499998,44.08171941937624,40.77338,47.390057
Breast,Female,ADb,,,2,4.5,44.05421966318062,40.752884,47.355556
Breast,Female,ADb,,,2,4.5500002,44.02421838224507,40.730011,47.318424
Breast,Female,ADb,,,2,4.5999999,43.99183831274286,40.704884,47.278793
Breast,Female,ADb,,,2,4.6500001,43.95719542182042,40.677608,47.236782
Breast,Female,ADb,,,2,4.6999998,43.92040142091378,40.648289,47.192516
Breast,Female,ADb,,,2,4.75,43.88156140927927,40.61702,47.146103
Breast,Female,ADb,,,2,4.8000002,43.84077654471432,40.583904,47.097649
Breast,Female,ADb,,,2,4.8499999,43.7981433260143,40.549026,47.04726
Breast,Female,ADb,,,2,4.9000001,43.75375252761887,40.512474,46.995029
Breast,Female,ADb,,,2,4.9499998,43.70769231239757,40.474331,46.941055
Breast,Female,ADb,,,2,5.0,43.660045061636,40.434673,46.885418
Breast,Female,pm,,,0,0.0,0.0,0.0,0.0
Breast,Female,pm,,,0,0.050000001,70.57749938964844,69.362793,71.792206
Breast,Female,pm,,,0,0.1,68.98361206054688,67.775772,70.191452
Breast,Female,pm,,,0,0.15000001,68.0167007446289,66.82753,69.205872
Breast,Female,pm,,,0,0.2,67.12903594970703,65.958481,68.299591
Breast,Female,pm,,,0,0.25,66.23068237304688,65.077293,67.384071
Breast,Female,pm,,,0,0.30000001,65.31531524658203,64.177757,66.452873
Breast,Female,pm,,,0,0.34999999,64.3947525024414,63.272022,65.517487
Breast,Female,pm,,,0,0.40000001,63.48278045654297,62.37413,64.591431
Breast,Female,pm,,,0,0.44999999,62.59093856811523,61.495796,63.686081
Breast,Female,pm,,,0,0.5,61.72776412963867,60.64566,62.809868
Breast,Female,pm,,,0,0.55000001,60.89907455444336,59.829594,61.968555
Breast,Female,pm,,,0,0.60000002,60.10851669311523,59.051266,61.165768
Breast,Female,pm,,,0,0.64999998,59.35807037353516,58.31266,60.403481
Breast,Female,pm,,,0,0.69999999,58.64847183227539,57.61451,59.682434
Breast,Female,pm,,,0,0.75,57.97958374023438,56.956673,59.002495
Breast,Female,pm,,,0,0.80000001,57.35063934326172,56.338375,58.362904
Breast,Female,pm,,,0,0.85000002,56.76044845581055,55.758427,57.76247
Breast,Female,pm,,,0,0.89999998,56.20754241943359,55.215351,57.199734
Breast,Female,pm,,,0,0.94999999,55.69028091430664,54.70752,56.673042
Breast,Female,pm,,,0,1.0,55.20692443847656,54.233189,56.18066
Breast,Female,pm,,,0,1.05,54.75555419921875,53.790501,55.720608
Breast,Female,pm,,,0,1.1,54.33450698852539,53.377747,55.291267
Breast,Female,pm,,,0,1.15,53.94205093383789,52.99321,54.890892
Breast,Female,pm,,,0,1.2,53.57651519775391,52.635227,54.517803
Breast,Female,pm,,,0,1.25,53.23628234863281,52.302193,54.170372
Breast,Female,pm,,,0,1.3,52.9198112487793,51.992584,53.847038
Breast,Female,pm,,,0,1.35,52.62564849853516,51.70496,53.546337
Breast,Female,pm,,,0,1.4,52.35239791870117,51.437939,53.266857
Breast,Female,pm,,,0,1.45,52.0987663269043,51.190235,53.007298
Breast,Female,pm,,,0,1.5,51.86351776123047,50.960636,52.766399
Breast,Female,pm,,,0,1.55,51.64550399780273,50.748001,52.543007
Breast,Female,pm,,,0,1.6,51.44364166259766,50.551262,52.336021
Breast,Female,pm,,,0,1.65,51.25689697265625,50.369396,52.144398
Breast,Female,pm,,,0,1.7,51.08430099487305,50.201458,51.967144
Breast,Female,pm,,,0,1.75,50.92494201660156,50.046539,51.803345
Breast,Female,pm,,,0,1.8,50.7779655456543,49.903805,51.652126
Breast,Female,pm,,,0,1.85,50.642578125,49.772472,51.512684
Breast,Female,pm,,,0,1.9,50.51803207397461,49.651806,51.384258
Breast,Female,pm,,,0,1.95,50.40363693237305,49.541122,51.266151
Breast,Female,pm,,,0,2.0,50.29874420166016,49.439789,51.1577
Breast,Female,pm,,,0,2.05,50.20223236083984,49.346722,51.057743
Breast,Female,pm,,,0,2.0999999,50.11404037475586,49.261837,50.966244
Breast,Female,pm,,,0,2.1500001,50.03364181518555,49.184616,50.882668
Breast,Female,pm,,,0,2.2,49.96055221557617,49.114582,50.806522
Breast,Female,pm,,,0,2.25,49.89431762695313,49.051289,50.737347
Breast,Female,pm,,,0,2.3,49.83451080322266,48.994316,50.674706
Breast,Female,pm,,,0,2.3499999,49.78074645996094,48.943283,50.61821
Breast,Female,pm,,,0,2.4000001,49.73265075683594,48.897823,50.567478
Breast,Female,pm,,,0,2.45,49.68983840942383,48.857559,50.522118
Breast,Female,pm,,,0,2.5,49.65189361572266,48.822075,50.481712
Breast,Female,pm,,,0,2.55,49.61842346191406,48.790985,50.445862
Breast,Female,pm,,,0,2.5999999,49.58908081054688,48.763947,50.414215
Breast,Female,pm,,,0,2.6500001,49.56354141235352,48.740635,50.386448
Breast,Female,pm,,,0,2.7,49.5415153503418,48.720768,50.362263
Breast,Female,pm,,,0,2.75,49.52272796630859,48.704071,50.341385
Breast,Female,pm,,,0,2.8,49.50694274902344,48.690311,50.323574
Breast,Female,pm,,,0,2.8499999,49.49392700195313,48.679256,50.308598
Breast,Female,pm,,,0,2.9000001,49.48348236083984,48.670715,50.296249
Breast,Female,pm,,,0,2.95,49.47541427612305,48.664494,50.286335
Breast,Female,pm,,,0,3.0,49.46955490112305,48.660423,50.278687
Breast,Female,pm,,,0,3.05,49.46498489379883,48.657616,50.272354
Breast,Female,pm,,,0,3.0999999,49.46230316162109,48.656643,50.267963
Breast,Female,pm,,,0,3.1500001,49.46137237548828,48.657372,50.265373
Breast,Female,pm,,,0,3.2,49.46207427978516,48.659683,50.264465
Breast,Female,pm,,,0,3.25,49.46429061889648,48.663467,50.265114
Breast,Female,pm,,,0,3.3,49.46791458129883,48.66861,50.26722
Breast,Female,pm,,,0,3.3499999,49.47282028198242,48.674992,50.270649
Breast,Female,pm,,,0,3.4000001,49.47890472412109,48.68251,50.275299
Breast,Female,pm,,,0,3.45,49.48606491088867,48.691071,50.281059
Breast,Female,pm,,,0,3.5,49.49420547485352,48.700573,50.287838
Breast,Female,pm,,,0,3.55,49.50323104858398,48.710926,50.295536
Breast,Female,pm,,,0,3.5999999,49.51306533813477,48.722057,50.304073
Breast,Female,pm,,,0,3.6500001,49.52362442016602,48.733879,50.31337
Breast,Female,pm,,,0,3.7,49.53483963012695,48.74633,50.323349
Breast,Female,pm,,,0,3.75,49.54663848876953,48.759338,50.333939
Breast,Female,pm,,,0,3.8,49.55895614624023,48.772839,50.345074
Breast,Female,pm,,,0,3.8499999,49.57173156738281,48.786774,50.356689
Breast,Female,pm,,,0,3.9000001,49.58491134643555,48.801086,50.368736
Breast,Female,pm,,,0,3.95,49.59843826293945,48.815723,50.381153
Breast,Female,pm,,,0,4.0,49.61226272583008,48.830639,50.393887
Breast,Female,pm,,,0,4.0500002,49.6253776550293,48.844845,50.40591
Breast,Female,pm,,,0,4.0999999,49.63868713378906,48.859222,50.418152
Breast,Female,pm,,,0,4.1500001,49.65214920043945,48.873734,50.430565
Breast,Female,pm,,,0,4.1999998,49.66572570800781,48.888344,50.443108
Breast,Female,pm,,,0,4.25,49.67937850952148,48.903011,50.455746
Breast,Female,pm,,,0,4.3000002,49.69306945800781,48.917702,50.468437
Breast,Female,pm,,,0,4.3499999,49.70677185058594,48.932388,50.481155
Breast,Female,pm,,,0,4.4000001,49.7204475402832,48.947029,50.493866
Breast,Female,pm,,,0,4.4499998,49.73406600952148,48.961601,50.506531
Breast,Female,pm,,,0,4.5,49.74760818481445,48.976086,50.519131
Breast,Female,pm,,,0,4.5500002,49.76103591918945,48.99044,50.531631
Breast,Female,pm,,,0,4.5999999,49.77433395385742,49.004654,50.544014
Breast,Female,pm,,,0,4.6500001,49.78747177124023,49.018692,50.556252
Breast,Female,pm,,,0,4.6999998,49.8004264831543,49.032539,50.568314
Breast,Female,pm,,,0,4.75,49.81318283081055,49.046177,50.580189
Breast,Female,pm,,,0,4.8000002,49.82571411132813,49.059578,50.59185
Breast,Female,pm,,,0,4.8499999,49.8380012512207,49.072727,50.603275
Breast,Female,pm,,,0,4.9000001,49.85003280639648,49.085609,50.614456
Breast,Female,pm,,,0,4.9499998,49.86178207397461,49.098202,50.625362
Breast,Female,pm,,,0,5.0,49.87323760986328,49.110493,50.635983
Breast,Female,pm,,,1,0.0,0.0,0.0,0.0
Breast,Female,pm,,,1,0.050000001,76.04241180419922,75.105453,76.97937
Breast,Female,pm,,,1,0.1,73.29571533203125,72.326653,74.264778
Breast,Female,pm,,,1,0.15000001,71.55342102050781,70.573769,72.533073
Breast,Female,pm,,,1,0.2,70.07653045654297,69.091827,71.061234
Breast,Female,pm,,,1,0.25,68.7053451538086,67.718147,69.692543
Breast,Female,pm,,,1,0.30000001,67.39801025390625,66.410034,68.385986
Breast,Female,pm,,,1,0.34999999,66.14509582519531,65.157715,67.132477
Breast,Female,pm,,,1,0.40000001,64.94642639160156,63.960796,65.93206
Breast,Female,pm,,,1,0.44999999,63.80386734008789,62.820965,64.786766
Breast,Female,pm,,,1,0.5,62.71902465820313,61.73967,63.69838
Breast,Female,pm,,,1,0.55000001,61.69258499145508,60.717438,62.667732
Breast,Female,pm,,,1,0.60000002,60.72430419921875,59.753883,61.694725
Breast,Female,pm,,,1,0.64999998,59.81314849853516,58.847851,60.778446
Breast,Female,pm,,,1,0.69999999,58.95747756958008,57.997585,59.91737
Breast,Female,pm,,,1,0.75,58.15523147583008,57.200935,59.109528
Breast,Female,pm,,,1,0.80000001,57.40408325195313,56.45549,58.352676
Breast,Female,pm,,,1,0.85000002,56.7015266418457,55.758682,57.644371
Breast,Female,pm,,,1,0.89999998,56.04499435424805,55.107883,56.982105
Breast,Female,pm,,,1,0.94999999,55.43190002441406,54.500469,56.363331
Breast,Female,pm,,,1,1.0,54.85969924926758,53.933861,55.785538
Breast,Female,pm,,,1,1.05,54.32570266723633,53.405338,55.246067
Breast,Female,pm,,,1,1.1,53.82773590087891,52.912708,54.742764
Breast,Female,pm,,,1,1.15,53.36351776123047,52.453674,54.273361
Breast,Female,pm,,,1,1.2,52.93088531494141,52.026062,53.835709
Breast,Female,pm,,,1,1.25,52.52779769897461,51.627823,53.427773
Breast,Female,pm,,,1,1.3,52.1523323059082,51.257027,53.047638
Breast,Female,pm,,,1,1.35,51.80267333984375,50.911861,52.693485
Breast,Female,pm,,,1,1.4,51.47713851928711,50.590641,52.363636
Breast,Female,pm,,,1,1.45,51.17413711547852,50.291779,52.056496
Breast,Female,pm,,,1,1.5,50.89219665527344,50.013802,51.770592
Breast,Female,pm,,,1,1.55,50.62994003295898,49.755337,51.504543
Breast,Female,pm,,,1,1.6,50.38607788085938,49.515106,51.25705
Breast,Female,pm,,,1,1.65,50.15938949584961,49.291885,51.026894
Breast,Female,pm,,,1,1.7,49.94873046875,49.084545,50.812916
Breast,Female,pm,,,1,1.75,49.75303649902344,48.892025,50.614048
Breast,Female,pm,,,1,1.8,49.57131195068359,48.713337,50.429287
Breast,Female,pm,,,1,1.85,49.40263366699219,48.547565,50.257702
Breast,Female,pm,,,1,1.9,49.24614715576172,48.39386,50.098434
Breast,Female,pm,,,1,1.95,49.10105514526367,48.251431,49.95068
Breast,Female,pm,,,1,2.0,48.96661376953125,48.119545,49.813683
Breast,Female,pm,,,1,2.05,48.84187316894531,47.997257,49.686489
Breast,Female,pm,,,1,2.0999999,48.7264518737793,47.88419,49.568714
Breast,Female,pm,,,1,2.1500001,48.61975860595703,47.779758,49.459759
Breast,Female,pm,,,1,2.2,48.52124404907227,47.683418,49.35907
Breast,Female,pm,,,1,2.25,48.43038940429688,47.594654,49.266125
Breast,Female,pm,,,1,2.3,48.34672546386719,47.513004,49.180447
Breast,Female,pm,,,1,2.3499999,48.26980209350586,47.438026,49.101578
Breast,Female,pm,,,1,2.4000001,48.19921112060547,47.369308,49.029114
Breast,Female,pm,,,1,2.45,48.13452529907227,47.306431,48.96262
Breast,Female,pm,,,1,2.5,48.07529449462891,47.248951,48.901638
Breast,Female,pm,,,1,2.55,48.02111053466797,47.196457,48.845764
Breast,Female,pm,,,1,2.5999999,47.97158813476563,47.148571,48.794605
Breast,Female,pm,,,1,2.6500001,47.92638397216797,47.104954,48.747814
Breast,Female,pm,,,1,2.7,47.88518905639648,47.065292,48.705086
Breast,Female,pm,,,1,2.75,47.84770965576172,47.029301,48.666119
Breast,Female,pm,,,1,2.8,47.81368637084961,46.996723,48.63065
Breast,Female,pm,,,1,2.8499999,47.78287124633789,46.967308,48.598434
Breast,Female,pm,,,1,2.9000001,47.75505065917969,46.940845,48.569256
Breast,Female,pm,,,1,2.95,47.73001861572266,46.917133,48.542904
Breast,Female,pm,,,1,3.0,47.70758819580078,46.895981,48.519196
Breast,Female,pm,,,1,3.05,47.68725967407227,46.876904,48.497616
Breast,Female,pm,,,1,3.0999999,47.66920471191406,46.860062,48.478348
Breast,Female,pm,,,1,3.1500001,47.65327072143555,46.845306,48.461235
Breast,Female,pm,,,1,3.2,47.63932800292969,46.832508,48.446148
Breast,Female,pm,,,1,3.25,47.62725448608398,46.821548,48.432961
Breast,Female,pm,,,1,3.3,47.61692428588867,46.812302,48.421547
Breast,Female,pm,,,1,3.3499999,47.60820770263672,46.804642,48.411774
Breast,Female,pm,,,1,3.4000001,47.60099029541016,46.79845,48.40353
Breast,Female,pm,,,1,3.45,47.59515380859375,46.793613,48.396694
Breast,Female,pm,,,1,3.5,47.59059906005859,46.790039,48.391159
Breast,Female,pm,,,1,3.55,47.58722305297852,46.787617,48.386829
Breast,Female,pm,,,1,3.5999999,47.58493804931641,46.786266,48.38361
Breast,Female,pm,,,1,3.6500001,47.58365249633789,46.785892,48.381413
Breast,Female,pm,,,1,3.7,47.58328628540039,46.786419,48.380154
Breast,Female,pm,,,1,3.75,47.58376693725586,46.787777,48.379757
Breast,Female,pm,,,1,3.8,47.58502197265625,46.78989,48.380154
Breast,Female,pm,,,1,3.8499999,47.58698272705078,46.792694,48.381271
Breast,Female,pm,,,1,3.9000001,47.58958435058594,46.796124,48.383045
Breast,Female,pm,,,1,3.95,47.59276580810547,46.800121,48.38541
Breast,Female,pm,,,1,4.0,47.59647750854492,46.804634,48.388321
Breast,Female,pm,,,1,4.0500002,47.60029220581055,46.809238,48.391346
Breast,Female,pm,,,1,4.0999999,47.60452270507813,46.814251,48.394794
Breast,Female,pm,,,1,4.1500001,47.609130859375,46.81963,48.398632
Breast,Female,pm,,,1,4.1999998,47.61407089233398,46.825329,48.402813
Breast,Female,pm,,,1,4.25,47.61929321289063,46.831299,48.407288
Breast,Female,pm,,,1,4.3000002,47.6247673034668,46.837513,48.412022
Breast,Female,pm,,,1,4.3499999,47.63044738769531,46.843925,48.416969
Breast,Female,pm,,,1,4.4000001,47.63629913330078,46.850498,48.4221
Breast,Female,pm,,,1,4.4499998,47.64229202270508,46.857204,48.42738
Breast,Female,pm,,,1,4.5,47.64839172363281,46.864014,48.43277
Breast,Female,pm,,,1,4.5500002,47.65456771850586,46.870892,48.438244
Breast,Female,pm,,,1,4.5999999,47.66079330444336,46.877808,48.443779
Breast,Female,pm,,,1,4.6500001,47.66703414916992,46.884739,48.449329
Breast,Female,pm,,,1,4.6999998,47.67327117919922,46.891659,48.454884
Breast,Female,pm,,,1,4.75,47.67947387695313,46.898537,48.460411
Breast,Female,pm,,,1,4.8000002,47.68562316894531,46.905357,48.465889
Breast,Female,pm,,,1,4.8499999,47.69169235229492,46.912094,48.471291
Breast,Female,pm,,,1,4.9000001,47.69766235351563,46.918728,48.476597
Breast,Female,pm,,,1,4.9499998,47.70351028442383,46.925232,48.481789
Breast,Female,pm,,,1,5.0,47.70922088623047,46.931599,48.486843
Breast,Female,pm,,,2,0.0,0.0,0.0,0.0
Breast,Female,pm,,,2,0.050000001,59.05271911621094,55.559086,62.546352
Breast,Female,pm,,,2,0.1,59.03851318359375,55.566238,62.510788
Breast,Female,pm,,,2,0.15000001,59.24103546142578,55.820316,62.661755
Breast,Female,pm,,,2,0.2,59.35289764404297,55.991859,62.713936
Breast,Female,pm,,,2,0.25,59.34848785400391,56.048706,62.64827
Breast,Female,pm,,,2,0.30000001,59.24886322021484,56.009308,62.488419
Breast,Female,pm,,,2,0.34999999,59.08150482177734,55.900043,62.262966
Breast,Female,pm,,,2,0.40000001,58.87080764770508,55.744862,61.996754
Breast,Female,pm,,,2,0.44999999,58.63614273071289,55.562965,61.70932
Breast,Female,pm,,,2,0.5,58.39207077026367,55.368904,61.415237
Breast,Female,pm,,,2,0.55000001,58.14916610717773,55.173306,61.125027
Breast,Female,pm,,,2,0.60000002,57.91485595703125,54.983681,60.846031
Breast,Female,pm,,,2,0.64999998,57.6942024230957,54.805202,60.583202
Breast,Female,pm,,,2,0.69999999,57.4904899597168,54.641273,60.339706
Breast,Female,pm,,,2,0.75,57.30572128295898,54.494019,60.117424
Breast,Female,pm,,,2,0.80000001,57.14096450805664,54.364635,59.917294
Breast,Female,pm,,,2,0.85000002,56.99662399291992,54.253654,59.739594
Breast,Female,pm,,,2,0.89999998,56.87263488769531,54.161133,59.584137
Breast,Female,pm,,,2,0.94999999,56.76863098144531,54.086826,59.450436
Breast,Female,pm,,,2,1.0,56.68401718139648,54.030258,59.337776
Breast,Female,pm,,,2,1.05,56.61868286132813,53.991585,59.245781
Breast,Female,pm,,,2,1.1,56.57118606567383,53.969311,59.173061
Breast,Female,pm,,,2,1.15,56.54069137573242,53.9627,59.118683
Breast,Female,pm,,,2,1.2,56.5263557434082,53.971012,59.081699
Breast,Female,pm,,,2,1.25,56.52734375,53.993492,59.061195
Breast,Female,pm,,,2,1.3,56.54283142089844,54.029408,59.056255
Breast,Female,pm,,,2,1.35,56.57204437255859,54.078064,59.066025
Breast,Female,pm,,,2,1.4,56.61422348022461,54.138771,59.089676
Breast,Female,pm,,,2,1.45,56.66866302490234,54.210892,59.126434
Breast,Female,pm,,,2,1.5,56.73469161987305,54.293827,59.175556
Breast,Female,pm,,,2,1.55,56.81167984008789,54.386997,59.236362
Breast,Female,pm,,,2,1.6,56.8990364074707,54.489872,59.308201
Breast,Female,pm,,,2,1.65,56.99624252319336,54.601994,59.390491
Breast,Female,pm,,,2,1.7,57.10281753540039,54.722935,59.4827
Breast,Female,pm,,,2,1.75,57.21829986572266,54.852287,59.584312
Breast,Female,pm,,,2,1.8,57.34225845336914,54.98967,59.694847
Breast,Female,pm,,,2,1.85,57.47428131103516,55.134708,59.813854
Breast,Female,pm,,,2,1.9,57.61399078369141,55.287067,59.940914
Breast,Female,pm,,,2,1.95,57.76102828979492,55.446423,60.075634
Breast,Female,pm,,,2,2.0,57.91506195068359,55.61248,60.217644
Breast,Female,pm,,,2,2.05,58.07611083984375,55.785423,60.366798
Breast,Female,pm,,,2,2.0999999,58.24352645874023,55.964493,60.52256
Breast,Female,pm,,,2,2.1500001,58.41703033447266,56.149441,60.68462
Breast,Female,pm,,,2,2.2,58.59637451171875,56.340042,60.852707
Breast,Female,pm,,,2,2.25,58.78131484985352,56.536076,61.026554
Breast,Female,pm,,,2,2.3,58.97163391113281,56.737347,61.205921
Breast,Female,pm,,,2,2.3499999,59.1671257019043,56.943668,61.390583
Breast,Female,pm,,,2,2.4000001,59.36759567260742,57.154861,61.58033
Breast,Female,pm,,,2,2.45,59.57277297973633,57.370674,61.774872
Breast,Female,pm,,,2,2.5,59.78228759765625,57.590744,61.973831
Breast,Female,pm,,,2,2.55,59.99578857421875,57.814724,62.176853
Breast,Female,pm,,,2,2.5999999,60.21295547485352,58.042305,62.383606
Breast,Female,pm,,,2,2.6500001,60.43349456787109,58.273197,62.593792
Breast,Female,pm,,,2,2.7,60.65712356567383,58.50713,62.807117
Breast,Female,pm,,,2,2.75,60.88359451293945,58.743855,63.023335
Breast,Female,pm,,,2,2.8,61.11267852783203,58.983147,63.24221
Breast,Female,pm,,,2,2.8499999,61.34415054321289,59.224792,63.463509
Breast,Female,pm,,,2,2.9000001,61.57781600952148,59.468601,63.687031
Breast,Female,pm,,,2,2.95,61.81348419189453,59.714382,63.912586
Breast,Female,pm,,,2,3.0,62.05098724365234,59.961971,64.140007
Breast,Female,pm,,,2,3.05,62.29022598266602,60.211407,64.369041
Breast,Female,pm,,,2,3.0999999,62.53095626831055,60.462315,64.599594
Breast,Female,pm,,,2,3.1500001,62.77303314208984,60.714554,64.831512
Breast,Female,pm,,,2,3.2,63.01632690429688,60.967991,65.064659
Breast,Female,pm,,,2,3.25,63.26071548461914,61.222515,65.298912
Breast,Female,pm,,,2,3.3,63.50608825683594,61.478016,65.534164
Breast,Female,pm,,,2,3.3499999,63.75234603881836,61.734394,65.770294
Breast,Female,pm,,,2,3.4000001,63.9994010925293,61.991573,66.007225
Breast,Female,pm,,,2,3.45,64.24716186523438,62.249466,66.244858
Breast,Female,pm,,,2,3.5,64.49555969238281,62.508003,66.483116
Breast,Female,pm,,,2,3.55,64.7445068359375,62.767105,66.721909
Breast,Female,pm,,,2,3.5999999,64.99393463134766,63.026703,66.961166
Breast,Female,pm,,,2,3.6500001,65.24378204345703,63.286743,67.200821
Breast,Female,pm,,,2,3.7,65.49397277832031,63.547146,67.440804
Breast,Female,pm,,,2,3.75,65.74446105957031,63.807873,67.681053
Breast,Female,pm,,,2,3.8,65.99517822265625,64.068855,67.921501
Breast,Female,pm,,,2,3.8499999,66.24607849121094,64.330048,68.162109
Breast,Female,pm,,,2,3.9000001,66.49711608886719,64.591415,68.402817
Breast,Female,pm,,,2,3.95,66.74822998046875,64.852882,68.643578
Breast,Female,pm,,,2,4.0,66.99938201904297,65.114426,68.884338
Breast,Female,pm,,,2,4.0500002,67.25025939941406,65.375847,69.124672
Breast,Female,pm,,,2,4.0999999,67.50105285644531,65.637207,69.364899
Breast,Female,pm,,,2,4.1500001,67.75172424316406,65.898483,69.604965
Breast,Female,pm,,,2,4.1999998,68.00223541259766,66.159637,69.844833
Breast,Female,pm,,,2,4.25,68.2525634765625,66.420647,70.08448
Breast,Female,pm,,,2,4.3000002,68.5026626586914,66.681458,70.323868
Breast,Female,pm,,,2,4.3499999,68.75250244140625,66.942047,70.562958
Breast,Female,pm,,,2,4.4000001,69.00205993652344,67.202393,70.801727
Breast,Female,pm,,,2,4.4499998,69.25130462646484,67.462463,71.040146
Breast,Female,pm,,,2,4.5,69.50020599365234,67.722221,71.278191
Breast,Female,pm,,,2,4.5500002,69.74874114990234,67.981659,71.515823
Breast,Female,pm,,,2,4.5999999,69.99687194824219,68.240723,71.753021
Breast,Female,pm,,,2,4.6500001,70.24459838867188,68.49942,71.989777
Breast,Female,pm,,,2,4.6999998,70.49188232421875,68.757721,72.226044
Breast,Female,pm,,,2,4.75,70.73870849609375,69.015594,72.461823
Breast,Female,pm,,,2,4.8000002,70.98504638671875,69.27301,72.697083
Breast,Female,pm,,,2,4.8499999,71.23088836669922,69.529976,72.931801
Breast,Female,pm,,,2,4.9000001,71.47621154785156,69.786453,73.16597
Breast,Female,pm,,,2,4.9499998,71.72099304199219,70.042427,73.399559
Breast,Female,pm,,,2,5.0,71.96522521972656,70.297882,73.632568
Breast,Female,tce,,,0,0.0,0.0,0.0,0.0
Breast,Female,tce,,,0,0.050000001,0.0011709994552574,0.0011250398,0.0012169592
Breast,Female,tce,,,0,0.1,0.0022743806998973,0.0021903408,0.0023584205
Breast,Female,tce,,,0,0.15000001,0.0033229737297049,0.0032057944,0.0034401531
Breast,Female,tce,,,0,0.2,0.0043422788619942,0.0041955756,0.0044889823
Breast,Female,tce,,,0,0.25,0.005347158418514,0.0051737563,0.0055205608
Breast,Female,tce,,,0,0.30000001,0.0063458477753916,0.0061480403,0.0065436549
Breast,Female,tce,,,0,0.34999999,0.0073425935068157,0.0071222922,0.0075628948
Breast,Female,tce,,,0,0.40000001,0.0083392156134375,0.0080980416,0.0085803894
Breast,Female,tce,,,0,0.44999999,0.0093360395409001,0.0090753883,0.0095966905
Breast,Female,tce,,,0,0.5,0.0103324800061545,0.010053568,0.010611392
Breast,Female,tce,,,0,0.55000001,0.0113274046936183,0.011031302,0.011623507
Breast,Female,tce,,,0,0.60000002,0.0123193755044239,0.012007031,0.01263172
Breast,Female,tce,,,0,0.64999998,0.0133068043802208,0.012979067,0.013634542
Breast,Female,tce,,,0,0.69999999,0.0142880628774721,0.013945696,0.014630429
Breast,Female,tce,,,0,0.75,0.0152615448825324,0.01490524,0.015617849
Breast,Female,tce,,,0,0.80000001,0.016225717225198,0.015856106,0.016595328
Breast,Female,tce,,,0,0.85000002,0.0171791478387377,0.016796807,0.01756149
Breast,Female,tce,,,0,0.89999998,0.0181205223456337,0.017725982,0.018515063
Breast,Female,tce,,,0,0.94999999,0.0190486579752557,0.018642407,0.019454909
Breast,Female,tce,,,0,1.0,0.0199625003934599,0.019544994,0.020380007
Breast,Female,tce,,,0,1.05,0.0208590857757697,0.020430814,0.021287357
Breast,Female,tce,,,0,1.1,0.0217395351518289,0.021300895,0.022178175
Breast,Female,tce,,,0,1.15,0.0226031792487034,0.022154542,0.023051817
Breast,Female,tce,,,0,1.2,0.0234494722121475,0.022991184,0.02390776
Breast,Female,tce,,,0,1.25,0.0242779674103273,0.023810359,0.024745576
Breast,Female,tce,,,0,1.3,0.0250883234939263,0.024611702,0.025564944
Breast,Female,tce,,,0,1.35,0.0258802898290432,0.02539495,0.026365628
Breast,Female,tce,,,0,1.4,0.026653692763563,0.026159912,0.027147474
Breast,Female,tce,,,0,1.45,0.0274084406791545,0.026906483,0.027910398
Breast,Female,tce,,,0,1.5,0.0281445015023494,0.027634615,0.028654387
Breast,Female,tce,,,0,1.55,0.0288619080634749,0.028344333,0.029379481
Breast,Female,tce,,,0,1.6,0.0295609150867395,0.029035877,0.030085953
Breast,Female,tce,,,0,1.65,0.0302425625768846,0.029710261,0.030774863
Breast,Female,tce,,,0,1.7,0.0309080531831625,0.030368663,0.031447444
Breast,Female,tce,,,0,1.75,0.0315585043767961,0.031012179,0.032104827
Breast,Female,tce,,,0,1.8,0.0321949636949218,0.031641837,0.032748092
Breast,Female,tce,,,0,1.85,0.0328184078607558,0.032258593,0.033378221
Breast,Female,tce,,,0,1.9,0.0334297424184234,0.032863345,0.033996142
Breast,Female,tce,,,0,1.95,0.0340298158861855,0.033456918,0.034602713
Breast,Female,tce,,,0,2.0,0.0346194117595524,0.034040093,0.035198733
Breast,Female,tce,,,0,2.05,0.0351960536062131,0.034610461,0.035781648
Breast,Female,tce,,,0,2.0999999,0.0357635662647248,0.035171755,0.036355376
Breast,Female,tce,,,0,2.1500001,0.0363225842385052,0.035724603,0.036920566
Breast,Female,tce,,,0,2.2,0.0368736875760212,0.036269579,0.037477799
Breast,Female,tce,,,0,2.25,0.037417420716465,0.036807217,0.038027626
Breast,Female,tce,,,0,2.3,0.0379542844805789,0.037338015,0.038570553
Breast,Female,tce,,,0,2.3499999,0.038484741286701,0.037862431,0.039107051
Breast,Female,tce,,,0,2.4000001,0.0390092118286128,0.03838088,0.039637543
Breast,Female,tce,,,0,2.45,0.0395276770624915,0.038893349,0.040162005
Breast,Female,tce,,,0,2.5,0.0400395670044133,0.039399277,0.040679857
Breast,Female,tce,,,0,2.55,0.0405443207274033,0.039898116,0.041190524
Breast,Female,tce,,,0,2.5999999,0.0410414316178104,0.04038937,0.041693494
Breast,Female,tce,,,0,2.6500001,0.0415304458220314,0.040872596,0.042188294
Breast,Female,tce,,,0,2.7,0.0420109494398179,0.041347388,0.042674512
Breast,Female,tce,,,0,2.75,0.0424825792969109,0.041813388,0.04315177
Breast,Female,tce,,,0,2.8,0.042945010611716,0.04227028,0.043619741
Breast,Female,tce,,,0,2.8499999,0.0433979566040042,0.042717785,0.04407813
Breast,Female,tce,,,0,2.9000001,0.0438411680368374,0.043155655,0.044526681
Breast,Female,tce,,,0,2.95,0.0442744224337064,0.043583676,0.04496517
Breast,Female,tce,,,0,3.0,0.0446975345383252,0.044001665,0.045393404
Breast,Female,tce,,,0,3.05,0.0451063158415892,0.044405531,0.045807097
Breast,Female,tce,,,0,3.0999999,0.0455046339192031,0.044799056,0.046210214
Breast,Female,tce,,,0,3.1500001,0.0458923865045171,0.045182131,0.04660264
Breast,Female,tce,,,0,3.2,0.0462694890108482,0.045554679,0.046984296
Breast,Female,tce,,,0,3.25,0.0466358867963541,0.045916647,0.047355127
Breast,Female,tce,,,0,3.3,0.0469917128212855,0.046268165,0.047715258
Breast,Female,tce,,,0,3.3499999,0.0473373656045953,0.046609629,0.048065104
Breast,Female,tce,,,0,3.4000001,0.0476732523610828,0.046941441,0.048405062
Breast,Female,tce,,,0,3.45,0.0479997592174351,0.04726398,0.048735537
Breast,Female,tce,,,0,3.5,0.0483172613876823,0.047577623,0.049056899
Breast,Female,tce,,,0,3.55,0.0486261172913155,0.047882721,0.049369514
Breast,Female,tce,,,0,3.5999999,0.0489266707432903,0.048179612,0.049673729
Breast,Female,tce,,,0,3.6500001,0.0492192528891837,0.048468631,0.049969878
Breast,Female,tce,,,0,3.7,0.0495041772118775,0.04875008,0.050258275
Breast,Female,tce,,,0,3.75,0.0497817484374962,0.049024262,0.050539233
Breast,Female,tce,,,0,3.8,0.0500522574428165,0.049291469,0.050813045
Breast,Female,tce,,,0,3.8499999,0.0503159831788779,0.049551975,0.051079992
Breast,Female,tce,,,0,3.9000001,0.0505731943767273,0.049806044,0.051340345
Breast,Female,tce,,,0,3.95,0.0508241451512144,0.050053932,0.051594358
Breast,Female,tce,,,0,4.0,0.0510690828201292,0.050295878,0.051842287
Breast,Female,tce,,,0,4.0500002,0.0513036776917397,0.050527658,0.052079696
Breast,Female,tce,,,0,4.0999999,0.0515327166188959,0.050753951,0.052311484
Breast,Female,tce,,,0,4.1500001,0.051756422269568,0.050974976,0.052537866
Breast,Female,tce,,,0,4.1999998,0.0519749997826756,0.051190939,0.052759059
Breast,Female,tce,,,0,4.25,0.0521886542304026,0.051402044,0.052975267
Breast,Female,tce,,,0,4.3000002,0.052397576273136,0.051608473,0.053186681
Breast,Female,tce,,,0,4.3499999,0.0526019489703038,0.05181041,0.053393487
Breast,Female,tce,,,0,4.4000001,0.0528019537632854,0.05200804,0.053595867
Breast,Female,tce,,,0,4.4499998,0.0529977572599774,0.052201521,0.053793993
Breast,Female,tce,,,0,4.5,0.0531895268115136,0.052391022,0.053988032
Breast,Female,tce,,,0,4.5500002,0.0533774176364696,0.052576698,0.054178137
Breast,Female,tce,,,0,4.5999999,0.0535615788725746,0.052758694,0.054364465
Breast,Female,tce,,,0,4.6500001,0.0537421589495968,0.052937154,0.054547165
Breast,Female,tce,,,0,4.6999998,0.0539192936385791,0.05311222,0.054726366
Breast,Female,tce,,,0,4.75,0.0540931200817905,0.053284023,0.054902218
Breast,Female,tce,,,0,4.8000002,0.0542637651204609,0.053452689,0.055074841
Breast,Female,tce,,,0,4.8499999,0.0544313507240084,0.053618338,0.055244364
Breast,Female,tce,,,0,4.9000001,0.0545959988626378,0.053781092,0.055410907
Breast,Female,tce,,,0,4.9499998,0.0547578205942213,0.053941064,0.055574581
Breast,Female,tce,,,0,5.0,0.0549169288263343,0.054098357,0.055735499
Breast,Female,tce,,,1,0.0,0.0,0.0,0.0
Breast,Female,tce,,,1,0.050000001,0.0009256790819663,0.00089220097,0.00095915719
Breast,Female,tce,,,1,0.1,0.0018488202141132,0.001787049,0.0019105914
Breast,Female,tce,,,1,0.15000001,0.0027600766650551,0.0026726094,0.0028475439
Breast,Female,tce,,,1,0.2,0.003669408579111,0.0035581475,0.0037806698
Breast,Female,tce,,,1,0.25,0.0045832843296637,0.0044497624,0.0047168066
Breast,Female,tce,,,1,0.30000001,0.0055051429092236,0.0053506545,0.0056596315
Breast,Female,tce,,,1,0.34999999,0.0064363626673483,0.0062620309,0.0066106948
Breast,Female,tce,,,1,0.40000001,0.0073769770487054,0.007183793,0.007570161
Breast,Female,tce,,,1,0.44999999,0.0083261495322288,0.0081150001,0.008537299
Breast,Female,tce,,,1,0.5,0.0092824987970046,0.0090541849,0.0095108133
Breast,Female,tce,,,1,0.55000001,0.0102443124073857,0.0099995621,0.010489063
Breast,Female,tce,,,1,0.60000002,0.0112096991853673,0.01094918,0.011470219
Breast,Female,tce,,,1,0.64999998,0.0121766923688418,0.011901017,0.012452368
Breast,Female,tce,,,1,0.69999999,0.0131433279625122,0.012853066,0.013433591
Breast,Female,tce,,,1,0.75,0.0141076895475376,0.013803368,0.014412011
Breast,Female,tce,,,1,0.80000001,0.0150679486973679,0.01475006,0.015385837
Breast,Female,tce,,,1,0.85000002,0.0160223878862807,0.015691392,0.016353384
Breast,Female,tce,,,1,0.89999998,0.0169694146508776,0.016625745,0.017313084
Breast,Female,tce,,,1,0.94999999,0.0179075747758191,0.017551638,0.018263511
Breast,Female,tce,,,1,1.0,0.0188355492138257,0.018467728,0.01920337
Breast,Female,tce,,,1,1.05,0.0197512324500097,0.019371914,0.020130552
Breast,Female,tce,,,1,1.1,0.0206544317195652,0.020263959,0.021044904
Breast,Female,tce,,,1,1.15,0.0215442319771418,0.021142932,0.021945532
Breast,Female,tce,,,1,1.2,0.0224198513737166,0.022008037,0.022831665
Breast,Female,tce,,,1,1.25,0.0232806170384881,0.022858586,0.023702648
Breast,Female,tce,,,1,1.3,0.024125971929155,0.023694007,0.024557937
Breast,Female,tce,,,1,1.35,0.0249554602538461,0.024513833,0.025397088
Breast,Female,tce,,,1,1.4,0.0257687134724326,0.025317682,0.026219744
Breast,Female,tce,,,1,1.45,0.0265654559022846,0.02610527,0.027025642
Breast,Female,tce,,,1,1.5,0.0273454812857379,0.026876379,0.027814584
Breast,Female,tce,,,1,1.55,0.0281086585712004,0.027630867,0.028586449
Breast,Female,tce,,,1,1.6,0.0288550875569154,0.028368825,0.029341349
Breast,Female,tce,,,1,1.65,0.0295856618054638,0.029091123,0.030080199
Breast,Female,tce,,,1,1.7,0.0303014536355214,0.029798809,0.030804098
Breast,Female,tce,,,1,1.75,0.0310034652048746,0.030492866,0.031514063
Breast,Female,tce,,,1,1.8,0.0316926426765267,0.03117422,0.032211065
Breast,Female,tce,,,1,1.85,0.0323698733146501,0.031843744,0.032896005
Breast,Female,tce,,,1,1.9,0.0330359832482665,0.032502245,0.03356972
Breast,Female,tce,,,1,1.95,0.0336917512316812,0.033150494,0.034233008
Breast,Female,tce,,,1,2.0,0.0343378984630763,0.033789199,0.034886599
Breast,Female,tce,,,1,2.05,0.034973418787026,0.034417376,0.035529461
Breast,Female,tce,,,1,2.0999999,0.0356005691945312,0.035037238,0.0361639
Breast,Female,tce,,,1,2.1500001,0.0362199391357966,0.035649374,0.036790505
Breast,Female,tce,,,1,2.2,0.0368320675409694,0.036254305,0.037409827
Breast,Female,tce,,,1,2.25,0.0374374627736021,0.036852546,0.03802238
Breast,Female,tce,,,1,2.3,0.0380365929282475,0.037444547,0.038628638
Breast,Female,tce,,,1,2.3499999,0.0386298908524682,0.038030744,0.039229039
Breast,Female,tce,,,1,2.4000001,0.0392177504312151,0.038611524,0.039823975
Breast,Female,tce,,,1,2.45,0.0398001133025419,0.039186832,0.040413395
Breast,Female,tce,,,1,2.5,0.0403763516990207,0.039756052,0.040996648
Breast,Female,tce,,,1,2.55,0.0409458448538537,0.040318578,0.041573111
Breast,Female,tce,,,1,2.5999999,0.0415080264151736,0.040873852,0.042142201
Breast,Female,tce,,,1,2.6500001,0.042062383515574,0.041421372,0.042703394
Breast,Female,tce,,,1,2.7,0.0426084429915473,0.041960675,0.043256212
Breast,Female,tce,,,1,2.75,0.0431457842655165,0.042491343,0.043800224
Breast,Female,tce,,,1,2.8,0.0436740259749333,0.043013006,0.044335045
Breast,Female,tce,,,1,2.8499999,0.0441928260704278,0.043525331,0.044860322
Breast,Female,tce,,,1,2.9000001,0.0447018818231155,0.044028018,0.045375746
Breast,Female,tce,,,1,2.95,0.0452009179126866,0.044520795,0.04588104
Breast,Female,tce,,,1,3.0,0.0456896988756303,0.045003433,0.046375964
Breast,Female,tce,,,1,3.05,0.0461656029274401,0.04547336,0.046857845
Breast,Female,tce,,,1,3.0999999,0.046630822034914,0.045932725,0.047328919
Breast,Female,tce,,,1,3.1500001,0.0470852082084854,0.046381384,0.04778903
Breast,Female,tce,,,1,3.2,0.0475286321584802,0.04681921,0.048238054
Breast,Female,tce,,,1,3.25,0.0479609976065049,0.04724611,0.048675884
Breast,Female,tce,,,1,3.3,0.0483824049224193,0.047662184,0.049102627
Breast,Female,tce,,,1,3.3499999,0.0487932336982029,0.048067804,0.049518663
Breast,Female,tce,,,1,3.4000001,0.049193875710355,0.048463359,0.049924392
Breast,Female,tce,,,1,3.45,0.0495847027324384,0.048849218,0.050320186
Breast,Female,tce,,,1,3.5,0.0499660783972998,0.04922574,0.050706416
Breast,Female,tce,,,1,3.55,0.0503383509248726,0.04959327,0.051083431
Breast,Female,tce,,,1,3.5999999,0.0507018554807397,0.049952138,0.051451571
Breast,Female,tce,,,1,3.6500001,0.0510569162778224,0.050302666,0.051811166
Breast,Female,tce,,,1,3.7,0.0514038402735248,0.050645158,0.052162524
Breast,Female,tce,,,1,3.75,0.051742927752484,0.050979909,0.052505948
Breast,Female,tce,,,1,3.8,0.0520744659378943,0.051307205,0.052841727
Breast,Female,tce,,,1,3.8499999,0.0523987311200281,0.051627316,0.053170145
Breast,Female,tce,,,1,3.9000001,0.0527159905603522,0.051940512,0.053491469
Breast,Female,tce,,,1,3.95,0.0530264968723431,0.052247036,0.053805955
Breast,Female,tce,,,1,4.0,0.0533304974848788,0.052547142,0.054113854
Breast,Female,tce,,,1,4.0500002,0.0536252718941372,0.052838154,0.054412391
Breast,Female,tce,,,1,4.0999999,0.0539139749263201,0.053123169,0.054704782
Breast,Female,tce,,,1,4.1500001,0.054196831976769,0.053402416,0.054991249
Breast,Female,tce,,,1,4.1999998,0.0544740491923779,0.053676099,0.055272002
Breast,Female,tce,,,1,4.25,0.0547458353948297,0.05394442,0.055547252
Breast,Female,tce,,,1,4.3000002,0.0550123837607433,0.054207571,0.055817198
Breast,Female,tce,,,1,4.3499999,0.0552738802877181,0.054465741,0.056082021
Breast,Female,tce,,,1,4.4000001,0.055530511349194,0.054719109,0.056341916
Breast,Female,tce,,,1,4.4499998,0.0557824466399442,0.054967843,0.05659705
Breast,Female,tce,,,1,4.5,0.0560298590386944,0.055212118,0.056847598
Breast,Female,tce,,,1,4.5500002,0.056272907941552,0.05545209,0.057093725
Breast,Female,tce,,,1,4.5999999,0.0565117469112373,0.055687912,0.057335582
Breast,Female,tce,,,1,4.6500001,0.0567465305666238,0.055919733,0.057573326
Breast,Female,tce,,,1,4.6999998,0.056977398968382,0.056147698,0.057807099
Breast,Female,tce,,,1,4.75,0.0572044957618171,0.056371942,0.05803705
Breast,Female,tce,,,1,4.8000002,0.0574279528853679,0.056592602,0.058263306
Breast,Female,tce,,,1,4.8499999,0.0576478975376461,0.056809798,0.058485996
Breast,Female,tce,,,1,4.9000001,0.0578644585107596,0.057023663,0.058705255
Breast,Female,tce,,,1,4.9499998,0.0580777517762871,0.057234306,0.058921196
Breast,Female,tce,,,1,5.0,0.0582878971933657,0.057441853,0.059133943
Breast,Female,tce,,,2,0.0,0.0,0.0,0.0
Breast,Female,tce,,,2,0.050000001,0.0026546366484255,0.002433928,0.0028753455
Breast,Female,tce,,,2,0.1,0.0048480656987488,0.0044473247,0.0052488069
Breast,Female,tce,,,2,0.15000001,0.0067272365303675,0.0061761932,0.0072782799
Breast,Female,tce,,,2,0.2,0.008411632599192,0.0077320612,0.009091204
Breast,Female,tce,,,2,0.25,0.0099668807591887,0.0091755567,0.010758204
Breast,Female,tce,,,2,0.30000001,0.0114302237332097,0.010540508,0.01231994
Breast,Female,tce,,,2,0.34999999,0.0128232544115434,0.01184604,0.013800468
Breast,Female,tce,,,2,0.40000001,0.0141585974453865,0.01310293,0.015214265
Breast,Female,tce,,,2,0.44999999,0.0154436055688373,0.014317098,0.016570114
Breast,Female,tce,,,2,0.5,0.0166825077397823,0.015491649,0.017873367
Breast,Female,tce,,,2,0.55000001,0.0178776800659014,0.016628053,0.019127306
Breast,Female,tce,,,2,0.60000002,0.0190304245593534,0.017726881,0.020333968
Breast,Female,tce,,,2,0.64999998,0.020141443468831,0.018788232,0.021494655
Breast,Female,tce,,,2,0.69999999,0.0212111376851934,0.019812005,0.022610269
Breast,Female,tce,,,2,0.75,0.022239777744188,0.020798052,0.023681503
Breast,Female,tce,,,2,0.80000001,0.0232276161132689,0.021746272,0.02470896
Breast,Female,tce,,,2,0.85000002,0.0241749471113729,0.022656661,0.025693234
Breast,Female,tce,,,2,0.89999998,0.0250821381558927,0.023529327,0.02663495
Breast,Female,tce,,,2,0.94999999,0.0259496481069409,0.024364507,0.02753479
Breast,Female,tce,,,2,1.0,0.0267780235502176,0.025162557,0.028393488
Breast,Female,tce,,,2,1.05,0.0275591098162603,0.025915759,0.029202461
Breast,Female,tce,,,2,1.1,0.0283019734399461,0.026632447,0.029971499
Breast,Female,tce,,,2,1.15,0.0290074315193792,0.027313311,0.030701553
Breast,Female,tce,,,2,1.2,0.029676365438599,0.027959112,0.031393617
Breast,Female,tce,,,2,1.25,0.0303096968033228,0.028570674,0.032048721
Breast,Female,tce,,,2,1.3,0.0309083887222791,0.029148867,0.032667909
Breast,Female,tce,,,2,1.35,0.031473431306437,0.029694598,0.033252265
Breast,Female,tce,,,2,1.4,0.0320058295383852,0.030208798,0.033802859
Breast,Female,tce,,,2,1.45,0.0325066049753364,0.030692423,0.034320787
Breast,Female,tce,,,2,1.5,0.0329767789669335,0.031146431,0.034807127
Breast,Female,tce,,,2,1.55,0.0334173754609877,0.031571791,0.035262961
Breast,Female,tce,,,2,1.6,0.0338295861357856,0.031969637,0.035689536
Breast,Female,tce,,,2,1.65,0.0342153366421852,0.032341797,0.036088876
Breast,Female,tce,,,2,1.7,0.0345766178366628,0.032690175,0.036463059
Breast,Female,tce,,,2,1.75,0.0349152445777033,0.033016507,0.036813982
Breast,Female,tce,,,2,1.8,0.0352328774882317,0.033322383,0.037143376
Breast,Female,tce,,,2,1.85,0.0355310343177256,0.033609256,0.037452813
Breast,Female,tce,,,2,1.9,0.0358111008932958,0.033878461,0.03774374
Breast,Female,tce,,,2,1.95,0.0360743476484245,0.034131225,0.03801747
Breast,Female,tce,,,2,2.0,0.0363219348375181,0.034368664,0.038275208
Breast,Female,tce,,,2,2.05,0.0365424941558057,0.034580141,0.038504846
Breast,Female,tce,,,2,2.0999999,0.0367493323976894,0.034778174,0.038720489
Breast,Female,tce,,,2,2.1500001,0.0369433565373244,0.034963641,0.038923074
Breast,Female,tce,,,2,2.2,0.037125395296646,0.03513734,0.039113451
Breast,Female,tce,,,2,2.25,0.0372962112914291,0.03530002,0.039292403
Breast,Female,tce,,,2,2.3,0.0374565032623503,0.035452355,0.039460652
Breast,Female,tce,,,2,2.3499999,0.0376069124645153,0.03559497,0.039618853
Breast,Female,tce,,,2,2.4000001,0.0377480217249075,0.035728436,0.039767608
Breast,Female,tce,,,2,2.45,0.0378800497860322,0.03585298,0.03990712
Breast,Female,tce,,,2,2.5,0.0380027761243652,0.035968408,0.040037144
Breast,Female,tce,,,2,2.55,0.0381160017094421,0.036074549,0.040157452
Breast,Female,tce,,,2,2.5999999,0.0382195812096285,0.036171287,0.040267874
Breast,Female,tce,,,2,2.6500001,0.0383134176722682,0.036258545,0.040368289
Breast,Female,tce,,,2,2.7,0.0383974556067069,0.036336284,0.040458627
Breast,Female,tce,,,2,2.75,0.0384716789998147,0.036404505,0.040538855
Breast,Female,tce,,,2,2.8,0.0385361052576681,0.036463238,0.040608972
Breast,Female,tce,,,2,2.8499999,0.0385907818541915,0.036512539,0.040669024
Breast,Female,tce,,,2,2.9000001,0.0386357830585612,0.036552493,0.040719073
Breast,Female,tce,,,2,2.95,0.0386712059805593,0.036583204,0.040759206
Breast,Female,tce,,,2,3.0,0.0386971690048275,0.036604796,0.040789541
Breast,Female,tce,,,2,3.05,0.038700008457791,0.03660449,0.040795527
Breast,Female,tce,,,2,3.0999999,0.0386937255851045,0.036595408,0.040792044
Breast,Female,tce,,,2,3.1500001,0.0386784946410586,0.036577724,0.040779267
Breast,Female,tce,,,2,3.2,0.0386545013916478,0.036551625,0.040757377
Breast,Female,tce,,,2,3.25,0.0386219430026368,0.036517311,0.040726576
Breast,Female,tce,,,2,3.3,0.0385811495329328,0.036475096,0.040687203
Breast,Female,tce,,,2,3.3499999,0.038532633967163,0.036425486,0.040639784
Breast,Female,tce,,,2,3.4000001,0.0384768968871619,0.036368955,0.040584836
Breast,Female,tce,,,2,3.45,0.0384144112237773,0.036305968,0.040522855
Breast,Female,tce,,,2,3.5,0.0383456222311835,0.036236953,0.040454291
Breast,Female,tce,,,2,3.55,0.0382709500132839,0.036162313,0.040379588
Breast,Female,tce,,,2,3.5999999,0.0381907906943109,0.036082435,0.040299147
Breast,Female,tce,,,2,3.6500001,0.0381055173468355,0.035997678,0.040213358
Breast,Female,tce,,,2,3.7,0.0380154829182206,0.035908382,0.040122584
Breast,Female,tce,,,2,3.75,0.0379210189956123,0.035814866,0.040027171
Breast,Female,tce,,,2,3.8,0.0378224385517554,0.035717439,0.039927438
Breast,Female,tce,,,2,3.8499999,0.0377200366293521,0.035616376,0.039823696
Breast,Female,tce,,,2,3.9000001,0.0376140908471075,0.035511956,0.039716225
Breast,Female,tce,,,2,3.95,0.0375048643998071,0.035404425,0.039605305
Breast,Female,tce,,,2,4.0,0.0373926039334095,0.035294022,0.039491184
Breast,Female,tce,,,2,4.0500002,0.0372632477840572,0.035167631,0.039358865
Breast,Female,tce,,,2,4.0999999,0.0371314528997891,0.035038944,0.039223962
Breast,Female,tce,,,2,4.1500001,0.036997425454105,0.034908161,0.039086692
Breast,Female,tce,,,2,4.1999998,0.036861364489942,0.034775473,0.038947258
Breast,Female,tce,,,2,4.25,0.03672345240344,0.034641054,0.03880585
Breast,Female,tce,,,2,4.3000002,0.0365838646374341,0.034505077,0.038662653
Breast,Female,tce,,,2,4.3499999,0.0364427664820151,0.034367695,0.038517836
Breast,Female,tce,,,2,4.4000001,0.0363003095506744,0.034229062,0.038371559
Breast,Female,tce,,,2,4.4499998,0.0361566417826407,0.034089312,0.038223971
Breast,Female,tce,,,2,4.5,0.0360118970995338,0.033948582,0.038075212
Breast,Female,tce,,,2,4.5500002,0.0358662054552455,0.033806991,0.037925418
Breast,Female,tce,,,2,4.5999999,0.0357196892262482,0.033664659,0.037774719
Breast,Female,tce,,,2,4.6500001,0.0355724594121262,0.033521689,0.03762323
Breast,Female,tce,,,2,4.6999998,0.0354246258413102,0.033378191,0.03747106
Breast,Female,tce,,,2,4.75,0.0352762863273096,0.033234261,0.037318315
Breast,Female,tce,,,2,4.8000002,0.0351275368846902,0.03308998,0.03716509
Breast,Female,tce,,,2,4.8499999,0.0349784678579932,0.032945447,0.037011489
Breast,Female,tce,,,2,4.9000001,0.034829159960236,0.032800734,0.036857586
Breast,Female,tce,,,2,4.9499998,0.0346796945324041,0.032655917,0.036703471
Breast,Female,tce,,,2,5.0,0.0345301424407369,0.032511067,0.036549218
Breast,Female,tde,,,0,0.0,0.0,0.0,0.0
Breast,Female,tde,,,0,0.050000001,0.0003445373017424,0.00034129329,0.00034778132
Breast,Female,tde,,,0,0.1,0.0007054306782682,0.00069919287,0.00071166852
Breast,Female,tde,,,0,0.15000001,0.0010627967038765,0.0010539299,0.0010716635
Breast,Female,tde,,,0,0.2,0.0014273490851528,0.0014161336,0.0014385646
Breast,Female,tde,,,0,0.25,0.0018056988349769,0.001792354,0.0018190435
Breast,Female,tde,,,0,0.30000001,0.0022010373939268,0.0021857398,0.0022163352
Breast,Female,tde,,,0,0.34999999,0.0026143487011437,0.0025972431,0.0026314543
Breast,Female,tde,,,0,0.40000001,0.0030452495549319,0.0030264573,0.0030640417
Breast,Female,tde,,,0,0.44999999,0.0034925245965072,0.0034721489,0.0035129003
Breast,Female,tde,,,0,0.5,0.0039544712698439,0.0039326013,0.0039763413
Breast,Female,tde,,,0,0.55000001,0.0044291200417102,0.0044058333,0.0044524069
Breast,Female,tde,,,0,0.60000002,0.0049143814426476,0.0048897471,0.004939016
Breast,Female,tde,,,0,0.64999998,0.0054081422373996,0.0053822217,0.0054340628
Breast,Female,tde,,,0,0.69999999,0.0059083324987095,0.0058811819,0.0059354831
Breast,Female,tde,,,0,0.75,0.0064129649029031,0.0063846353,0.0064412947
Breast,Female,tde,,,0,0.80000001,0.0069201647519099,0.006890703,0.0069496264
Breast,Female,tde,,,0,0.85000002,0.0074281863610764,0.0073976363,0.0074587367
Breast,Female,tde,,,0,0.89999998,0.0079354217611512,0.0079038246,0.0079670195
Breast,Female,tde,,,0,0.94999999,0.0084404068851039,0.0084078005,0.0084730135
Breast,Female,tde,,,0,1.0,0.0089418177012411,0.0089082392,0.0089753959
Breast,Female,tde,,,0,1.05,0.009437577519328,0.0094030648,0.0094720908
Breast,Female,tde,,,0,1.1,0.0099274660167857,0.009892052,0.0099628801
Breast,Female,tde,,,0,1.15,0.0104105604882904,0.010374277,0.010446844
Breast,Female,tde,,,0,1.2,0.0108860624573934,0.01084894,0.010923184
Breast,Female,tde,,,0,1.25,0.0113532804308298,0.011315349,0.011391211
Breast,Female,tde,,,0,1.3,0.0118116295879606,0.011772918,0.011850341
Breast,Female,tde,,,0,1.35,0.0122606199601028,0.012221156,0.012300084
Breast,Female,tde,,,0,1.4,0.0126998451171015,0.012659654,0.012740036
Breast,Female,tde,,,0,1.45,0.0131289816530306,0.01308809,0.013169873
Breast,Female,tde,,,0,1.5,0.0135477731957799,0.013506207,0.013589339
Breast,Female,tde,,,0,1.55,0.0139560304040473,0.013913814,0.013998247
Breast,Female,tde,,,0,1.6,0.0143537043434501,0.014310861,0.014396547
Breast,Female,tde,,,0,1.65,0.0147411634054067,0.014697716,0.014784611
Breast,Female,tde,,,0,1.7,0.0151188902079849,0.015074858,0.015162922
Breast,Female,tde,,,0,1.75,0.0154873543322862,0.015442758,0.015531951
Breast,Female,tde,,,0,1.8,0.0158470158082474,0.015801873,0.015892159
Breast,Female,tde,,,0,1.85,0.0161983201393629,0.016152646,0.016243994
Breast,Female,tde,,,0,1.9,0.0165416942723688,0.016495507,0.016587881
Breast,Female,tde,,,0,1.95,0.0168775512679108,0.016830865,0.016924238
Breast,Female,tde,,,0,2.0,0.0172062829839916,0.017159112,0.017253453
Breast,Female,tde,,,0,2.05,0.0175268483998089,0.017479211,0.017574485
Breast,Female,tde,,,0,2.0999999,0.0178409976684952,0.017792907,0.017889088
Breast,Female,tde,,,0,2.1500001,0.0181490719608867,0.018100539,0.018197604
Breast,Female,tde,,,0,2.2,0.0184513894829111,0.018402429,0.01850035
Breast,Female,tde,,,0,2.25,0.0187482546000334,0.018698879,0.01879763
Breast,Female,tde,,,0,2.3,0.0190399523465796,0.018990172,0.019089732
Breast,Female,tde,,,0,2.3499999,0.0193267503977839,0.019276578,0.019376922
Breast,Female,tde,,,0,2.4000001,0.0196088972003254,0.019558344,0.01965945
Breast,Female,tde,,,0,2.45,0.0198864381865097,0.019835517,0.019937361
Breast,Female,tde,,,0,2.5,0.0201591644372849,0.020107886,0.020210443
Breast,Female,tde,,,0,2.55,0.0204268679339565,0.020375246,0.020478489
Breast,Female,tde,,,0,2.5999999,0.0206893629301376,0.020637412,0.020741314
Breast,Female,tde,,,0,2.6500001,0.0209464857856436,0.02089422,0.020998752
Breast,Female,tde,,,0,2.7,0.0211980888010596,0.021145521,0.021250656
Breast,Female,tde,,,0,2.75,0.0214440463688985,0.021391192,0.021496901
Breast,Female,tde,,,0,2.8,0.0216842489078059,0.021631123,0.021737374
Breast,Female,tde,,,0,2.8499999,0.0219186030298588,0.021865219,0.021971986
Breast,Female,tde,,,0,2.9000001,0.0221470316010369,0.022093406,0.022200657
Breast,Female,tde,,,0,2.95,0.0223694684501483,0.022315616,0.022423321
Breast,Female,tde,,,0,3.0,0.0225858639902221,0.022531798,0.02263993
Breast,Female,tde,,,0,3.05,0.022794483977648,0.022740224,0.022848744
Breast,Female,tde,,,0,3.0999999,0.0229969944656276,0.022942554,0.023051435
Breast,Female,tde,,,0,3.1500001,0.0231933818500041,0.023138776,0.023247987
Breast,Female,tde,,,0,3.2,0.0233836397547524,0.023328884,0.023438396
Breast,Female,tde,,,0,3.25,0.0235677754181735,0.023512881,0.023622669
Breast,Female,tde,,,0,3.3,0.0237458930526729,0.023690874,0.023800911
Breast,Female,tde,,,0,3.3499999,0.0239182353728152,0.023863105,0.023973366
Breast,Female,tde,,,0,3.4000001,0.0240850485715638,0.024029819,0.024140278
Breast,Female,tde,,,0,3.45,0.024246566833644,0.024191249,0.024301885
Breast,Female,tde,,,0,3.5,0.0244030174048302,0.024347624,0.02445841
Breast,Female,tde,,,0,3.55,0.0245546176908263,0.024499159,0.024610076
Breast,Female,tde,,,0,3.5999999,0.0247015763750327,0.024646062,0.024757089
Breast,Female,tde,,,0,3.6500001,0.0248440943981031,0.024788536,0.024899652
Breast,Female,tde,,,0,3.7,0.0249823625698036,0.024926769,0.025037957
Breast,Female,tde,,,0,3.75,0.0251165659506713,0.025060946,0.025172187
Breast,Female,tde,,,0,3.8,0.0252468814144064,0.025191244,0.02530252
Breast,Female,tde,,,0,3.8499999,0.0253734786326716,0.025317831,0.025429126
Breast,Female,tde,,,0,3.9000001,0.0254965209414395,0.025440872,0.02555217
Breast,Female,tde,,,0,3.95,0.0256161632914415,0.025560521,0.025671806
Breast,Female,tde,,,0,4.0,0.0257325560393736,0.025676927,0.025788186
Breast,Female,tde,,,0,4.0500002,0.025844034740791,0.02578843,0.025899639
Breast,Female,tde,,,0,4.0999999,0.0259525533736946,0.025896979,0.026008127
Breast,Female,tde,,,0,4.1500001,0.0260582465564608,0.026002711,0.026113784
Breast,Female,tde,,,0,4.1999998,0.0261612394165312,0.026105747,0.026216732
Breast,Female,tde,,,0,4.25,0.0262616558908287,0.026206212,0.026317099
Breast,Female,tde,,,0,4.3000002,0.0263596120073504,0.026304223,0.026415002
Breast,Female,tde,,,0,4.3499999,0.0264552191505707,0.02639989,0.026510548
Breast,Female,tde,,,0,4.4000001,0.0265485868955319,0.026493324,0.02660385
Breast,Female,tde,,,0,4.4499998,0.02663981687437,0.026584625,0.026695009
Breast,Female,tde,,,0,4.5,0.0267290100918791,0.026673893,0.026784128
Breast,Female,tde,,,0,4.5500002,0.0268162609634437,0.026761224,0.026871298
Breast,Female,tde,,,0,4.5999999,0.0269016601803694,0.026846707,0.026956612
Breast,Female,tde,,,0,4.6500001,0.0269852972340916,0.026930433,0.027040161
Breast,Female,tde,,,0,4.6999998,0.0270672549140278,0.027012482,0.027122026
Breast,Female,tde,,,0,4.75,0.0271476158424265,0.027092941,0.027202291
Breast,Female,tde,,,0,4.8000002,0.0272264571061559,0.027171882,0.027281033
Breast,Female,tde,,,0,4.8499999,0.0273038528038076,0.027249381,0.027358325
Breast,Female,tde,,,0,4.9000001,0.0273798763256169,0.027325511,0.027434241
Breast,Female,tde,,,0,4.9499998,0.0274545953442259,0.027400339,0.027508851
Breast,Female,tde,,,0,5.0,0.0275280777371765,0.027473936,0.027582221
Breast,Female,tde,,,1,0.0,0.0,0.0,0.0
Breast,Female,tde,,,1,0.050000001,0.0002217703605984,0.00021956649,0.00022397423
Breast,Female,tde,,,1,0.1,0.0004937142040775,0.00048901601,0.00049841241
Breast,Female,tde,,,1,0.15000001,0.0007851473027356,0.00077801087,0.00079228374
Breast,Female,tde,,,1,0.2,0.0010980142908314,0.0010885407,0.0011074879
Breast,Female,tde,,,1,0.25,0.0014343231267633,0.0014226238,0.0014460225
Breast,Female,tde,,,1,0.30000001,0.0017947859587097,0.0017809719,0.0018086
Breast,Female,tde,,,1,0.34999999,0.002179024406141,0.0021632016,0.0021948472
Breast,Female,tde,,,1,0.40000001,0.0025858943207008,0.0025681625,0.0026036261
Breast,Female,tde,,,1,0.44999999,0.0030137440854122,0.0029941956,0.0030332927
Breast,Female,tde,,,1,0.5,0.0034606061473188,0.0034393263,0.0034818859
Breast,Female,tde,,,1,0.55000001,0.0039243312525812,0.0039013992,0.0039472631
Breast,Female,tde,,,1,0.60000002,0.0044026873230284,0.0043781758,0.0044271988
Breast,Female,tde,,,1,0.64999998,0.0048934294502012,0.0048674066,0.0049194526
Breast,Female,tde,,,1,0.69999999,0.0053943535674743,0.0053668814,0.0054218257
Breast,Female,tde,,,1,0.75,0.0059033298292597,0.0058744666,0.0059321932
Breast,Female,tde,,,1,0.80000001,0.0064183309407297,0.0063881306,0.0064485311
Breast,Female,tde,,,1,0.85000002,0.0069374492188124,0.0069059627,0.006968936
Breast,Female,tde,,,1,0.89999998,0.0074589071221766,0.0074261818,0.0074916324
Breast,Female,tde,,,1,0.94999999,0.0079810658411948,0.0079471469,0.0080149854
Breast,Female,tde,,,1,1.0,0.0085024237394661,0.0084673529,0.0085374946
Breast,Female,tde,,,1,1.05,0.0090212365628223,0.0089850556,0.0090574175
Breast,Female,tde,,,1,1.1,0.0095366191533989,0.0094993664,0.0095738722
Breast,Female,tde,,,1,1.15,0.0100474722193757,0.010009184,0.010085761
Breast,Female,tde,,,1,1.2,0.0105528255511379,0.010513537,0.010592114
Breast,Female,tde,,,1,1.25,0.0110518213310665,0.011011565,0.011092078
Breast,Female,tde,,,1,1.3,0.0115437151154849,0.011502524,0.011584907
Breast,Female,tde,,,1,1.35,0.0120278643847302,0.011985769,0.01206996
Breast,Female,tde,,,1,1.4,0.01250371731844,0.012460748,0.012546687
Breast,Female,tde,,,1,1.45,0.0129708130639674,0.012926999,0.013014628
Breast,Female,tde,,,1,1.5,0.0134287650957127,0.013384134,0.013473397
Breast,Female,tde,,,1,1.55,0.0138772617720693,0.013831841,0.013922683
Breast,Female,tde,,,1,1.6,0.0143161410570348,0.014269956,0.014362325
Breast,Female,tde,,,1,1.65,0.0147456747670671,0.014698752,0.014792597
Breast,Female,tde,,,1,1.7,0.0151662624928181,0.015118625,0.0152139
Breast,Female,tde,,,1,1.75,0.0155783003994216,0.015529969,0.015626632
Breast,Female,tde,,,1,1.8,0.0159821842405209,0.015933178,0.016031189
Breast,Female,tde,,,1,1.85,0.0163783030258126,0.016328644,0.016427962
Breast,Female,tde,,,1,1.9,0.0167670337188872,0.016716737,0.016817329
Breast,Female,tde,,,1,1.95,0.0171487458174626,0.017097831,0.017199662
Breast,Female,tde,,,1,2.0,0.017523792423554,0.017472275,0.017575311
Breast,Female,tde,,,1,2.05,0.0178917465571137,0.017839642,0.01794385
Breast,Female,tde,,,1,2.0999999,0.0182536752386004,0.018201003,0.018306348
Breast,Female,tde,,,1,2.1500001,0.0186098922555296,0.018556666,0.01866312
Breast,Female,tde,,,1,2.2,0.0189606908380348,0.018906923,0.019014457
Breast,Female,tde,,,1,2.25,0.0193063537448836,0.01925206,0.019360647
Breast,Female,tde,,,1,2.3,0.0196471464892863,0.019592341,0.01970195
Breast,Female,tde,,,1,2.3499999,0.0199833192165618,0.019928018,0.020038622
Breast,Female,tde,,,1,2.4000001,0.0203151044942947,0.020259317,0.020370891
Breast,Female,tde,,,1,2.45,0.0206425179223643,0.020586262,0.020698775
Breast,Female,tde,,,1,2.5,0.0209653012665881,0.020908589,0.021022014
Breast,Female,tde,,,1,2.55,0.021283196169881,0.021226045,0.021340348
Breast,Female,tde,,,1,2.5999999,0.0215959675547993,0.021538392,0.021653544
Breast,Female,tde,,,1,2.6500001,0.0219034038342614,0.021845421,0.021961387
Breast,Female,tde,,,1,2.7,0.0222053099054222,0.022146937,0.022263683
Breast,Female,tde,,,1,2.75,0.0225015148428585,0.022442767,0.022560261
Breast,Female,tde,,,1,2.8,0.0227918649592088,0.022732763,0.022850968
Breast,Female,tde,,,1,2.8499999,0.0230762242834424,0.023016784,0.023135664
Breast,Female,tde,,,1,2.9000001,0.023354474915462,0.023294713,0.023414236
Breast,Female,tde,,,1,2.95,0.0236265108296623,0.023566447,0.023686575
Breast,Female,tde,,,1,3.0,0.0238922449541214,0.023831896,0.023952594
Breast,Female,tde,,,1,3.05,0.0241504913479803,0.024089878,0.024211105
Breast,Female,tde,,,1,3.0999999,0.0244022807022526,0.024341419,0.024463141
Breast,Female,tde,,,1,3.1500001,0.0246475666042373,0.024586475,0.024708658
Breast,Female,tde,,,1,3.2,0.0248863108980101,0.024825007,0.024947615
Breast,Female,tde,,,1,3.25,0.0251184915780595,0.02505699,0.025179993
Breast,Female,tde,,,1,3.3,0.0253441925553976,0.02528251,0.025405874
Breast,Female,tde,,,1,3.3499999,0.0255636494913156,0.025501801,0.025625497
Breast,Female,tde,,,1,3.4000001,0.0257771041202106,0.025715105,0.025839103
Breast,Female,tde,,,1,3.45,0.0259847867312133,0.025922652,0.026046922
Breast,Female,tde,,,1,3.5,0.0261869224594245,0.026124666,0.02624918
Breast,Female,tde,,,1,3.55,0.0263837273895781,0.026321361,0.026446095
Breast,Female,tde,,,1,3.5999999,0.0265754098024521,0.026512947,0.026637873
Breast,Female,tde,,,1,3.6500001,0.0267621712771272,0.026699623,0.02682472
Breast,Female,tde,,,1,3.7,0.0269442033812875,0.026881583,0.027006824
Breast,Female,tde,,,1,3.75,0.0271216932452766,0.027059011,0.027184376
Breast,Female,tde,,,1,3.8,0.0272948202109714,0.027232086,0.027357554
Breast,Female,tde,,,1,3.8499999,0.0274637569668989,0.027400982,0.027526531
Breast,Female,tde,,,1,3.9000001,0.0276286705564492,0.027565865,0.027691476
Breast,Female,tde,,,1,3.95,0.0277897194799576,0.027726892,0.027852546
Breast,Female,tde,,,1,4.0,0.027947058636175,0.027884219,0.028009899
Breast,Female,tde,,,1,4.0500002,0.028099486612418,0.028036647,0.028162327
Breast,Female,tde,,,1,4.0999999,0.0282484836656923,0.028185653,0.028311316
Breast,Female,tde,,,1,4.1500001,0.0283941906259285,0.028331375,0.028457006
Breast,Female,tde,,,1,4.1999998,0.0285367375509239,0.028473947,0.028599529
Breast,Female,tde,,,1,4.25,0.0286762550473607,0.028613495,0.028739015
Breast,Female,tde,,,1,4.3000002,0.0288128648712092,0.028750144,0.028875586
Breast,Female,tde,,,1,4.3499999,0.0289466843168319,0.028884009,0.029009361
Breast,Female,tde,,,1,4.4000001,0.0290778301003337,0.029015206,0.029140454
Breast,Female,tde,,,1,4.4499998,0.0292064096627995,0.029143844,0.029268974
Breast,Female,tde,,,1,4.5,0.0293325313476828,0.029270031,0.029395033
Breast,Female,tde,,,1,4.5500002,0.0294562959162729,0.029393865,0.029518727
Breast,Female,tde,,,1,4.5999999,0.0295778004822115,0.029515445,0.029640155
Breast,Female,tde,,,1,4.6500001,0.0296971420352284,0.029634869,0.029759416
Breast,Female,tde,,,1,4.6999998,0.0298144095239851,0.029752223,0.029876597
Breast,Female,tde,,,1,4.75,0.0299296931023089,0.029867597,0.029991789
Breast,Female,tde,,,1,4.8000002,0.0300430763826125,0.029981077,0.030105077
Breast,Female,tde,,,1,4.8499999,0.0301546399989111,0.03009274,0.030216539
Breast,Female,tde,,,1,4.9000001,0.0302644648383286,0.03020267,0.030326258
Breast,Female,tde,,,1,4.9499998,0.030372624750912,0.03031094,0.03043431
Breast,Female,tde,,,1,5.0,0.030479195043401,0.030417623,0.030540766
Breast,Female,tde,,,2,0.0,0.0,0.0,0.0
Breast,Female,tde,,,2,0.050000001,0.0010870015232382,0.0010690574,0.0011049457
Breast,Female,tde,,,2,0.1,0.0019858397666032,0.0019539294,0.0020177502
Breast,Female,tde,,,2,0.15000001,0.0027419518945659,0.0026994783,0.0027844254
Breast,Female,tde,,,2,0.2,0.0034190848032449,0.0033684704,0.0034696993
Breast,Female,tde,,,2,0.25,0.004051687645254,0.0039947061,0.0041086692
Breast,Female,tde,,,2,0.30000001,0.0046579460109325,0.0045959214,0.0047199707
Breast,Female,tde,,,2,0.34999999,0.0052470828132401,0.0051810131,0.0053131524
Breast,Female,tde,,,2,0.40000001,0.0058233168684565,0.0057539577,0.0058926758
Breast,Female,tde,,,2,0.44999999,0.0063880711998932,0.006315995,0.0064601474
Breast,Female,tde,,,2,0.5,0.006941245887691,0.0068668849,0.0070156069
Breast,Female,tde,,,2,0.55000001,0.0074819583045858,0.0074056378,0.0075582787
Breast,Female,tde,,,2,0.60000002,0.0080089814434864,0.0079309465,0.0080870166
Breast,Female,tde,,,2,0.64999998,0.0085209983962336,0.0084414324,0.0086005647
Breast,Female,tde,,,2,0.69999999,0.0090167504774334,0.0089357914,0.0090977093
Breast,Female,tde,,,2,0.75,0.0094951123008411,0.0094128661,0.0095773591
Breast,Female,tde,,,2,0.80000001,0.0099551320359878,0.0098716803,0.010038584
Breast,Female,tde,,,2,0.85000002,0.0103960437247528,0.010311453,0.010480634
Breast,Female,tde,,,2,0.89999998,0.0108172649280572,0.010731591,0.010902938
Breast,Female,tde,,,2,0.94999999,0.0112183883790561,0.011131682,0.011305095
Breast,Female,tde,,,2,1.0,0.0115991641555825,0.011511471,0.011686857
Breast,Female,tde,,,2,1.05,0.0119555050759521,0.011866906,0.012044105
Breast,Female,tde,,,2,1.1,0.0122912115776394,0.012201753,0.012380671
Breast,Female,tde,,,2,1.15,0.0126064289069543,0.012516158,0.0126967
Breast,Female,tde,,,2,1.2,0.0129013971873394,0.012810363,0.01299243
Breast,Female,tde,,,2,1.25,0.0131764308142554,0.013084687,0.013268175
Breast,Female,tde,,,2,1.3,0.0134319103278777,0.01333951,0.013524311
Breast,Female,tde,,,2,1.35,0.0136682683502764,0.013575267,0.01376127
Breast,Female,tde,,,2,1.4,0.0138859777354597,0.013792433,0.013979523
Breast,Female,tde,,,2,1.45,0.0140855463214141,0.013991516,0.014179577
Breast,Female,tde,,,2,1.5,0.014267504872278,0.014173049,0.014361962
Breast,Female,tde,,,2,1.55,0.0144324036888654,0.014337582,0.014527226
Breast,Female,tde,,,2,1.6,0.0145808778475329,0.014485749,0.014676007
Breast,Female,tde,,,2,1.65,0.0147138798012713,0.014618503,0.014809256
Breast,Female,tde,,,2,1.7,0.0148323942975107,0.014736824,0.014927965
Breast,Female,tde,,,2,1.75,0.0149373349190419,0.014841624,0.015033046
Breast,Female,tde,,,2,1.8,0.015029550422993,0.014933749,0.015125352
Breast,Female,tde,,,2,1.85,0.0151098279734326,0.015013983,0.015205673
Breast,Female,tde,,,2,1.9,0.01517889680285,0.015083055,0.015274739
Breast,Female,tde,,,2,1.95,0.0152374334297481,0.015141638,0.015333229
Breast,Female,tde,,,2,2.0,0.0152860640987965,0.015190356,0.015381772
Breast,Female,tde,,,2,2.05,0.0153200342219521,0.015224492,0.015415576
Breast,Female,tde,,,2,2.0999999,0.0153452253704979,0.015249886,0.015440565
Breast,Female,tde,,,2,2.1500001,0.0153621443228485,0.015267043,0.015457246
Breast,Female,tde,,,2,2.2,0.0153712603323825,0.015276431,0.015466089
Breast,Female,tde,,,2,2.25,0.01537300843655,0.015278484,0.015467533
Breast,Female,tde,,,2,2.3,0.0153677917285765,0.015273602,0.015461981
Breast,Female,tde,,,2,2.3499999,0.0153559839003053,0.015262159,0.01544981
Breast,Female,tde,,,2,2.4000001,0.0153379294312681,0.015244495,0.015431363
Breast,Female,tde,,,2,2.45,0.0153138541729374,0.015220839,0.015406869
Breast,Female,tde,,,2,2.5,0.0152838474520237,0.015191278,0.015376417
Breast,Female,tde,,,2,2.55,0.0152480056840207,0.015155909,0.015340103
Breast,Female,tde,,,2,2.5999999,0.0152064414646216,0.015114844,0.01529804
Breast,Female,tde,,,2,2.6500001,0.0151592811246658,0.015068208,0.015250354
Breast,Female,tde,,,2,2.7,0.015106663649008,0.015016141,0.015197186
Breast,Female,tde,,,2,2.75,0.0150487375018769,0.014958791,0.015138684
Breast,Female,tde,,,2,2.8,0.0149856598441844,0.014896314,0.015075007
Breast,Female,tde,,,2,2.8499999,0.0149175948201557,0.014828872,0.015006318
Breast,Female,tde,,,2,2.9000001,0.0148447118389624,0.014756636,0.014932788
Breast,Female,tde,,,2,2.95,0.0147671857590879,0.014679778,0.014854593
Breast,Female,tde,,,2,3.0,0.0146851936933127,0.014598477,0.014771911
Breast,Female,tde,,,2,3.05,0.0145936853980383,0.014507715,0.014679656
Breast,Female,tde,,,2,3.0999999,0.0144981694404845,0.014412964,0.014583375
Breast,Female,tde,,,2,3.1500001,0.0143988306344875,0.014314407,0.014483253
Breast,Female,tde,,,2,3.2,0.0142958548010263,0.014212231,0.014379478
Breast,Female,tde,,,2,3.25,0.0141894260377761,0.014106618,0.014272234
Breast,Female,tde,,,2,3.3,0.0140797713349692,0.013997794,0.014161749
Breast,Female,tde,,,2,3.3499999,0.0139671760636309,0.013886042,0.01404831
Breast,Female,tde,,,2,3.4000001,0.0138519133810354,0.013771635,0.013932193
Breast,Female,tde,,,2,3.45,0.0137342410315051,0.013654827,0.013813655
Breast,Female,tde,,,2,3.5,0.0136143990256465,0.013535859,0.013692939
Breast,Female,tde,,,2,3.55,0.0134926127580673,0.013414955,0.013570271
Breast,Female,tde,,,2,3.5999999,0.013369093347127,0.013292324,0.013445863
Breast,Female,tde,,,2,3.6500001,0.0132440378724312,0.013168162,0.013319914
Breast,Female,tde,,,2,3.7,0.013117632560044,0.013042655,0.013192611
Breast,Female,tde,,,2,3.75,0.0129900499528227,0.012915974,0.013064126
Breast,Female,tde,,,2,3.8,0.0128614519975429,0.01278828,0.012934624
Breast,Female,tde,,,2,3.8499999,0.0127319901206151,0.012659723,0.012804257
Breast,Female,tde,,,2,3.9000001,0.0126018052364642,0.012530445,0.012673166
Breast,Female,tde,,,2,3.95,0.0124710308286908,0.012400577,0.012541484
Breast,Female,tde,,,2,4.0,0.0123397897847632,0.012270242,0.012409337
Breast,Female,tde,,,2,4.0500002,0.0122036173581902,0.012135005,0.01227223
Breast,Female,tde,,,2,4.0999999,0.0120673324748707,0.011999652,0.012135013
Breast,Female,tde,,,2,4.1500001,0.0119310321872325,0.01186428,0.011997784
Breast,Female,tde,,,2,4.1999998,0.0117948118051392,0.011728984,0.011860639
Breast,Female,tde,,,2,4.25,0.011658754928453,0.011593848,0.011723662
Breast,Female,tde,,,2,4.3000002,0.0115229429438001,0.011458952,0.011586933
Breast,Female,tde,,,2,4.3499999,0.0113874514941059,0.011324371,0.011450532
Breast,Female,tde,,,2,4.4000001,0.0112523469670254,0.011190172,0.011314522
Breast,Female,tde,,,2,4.4499998,0.0111176958636042,0.01105642,0.011178971
Breast,Female,tde,,,2,4.5,0.0109835548062301,0.010923173,0.011043936
Breast,Female,tde,,,2,4.5500002,0.0108499798318182,0.010790485,0.010909474
Breast,Female,tde,,,2,4.5999999,0.0107170227909689,0.010658409,0.010775637
Breast,Female,tde,,,2,4.6500001,0.0105847278272789,0.010526988,0.010642468
Breast,Female,tde,,,2,4.6999998,0.010453140480576,0.010396266,0.010510014
Breast,Female,tde,,,2,4.75,0.0103222978239738,0.010266284,0.010378312
Breast,Female,tde,,,2,4.8000002,0.0101922374794552,0.010137075,0.0102474
Breast,Female,tde,,,2,4.8499999,0.0100629940209792,0.010008675,0.010117313
Breast,Female,tde,,,2,4.9000001,0.0099345954994463,0.0098811127,0.0099880779
Breast,Female,tde,,,2,4.9499998,0.0098070722280754,0.0097544184,0.0098597258
Breast,Female,tde,,,2,5.0,0.0096804471544494,0.0096286135,0.0097322809
Breast,Female,tie,,,0,0.0,0.0,0.0,0.0
Breast,Female,tie,,,0,0.050000001,0.000826462153515,0.00077995571,0.00087296864
Breast,Female,tie,,,0,0.1,0.0015689500216291,0.0014837937,0.0016541063
Breast,Female,tie,,,0,0.15000001,0.0022601770258284,0.002141352,0.002379002
Breast,Female,tie,,,0,0.2,0.0029149297768414,0.0027660895,0.0030637702
Breast,Female,tie,,,0,0.25,0.003541459583537,0.0033654626,0.0037174567
Breast,Female,tie,,,0,0.30000001,0.0041448103814649,0.0039439802,0.0043456405
Breast,Female,tie,,,0,0.34999999,0.004728244805672,0.0045045195,0.0049519702
Breast,Female,tie,,,0,0.40000001,0.0052939660585056,0.0050489912,0.0055389409
Breast,Female,tie,,,0,0.44999999,0.005843514944393,0.0055787084,0.0061083217
Breast,Female,tie,,,0,0.5,0.0063780087363107,0.0060946071,0.0066614104
Breast,Female,tie,,,0,0.55000001,0.006898284651908,0.0065973769,0.0071991924
Breast,Female,tie,,,0,0.60000002,0.0074049940617763,0.0070875469,0.0077224411
Breast,Female,tie,,,0,0.64999998,0.0078986621428212,0.0075655407,0.0082317833
Breast,Female,tie,,,0,0.69999999,0.0083797303787625,0.0080317147,0.0087277461
Breast,Female,tie,,,0,0.75,0.0088485799796293,0.0084863752,0.0092107849
Breast,Female,tie,,,0,0.80000001,0.0093055524732881,0.008929803,0.0096813021
Breast,Female,tie,,,0,0.85000002,0.0097509614776613,0.0093622571,0.010139666
Breast,Female,tie,,,0,0.89999998,0.0101851005844825,0.0097839832,0.010586218
Breast,Female,tie,,,0,0.94999999,0.0106082510901518,0.010195222,0.011021281
Breast,Female,tie,,,0,1.0,0.0110206826922188,0.010596205,0.01144516
Breast,Female,tie,,,0,1.05,0.0114215082564418,0.010986085,0.011856931
Breast,Female,tie,,,0,1.1,0.0118120691350432,0.011366105,0.012258033
Breast,Female,tie,,,0,1.15,0.012192618760413,0.011736494,0.012648744
Breast,Female,tie,,,0,1.2,0.0125634097547541,0.012097481,0.013029339
Breast,Female,tie,,,0,1.25,0.0129246869794975,0.01244929,0.013400084
Breast,Female,tie,,,0,1.3,0.0132766939059657,0.012792146,0.013761242
Breast,Female,tie,,,0,1.35,0.0136196698689404,0.013126271,0.01411307
Breast,Female,tie,,,0,1.4,0.0139538476464615,0.013451882,0.014455814
Breast,Female,tie,,,0,1.45,0.014279459026124,0.013769195,0.014789723
Breast,Female,tie,,,0,1.5,0.0145967283065695,0.014078424,0.015115032
Breast,Female,tie,,,0,1.55,0.0149058776594275,0.014379778,0.015431978
Breast,Female,tie,,,0,1.6,0.0152072107432894,0.014673545,0.015740877
Breast,Female,tie,,,0,1.65,0.0155013991714779,0.014960374,0.016042424
Breast,Female,tie,,,0,1.7,0.0157891629751777,0.015240956,0.016337369
Breast,Female,tie,,,0,1.75,0.0160711500445099,0.01551592,0.01662638
Breast,Female,tie,,,0,1.8,0.0163479478866744,0.015785832,0.016910065
Breast,Female,tie,,,0,1.85,0.0166200877213929,0.016051205,0.017188972
Breast,Female,tie,,,0,1.9,0.0168880481460545,0.016312502,0.017463595
Breast,Female,tie,,,0,1.95,0.0171522646182747,0.016570147,0.017734382
Breast,Female,tie,,,0,2.0,0.0174131287755608,0.016824517,0.018001741
Breast,Female,tie,,,0,2.05,0.0176692052064043,0.017074252,0.018264158
Breast,Female,tie,,,0,2.0999999,0.0179225685962296,0.017321333,0.018523805
Breast,Female,tie,,,0,2.1500001,0.0181735122776186,0.017566046,0.01878098
Breast,Female,tie,,,0,2.2,0.0184222980931102,0.017808642,0.019035954
Breast,Female,tie,,,0,2.25,0.0186691661164316,0.018049359,0.019288972
Breast,Female,tie,,,0,2.3,0.0189143321339993,0.018288406,0.019540258
Breast,Female,tie,,,0,2.3499999,0.0191579908889171,0.018525973,0.019790011
Breast,Female,tie,,,0,2.4000001,0.0194003146282874,0.018762225,0.020038404
Breast,Female,tie,,,0,2.45,0.0196412388759818,0.018997105,0.020285374
Breast,Female,tie,,,0,2.5,0.0198804025671284,0.019230261,0.020530542
Breast,Female,tie,,,0,2.55,0.0201174527934468,0.019461356,0.02077355
Breast,Female,tie,,,0,2.5999999,0.0203520686876728,0.019690076,0.021014061
Breast,Female,tie,,,0,2.6500001,0.0205839600363878,0.019916141,0.021251779
Breast,Female,tie,,,0,2.7,0.0208128606387582,0.020139296,0.021486426
Breast,Female,tie,,,0,2.75,0.0210385329280124,0.020359308,0.021717757
Breast,Female,tie,,,0,2.8,0.0212607617039101,0.02057597,0.021945553
Breast,Female,tie,,,0,2.8499999,0.0214793535741455,0.020789094,0.022169612
Breast,Female,tie,,,0,2.9000001,0.0216941364358005,0.020998515,0.022389758
Breast,Female,tie,,,0,2.95,0.0219049539835581,0.021204079,0.022605829
Breast,Female,tie,,,0,3.0,0.0221116705481031,0.021405656,0.022817684
Breast,Female,tie,,,0,3.05,0.0223118318639412,0.021600891,0.023022773
Breast,Female,tie,,,0,3.0999999,0.0225076394535754,0.021791892,0.023223387
Breast,Female,tie,,,0,3.1500001,0.022699004654513,0.021978574,0.023419436
Breast,Female,tie,,,0,3.2,0.0228858492560958,0.022160858,0.02361084
Breast,Female,tie,,,0,3.25,0.0230681113781806,0.022338687,0.023797536
Breast,Female,tie,,,0,3.3,0.0232458197686125,0.022512088,0.023979552
Breast,Female,tie,,,0,3.3499999,0.0234191302317801,0.02268121,0.024157051
Breast,Female,tie,,,0,3.4000001,0.023588203789519,0.022846213,0.024330195
Breast,Female,tie,,,0,3.45,0.0237531923837911,0.02300724,0.024499144
Breast,Female,tie,,,0,3.5,0.0239142439828521,0.02316444,0.024664048
Breast,Female,tie,,,0,3.55,0.0240714996004892,0.023317946,0.024825053
Breast,Female,tie,,,0,3.5999999,0.0242250943682576,0.023467893,0.024982296
Breast,Female,tie,,,0,3.6500001,0.0243751584910806,0.023614405,0.025135912
Breast,Female,tie,,,0,3.7,0.0245218146420739,0.023757601,0.025286028
Breast,Female,tie,,,0,3.75,0.0246651824868249,0.023897598,0.025432767
Breast,Female,tie,,,0,3.8,0.0248053760284101,0.024034508,0.025576243
Breast,Female,tie,,,0,3.8499999,0.0249425045462063,0.024168435,0.025716573
Breast,Female,tie,,,0,3.9000001,0.0250766734352878,0.024299486,0.025853861
Breast,Female,tie,,,0,3.95,0.0252079818597729,0.024427753,0.025988212
Breast,Female,tie,,,0,4.0,0.0253365267807556,0.024553331,0.026119722
Breast,Female,tie,,,0,4.0500002,0.0254596429509486,0.024673657,0.026245628
Breast,Female,tie,,,0,4.0999999,0.0255801632452013,0.024791459,0.026368868
Breast,Female,tie,,,0,4.1500001,0.0256981757131072,0.02490682,0.026489532
Breast,Female,tie,,,0,4.1999998,0.0258137603661444,0.025019819,0.026607702
Breast,Female,tie,,,0,4.25,0.025926998339574,0.025130535,0.026723461
Breast,Female,tie,,,0,4.3000002,0.0260379642657856,0.025239039,0.026836889
Breast,Female,tie,,,0,4.3499999,0.0261467298197331,0.025345404,0.026948055
Breast,Female,tie,,,0,4.4000001,0.0262533668677535,0.025449699,0.027057035
Breast,Female,tie,,,0,4.4499998,0.0263579403856073,0.025551984,0.027163897
Breast,Female,tie,,,0,4.5,0.0264605167196344,0.025652327,0.027268706
Breast,Female,tie,,,0,4.5500002,0.0265611566730259,0.025750786,0.027371526
Breast,Female,tie,,,0,4.5999999,0.0266599186922052,0.02584742,0.027472418
Breast,Female,tie,,,0,4.6500001,0.0267568617155053,0.025942283,0.027571442
Breast,Female,tie,,,0,4.6999998,0.0268520387245513,0.026035428,0.027668649
Breast,Female,tie,,,0,4.75,0.026945504239364,0.026126908,0.027764101
Breast,Female,tie,,,0,4.8000002,0.027037308014305,0.026216773,0.027857844
Breast,Female,tie,,,0,4.8499999,0.0271274979202008,0.026305068,0.027949927
Breast,Female,tie,,,0,4.9000001,0.0272161225370209,0.02639184,0.028040405
Breast,Female,tie,,,0,4.9499998,0.0273032252499954,0.026477132,0.028129319
Breast,Female,tie,,,0,5.0,0.0273888510891577,0.026560988,0.028216714
Breast,Female,tie,,,1,0.0,0.0,0.0,0.0
Breast,Female,tie,,,1,0.050000001,0.0007039087213678,0.00066990638,0.00073791103
Breast,Female,tie,,,1,0.1,0.0013551060100357,0.001292194,0.001418018
Breast,Female,tie,,,1,0.15000001,0.0019749293623196,0.0018857229,0.0020641359
Breast,Female,tie,,,1,0.2,0.0025713942882796,0.0024578276,0.0026849608
Breast,Female,tie,,,1,0.25,0.0031489612029004,0.0030126034,0.0032853191
Breast,Female,tie,,,1,0.30000001,0.0037103569505139,0.0035525379,0.0038681761
Breast,Female,tie,,,1,0.34999999,0.0042573382612074,0.0040792148,0.0044354619
Breast,Female,tie,,,1,0.40000001,0.0047910827280045,0.0045936778,0.0049884873
Breast,Female,tie,,,1,0.44999999,0.0053124054468166,0.0050966348,0.0055281757
Breast,Female,tie,,,1,0.5,0.0058218926496858,0.0055885836,0.0060552014
Breast,Female,tie,,,1,0.55000001,0.0063199811548044,0.0060698865,0.0065700761
Breast,Female,tie,,,1,0.60000002,0.0068070118623388,0.00654082,0.0070732036
Breast,Female,tie,,,1,0.64999998,0.0072832629186406,0.0070016086,0.0075649172
Breast,Female,tie,,,1,0.69999999,0.0077489743950379,0.0074524432,0.0080455057
Breast,Female,tie,,,1,0.75,0.008204359718278,0.0078934962,0.0085152229
Breast,Female,tie,,,1,0.80000001,0.0086496177566382,0.0083249295,0.0089743063
Breast,Female,tie,,,1,0.85000002,0.0090849386674683,0.0087468997,0.0094229784
Breast,Female,tie,,,1,0.89999998,0.009510507528701,0.0091595622,0.0098614534
Breast,Female,tie,,,1,0.94999999,0.0099265089346243,0.0095630754,0.010289943
Breast,Female,tie,,,1,1.0,0.0103331254743596,0.0099575985,0.010708652
Breast,Female,tie,,,1,1.05,0.0107299958871874,0.010342769,0.011117222
Breast,Female,tie,,,1,1.1,0.0111178125661664,0.010719242,0.011516384
Breast,Female,tie,,,1,1.15,0.0114967597577661,0.011087179,0.01190634
Breast,Female,tie,,,1,1.2,0.0118670258225787,0.011446756,0.012287295
Breast,Female,tie,,,1,1.25,0.0122287957074216,0.011798142,0.01265945
Breast,Female,tie,,,1,1.3,0.0125822568136701,0.012141507,0.013023006
Breast,Female,tie,,,1,1.35,0.0129275958691159,0.012477029,0.013378163
Breast,Female,tie,,,1,1.4,0.0132649961539927,0.012804877,0.013725115
Breast,Female,tie,,,1,1.45,0.0135946428383171,0.013125226,0.01406406
Breast,Female,tie,,,1,1.5,0.0139167161900251,0.013438244,0.014395188
Breast,Female,tie,,,1,1.55,0.0142313967991311,0.013744105,0.014718689
Breast,Female,tie,,,1,1.6,0.0145389464998806,0.014043055,0.015034838
Breast,Female,tie,,,1,1.65,0.0148399870383966,0.014335697,0.015344277
Breast,Female,tie,,,1,1.7,0.0151351911427033,0.014622676,0.015647706
Breast,Female,tie,,,1,1.75,0.0154251648054531,0.014904579,0.015945749
Breast,Female,tie,,,1,1.8,0.0157104584360058,0.015181938,0.016238978
Breast,Female,tie,,,1,1.85,0.0159915702888375,0.015455233,0.016527908
Breast,Female,tie,,,1,1.9,0.0162689495293793,0.015724899,0.016812999
Breast,Female,tie,,,1,1.95,0.0165430054142187,0.015991334,0.017094677
Breast,Female,tie,,,1,2.0,0.0168141060395223,0.016254893,0.01737332
Breast,Female,tie,,,1,2.05,0.0170816722299123,0.016515017,0.017648328
Breast,Female,tie,,,1,2.0999999,0.0173468939559308,0.016772859,0.01792093
Breast,Female,tie,,,1,2.1500001,0.0176100468802671,0.017028684,0.01819141
Breast,Female,tie,,,1,2.2,0.0178713767029346,0.01728273,0.018460024
Breast,Female,tie,,,1,2.25,0.0181311090287185,0.017535217,0.018727001
Breast,Female,tie,,,1,2.3,0.0183894464389613,0.017786345,0.018992549
Breast,Female,tie,,,1,2.3499999,0.0186465716359063,0.018036287,0.019256856
Breast,Female,tie,,,1,2.4000001,0.0189026459369204,0.018285202,0.019520089
Breast,Female,tie,,,1,2.45,0.0191575953801776,0.018533021,0.019782171
Breast,Female,tie,,,1,2.5,0.0194110504324326,0.018779384,0.020042717
Breast,Female,tie,,,1,2.55,0.0196626486839728,0.019023944,0.020301353
Breast,Female,tie,,,1,2.5999999,0.0199120588603744,0.019266378,0.020557739
Breast,Female,tie,,,1,2.6500001,0.0201589796813127,0.019506397,0.020811563
Breast,Female,tie,,,1,2.7,0.0204031330861251,0.019743729,0.021062536
Breast,Female,tie,,,1,2.75,0.020644269422658,0.019978136,0.021310402
Breast,Female,tie,,,1,2.8,0.0208821610157245,0.020209396,0.021554926
Breast,Female,tie,,,1,2.8499999,0.0211166017869854,0.020437308,0.021795895
Breast,Female,tie,,,1,2.9000001,0.0213474069076535,0.020661695,0.02203312
Breast,Female,tie,,,1,2.95,0.0215744070830242,0.020882392,0.022266421
Breast,Female,tie,,,1,3.0,0.0217974539215089,0.021099254,0.022495653
Breast,Female,tie,,,1,3.05,0.0220151115794598,0.021310898,0.022719325
Breast,Female,tie,,,1,3.0999999,0.0222285413326614,0.021518439,0.022938645
Breast,Female,tie,,,1,3.1500001,0.022437641604248,0.02172178,0.023153502
Breast,Female,tie,,,1,3.2,0.0226423212604701,0.021920836,0.023363808
Breast,Female,tie,,,1,3.25,0.0228425060284454,0.022115529,0.023569483
Breast,Female,tie,,,1,3.3,0.0230382123670217,0.022305878,0.023770547
Breast,Female,tie,,,1,3.3499999,0.0232295842068873,0.022492023,0.023967145
Breast,Female,tie,,,1,3.4000001,0.0234167715901444,0.02267411,0.024159433
Breast,Female,tie,,,1,3.45,0.0235999160012251,0.022852272,0.02434756
Breast,Female,tie,,,1,3.5,0.0237791559378752,0.023026649,0.024531664
Breast,Female,tie,,,1,3.55,0.0239546235352945,0.023197364,0.024711883
Breast,Female,tie,,,1,3.5999999,0.0241264456782876,0.023364544,0.024888346
Breast,Female,tie,,,1,3.6500001,0.0242947450006952,0.023528308,0.025061183
Breast,Female,tie,,,1,3.7,0.0244596368922373,0.023688765,0.025230508
Breast,Female,tie,,,1,3.75,0.0246212345072074,0.023846028,0.025396442
Breast,Female,tie,,,1,3.8,0.0247796457269229,0.0240002,0.025559092
Breast,Female,tie,,,1,3.8499999,0.0249349741531292,0.024151381,0.025718568
Breast,Female,tie,,,1,3.9000001,0.025087320003903,0.02429967,0.02587497
Breast,Female,tie,,,1,3.95,0.0252367773923855,0.024445157,0.026028398
Breast,Female,tie,,,1,4.0,0.0253834388487038,0.024587933,0.026178945
Breast,Female,tie,,,1,4.0500002,0.0255257852817192,0.024726529,0.026325041
Breast,Female,tie,,,1,4.0999999,0.0256654912606278,0.024862565,0.026468417
Breast,Female,tie,,,1,4.1500001,0.0258026413508405,0.024996122,0.02660916
Breast,Female,tie,,,1,4.1999998,0.025937311641454,0.025127275,0.026747348
Breast,Female,tie,,,1,4.25,0.026069580347469,0.025256099,0.026883062
Breast,Female,tie,,,1,4.3000002,0.0261995188895341,0.025382664,0.027016373
Breast,Female,tie,,,1,4.3499999,0.0263271959708862,0.025507037,0.027147355
Breast,Female,tie,,,1,4.4000001,0.0264526812488602,0.025629284,0.027276078
Breast,Female,tie,,,1,4.4499998,0.0265760369771448,0.025749467,0.027402606
Breast,Female,tie,,,1,4.5,0.0266973276910116,0.025867648,0.027527006
Breast,Female,tie,,,1,4.5500002,0.0268166120252791,0.025983885,0.027649339
Breast,Female,tie,,,1,4.5999999,0.0269339464290258,0.026098231,0.027769661
Breast,Female,tie,,,1,4.6500001,0.0270493885313953,0.026210744,0.027888034
Breast,Female,tie,,,1,4.6999998,0.027162989444397,0.026321473,0.028004507
Breast,Female,tie,,,1,4.75,0.0272748026595083,0.026430469,0.028119138
Breast,Female,tie,,,1,4.8000002,0.0273848765027554,0.026537778,0.028231975
Breast,Female,tie,,,1,4.8499999,0.027493257538735,0.026643449,0.028343067
Breast,Female,tie,,,1,4.9000001,0.027599993672431,0.026747525,0.028452462
Breast,Female,tie,,,1,4.9499998,0.0277051270253751,0.026850048,0.028560204
Breast,Female,tie,,,1,5.0,0.0278087021499648,0.026951063,0.028666342
Breast,Female,tie,,,2,0.0,0.0,0.0,0.0
Breast,Female,tie,,,2,0.050000001,0.0015676351251873,0.0013443349,0.0017909354
Breast,Female,tie,,,2,0.1,0.0028622259321456,0.0024568276,0.0032676244
Breast,Female,tie,,,2,0.15000001,0.0039852846358016,0.0034279709,0.0045425985
Breast,Female,tie,,,2,0.2,0.004992547795947,0.0043054176,0.0056796782
Breast,Female,tie,,,2,0.25,0.0059151931139348,0.0051152594,0.0067151268
Breast,Female,tie,,,2,0.30000001,0.0067722777222771,0.0058730794,0.0076714759
Breast,Female,tie,,,2,0.34999999,0.0075761715983032,0.0065887379,0.0085636051
Breast,Female,tie,,,2,0.40000001,0.00833528057693,0.0072687571,0.0094018038
Breast,Female,tie,,,2,0.44999999,0.0090555343689441,0.0079176137,0.010193455
Breast,Female,tie,,,2,0.5,0.0097412618520913,0.008538493,0.01094403
Breast,Female,tie,,,2,0.55000001,0.0103957217613155,0.0091337366,0.011657706
Breast,Female,tie,,,2,0.60000002,0.011021443115867,0.00970513,0.012337756
Breast,Female,tie,,,2,0.64999998,0.0116204450725974,0.010254081,0.012986809
Breast,Female,tie,,,2,0.69999999,0.0121943872077601,0.010781744,0.013607031
Breast,Female,tie,,,2,0.75,0.012744665443347,0.011289091,0.014200239
Breast,Female,tie,,,2,0.80000001,0.013272484077281,0.011776971,0.014767997
Breast,Female,tie,,,2,0.85000002,0.0137789033866201,0.012246141,0.015311665
Breast,Female,tie,,,2,0.89999998,0.0142648732278355,0.012697294,0.015832452
Breast,Female,tie,,,2,0.94999999,0.0147312597278847,0.013131073,0.016331447
Breast,Female,tie,,,2,1.0,0.015178859394635,0.013548082,0.016809637
Breast,Female,tie,,,2,1.05,0.0156036047403082,0.013944694,0.017262517
Breast,Female,tie,,,2,1.1,0.0160107618623067,0.014325438,0.017696084
Breast,Female,tie,,,2,1.15,0.0164010026124248,0.014690858,0.018111147
Breast,Female,tie,,,2,1.2,0.0167749682512596,0.01504148,0.018508457
Breast,Female,tie,,,2,1.25,0.0171332659890674,0.015377807,0.018888725
Breast,Female,tie,,,2,1.3,0.0174764783944014,0.015700333,0.019252624
Breast,Female,tie,,,2,1.35,0.0178051629561606,0.016009528,0.019600797
Breast,Female,tie,,,2,1.4,0.0181198518029255,0.016305856,0.019933848
Breast,Female,tie,,,2,1.45,0.0184210586539223,0.016589759,0.020252358
Breast,Female,tie,,,2,1.5,0.0187092740946556,0.01686167,0.020556878
Breast,Female,tie,,,2,1.55,0.0189849717721223,0.017122004,0.020847939
Breast,Female,tie,,,2,1.6,0.0192487082882527,0.017371261,0.021126157
Breast,Female,tie,,,2,1.65,0.0195014568409138,0.017610317,0.021392595
Breast,Female,tie,,,2,1.7,0.0197442235391521,0.017840091,0.021648357
Breast,Female,tie,,,2,1.75,0.0199779096586614,0.018061399,0.02189442
Breast,Female,tie,,,2,1.8,0.0202033270652387,0.018274987,0.022131668
Breast,Female,tie,,,2,1.85,0.0204212063442929,0.018481521,0.022360891
Breast,Female,tie,,,2,1.9,0.0206322040904458,0.018681606,0.022582801
Breast,Female,tie,,,2,1.95,0.0208369142186764,0.018875791,0.022798039
Breast,Female,tie,,,2,2.0,0.0210358707387216,0.019064564,0.023007179
Breast,Female,tie,,,2,2.05,0.0212224599338536,0.019242054,0.023202866
Breast,Female,tie,,,2,2.0999999,0.0214041070271915,0.019414885,0.023393329
Breast,Female,tie,,,2,2.1500001,0.0215812122144758,0.019583425,0.023579
Breast,Female,tie,,,2,2.2,0.0217541349642635,0.019748013,0.023760257
Breast,Female,tie,,,2,2.25,0.0219232028548791,0.019908952,0.023937454
Breast,Female,tie,,,2,2.3,0.0220887115337738,0.02006652,0.024110904
Breast,Female,tie,,,2,2.3499999,0.0222509285642101,0.020220967,0.024280891
Breast,Female,tie,,,2,2.4000001,0.0224100922936394,0.020372516,0.024447668
Breast,Female,tie,,,2,2.45,0.0225661956130948,0.02052117,0.024611222
Breast,Female,tie,,,2,2.5,0.0227189286723415,0.020666644,0.024771214
Breast,Female,tie,,,2,2.55,0.0228679960254215,0.020808676,0.024927316
Breast,Female,tie,,,2,2.5999999,0.023013139745007,0.02094703,0.025079248
Breast,Female,tie,,,2,2.6500001,0.0231541365476024,0.021081507,0.025226766
Breast,Female,tie,,,2,2.7,0.0232907919576989,0.021211928,0.025369657
Breast,Female,tie,,,2,2.75,0.0234229414979378,0.021338144,0.025507739
Breast,Female,tie,,,2,2.8,0.0235504454134837,0.021460028,0.025640862
Breast,Female,tie,,,2,2.8499999,0.0236731870340358,0.021577476,0.025768898
Breast,Female,tie,,,2,2.9000001,0.0237910712195988,0.0216904,0.025891742
Breast,Female,tie,,,2,2.95,0.0239040202214714,0.02179873,0.026009312
Breast,Female,tie,,,2,3.0,0.0240119753115148,0.02190241,0.026121542
Breast,Female,tie,,,2,3.05,0.0241063230597528,0.021993717,0.026218928
Breast,Female,tie,,,2,3.0999999,0.02419555614462,0.022080261,0.02631085
Breast,Female,tie,,,2,3.1500001,0.0242796640065711,0.022162033,0.026397293
Breast,Female,tie,,,2,3.2,0.0243586465906215,0.022239033,0.026478261
Breast,Female,tie,,,2,3.25,0.0244325169648607,0.022311268,0.026553765
Breast,Female,tie,,,2,3.3,0.0245013781979636,0.02237884,0.026623918
Breast,Female,tie,,,2,3.3499999,0.0245654579035321,0.022441953,0.026688963
Breast,Female,tie,,,2,3.4000001,0.0246249835061265,0.022500822,0.026749145
Breast,Female,tie,,,2,3.45,0.0246801701922722,0.022555644,0.026804697
Breast,Female,tie,,,2,3.5,0.0247312232055369,0.022606609,0.026855838
Breast,Female,tie,,,2,3.55,0.0247783372552166,0.022653898,0.026902776
Breast,Female,tie,,,2,3.5999999,0.024821697347184,0.022697683,0.026945712
Breast,Female,tie,,,2,3.6500001,0.0248614794744043,0.022738127,0.026984831
Breast,Female,tie,,,2,3.7,0.0248978503581766,0.022775384,0.027020317
Breast,Female,tie,,,2,3.75,0.0249309690427896,0.022809602,0.027052335
Breast,Female,tie,,,2,3.8,0.0249609865542125,0.022840921,0.027081052
Breast,Female,tie,,,2,3.8499999,0.024988046508737,0.022869475,0.027106619
Breast,Female,tie,,,2,3.9000001,0.0250122856106432,0.02289539,0.027129181
Breast,Female,tie,,,2,3.95,0.0250338335711164,0.022918787,0.02714888
Breast,Female,tie,,,2,4.0,0.0250528141486463,0.022939781,0.027165849
Breast,Female,tie,,,2,4.0500002,0.025059630425867,0.022949722,0.027169539
Breast,Female,tie,,,2,4.0999999,0.0250641204249184,0.02295748,0.027170761
Breast,Female,tie,,,2,4.1500001,0.0250663932668724,0.022963157,0.02716963
Breast,Female,tie,,,2,4.1999998,0.0250665526848028,0.022966849,0.027166257
Breast,Female,tie,,,2,4.25,0.0250646974749871,0.022968648,0.027160747
Breast,Female,tie,,,2,4.3000002,0.0250609216936339,0.022968642,0.027153201
Breast,Female,tie,,,2,4.3499999,0.0250553149879092,0.022966914,0.027143715
Breast,Female,tie,,,2,4.4000001,0.0250479625836489,0.022963544,0.027132381
Breast,Female,tie,,,2,4.4499998,0.0250389459190365,0.022958606,0.027119284
Breast,Female,tie,,,2,4.5,0.0250283422933037,0.022952175,0.02710451
Breast,Female,tie,,,2,4.5500002,0.0250162256234273,0.022944316,0.027088134
Breast,Female,tie,,,2,4.5999999,0.0250026664352793,0.0229351,0.027070234
Breast,Female,tie,,,2,4.6500001,0.0249877315848474,0.022924583,0.027050881
Breast,Female,tie,,,2,4.6999998,0.0249714853607342,0.022912828,0.027030142
Breast,Female,tie,,,2,4.75,0.0249539885033358,0.022899894,0.027008083
Breast,Female,tie,,,2,4.8000002,0.024935299405235,0.022885833,0.026984766
Breast,Female,tie,,,2,4.8499999,0.024915473837014,0.022870695,0.026960252
Breast,Female,tie,,,2,4.9000001,0.0248945644607897,0.022854533,0.026934596
Breast,Female,tie,,,2,4.9499998,0.0248726223043287,0.022837391,0.026907852
Breast,Female,tie,,,2,5.0,0.0248496952862874,0.022819318,0.026880072
