site,sex,estimate,race,stage,agegroup,tt,PE,lci,uci
Colon,Male,AD,,,0,0.0,0.0,0.0,0.0
Colon,Male,AD,,,0,0.050000001,11.4852037596185,10.980036,11.990372
Colon,Male,AD,,,0,0.1,22.51114188598567,21.584515,23.437769
Colon,Male,AD,,,0,0.15000001,32.1836217198728,30.897261,33.469982
Colon,Male,AD,,,0,0.2,40.70016494084734,39.10004,42.300289
Colon,Male,AD,,,0,0.25,48.25203262450904,46.374142,50.129925
Colon,Male,AD,,,0,0.30000001,54.99300787455813,52.866501,57.119514
Colon,Male,AD,,,0,0.34999999,61.04498003101196,58.694046,63.395912
Colon,Male,AD,,,0,0.40000001,66.5054548686847,63.950542,69.060371
Colon,Male,AD,,,0,0.44999999,71.45342595200744,68.712067,74.194786
Colon,Male,AD,,,0,0.5,75.95373022708539,73.04113,78.866333
Colon,Male,AD,,,0,0.55000001,80.06018793533224,76.98967,83.130707
Colon,Male,AD,,,0,0.60000002,83.81794812325819,80.601288,87.034607
Colon,Male,AD,,,0,0.64999998,87.26522956394433,83.912903,90.617554
Colon,Male,AD,,,0,0.69999999,90.43466607548451,86.956047,93.913284
Colon,Male,AD,,,0,0.75,93.35430725913722,89.757835,96.950783
Colon,Male,AD,,,0,0.80000001,96.04843708917642,92.341736,99.755135
Colon,Male,AD,,,0,0.85000002,98.54030800167982,94.730232,102.35038
Colon,Male,AD,,,0,0.89999998,100.8562917011342,96.948776,104.76381
Colon,Male,AD,,,0,0.94999999,103.0193682752951,99.019531,107.0192
Colon,Male,AD,,,0,1.0,105.048463097095,100.96077,109.13615
Colon,Male,AD,,,0,1.05,106.9430886735985,102.77208,111.1141
Colon,Male,AD,,,0,1.1,108.7319977875318,104.48114,112.98286
Colon,Male,AD,,,0,1.15,110.4261675646856,106.09856,114.75378
Colon,Male,AD,,,0,1.2,112.0348525315891,107.63327,116.43643
Colon,Male,AD,,,0,1.25,113.565862807045,109.09281,118.03892
Colon,Male,AD,,,0,1.3,115.0258401685165,110.48359,119.56809
Colon,Male,AD,,,0,1.35,116.4204461550997,111.81108,121.02981
Colon,Male,AD,,,0,1.4,117.7545152799061,113.07996,122.42907
Colon,Male,AD,,,0,1.45,119.0322103742828,114.29424,123.77018
Colon,Male,AD,,,0,1.5,120.2571056793797,115.45737,125.05684
Colon,Male,AD,,,0,1.55,121.4322980223406,116.57236,126.29224
Colon,Male,AD,,,0,1.6,122.5600191667025,117.64137,127.47868
Colon,Male,AD,,,0,1.65,123.6402617626441,118.6644,128.61613
Colon,Male,AD,,,0,1.7,124.6726920830975,119.64117,129.70422
Colon,Male,AD,,,0,1.75,125.6572505612927,120.57164,130.74286
Colon,Male,AD,,,0,1.8,126.5941240275415,121.45602,131.73222
Colon,Male,AD,,,0,1.85,127.4836992403023,122.29472,132.67268
Colon,Male,AD,,,0,1.9,128.3265240803781,123.08826,133.56479
Colon,Male,AD,,,0,1.95,129.1232938687376,123.83736,134.40924
Colon,Male,AD,,,0,2.0,129.8748109957018,124.54279,135.20683
Colon,Male,AD,,,0,2.05,130.5611501379908,125.18533,135.93697
Colon,Male,AD,,,0,2.0999999,131.2039516545456,125.7859,136.62199
Colon,Male,AD,,,0,2.1500001,131.8042748126022,126.34553,137.26302
Colon,Male,AD,,,0,2.2,132.3632164239243,126.86529,137.86115
Colon,Male,AD,,,0,2.25,132.8819163374417,127.34629,138.41754
Colon,Male,AD,,,0,2.3,133.3615357155902,127.78967,138.93341
Colon,Male,AD,,,0,2.3499999,133.8032513101466,128.19656,139.40994
Colon,Male,AD,,,0,2.4000001,134.2082498322595,128.56813,139.84836
Colon,Male,AD,,,0,2.45,134.5777139867679,128.90553,140.24989
Colon,Male,AD,,,0,2.5,134.9129005517947,129.20999,140.61581
Colon,Male,AD,,,0,2.55,135.2153261510917,129.48296,140.94771
Colon,Male,AD,,,0,2.5999999,135.4865045010444,129.72589,141.24712
Colon,Male,AD,,,0,2.6500001,135.7278700225359,129.9402,141.51553
Colon,Male,AD,,,0,2.7,135.9407785368644,130.12718,141.75438
Colon,Male,AD,,,0,2.75,136.1265189256405,130.28809,141.96495
Colon,Male,AD,,,0,2.8,136.2863127988746,130.42409,142.14853
Colon,Male,AD,,,0,2.8499999,136.4213197951333,130.53633,142.30632
Colon,Male,AD,,,0,2.9000001,136.5326418380423,130.62584,142.43944
Colon,Male,AD,,,0,2.95,136.6213246336081,130.69366,142.549
Colon,Male,AD,,,0,3.0,136.6883641041265,130.74074,142.63599
Colon,Male,AD,,,0,3.05,136.711425263449,130.74545,142.67738
Colon,Male,AD,,,0,3.0999999,136.7147337718284,130.73126,142.6982
Colon,Male,AD,,,0,3.1500001,136.6991570496408,130.69901,142.69931
Colon,Male,AD,,,0,3.2,136.6655216911855,130.64944,142.68159
Colon,Male,AD,,,0,3.25,136.6146153260468,130.58337,142.64584
Colon,Male,AD,,,0,3.3,136.5471889899447,130.50151,142.59286
Colon,Male,AD,,,0,3.3499999,136.4639591118971,130.40456,142.52336
Colon,Male,AD,,,0,3.4000001,136.3656088961686,130.29314,142.43808
Colon,Male,AD,,,0,3.45,136.252792035294,130.16792,142.33766
Colon,Male,AD,,,0,3.5,136.1261315439805,130.0295,142.22276
Colon,Male,AD,,,0,3.55,135.9862231150102,129.87843,142.09401
Colon,Male,AD,,,0,3.5999999,135.8336361377841,129.71529,141.952
Colon,Male,AD,,,0,3.6500001,135.6689142473226,129.54057,141.79726
Colon,Male,AD,,,0,3.7,135.4925798037508,129.3548,141.63037
Colon,Male,AD,,,0,3.75,135.3051303781345,129.15845,141.45181
Colon,Male,AD,,,0,3.8,135.1070429698597,128.95198,141.2621
Colon,Male,AD,,,0,3.8499999,134.8987743132938,128.73584,141.06171
Colon,Male,AD,,,0,3.9000001,134.6807608169997,128.51044,140.85109
Colon,Male,AD,,,0,3.95,134.4534237120162,128.27618,140.63066
Colon,Male,AD,,,0,4.0,134.2171637005882,128.03346,140.40086
Colon,Male,AD,,,0,4.0500002,133.9480234213368,127.75908,140.13696
Colon,Male,AD,,,0,4.0999999,133.6708650195538,127.4771,139.86464
Colon,Male,AD,,,0,4.1500001,133.3860410267646,127.18786,139.58423
Colon,Male,AD,,,0,4.1999998,133.0939000863711,126.8917,139.2961
Colon,Male,AD,,,0,4.25,132.7947659193389,126.58894,139.0006
Colon,Male,AD,,,0,4.3000002,132.4889572946768,126.27988,138.69804
Colon,Male,AD,,,0,4.3499999,132.1767805667797,125.96481,138.38875
Colon,Male,AD,,,0,4.4000001,131.8585210338549,125.64401,138.07303
Colon,Male,AD,,,0,4.4499998,131.5344644683465,125.31776,137.75116
Colon,Male,AD,,,0,4.5,131.2048733655486,124.98631,137.42343
Colon,Male,AD,,,0,4.5500002,130.8700089279138,124.6499,137.09012
Colon,Male,AD,,,0,4.5999999,130.5301224852197,124.30879,136.75145
Colon,Male,AD,,,0,4.6500001,130.1854459851845,123.9632,136.4077
Colon,Male,AD,,,0,4.6999998,129.8362152159439,123.61333,136.0591
Colon,Male,AD,,,0,4.75,129.4826439174595,123.25942,135.70587
Colon,Male,AD,,,0,4.8000002,129.1249473637488,122.90166,135.34824
Colon,Male,AD,,,0,4.8499999,128.7633329076297,122.54025,134.98642
Colon,Male,AD,,,0,4.9000001,128.3979897992322,122.17538,134.62061
Colon,Male,AD,,,0,4.9499998,128.0291137397593,121.80723,134.25101
Colon,Male,AD,,,0,5.0,127.6568793257089,121.43596,133.87779
Colon,Male,AD,,,1,0.0,0.0,0.0,0.0
Colon,Male,AD,,,1,0.050000001,6.534489785883663,6.1824636,6.8865156
Colon,Male,AD,,,1,0.1,14.65787119763922,13.980529,15.335214
Colon,Male,AD,,,1,0.15000001,22.14595396859328,21.178522,23.113386
Colon,Male,AD,,,1,0.2,28.887886592328,27.659748,30.116024
Colon,Male,AD,,,1,0.25,34.93919236890699,33.474876,36.403511
Colon,Male,AD,,,1,0.30000001,40.37966922887504,38.699936,42.059402
Colon,Male,AD,,,1,0.34999999,45.28560802897334,43.408279,47.162937
Colon,Male,AD,,,1,0.40000001,49.72401095686388,47.664558,51.783463
Colon,Male,AD,,,1,0.44999999,53.75223398673442,51.524235,55.980232
Colon,Male,AD,,,1,0.5,57.41906801598063,55.034527,59.803612
Colon,Male,AD,,,1,0.55000001,60.76602117432421,58.235634,63.29641
Colon,Male,AD,,,1,0.60000002,63.82853241524117,61.161888,66.495178
Colon,Male,AD,,,1,0.64999998,66.6369922770504,63.842739,69.431244
Colon,Male,AD,,,1,0.69999999,69.21760468029866,66.303574,72.13163
Colon,Male,AD,,,1,0.75,71.5930606853999,68.566383,74.619736
Colon,Male,AD,,,1,0.80000001,73.78311819696916,70.650307,76.915932
Colon,Male,AD,,,1,0.85000002,75.80675896613273,72.5737,79.039818
Colon,Male,AD,,,1,0.89999998,77.68553522650653,74.357368,81.013702
Colon,Male,AD,,,1,0.94999999,79.43831829364905,76.019493,82.85714
Colon,Male,AD,,,1,1.0,81.08072810895067,77.575142,84.586311
Colon,Male,AD,,,1,1.05,82.61871259015385,79.03009,86.207329
Colon,Male,AD,,,1,1.1,84.06995308313202,80.401352,87.738556
Colon,Male,AD,,,1,1.15,85.44359889337821,81.697739,89.189461
Colon,Male,AD,,,1,1.2,86.74738343013234,82.926704,90.568062
Colon,Male,AD,,,1,1.25,87.98784765411995,84.094566,91.881126
Colon,Male,AD,,,1,1.3,89.17056344305252,85.206696,93.13443
Colon,Male,AD,,,1,1.35,90.30028660486629,86.267677,94.332901
Colon,Male,AD,,,1,1.4,91.38108214273018,87.281425,95.480736
Colon,Male,AD,,,1,1.45,92.41645149212616,88.251328,96.581573
Colon,Male,AD,,,1,1.5,93.40940131251284,89.180283,97.638519
Colon,Male,AD,,,1,1.55,94.36253503133936,90.070801,98.654266
Colon,Male,AD,,,1,1.6,95.27774612149275,90.924721,99.630768
Colon,Male,AD,,,1,1.65,96.1551214979048,91.742157,100.56808
Colon,Male,AD,,,1,1.7,96.9944632988996,92.522964,101.46597
Colon,Male,AD,,,1,1.75,97.79577094054338,93.267166,102.32438
Colon,Male,AD,,,1,1.8,98.55922338710916,93.974968,103.14348
Colon,Male,AD,,,1,1.85,99.28514540782066,94.646721,103.92357
Colon,Male,AD,,,1,1.9,99.9739793491095,95.282867,104.66508
Colon,Male,AD,,,1,1.95,100.6262768531018,95.883972,105.36858
Colon,Male,AD,,,1,2.0,101.2426682943635,96.450661,106.03468
Colon,Male,AD,,,1,2.05,101.8148145107361,96.974983,106.65465
Colon,Male,AD,,,1,2.0999999,102.3524353762162,97.466255,107.23862
Colon,Male,AD,,,1,2.1500001,102.8563487663981,97.925285,107.78741
Colon,Male,AD,,,1,2.2,103.3274008523954,98.352905,108.3019
Colon,Male,AD,,,1,2.25,103.7664719437898,98.749969,108.78297
Colon,Male,AD,,,1,2.3,104.1744592826155,99.117355,109.23156
Colon,Male,AD,,,1,2.3499999,104.5522730737119,99.455948,109.6486
Colon,Male,AD,,,1,2.4000001,104.9008324900361,99.766655,110.03501
Colon,Male,AD,,,1,2.45,105.221054334247,100.05035,110.39176
Colon,Male,AD,,,1,2.5,105.5139199306454,100.30798,110.71986
Colon,Male,AD,,,1,2.55,105.7806335888893,100.54073,111.02053
Colon,Male,AD,,,1,2.5999999,106.0224006870221,100.74975,111.29505
Colon,Male,AD,,,1,2.6500001,106.2403629125116,100.93613,111.5446
Colon,Male,AD,,,1,2.7,106.4355984374373,101.10091,111.77029
Colon,Male,AD,,,1,2.75,106.6091320377507,101.24507,111.97319
Colon,Male,AD,,,1,2.8,106.7619344218122,101.36956,112.15431
Colon,Male,AD,,,1,2.8499999,106.8949266472266,101.47526,112.3146
Colon,Male,AD,,,1,2.9000001,107.0089836947969,101.563,112.45497
Colon,Male,AD,,,1,2.95,107.1049352314547,101.63358,112.57629
Colon,Male,AD,,,1,3.0,107.1835715080754,101.68777,112.67937
Colon,Male,AD,,,1,3.05,107.2352267985339,101.71634,112.75411
Colon,Male,AD,,,1,3.0999999,107.2710375233928,101.72993,112.81215
Colon,Male,AD,,,1,3.1500001,107.2916885186968,101.72919,112.85419
Colon,Male,AD,,,1,3.2,107.2978318228137,101.71475,112.88091
Colon,Male,AD,,,1,3.25,107.2900891153699,101.68721,112.89297
Colon,Male,AD,,,1,3.3,107.269052982411,101.64713,112.89098
Colon,Male,AD,,,1,3.3499999,107.2352886627446,101.59505,112.87552
Colon,Male,AD,,,1,3.4000001,107.1893353064334,101.53151,112.84716
Colon,Male,AD,,,1,3.45,107.1317083173323,101.45697,112.80644
Colon,Male,AD,,,1,3.5,107.0628993514551,101.37193,112.75388
Colon,Male,AD,,,1,3.55,106.9833783710463,101.27682,112.68994
Colon,Male,AD,,,1,3.5999999,106.8935946090722,101.17207,112.61512
Colon,Male,AD,,,1,3.6500001,106.7939771543004,101.05811,112.52985
Colon,Male,AD,,,1,3.7,106.6849379145038,100.93531,112.43456
Colon,Male,AD,,,1,3.75,106.5668697173787,100.80406,112.32967
Colon,Male,AD,,,1,3.8,106.4401490622828,100.66472,112.21558
Colon,Male,AD,,,1,3.8499999,106.3051365109396,100.51763,112.09264
Colon,Male,AD,,,1,3.9000001,106.1621767800316,100.36312,111.96124
Colon,Male,AD,,,1,3.95,106.0116022522485,100.20151,111.82169
Colon,Male,AD,,,1,4.0,105.8537295867096,100.0331,111.67436
Colon,Male,AD,,,1,4.0500002,105.6778646757677,99.847687,111.50804
Colon,Male,AD,,,1,4.0999999,105.4953487141237,99.656105,111.33459
Colon,Male,AD,,,1,4.1500001,105.3064601047381,99.458603,111.15431
Colon,Male,AD,,,1,4.1999998,105.1114729527445,99.255455,110.96749
Colon,Male,AD,,,1,4.25,104.9106431984184,99.04689,110.7744
Colon,Male,AD,,,1,4.3000002,104.7042219903273,98.833153,110.57529
Colon,Male,AD,,,1,4.3499999,104.4924508221863,98.614479,110.37042
Colon,Male,AD,,,1,4.4000001,104.2755556837618,98.391075,110.16003
Colon,Male,AD,,,1,4.4499998,104.0537617455959,98.163162,109.94436
Colon,Male,AD,,,1,4.5,103.8272772244164,97.930939,109.72362
Colon,Male,AD,,,1,4.5500002,103.5963084540242,97.694595,109.49802
Colon,Male,AD,,,1,4.5999999,103.3610540944934,97.454323,109.26778
Colon,Male,AD,,,1,4.6500001,103.1216985525223,97.210297,109.0331
Colon,Male,AD,,,1,4.6999998,102.8784281097539,96.962692,108.79416
Colon,Male,AD,,,1,4.75,102.6314129790685,96.711678,108.55115
Colon,Male,AD,,,1,4.8000002,102.3808237445986,96.457405,108.30424
Colon,Male,AD,,,1,4.8499999,102.1268248344179,96.200035,108.05361
Colon,Male,AD,,,1,4.9000001,101.8695673655571,95.939713,107.79942
Colon,Male,AD,,,1,4.9499998,101.6092064300617,95.676582,107.54183
Colon,Male,AD,,,1,5.0,101.3458817147276,95.410774,107.28099
Colon,Male,AD,,,2,0.0,0.0,0.0,0.0
Colon,Male,AD,,,2,0.050000001,4.865882216701328,4.5580654,5.1736989
Colon,Male,AD,,,2,0.1,7.738734962522228,7.2079763,8.2694931
Colon,Male,AD,,,2,0.15000001,9.907192845126088,9.2013969,10.612989
Colon,Male,AD,,,2,0.2,11.67192806326661,10.82351,12.520346
Colon,Male,AD,,,2,0.25,13.16577546998282,12.198458,14.133093
Colon,Male,AD,,,2,0.30000001,14.46136915053144,13.39334,15.529398
Colon,Male,AD,,,2,0.34999999,15.6036014088196,14.449256,16.757946
Colon,Male,AD,,,2,0.40000001,16.62257794223222,15.39358,17.851576
Colon,Male,AD,,,2,0.44999999,17.53969996818883,16.245674,18.833725
Colon,Male,AD,,,2,0.5,18.37086744581891,17.019871,19.721865
Colon,Male,AD,,,2,0.55000001,19.12829939160086,17.727158,20.529442
Colon,Male,AD,,,2,0.60000002,19.82164509320499,18.376202,21.26709
Colon,Male,AD,,,2,0.64999998,20.45869225744138,18.973991,21.943394
Colon,Male,AD,,,2,0.69999999,21.04584328957406,19.526274,22.565413
Colon,Male,AD,,,2,0.75,21.58843780116404,20.037842,23.139034
Colon,Male,AD,,,2,0.80000001,22.09098863616706,20.512749,23.669228
Colon,Male,AD,,,2,0.85000002,22.55775558077343,20.954842,24.160669
Colon,Male,AD,,,2,0.89999998,22.99354641944138,21.368494,24.618599
Colon,Male,AD,,,2,0.94999999,23.40246228200664,21.757448,25.047476
Colon,Male,AD,,,2,1.0,23.78780449749712,22.124714,25.450895
Colon,Male,AD,,,2,1.05,24.14331532898022,22.464521,25.822109
Colon,Male,AD,,,2,1.1,24.47989082007256,22.786856,26.172926
Colon,Male,AD,,,2,1.15,24.79935891139692,23.093386,26.505333
Colon,Male,AD,,,2,1.2,25.1032413772968,23.385496,26.820988
Colon,Male,AD,,,2,1.25,25.392808337193,23.664345,27.121271
Colon,Male,AD,,,2,1.3,25.66913077123908,23.930912,27.407351
Colon,Male,AD,,,2,1.35,25.93311550674248,24.186022,27.68021
Colon,Male,AD,,,2,1.4,26.18553309911168,24.430378,27.940689
Colon,Male,AD,,,2,1.45,26.42704587804839,24.664583,28.189508
Colon,Male,AD,,,2,1.5,26.65822223538339,24.88916,28.427284
Colon,Male,AD,,,2,1.55,26.87955622715182,25.104555,28.654556
Colon,Male,AD,,,2,1.6,27.09138710028782,25.311079,28.871695
Colon,Male,AD,,,2,1.65,27.29362319159587,25.508629,29.078617
Colon,Male,AD,,,2,1.7,27.48613087728442,25.697065,29.275196
Colon,Male,AD,,,2,1.75,27.66885254581392,25.876322,29.461382
Colon,Male,AD,,,2,1.8,27.84179671521012,26.046396,29.637197
Colon,Male,AD,,,2,1.85,28.00502544635272,26.207331,29.802719
Colon,Male,AD,,,2,1.9,28.15864387959601,26.359219,29.958069
Colon,Male,AD,,,2,1.95,28.3027949212633,26.502184,30.103405
Colon,Male,AD,,,2,2.0,28.4376495219195,26.636377,30.238922
Colon,Male,AD,,,2,2.05,28.55185250441706,26.751255,30.352449
Colon,Male,AD,,,2,2.0999999,28.6570920253564,26.857653,30.456532
Colon,Male,AD,,,2,2.1500001,28.75360767012709,26.955786,30.551428
Colon,Male,AD,,,2,2.2,28.84164818972516,27.045887,30.637409
Colon,Male,AD,,,2,2.25,28.92147118587037,27.128189,30.714752
Colon,Male,AD,,,2,2.3,28.99333861830285,27.202936,30.783741
Colon,Male,AD,,,2,2.3499999,29.05751507261002,27.27037,30.84466
Colon,Male,AD,,,2,2.4000001,29.1142661443961,27.330738,30.897795
Colon,Male,AD,,,2,2.45,29.16385582030347,27.384285,30.943428
Colon,Male,AD,,,2,2.5,29.2065577172303,27.431263,30.981853
Colon,Male,AD,,,2,2.55,29.24268249435317,27.471964,31.013401
Colon,Male,AD,,,2,2.5999999,29.27253693269773,27.506674,31.038399
Colon,Male,AD,,,2,2.6500001,29.29641227464086,27.535667,31.057158
Colon,Male,AD,,,2,2.7,29.31458473332466,27.559202,31.069967
Colon,Male,AD,,,2,2.75,29.32731704463408,27.577522,31.07711
Colon,Male,AD,,,2,2.8,29.33485879570122,27.590866,31.078852
Colon,Male,AD,,,2,2.8499999,29.33744730826257,27.599455,31.075439
Colon,Male,AD,,,2,2.9000001,29.33530832199006,27.6035,31.067118
Colon,Male,AD,,,2,2.95,29.32865671533139,27.603205,31.05411
Colon,Male,AD,,,2,3.0,29.31769705664343,27.598761,31.036634
Colon,Male,AD,,,2,3.05,29.29001010988581,27.578573,31.001448
Colon,Male,AD,,,2,3.0999999,29.25843217096801,27.554625,30.96224
Colon,Male,AD,,,2,3.1500001,29.22314476700565,27.527084,30.919205
Colon,Male,AD,,,2,3.2,29.18432143067051,27.496119,30.872524
Colon,Male,AD,,,2,3.25,29.14212714745597,27.461884,30.822371
Colon,Male,AD,,,2,3.3,29.09671944151157,27.424528,30.768911
Colon,Male,AD,,,2,3.3499999,29.04824861900541,27.384193,30.712303
Colon,Male,AD,,,2,3.4000001,28.99685789457495,27.341017,30.6527
Colon,Male,AD,,,2,3.45,28.94268474082217,27.295126,30.590244
Colon,Male,AD,,,2,3.5,28.88585975096694,27.246649,30.525072
Colon,Male,AD,,,2,3.55,28.82650791993715,27.1957,30.457315
Colon,Male,AD,,,2,3.5999999,28.76474870166525,27.142397,30.387102
Colon,Male,AD,,,2,3.6500001,28.70069597657863,27.086845,30.314547
Colon,Male,AD,,,2,3.7,28.6344595463886,27.02915,30.239769
Colon,Male,AD,,,2,3.75,28.56614354777069,26.96941,30.162876
Colon,Male,AD,,,2,3.8,28.49584789670219,26.907722,30.083973
Colon,Male,AD,,,2,3.8499999,28.42366820820445,26.844177,30.00316
Colon,Male,AD,,,2,3.9000001,28.34969564696606,26.77886,29.920532
Colon,Male,AD,,,2,3.95,28.27401854282238,26.711857,29.83618
Colon,Male,AD,,,2,4.0,28.19672045894276,26.643248,29.750195
Colon,Male,AD,,,2,4.0500002,28.10479720336245,26.560825,29.648769
Colon,Male,AD,,,2,4.0999999,28.01150768174657,26.477034,29.545982
Colon,Male,AD,,,2,4.1500001,27.91692559512344,26.391943,29.441908
Colon,Male,AD,,,2,4.1999998,27.8211250246234,26.305624,29.336626
Colon,Male,AD,,,2,4.25,27.72417336644229,26.218142,29.230206
Colon,Male,AD,,,2,4.3000002,27.6261378378974,26.129559,29.122717
Colon,Male,AD,,,2,4.3499999,27.52708291577431,26.03994,29.014225
Colon,Male,AD,,,2,4.4000001,27.42706758160403,25.949341,28.904793
Colon,Male,AD,,,2,4.4499998,27.32615207642383,25.857821,28.794483
Colon,Male,AD,,,2,4.5,27.22439038611467,25.765429,28.683352
Colon,Male,AD,,,2,4.5500002,27.12183706411037,25.67222,28.571453
Colon,Male,AD,,,2,4.5999999,27.0185444803073,25.578243,28.458845
Colon,Male,AD,,,2,4.6500001,26.91455992887234,25.483547,28.345573
Colon,Male,AD,,,2,4.6999998,26.80993263240885,25.388174,28.231691
Colon,Male,AD,,,2,4.75,26.704705898407,25.292171,28.117241
Colon,Male,AD,,,2,4.8000002,26.59892417180797,25.195578,28.00227
Colon,Male,AD,,,2,4.8499999,26.49263014479868,25.098438,27.886824
Colon,Male,AD,,,2,4.9000001,26.3858617674221,25.000786,27.770937
Colon,Male,AD,,,2,4.9499998,26.27865942665028,24.902662,27.654657
Colon,Male,AD,,,2,5.0,26.17105787087412,24.8041,27.538015
Colon,Male,ADa,,,0,0.0,0.0,0.0,0.0
Colon,Male,ADa,,,0,0.050000001,6.206077513151715,6.1659155,6.2462397
Colon,Male,ADa,,,0,0.1,12.71931606082943,12.651686,12.786946
Colon,Male,ADa,,,0,0.15000001,18.51934765328593,18.429028,18.609669
Colon,Male,ADa,,,0,0.2,23.65277756992521,23.543461,23.762094
Colon,Male,ADa,,,0,0.25,28.20995568801479,28.084646,28.335266
Colon,Male,ADa,,,0,0.30000001,32.27353879403415,32.134705,32.412373
Colon,Male,ADa,,,0,0.34999999,35.912929470017,35.762619,36.06324
Colon,Male,ADa,,,0,0.40000001,39.1855139141523,39.025425,39.345604
Colon,Male,ADa,,,0,0.44999999,42.13878527163932,41.970341,42.307228
Colon,Male,ADa,,,0,0.5,44.81230076385376,44.636707,44.987896
Colon,Male,ADa,,,0,0.55000001,47.23924122332841,47.057514,47.420967
Colon,Male,ADa,,,0,0.60000002,49.44765387489062,49.260666,49.634644
Colon,Male,ADa,,,0,0.64999998,51.46141375596065,51.269909,51.65292
Colon,Male,ADa,,,0,0.69999999,53.30099016934747,53.105606,53.496376
Colon,Male,ADa,,,0,0.75,54.98402994637888,54.785324,55.182735
Colon,Male,ADa,,,0,0.80000001,56.52584307346186,56.324295,56.727394
Colon,Male,ADa,,,0,0.85000002,57.94102304432934,57.737049,58.144997
Colon,Male,ADa,,,0,0.89999998,59.24589668530439,59.039848,59.451946
Colon,Male,ADa,,,0,0.94999999,60.45468309742463,60.246864,60.662502
Colon,Male,ADa,,,0,1.0,61.5791157592607,61.369781,61.788448
Colon,Male,ADa,,,0,1.05,62.62006726306041,62.40947,62.830666
Colon,Male,ADa,,,0,1.1,63.59422879242649,63.382568,63.805889
Colon,Male,ADa,,,0,1.15,64.50843948918506,64.295891,64.720985
Colon,Male,ADa,,,0,1.2,65.36847400341011,65.155197,65.581749
Colon,Male,ADa,,,0,1.25,66.17921601323755,65.965363,66.393074
Colon,Male,ADa,,,0,1.3,66.94482619936852,66.730522,67.159134
Colon,Male,ADa,,,0,1.35,67.66885934900472,67.454231,67.883492
Colon,Male,ADa,,,0,1.4,68.35436012863147,68.139519,68.569206
Colon,Male,ADa,,,0,1.45,69.0039569616977,68.789009,69.21891
Colon,Male,ADa,,,0,1.5,69.61991625197885,69.404961,69.834877
Colon,Male,ADa,,,0,1.55,70.20420899249973,69.989334,70.419083
Colon,Male,ADa,,,0,1.6,70.7582967641151,70.543602,70.972992
Colon,Male,ADa,,,0,1.65,71.28236549595562,71.067932,71.496796
Colon,Male,ADa,,,0,1.7,71.77641360858394,71.562332,71.990494
Colon,Male,ADa,,,0,1.75,72.24059312025693,72.026939,72.454247
Colon,Male,ADa,,,0,1.8,72.67519163029743,72.462051,72.888336
Colon,Male,ADa,,,0,1.85,73.08060593263292,72.868042,73.293167
Colon,Male,ADa,,,0,1.9,73.45732018390873,73.245415,73.669228
Colon,Male,ADa,,,0,1.95,73.80589601200515,73.594711,74.017082
Colon,Male,ADa,,,0,2.0,74.1269511736196,73.91655,74.337357
Colon,Male,ADa,,,0,2.05,74.40937017138651,74.199829,74.618912
Colon,Male,ADa,,,0,2.0999999,74.66552384423824,74.456902,74.874146
Colon,Male,ADa,,,0,2.1500001,74.8961575044118,74.688507,75.103806
Colon,Male,ADa,,,0,2.2,75.10203299966952,74.895393,75.30867
Colon,Male,ADa,,,0,2.25,75.2839286414727,75.078346,75.48951
Colon,Male,ADa,,,0,2.3,75.4426289770829,75.238144,75.647118
Colon,Male,ADa,,,0,2.3499999,75.57892106734948,75.375565,75.78228
Colon,Male,ADa,,,0,2.4000001,75.6935908235534,75.491394,75.89579
Colon,Male,ADa,,,0,2.45,75.7874173948187,75.586411,75.988426
Colon,Male,ADa,,,0,2.5,75.86121451929915,75.661423,76.061012
Colon,Male,ADa,,,0,2.55,75.9159387168529,75.717377,76.114494
Colon,Male,ADa,,,0,2.5999999,75.95253894217143,75.755234,76.149841
Colon,Male,ADa,,,0,2.6500001,75.97191280607075,75.775879,76.167946
Colon,Male,ADa,,,0,2.7,75.97490959436192,75.780167,76.169655
Colon,Male,ADa,,,0,2.75,75.9623338709439,75.76889,76.155777
Colon,Male,ADa,,,0,2.8,75.9349478569917,75.742821,76.127075
Colon,Male,ADa,,,0,2.8499999,75.8934741806217,75.702667,76.084282
Colon,Male,ADa,,,0,2.9000001,75.83859801003155,75.649124,76.028069
Colon,Male,ADa,,,0,2.95,75.77097041516441,75.58284,75.959106
Colon,Male,ADa,,,0,3.0,75.6912088832799,75.504417,75.877998
Colon,Male,ADa,,,0,3.05,75.58651535009523,75.4011,75.771935
Colon,Male,ADa,,,0,3.0999999,75.47084395003299,75.286797,75.654892
Colon,Male,ADa,,,0,3.1500001,75.3447304880653,75.162064,75.527397
Colon,Male,ADa,,,0,3.2,75.20868641750565,75.027397,75.389977
Colon,Male,ADa,,,0,3.25,75.06319671198486,74.883286,75.243111
Colon,Male,ADa,,,0,3.3,74.90872360923379,74.730186,75.087257
Colon,Male,ADa,,,0,3.3499999,74.74570732849253,74.56855,74.922867
Colon,Male,ADa,,,0,3.4000001,74.57456644595612,74.398781,74.750351
Colon,Male,ADa,,,0,3.45,74.39570233049108,74.221291,74.570114
Colon,Male,ADa,,,0,3.5,74.20949530491879,74.036453,74.382538
Colon,Male,ADa,,,0,3.55,74.01630886760023,73.844627,74.187988
Colon,Male,ADa,,,0,3.5999999,73.81648982735715,73.646172,73.986809
Colon,Male,ADa,,,0,3.6500001,73.61036818061302,73.441414,73.779327
Colon,Male,ADa,,,0,3.7,73.39826189427117,73.230659,73.565865
Colon,Male,ADa,,,0,3.75,73.18047177788401,73.014214,73.346725
Colon,Male,ADa,,,0,3.8,72.95728611230993,72.792374,73.1222
Colon,Male,ADa,,,0,3.8499999,72.72898036411573,72.565407,72.892555
Colon,Male,ADa,,,0,3.9000001,72.49581670506421,72.333572,72.658058
Colon,Male,ADa,,,0,3.95,72.25804908780714,72.09713,72.418968
Colon,Male,ADa,,,0,4.0,72.01591714355777,71.856316,72.175514
Colon,Male,ADa,,,0,4.0500002,71.7555332196988,71.597267,71.913803
Colon,Male,ADa,,,0,4.0999999,71.49131794041568,71.334373,71.648262
Colon,Male,ADa,,,0,4.1500001,71.22347969701445,71.067848,71.379112
Colon,Male,ADa,,,0,4.1999998,70.95222783979312,70.797905,71.106552
Colon,Male,ADa,,,0,4.25,70.67775268874124,70.524727,70.830772
Colon,Male,ADa,,,0,4.3000002,70.4002439716046,70.248512,70.551971
Colon,Male,ADa,,,0,4.3499999,70.11988358344485,69.969437,70.270332
Colon,Male,ADa,,,0,4.4000001,69.83683780413293,69.687668,69.986008
Colon,Male,ADa,,,0,4.4499998,69.55127642746066,69.403374,69.699181
Colon,Male,ADa,,,0,4.5,69.26335150480259,69.116707,69.409996
Colon,Male,ADa,,,0,4.5500002,68.97321666144978,68.827827,69.118607
Colon,Male,ADa,,,0,4.5999999,68.68101931884627,68.536865,68.825172
Colon,Male,ADa,,,0,4.6500001,68.38689252182502,68.243973,68.529808
Colon,Male,ADa,,,0,4.6999998,68.09097475822381,67.94928,68.232666
Colon,Male,ADa,,,0,4.75,67.7933877788351,67.652908,67.933868
Colon,Male,ADa,,,0,4.8000002,67.49425655014221,67.35498,67.63353
Colon,Male,ADa,,,0,4.8499999,67.19370108353229,67.055626,67.331779
Colon,Male,ADa,,,0,4.9000001,66.89182798779717,66.754936,67.028717
Colon,Male,ADa,,,0,4.9499998,66.58875077168727,66.453041,66.724464
Colon,Male,ADa,,,0,5.0,66.28456701470122,66.150024,66.419113
Colon,Male,ADa,,,1,0.0,0.0,0.0,0.0
Colon,Male,ADa,,,1,0.050000001,3.298137782889807,3.2738774,3.3223982
Colon,Male,ADa,,,1,0.1,8.398058951919971,8.3482504,8.4478674
Colon,Male,ADa,,,1,0.15000001,13.18875335960087,13.116786,13.26072
Colon,Male,ADa,,,1,0.2,17.50930302255406,17.4186,17.600006
Colon,Male,ADa,,,1,0.25,21.37095028915063,21.264465,21.477436
Colon,Male,ADa,,,1,0.30000001,24.81847402844121,24.698677,24.938271
Colon,Male,ADa,,,1,0.34999999,27.90048229536251,27.769428,28.031536
Colon,Male,ADa,,,1,0.40000001,30.6617738044319,30.521175,30.802372
Colon,Male,ADa,,,1,0.44999999,33.14162267870653,32.992912,33.290333
Colon,Male,ADa,,,1,0.5,35.37387582140542,35.218262,35.529491
Colon,Male,ADa,,,1,0.55000001,37.38753963370624,37.22604,37.549038
Colon,Male,ADa,,,1,0.60000002,39.20747589252967,39.040958,39.373993
Colon,Male,ADa,,,1,0.64999998,40.85504173361005,40.684246,41.025837
Colon,Male,ADa,,,1,0.69999999,42.34865546134134,42.174217,42.523094
Colon,Male,ADa,,,1,0.75,43.70425467039463,43.526722,43.881786
Colon,Male,ADa,,,1,0.80000001,44.93569507031789,44.755543,45.115849
Colon,Male,ADa,,,1,0.85000002,46.05609184469878,45.873726,46.238461
Colon,Male,ADa,,,1,0.89999998,47.07984848385169,46.895611,47.264084
Colon,Male,ADa,,,1,0.94999999,48.01951281228926,47.833698,48.205326
Colon,Male,ADa,,,1,1.0,48.885476641113,48.698334,49.07262
Colon,Male,ADa,,,1,1.05,49.68225093100514,49.494003,49.870499
Colon,Male,ADa,,,1,1.1,50.42108543354746,50.231922,50.610249
Colon,Male,ADa,,,1,1.15,51.10807698744483,50.918163,51.297989
Colon,Male,ADa,,,1,1.2,51.74838066900861,51.557865,51.938896
Colon,Male,ADa,,,1,1.25,52.34636289769335,52.155373,52.537354
Colon,Male,ADa,,,1,1.3,52.90574643588835,52.714401,53.097092
Colon,Male,ADa,,,1,1.35,53.42971400185499,53.238117,53.621311
Colon,Male,ADa,,,1,1.4,53.92099340727756,53.729248,54.11274
Colon,Male,ADa,,,1,1.45,54.38193854201745,54.190128,54.573746
Colon,Male,ADa,,,1,1.5,54.81457958068498,54.622791,55.006367
Colon,Male,ADa,,,1,1.55,55.2206801421917,55.028992,55.412369
Colon,Male,ADa,,,1,1.6,55.60157996380372,55.410065,55.793095
Colon,Male,ADa,,,1,1.65,55.95761805202253,55.76635,56.148888
Colon,Male,ADa,,,1,1.7,56.28897139784618,56.098015,56.479927
Colon,Male,ADa,,,1,1.75,56.5959194038559,56.405342,56.786495
Colon,Male,ADa,,,1,1.8,56.87883129653892,56.688698,57.068966
Colon,Male,ADa,,,1,1.85,57.13814790074565,56.948517,57.327778
Colon,Male,ADa,,,1,1.9,57.37436669973229,57.185299,57.563435
Colon,Male,ADa,,,1,1.95,57.58803458446161,57.399582,57.776489
Colon,Male,ADa,,,1,2.0,57.77973351394763,57.591946,57.967522
Colon,Male,ADa,,,1,2.05,57.94496286776427,57.7579,58.132023
Colon,Male,ADa,,,1,2.0999999,58.08944385310838,57.903152,58.275734
Colon,Male,ADa,,,1,2.1500001,58.21383119238948,58.028355,58.399311
Colon,Male,ADa,,,1,2.2,58.31878746590101,58.134159,58.503414
Colon,Male,ADa,,,1,2.25,58.4049820579533,58.221237,58.588726
Colon,Male,ADa,,,1,2.3,58.4730847504016,58.290257,58.65591
Colon,Male,ADa,,,1,2.3499999,58.5237630018828,58.341881,58.705647
Colon,Male,ADa,,,1,2.4000001,58.55767921629311,58.37677,58.73859
Colon,Male,ADa,,,1,2.45,58.57548776518735,58.395573,58.755402
Colon,Male,ADa,,,1,2.5,58.57786690562892,58.398972,58.756763
Colon,Male,ADa,,,1,2.55,58.56560674020733,58.387749,58.743465
Colon,Male,ADa,,,1,2.5999999,58.53948785549812,58.362682,58.716293
Colon,Male,ADa,,,1,2.6500001,58.50024618223961,58.324512,58.67598
Colon,Male,ADa,,,1,2.7,58.44857680851274,58.273926,58.62323
Colon,Male,ADa,,,1,2.75,58.38513561433979,58.211578,58.558693
Colon,Male,ADa,,,1,2.8,58.31054250644564,58.138096,58.48299
Colon,Male,ADa,,,1,2.8499999,58.22538360911057,58.05405,58.396717
Colon,Male,ADa,,,1,2.9000001,58.13021295471961,57.960007,58.300419
Colon,Male,ADa,,,1,2.95,58.02555635050459,57.856483,58.19463
Colon,Male,ADa,,,1,3.0,57.91191050581614,57.743977,58.079845
Colon,Male,ADa,,,1,3.05,57.78408729331818,57.61731,57.950863
Colon,Male,ADa,,,1,3.0999999,57.64821956982718,57.482605,57.813835
Colon,Male,ADa,,,1,3.1500001,57.50473257386432,57.340282,57.669182
Colon,Male,ADa,,,1,3.2,57.35403184958682,57.19075,57.517311
Colon,Male,ADa,,,1,3.25,57.19650042602319,57.034389,57.358608
Colon,Male,ADa,,,1,3.3,57.03250271788772,56.871567,57.193439
Colon,Male,ADa,,,1,3.3499999,56.86238497515279,56.702625,57.022144
Colon,Male,ADa,,,1,3.4000001,56.68647547128282,56.527893,56.845058
Colon,Male,ADa,,,1,3.45,56.50508885689848,56.347683,56.662495
Colon,Male,ADa,,,1,3.5,56.31852203112084,56.162296,56.474747
Colon,Male,ADa,,,1,3.55,56.1270583179504,55.972012,56.282104
Colon,Male,ADa,,,1,3.5999999,55.93096743315107,55.7771,56.084835
Colon,Male,ADa,,,1,3.6500001,55.73050525971055,55.577816,55.883194
Colon,Male,ADa,,,1,3.7,55.52591838668417,55.374405,55.677433
Colon,Male,ADa,,,1,3.75,55.31743902297455,55.167103,55.467773
Colon,Male,ADa,,,1,3.8,55.10528941174545,54.956127,55.254452
Colon,Male,ADa,,,1,3.8499999,54.88968145759884,54.741695,55.037666
Colon,Male,ADa,,,1,3.9000001,54.67081621346119,54.524002,54.817631
Colon,Male,ADa,,,1,3.95,54.44888857628666,54.303246,54.594532
Colon,Male,ADa,,,1,4.0,54.22408149929379,54.079605,54.368557
Colon,Male,ADa,,,1,4.0500002,53.99081921057575,53.847519,54.134117
Colon,Male,ADa,,,1,4.0999999,53.75507225789067,53.612946,53.897198
Colon,Male,ADa,,,1,4.1500001,53.51699695252967,53.376041,53.657951
Colon,Male,ADa,,,1,4.1999998,53.27675139363996,53.136967,53.416538
Colon,Male,ADa,,,1,4.25,53.03447766792993,52.895855,53.1731
Colon,Male,ADa,,,1,4.3000002,52.79031817185529,52.652859,52.927776
Colon,Male,ADa,,,1,4.3499999,52.54440913664865,52.408108,52.68071
Colon,Male,ADa,,,1,4.4000001,52.29687381168878,52.161728,52.432018
Colon,Male,ADa,,,1,4.4499998,52.04783920264578,51.913845,52.181831
Colon,Male,ADa,,,1,4.5,51.79741745951515,51.664574,51.93026
Colon,Male,ADa,,,1,4.5500002,51.545722718761,51.414024,51.677422
Colon,Male,ADa,,,1,4.5999999,51.29286427290094,51.162308,51.423424
Colon,Male,ADa,,,1,4.6500001,51.03893950854956,50.909519,51.168362
Colon,Male,ADa,,,1,4.6999998,50.7840510268905,50.655762,50.912338
Colon,Male,ADa,,,1,4.75,50.52828747903686,50.401127,50.655445
Colon,Male,ADa,,,1,4.8000002,50.27174075162247,50.145706,50.397774
Colon,Male,ADa,,,1,4.8499999,50.01449889129941,49.889584,50.139412
Colon,Male,ADa,,,1,4.9000001,49.75663888521615,49.632839,49.88044
Colon,Male,ADa,,,1,4.9499998,49.4982440134425,49.375557,49.620934
Colon,Male,ADa,,,1,5.0,49.23938433614632,49.117802,49.360966
Colon,Male,ADa,,,2,0.0,0.0,0.0,0.0
Colon,Male,ADa,,,2,0.050000001,2.855590890102757,2.8308473,2.8803346
Colon,Male,ADa,,,2,0.1,4.259786030826659,4.2273426,4.2922297
Colon,Male,ADa,,,2,0.15000001,5.267968647056499,5.2315621,5.3043752
Colon,Male,ADa,,,2,0.2,6.082076681370047,6.043189,6.1209645
Colon,Male,ADa,,,2,0.25,6.779427298256952,6.7387729,6.8200817
Colon,Male,ADa,,,2,0.30000001,7.397225021732719,7.3551936,7.4392562
Colon,Male,ADa,,,2,0.34999999,7.956006818819521,7.9128342,7.9991794
Colon,Male,ADa,,,2,0.40000001,8.468276020306462,8.424118,8.512434
Colon,Male,ADa,,,2,0.44999999,8.94224347668072,8.8972111,8.9872761
Colon,Male,ADa,,,2,0.5,9.383644446520073,9.3378239,9.4294653
Colon,Male,ADa,,,2,0.55000001,9.796691489841155,9.7501507,9.8432322
Colon,Male,ADa,,,2,0.60000002,10.18461187885192,10.13741,10.231813
Colon,Male,ADa,,,2,0.64999998,10.54996453401579,10.502153,10.597775
Colon,Male,ADa,,,2,0.69999999,10.89483863360879,10.846464,10.943213
Colon,Male,ADa,,,2,0.75,11.22097797808299,11.172082,11.269875
Colon,Male,ADa,,,2,0.80000001,11.52986763127085,11.480488,11.579247
Colon,Male,ADa,,,2,0.85000002,11.82301267438454,11.773186,11.87284
Colon,Male,ADa,,,2,0.89999998,12.10235886003861,12.052117,12.1526
Colon,Male,ADa,,,2,0.94999999,12.36959709274548,12.318972,12.420222
Colon,Male,ADa,,,2,1.0,12.62608628415853,12.575108,12.677066
Colon,Male,ADa,,,2,1.05,12.86829387539001,12.81701,12.919578
Colon,Male,ADa,,,2,1.1,13.10158704147212,13.050027,13.153147
Colon,Male,ADa,,,2,1.15,13.3267192473843,13.274913,13.378526
Colon,Male,ADa,,,2,1.2,13.54431969254659,13.492296,13.596343
Colon,Male,ADa,,,2,1.25,13.75491396408505,13.702702,13.807126
Colon,Male,ADa,,,2,1.3,13.95894715305754,13.906576,14.011318
Colon,Male,ADa,,,2,1.35,14.15679751473748,14.104297,14.209298
Colon,Male,ADa,,,2,1.4,14.34878725343396,14.296186,14.401388
Colon,Male,ADa,,,2,1.45,14.53519549302909,14.482524,14.587868
Colon,Male,ADa,,,2,1.5,14.71626243451239,14.663548,14.768976
Colon,Male,ADa,,,2,1.55,14.89219885198906,14.839472,14.944925
Colon,Male,ADa,,,2,1.6,15.06313000323664,15.010419,15.115841
Colon,Male,ADa,,,2,1.65,15.2289079590136,15.176241,15.281575
Colon,Male,ADa,,,2,1.7,15.38935913475332,15.336763,15.441956
Colon,Male,ADa,,,2,1.75,15.54436041756108,15.491862,15.596859
Colon,Male,ADa,,,2,1.8,15.69383380498515,15.641459,15.746209
Colon,Male,ADa,,,2,1.85,15.8377383491508,15.785509,15.889967
Colon,Male,ADa,,,2,1.9,15.97606335565507,15.924004,16.028124
Colon,Male,ADa,,,2,1.95,16.10882577046158,16.056957,16.160696
Colon,Male,ADa,,,2,2.0,16.23606327334685,16.184404,16.287724
Colon,Male,ADa,,,2,2.05,16.3512940783756,16.299885,16.402704
Colon,Male,ADa,,,2,2.0999999,16.46103961314957,16.409895,16.512184
Colon,Male,ADa,,,2,2.1500001,16.565391412778,16.514528,16.616255
Colon,Male,ADa,,,2,2.2,16.66444952453608,16.61388,16.715019
Colon,Male,ADa,,,2,2.25,16.75832346211045,16.708059,16.808588
Colon,Male,ADa,,,2,2.3,16.84712844329479,16.797178,16.897078
Colon,Male,ADa,,,2,2.3499999,16.93098439917157,16.881359,16.98061
Colon,Male,ADa,,,2,2.4000001,17.0100150514325,16.960722,17.059307
Colon,Male,ADa,,,2,2.45,17.08434532487824,17.035391,17.133301
Colon,Male,ADa,,,2,2.5,17.15411070996205,17.105499,17.202723
Colon,Male,ADa,,,2,2.55,17.21947743463362,17.171215,17.26774
Colon,Male,ADa,,,2,2.5999999,17.28061358783241,17.232702,17.328526
Colon,Male,ADa,,,2,2.6500001,17.33768051785043,17.290123,17.385239
Colon,Male,ADa,,,2,2.7,17.39083207432174,17.34363,17.438034
Colon,Male,ADa,,,2,2.75,17.44021653849043,17.393373,17.487061
Colon,Male,ADa,,,2,2.8,17.48597580266279,17.439489,17.532461
Colon,Male,ADa,,,2,2.8499999,17.52824592622802,17.482119,17.574373
Colon,Male,ADa,,,2,2.9000001,17.56715757582886,17.521387,17.612928
Colon,Male,ADa,,,2,2.95,17.60283555009438,17.557421,17.648251
Colon,Male,ADa,,,2,3.0,17.63540013152659,17.59034,17.68046
Colon,Male,ADa,,,2,3.05,17.6573944457885,17.612707,17.702082
Colon,Male,ADa,,,2,3.0999999,17.67648619369925,17.632168,17.720804
Colon,Male,ADa,,,2,3.1500001,17.69278535062628,17.648834,17.736736
Colon,Male,ADa,,,2,3.2,17.70639725122115,17.662807,17.749987
Colon,Male,ADa,,,2,3.25,17.71742325285906,17.674192,17.760654
Colon,Male,ADa,,,2,3.3,17.72596060046907,17.683084,17.768837
Colon,Male,ADa,,,2,3.3499999,17.73210269023083,17.689577,17.77463
Colon,Male,ADa,,,2,3.4000001,17.73593925330319,17.693758,17.778122
Colon,Male,ADa,,,2,3.45,17.73755645628439,17.695713,17.7794
Colon,Male,ADa,,,2,3.5,17.73703716512712,17.695528,17.778545
Colon,Male,ADa,,,2,3.55,17.73446100878409,17.693281,17.775642
Colon,Male,ADa,,,2,3.5999999,17.72990454317513,17.689047,17.770763
Colon,Male,ADa,,,2,3.6500001,17.72344134945107,17.682899,17.763983
Colon,Male,ADa,,,2,3.7,17.71514229352675,17.674911,17.755373
Colon,Male,ADa,,,2,3.75,17.70507546170233,17.665148,17.745003
Colon,Male,ADa,,,2,3.8,17.69330639051664,17.653677,17.732937
Colon,Male,ADa,,,2,3.8499999,17.67989815020178,17.64056,17.719236
Colon,Male,ADa,,,2,3.9000001,17.66491137412996,17.625856,17.703966
Colon,Male,ADa,,,2,3.95,17.64840465186561,17.609629,17.687181
Colon,Male,ADa,,,2,4.0,17.63043419491846,17.59193,17.66894
Colon,Male,ADa,,,2,4.0500002,17.60285572802725,17.564634,17.641077
Colon,Male,ADa,,,2,4.0999999,17.57395034528511,17.536007,17.611895
Colon,Male,ADa,,,2,4.1500001,17.54376964299439,17.506096,17.581444
Colon,Male,ADa,,,2,4.1999998,17.51236441624698,17.474953,17.549776
Colon,Male,ADa,,,2,4.25,17.47978243783606,17.442627,17.516937
Colon,Male,ADa,,,2,4.3000002,17.44607060102152,17.409164,17.482977
Colon,Male,ADa,,,2,4.3499999,17.41127414167361,17.374611,17.447937
Colon,Male,ADa,,,2,4.4000001,17.37543566308297,17.339008,17.411863
Colon,Male,ADa,,,2,4.4499998,17.33859754934732,17.302399,17.374796
Colon,Male,ADa,,,2,4.5,17.30079929573629,17.264824,17.336775
Colon,Male,ADa,,,2,4.5500002,17.26208000385027,17.22632,17.29784
Colon,Male,ADa,,,2,4.5999999,17.22247742446075,17.186928,17.258028
Colon,Male,ADa,,,2,4.6500001,17.18202683962213,17.146681,17.217373
Colon,Male,ADa,,,2,4.6999998,17.14076377883941,17.105614,17.175913
Colon,Male,ADa,,,2,4.75,17.09872098446162,17.063763,17.133678
Colon,Male,ADa,,,2,4.8000002,17.05593119456979,17.021158,17.090704
Colon,Male,ADa,,,2,4.8499999,17.01242604018594,16.977833,17.04702
Colon,Male,ADa,,,2,4.9000001,16.96823481220885,16.933815,17.002655
Colon,Male,ADa,,,2,4.9499998,16.92338742380242,16.889135,16.95764
Colon,Male,ADa,,,2,5.0,16.87791108019822,16.843821,16.912001
Colon,Male,ADb,,,0,0.0,0.0,0.0,0.0
Colon,Male,ADb,,,0,0.050000001,5.711026526969476,5.2194428,6.20261
Colon,Male,ADb,,,0,0.1,10.66691574943001,9.7563028,11.577529
Colon,Male,ADb,,,0,0.15000001,14.93710404219971,13.66612,16.208088
Colon,Male,ADb,,,0,0.2,18.67778406992899,17.090672,20.264896
Colon,Male,ADb,,,0,0.25,21.99664858402579,20.12821,23.865088
Colon,Male,ADb,,,0,0.30000001,24.97040959285663,22.8489,27.091919
Colon,Male,ADb,,,0,0.34999999,27.65592182403169,25.304831,30.007013
Colon,Male,ADb,,,0,0.40000001,30.09671912520022,27.535933,32.657505
Colon,Male,ADb,,,0,0.44999999,32.32700001079596,29.573599,35.080402
Colon,Male,ADb,,,0,0.5,34.37420756383011,31.443043,37.305374
Colon,Male,ADb,,,0,0.55000001,36.26073975758408,33.164848,39.356632
Colon,Male,ADb,,,0,0.60000002,38.00514762572072,34.756069,41.254227
Colon,Male,ADb,,,0,0.64999998,39.6229837138518,36.231014,43.014954
Colon,Male,ADb,,,0,0.69999999,41.12743306815645,37.60181,44.653057
Colon,Male,ADb,,,0,0.75,42.52976780604442,38.87883,46.180706
Colon,Male,ADb,,,0,0.80000001,43.83971014878298,40.071011,47.60841
Colon,Male,ADb,,,0,0.85000002,45.06661359623854,41.186962,48.946266
Colon,Male,ADb,,,0,0.89999998,46.22126351460722,42.236572,50.205956
Colon,Male,ADb,,,0,0.94999999,47.31307633302163,43.228474,51.397678
Colon,Male,ADb,,,0,1.0,48.34979989082302,44.169777,52.529823
Colon,Male,ADb,,,0,1.05,49.32980113042308,45.058887,53.600716
Colon,Male,ADb,,,0,1.1,50.26626972404401,45.907982,54.624557
Colon,Male,ADb,,,0,1.15,51.1636952003214,46.721176,55.606213
Colon,Male,ADb,,,0,1.2,52.02586229215743,47.501945,56.549782
Colon,Male,ADb,,,0,1.25,52.85596084045875,48.253204,57.458717
Colon,Male,ADb,,,0,1.3,53.65670194730501,48.97744,58.335964
Colon,Male,ADb,,,0,1.35,54.4303932023052,49.676769,59.184017
Colon,Male,ADb,,,0,1.4,55.17899964015118,50.352993,60.005005
Colon,Male,ADb,,,0,1.45,55.90421043376671,51.007664,60.800758
Colon,Male,ADb,,,0,1.5,56.60746881165898,51.642094,61.572842
Colon,Male,ADb,,,0,1.55,57.29001937628937,52.257435,62.322605
Colon,Male,ADb,,,0,1.6,57.952517799931,52.854286,63.050751
Colon,Male,ADb,,,0,1.65,58.59459411856773,53.432323,63.756866
Colon,Male,ADb,,,0,1.7,59.2158871436302,53.991226,64.440544
Colon,Male,ADb,,,0,1.75,59.81617329172781,54.530811,65.101532
Colon,Male,ADb,,,0,1.8,60.39535560393165,55.050999,65.739708
Colon,Male,ADb,,,0,1.85,60.95344078822933,55.551807,66.355072
Colon,Male,ADb,,,0,1.9,61.49051979932722,56.033333,66.947708
Colon,Male,ADb,,,0,1.95,62.00676356804559,56.495743,67.517784
Colon,Male,ADb,,,0,2.0,62.50240113884047,56.939255,68.065544
Colon,Male,ADb,,,0,2.05,62.96768407736062,57.35479,68.580582
Colon,Male,ADb,,,0,2.0999999,63.41291768337851,57.751953,69.073883
Colon,Male,ADb,,,0,2.1500001,63.83847812553205,58.131104,69.545853
Colon,Male,ADb,,,0,2.2,64.24476529211955,58.492611,69.996918
Colon,Male,ADb,,,0,2.25,64.63220918846667,58.836887,70.427528
Colon,Male,ADb,,,0,2.3,65.00125669241424,59.164341,70.838173
Colon,Male,ADb,,,0,2.3499999,65.35236923827699,59.475407,71.229332
Colon,Male,ADb,,,0,2.4000001,65.68602053818978,59.770523,71.601517
Colon,Male,ADb,,,0,2.45,66.0026983219309,60.050144,71.955254
Colon,Male,ADb,,,0,2.5,66.30303281689982,60.31485,72.291214
Colon,Male,ADb,,,0,2.55,66.58771731477526,60.565281,72.610153
Colon,Male,ADb,,,0,2.5999999,66.85740950551929,60.80204,72.912781
Colon,Male,ADb,,,0,2.6500001,67.11273328501238,61.025696,73.199768
Colon,Male,ADb,,,0,2.7,67.35427627291205,61.23679,73.471764
Colon,Male,ADb,,,0,2.75,67.58259924928393,61.435841,73.729355
Colon,Male,ADb,,,0,2.8,67.79823318922553,61.623333,73.973129
Colon,Male,ADb,,,0,2.8499999,68.00168233229465,61.799732,74.203636
Colon,Male,ADb,,,0,2.9000001,68.19342674971949,61.965473,74.421379
Colon,Male,ADb,,,0,2.95,68.37392029732797,62.120975,74.626862
Colon,Male,ADb,,,0,3.0,68.54359753701567,62.26664,74.820557
Colon,Male,ADb,,,0,3.05,68.69182496460758,62.392517,74.991135
Colon,Male,ADb,,,0,3.0999999,68.83007036687343,62.509319,75.150826
Colon,Male,ADb,,,0,3.1500001,68.95871283768548,62.617393,75.300034
Colon,Male,ADb,,,0,3.2,69.07811214500072,62.717068,75.439156
Colon,Male,ADb,,,0,3.25,69.18861341746992,62.808666,75.568565
Colon,Male,ADb,,,0,3.3,69.29054558612091,62.892483,75.688606
Colon,Male,ADb,,,0,3.3499999,69.38422289536021,62.968807,75.799637
Colon,Male,ADb,,,0,3.4000001,69.46994610919938,63.037918,75.901978
Colon,Male,ADb,,,0,3.45,69.54800167590639,63.100075,75.995926
Colon,Male,ADb,,,0,3.5,69.61866488987744,63.155533,76.081795
Colon,Male,ADb,,,0,3.55,69.68219888532309,63.204533,76.159866
Colon,Male,ADb,,,0,3.5999999,69.73885568591976,63.247299,76.230408
Colon,Male,ADb,,,0,3.6500001,69.7888770103923,63.284061,76.293694
Colon,Male,ADb,,,0,3.7,69.832493896036,63.315029,76.34996
Colon,Male,ADb,,,0,3.75,69.86992863995846,63.340405,76.399452
Colon,Male,ADb,,,0,3.8,69.90139429490335,63.360386,76.442406
Colon,Male,ADb,,,0,3.8499999,69.92709537433308,63.375156,76.479034
Colon,Male,ADb,,,0,3.9000001,69.94722835917406,63.384895,76.50956
Colon,Male,ADb,,,0,3.95,69.96198173890156,63.389778,76.534187
Colon,Male,ADb,,,0,4.0,69.97153696107074,63.389969,76.553101
Colon,Male,ADb,,,0,4.0500002,69.96459601650241,63.374897,76.554298
Colon,Male,ADb,,,0,4.0999999,69.95286838690186,63.355507,76.550232
Colon,Male,ADb,,,0,4.1500001,69.9365163821451,63.331955,76.541077
Colon,Male,ADb,,,0,4.1999998,69.91569670389975,63.304382,76.527016
Colon,Male,ADb,,,0,4.25,69.89055948944673,63.272923,76.508194
Colon,Male,ADb,,,0,4.3000002,69.86124986300808,63.237713,76.484787
Colon,Male,ADb,,,0,4.3499999,69.82790777297168,63.198879,76.45694
Colon,Male,ADb,,,0,4.4000001,69.79066709873797,63.156544,76.424789
Colon,Male,ADb,,,0,4.4499998,69.74965819609247,63.110828,76.388489
Colon,Male,ADb,,,0,4.5,69.70500527651603,63.06184,76.348167
Colon,Male,ADb,,,0,4.5500002,69.65682925787104,63.009697,76.303963
Colon,Male,ADb,,,0,4.5999999,69.60524693504584,62.954502,76.255989
Colon,Male,ADb,,,0,4.6500001,69.55036953556618,62.896358,76.204376
Colon,Male,ADb,,,0,4.6999998,69.49230641460065,62.835365,76.149246
Colon,Male,ADb,,,0,4.75,69.43116103735059,62.771618,76.090706
Colon,Male,ADb,,,0,4.8000002,69.367034934875,62.705204,76.02887
Colon,Male,ADb,,,0,4.8499999,69.30002631904745,62.636219,75.963837
Colon,Male,ADb,,,0,4.9000001,69.23022817829309,62.564743,75.895714
Colon,Male,ADb,,,0,4.9499998,69.1577329510663,62.490868,75.8246
Colon,Male,ADb,,,0,5.0,69.08262733209943,62.414665,75.750587
Colon,Male,ADb,,,1,0.0,0.0,0.0,0.0
Colon,Male,ADb,,,1,0.050000001,3.61366391149058,3.2418382,3.9854896
Colon,Male,ADb,,,1,0.1,6.887529470787676,6.1801577,7.5949011
Colon,Male,ADb,,,1,0.15000001,9.797558339509706,8.7912703,10.803846
Colon,Male,ADb,,,1,0.2,12.41128845896923,11.135825,13.686752
Colon,Male,ADb,,,1,0.25,14.77980719816468,13.259779,16.299835
Colon,Male,ADb,,,1,0.30000001,16.94145571420967,15.197639,18.685272
Colon,Male,ADb,,,1,0.34999999,18.92577836099289,16.975998,20.875559
Colon,Male,ADb,,,1,0.40000001,20.75613491447048,18.615881,22.896387
Colon,Male,ADb,,,1,0.44999999,22.4513876383778,20.13427,24.768505
Colon,Male,ADb,,,1,0.5,24.02704626280347,21.54512,26.508972
Colon,Male,ADb,,,1,0.55000001,25.4960472136315,22.860079,28.132015
Colon,Male,ADb,,,1,0.60000002,26.86931862447335,24.08898,29.649656
Colon,Male,ADb,,,1,0.64999998,28.15618832055242,25.240219,31.072159
Colon,Male,ADb,,,1,0.69999999,29.36469711029099,26.32103,32.408363
Colon,Male,ADb,,,1,0.75,30.5018240664522,27.337694,33.665955
Colon,Male,ADb,,,1,0.80000001,31.57367489538586,28.295706,34.851643
Colon,Male,ADb,,,1,0.85000002,32.58632239054955,29.200523,35.972122
Colon,Male,ADb,,,1,0.89999998,33.54716494019371,30.058792,37.035538
Colon,Male,ADb,,,1,0.94999999,34.46275682573574,30.876392,38.049122
Colon,Male,ADb,,,1,1.0,35.33852712588816,31.658195,39.01886
Colon,Male,ADb,,,1,1.05,36.17574810922974,32.405323,39.946175
Colon,Male,ADb,,,1,1.1,36.98132978987152,33.123989,40.838669
Colon,Male,ADb,,,1,1.15,37.75846085019316,33.817062,41.69986
Colon,Male,ADb,,,1,1.2,38.50984049868097,34.486954,42.53273
Colon,Male,ADb,,,1,1.25,39.23774921337142,35.135712,43.339787
Colon,Male,ADb,,,1,1.3,39.94413041071755,35.765079,44.123184
Colon,Male,ADb,,,1,1.35,40.63064075726544,36.376537,44.884743
Colon,Male,ADb,,,1,1.4,41.29869109721355,36.971359,45.626026
Colon,Male,ADb,,,1,1.45,41.94949521151383,37.550621,46.34837
Colon,Male,ADb,,,1,1.5,42.58408792405433,38.115261,47.052917
Colon,Male,ADb,,,1,1.55,43.20336053112302,38.666069,47.74065
Colon,Male,ADb,,,1,1.6,43.8077363672831,39.20343,48.412041
Colon,Male,ADb,,,1,1.65,44.3968013440425,39.726978,49.066624
Colon,Male,ADb,,,1,1.7,44.97014532650584,40.236351,49.703941
Colon,Male,ADb,,,1,1.75,45.5274680419285,40.731281,50.323654
Colon,Male,ADb,,,1,1.8,46.06857292687505,41.211605,50.925541
Colon,Male,ADb,,,1,1.85,46.59334928256226,41.677227,51.509472
Colon,Male,ADb,,,1,1.9,47.10175698323411,42.128113,52.075401
Colon,Male,ADb,,,1,1.95,47.5938249775902,42.564297,52.623352
Colon,Male,ADb,,,1,2.0,48.06963273995945,42.985855,53.153408
Colon,Male,ADb,,,1,2.05,48.52489559976465,43.38892,53.66087
Colon,Male,ADb,,,1,2.0999999,48.96413182105971,43.77758,54.150684
Colon,Male,ADb,,,1,2.1500001,49.3875526653394,44.152031,54.623077
Colon,Male,ADb,,,1,2.2,49.79539278946311,44.512482,55.078304
Colon,Male,ADb,,,1,2.25,50.18791770262897,44.859184,55.516651
Colon,Male,ADb,,,1,2.3,50.56541150321436,45.19239,55.938431
Colon,Male,ADb,,,1,2.3499999,50.92817529918852,45.512383,56.343971
Colon,Male,ADb,,,1,2.4000001,51.27652561969393,45.819443,56.733608
Colon,Male,ADb,,,1,2.45,51.61079488450412,46.113873,57.107716
Colon,Male,ADb,,,1,2.5,51.93144545826453,46.396095,57.466797
Colon,Male,ADb,,,1,2.55,52.23900082949302,46.66658,57.811424
Colon,Male,ADb,,,1,2.5999999,52.53395994689714,46.92577,58.142147
Colon,Male,ADb,,,1,2.6500001,52.81679852107106,47.174103,58.459496
Colon,Male,ADb,,,1,2.7,53.08796519615169,47.411976,58.763958
Colon,Male,ADb,,,1,2.75,53.34789103754076,47.639774,59.056007
Colon,Male,ADb,,,1,2.8,53.59698538047519,47.857876,59.336094
Colon,Male,ADb,,,1,2.8499999,53.83563841346995,48.066624,59.604652
Colon,Male,ADb,,,1,2.9000001,54.06422336627298,48.266357,59.862091
Colon,Male,ADb,,,1,2.95,54.2830932415979,48.45739,60.108795
Colon,Male,ADb,,,1,3.0,54.492588323966,48.640034,60.345142
Colon,Male,ADb,,,1,3.05,54.68771010722077,48.80975,60.56567
Colon,Male,ADb,,,1,3.0999999,54.87406784397194,48.971622,60.776512
Colon,Male,ADb,,,1,3.1500001,55.05196104573179,49.125923,60.978001
Colon,Male,ADb,,,1,3.2,55.22167384616449,49.272903,61.170444
Colon,Male,ADb,,,1,3.25,55.38348078303738,49.412815,61.354145
Colon,Male,ADb,,,1,3.3,55.53764401599341,49.545891,61.529396
Colon,Male,ADb,,,1,3.3499999,55.68441480273884,49.672359,61.696472
Colon,Male,ADb,,,1,3.4000001,55.82403471759699,49.792431,61.855637
Colon,Male,ADb,,,1,3.45,55.95673355652741,49.906322,62.007145
Colon,Male,ADb,,,1,3.5,56.08273383069843,50.014229,62.151241
Colon,Male,ADb,,,1,3.55,56.20224854062576,50.116337,62.288158
Colon,Male,ADb,,,1,3.5999999,56.31548230018853,50.212841,62.418125
Colon,Male,ADb,,,1,3.6500001,56.42263224820687,50.303909,62.541355
Colon,Male,ADb,,,1,3.7,56.52388642402065,50.389713,62.658058
Colon,Male,ADb,,,1,3.75,56.61942719887253,50.470421,62.768436
Colon,Male,ADb,,,1,3.8,56.70942954999515,50.546185,62.872677
Colon,Male,ADb,,,1,3.8499999,56.7940619116618,50.617157,62.97097
Colon,Male,ADb,,,1,3.9000001,56.87348684888116,50.683483,63.063492
Colon,Male,ADb,,,1,3.95,56.94785985717328,50.745304,63.150414
Colon,Male,ADb,,,1,4.0,57.01733190730204,50.802757,63.231907
Colon,Male,ADb,,,1,4.0500002,57.07619996242062,50.850662,63.301739
Colon,Male,ADb,,,1,4.0999999,57.13045302058686,50.894455,63.366451
Colon,Male,ADb,,,1,4.1500001,57.18022840639611,50.934258,63.426201
Colon,Male,ADb,,,1,4.1999998,57.22565668223172,50.970184,63.481129
Colon,Male,ADb,,,1,4.25,57.26686566090854,51.002357,63.531372
Colon,Male,ADb,,,1,4.3000002,57.30397746702795,51.030884,63.577072
Colon,Male,ADb,,,1,4.3499999,57.3371102003415,51.055866,63.618355
Colon,Male,ADb,,,1,4.4000001,57.36637888581208,51.077412,63.655346
Colon,Male,ADb,,,1,4.4499998,57.39189352243,51.095619,63.688171
Colon,Male,ADb,,,1,4.5,57.41376148136101,51.11058,63.716942
Colon,Male,ADb,,,1,4.5500002,57.43208586484752,51.122391,63.741779
Colon,Male,ADb,,,1,4.5999999,57.44696653278913,51.131142,63.762791
Colon,Male,ADb,,,1,4.6500001,57.45850051367421,51.136917,63.780083
Colon,Male,ADb,,,1,4.6999998,57.46678122127332,51.139805,63.793758
Colon,Male,ADb,,,1,4.75,57.47189946294577,51.139881,63.803917
Colon,Male,ADb,,,1,4.8000002,57.47394292709254,51.13723,63.810658
Colon,Male,ADb,,,1,4.8499999,57.4729966645499,51.131924,63.814072
Colon,Male,ADb,,,1,4.9000001,57.46914303667467,51.124035,63.814251
Colon,Male,ADb,,,1,4.9499998,57.46246194971116,51.11364,63.811283
Colon,Male,ADb,,,1,5.0,57.45303066165638,51.100807,63.805256
Colon,Male,ADb,,,2,0.0,0.0,0.0,0.0
Colon,Male,ADb,,,2,0.050000001,2.20420218013958,1.8900049,2.5183995
Colon,Male,ADb,,,2,0.1,3.964941346975431,3.3966107,4.5332718
Colon,Male,ADb,,,2,0.15000001,5.383884982878914,4.6110806,6.1566892
Colon,Male,ADb,,,2,0.2,6.555783484407868,5.6147108,7.4968562
Colon,Male,ADb,,,2,0.25,7.540986624935243,6.459033,8.6229401
Colon,Male,ADb,,,2,0.30000001,8.38033466076071,7.1788611,9.5818081
Colon,Male,ADb,,,2,0.34999999,9.102853754798566,7.7989244,10.406783
Colon,Male,ADb,,,2,0.40000001,9.729956961687693,8.3374643,11.122449
Colon,Male,ADb,,,2,0.44999999,10.2779019317836,8.8083344,11.74747
Colon,Male,ADb,,,2,0.5,10.75932353502218,9.2223034,12.296344
Colon,Male,ADb,,,2,0.55000001,11.1842276766344,9.587904,12.780552
Colon,Male,ADb,,,2,0.60000002,11.56066645722102,9.9120054,13.209328
Colon,Male,ADb,,,2,0.64999998,11.8952075831519,10.200213,13.590201
Colon,Male,ADb,,,2,0.69999999,12.19327258650473,10.457158,13.929386
Colon,Male,ADb,,,2,0.75,12.45938094182191,10.686702,14.232059
Colon,Male,ADb,,,2,0.80000001,12.69733571359547,10.892095,14.502577
Colon,Male,ADb,,,2,0.85000002,12.9105769362428,11.07628,14.744875
Colon,Male,ADb,,,2,0.89999998,13.10263514994266,11.242278,14.962992
Colon,Male,ADb,,,2,0.94999999,13.27648821471855,11.392642,15.160335
Colon,Male,ADb,,,2,1.0,13.43454642647821,11.529434,15.339658
Colon,Male,ADb,,,2,1.05,13.57364008162038,11.650026,15.497253
Colon,Male,ADb,,,2,1.1,13.70044119819914,11.760046,15.640837
Colon,Male,ADb,,,2,1.15,13.81629932522232,11.860648,15.77195
Colon,Male,ADb,,,2,1.2,13.92233991779281,11.952798,15.891882
Colon,Male,ADb,,,2,1.25,14.01950543157206,12.037301,16.001711
Colon,Male,ADb,,,2,1.3,14.10859115117428,12.114838,16.102345
Colon,Male,ADb,,,2,1.35,14.19027123710161,12.185986,16.194557
Colon,Male,ADb,,,2,1.4,14.26511965711323,12.251237,16.279003
Colon,Male,ADb,,,2,1.45,14.3336287027583,12.31101,16.356247
Colon,Male,ADb,,,2,1.5,14.39622144380248,12.365669,16.426773
Colon,Male,ADb,,,2,1.55,14.45326394570152,12.415527,16.491001
Colon,Male,ADb,,,2,1.6,14.50499995457283,12.460791,16.54921
Colon,Male,ADb,,,2,1.65,14.55148492817681,12.501509,16.601461
Colon,Male,ADb,,,2,1.7,14.59277947246666,12.537731,16.647827
Colon,Male,ADb,,,2,1.75,14.62897219916049,12.569534,16.68841
Colon,Male,ADb,,,2,1.8,14.66017461179431,12.597015,16.723333
Colon,Male,ADb,,,2,1.85,14.68651589987688,12.620284,16.752748
Colon,Male,ADb,,,2,1.9,14.70813875161645,12.639464,16.776814
Colon,Male,ADb,,,2,1.95,14.72519637992038,12.654689,16.795704
Colon,Male,ADb,,,2,2.0,14.73784927796377,12.666095,16.809605
Colon,Male,ADb,,,2,2.05,14.74026027515471,12.668762,16.811758
Colon,Male,ADb,,,2,2.0999999,14.7386122764059,12.66791,16.809315
Colon,Male,ADb,,,2,2.1500001,14.73307993999927,12.663689,16.802471
Colon,Male,ADb,,,2,2.2,14.72383784169348,12.65625,16.791426
Colon,Male,ADb,,,2,2.25,14.71105918906001,12.645743,16.776375
Colon,Male,ADb,,,2,2.3,14.69491498612979,12.632317,16.757513
Colon,Male,ADb,,,2,2.3499999,14.67557326518185,12.616116,16.735031
Colon,Male,ADb,,,2,2.4000001,14.65319836874937,12.597283,16.709112
Colon,Male,ADb,,,2,2.45,14.62795231656732,12.57596,16.679945
Colon,Male,ADb,,,2,2.5,14.60000831260588,12.552296,16.647722
Colon,Male,ADb,,,2,2.55,14.56954052896343,12.52644,16.612642
Colon,Male,ADb,,,2,2.5999999,14.53671161393699,12.498533,16.57489
Colon,Male,ADb,,,2,2.6500001,14.50167321576265,12.468707,16.534639
Colon,Male,ADb,,,2,2.7,14.4645675113597,12.437084,16.49205
Colon,Male,ADb,,,2,2.75,14.42552697512339,12.40378,16.447273
Colon,Male,ADb,,,2,2.8,14.38467574023647,12.3689,16.400452
Colon,Male,ADb,,,2,2.8499999,14.34213007704341,12.332546,16.351715
Colon,Male,ADb,,,2,2.9000001,14.29799876317566,12.294811,16.301186
Colon,Male,ADb,,,2,2.95,14.25238446654899,12.255786,16.248983
Colon,Male,ADb,,,2,3.0,14.20538297011097,12.215551,16.195213
Colon,Male,ADb,,,2,3.05,14.15098491008288,12.169036,16.132933
Colon,Male,ADb,,,2,3.0999999,14.09543039112897,12.121511,16.069351
Colon,Male,ADb,,,2,3.1500001,14.03880003910358,12.073043,16.004557
Colon,Male,ADb,,,2,3.2,13.98117048964932,12.023701,15.938641
Colon,Male,ADb,,,2,3.25,13.92261309489031,11.973546,15.87168
Colon,Male,ADb,,,2,3.3,13.86319530035507,11.922637,15.803754
Colon,Male,ADb,,,2,3.3499999,13.80298065531206,11.871029,15.734933
Colon,Male,ADb,,,2,3.4000001,13.74202877682932,11.818772,15.665285
Colon,Male,ADb,,,2,3.45,13.68039675264401,11.765919,15.594875
Colon,Male,ADb,,,2,3.5,13.61813761578628,11.712512,15.523763
Colon,Male,ADb,,,2,3.55,13.5553017064682,11.658598,15.452005
Colon,Male,ADb,,,2,3.5999999,13.49193657071663,11.604216,15.379658
Colon,Male,ADb,,,2,3.6500001,13.42808682869712,11.549405,15.306768
Colon,Male,ADb,,,2,3.7,13.36379555619777,11.494204,15.233387
Colon,Male,ADb,,,2,3.75,13.29910260737574,11.438646,15.159559
Colon,Male,ADb,,,2,3.8,13.23404596974598,11.382765,15.085327
Colon,Male,ADb,,,2,3.8499999,13.16866159033917,11.326591,15.010733
Colon,Male,ADb,,,2,3.9000001,13.10298318242532,11.270154,14.935812
Colon,Male,ADb,,,2,3.95,13.03704359195316,11.213483,14.860604
Colon,Male,ADb,,,2,4.0,12.97087302296364,11.156604,14.785143
Colon,Male,ADb,,,2,4.0500002,12.89851851508416,11.09448,14.702558
Colon,Male,ADb,,,2,4.0999999,12.82606364126553,11.032258,14.619869
Colon,Male,ADb,,,2,4.1500001,12.75353291187247,10.969961,14.537105
Colon,Male,ADb,,,2,4.1999998,12.68095221227397,10.907611,14.454293
Colon,Male,ADb,,,2,4.25,12.6083433478199,10.845227,14.37146
Colon,Male,ADb,,,2,4.3000002,12.53572896041881,10.782829,14.288629
Colon,Male,ADb,,,2,4.3499999,12.4631305202126,10.720435,14.205826
Colon,Male,ADb,,,2,4.4000001,12.39056631198561,10.658062,14.123071
Colon,Male,ADb,,,2,4.4499998,12.31805634056514,10.595726,14.040386
Colon,Male,ADb,,,2,4.5,12.24561685156837,10.533443,13.95779
Colon,Male,ADb,,,2,4.5500002,12.17326522588523,10.471227,13.875303
Colon,Male,ADb,,,2,4.5999999,12.10101795089463,10.409093,13.792943
Colon,Male,ADb,,,2,4.6500001,12.02888860375715,10.347052,13.710726
Colon,Male,ADb,,,2,4.6999998,11.95689271540837,10.285118,13.628668
Colon,Male,ADb,,,2,4.75,11.88504230940543,10.223302,13.546782
Colon,Male,ADb,,,2,4.8000002,11.81335075013672,10.161615,13.465086
Colon,Male,ADb,,,2,4.8499999,11.74183071277238,10.100069,13.383593
Colon,Male,ADb,,,2,4.9000001,11.67049217835516,10.038672,13.302312
Colon,Male,ADb,,,2,4.9499998,11.59934723648003,9.9774351,13.221259
Colon,Male,ADb,,,2,5.0,11.52840467380719,9.9163656,13.140444
Colon,Male,pm,,,0,0.0,0.0,0.0,0.0
Colon,Male,pm,,,0,0.050000001,45.96458435058594,43.488991,48.440178
Colon,Male,pm,,,0,0.1,43.49768447875977,41.087879,45.90749
Colon,Male,pm,,,0,0.15000001,42.45722961425781,40.079819,44.834641
Colon,Male,pm,,,0,0.2,41.88530349731445,39.527023,44.243584
Colon,Male,pm,,,0,0.25,41.53623199462891,39.190201,43.882263
Colon,Male,pm,,,0,0.30000001,41.31337738037109,38.975487,43.651268
Colon,Male,pm,,,0,0.34999999,41.16972351074219,38.837303,43.502144
Colon,Male,pm,,,0,0.40000001,41.07924652099609,38.750458,43.408035
Colon,Male,pm,,,0,0.44999999,41.02622222900391,38.699745,43.352699
Colon,Male,pm,,,0,0.5,41.00052642822266,38.675381,43.325672
Colon,Male,pm,,,0,0.55000001,40.99534225463867,38.670788,43.319897
Colon,Male,pm,,,0,0.60000002,41.00588989257813,38.681351,43.330429
Colon,Male,pm,,,0,0.64999998,41.02873229980469,38.703754,43.35371
Colon,Male,pm,,,0,0.69999999,41.06132888793945,38.735558,43.3871
Colon,Male,pm,,,0,0.75,41.10177612304688,38.774918,43.428635
Colon,Male,pm,,,0,0.80000001,41.14860534667969,38.820423,43.476788
Colon,Male,pm,,,0,0.85000002,41.20068740844727,38.870991,43.530384
Colon,Male,pm,,,0,0.89999998,41.25711441040039,38.925739,43.58849
Colon,Male,pm,,,0,0.94999999,41.31716918945313,38.983986,43.650352
Colon,Male,pm,,,0,1.0,41.38027954101563,39.04517,43.715389
Colon,Male,pm,,,0,1.05,41.44542694091797,39.108269,43.782585
Colon,Male,pm,,,0,1.1,41.51286697387695,39.173569,43.852165
Colon,Male,pm,,,0,1.15,41.58229064941406,39.240776,43.923805
Colon,Male,pm,,,0,1.2,41.65344619750977,39.309647,43.997246
Colon,Male,pm,,,0,1.25,41.72613525390625,39.379993,44.072277
Colon,Male,pm,,,0,1.3,41.80018615722656,39.451641,44.148731
Colon,Male,pm,,,0,1.35,41.87545013427734,39.524456,44.226444
Colon,Male,pm,,,0,1.4,41.95181274414063,39.598324,44.305302
Colon,Male,pm,,,0,1.45,42.02917098999023,39.673149,44.385193
Colon,Male,pm,,,0,1.5,42.10744094848633,39.748844,44.466038
Colon,Male,pm,,,0,1.55,42.18654251098633,39.82534,44.547745
Colon,Male,pm,,,0,1.6,42.26641082763672,39.902565,44.630257
Colon,Male,pm,,,0,1.65,42.34696197509766,39.980446,44.713478
Colon,Male,pm,,,0,1.7,42.42811965942383,40.05891,44.797329
Colon,Male,pm,,,0,1.75,42.50980758666992,40.137878,44.881737
Colon,Male,pm,,,0,1.8,42.59197235107422,40.217304,44.96664
Colon,Male,pm,,,0,1.85,42.6745491027832,40.297131,45.051968
Colon,Male,pm,,,0,1.9,42.75749206542969,40.377304,45.13768
Colon,Male,pm,,,0,1.95,42.84075927734375,40.457794,45.223724
Colon,Male,pm,,,0,2.0,42.9243049621582,40.538551,45.310059
Colon,Male,pm,,,0,2.05,43.00802993774414,40.619415,45.396645
Colon,Male,pm,,,0,2.0999999,43.09201431274414,40.700531,45.483498
Colon,Male,pm,,,0,2.1500001,43.17623138427734,40.781876,45.570587
Colon,Male,pm,,,0,2.2,43.26064682006836,40.863411,45.657883
Colon,Male,pm,,,0,2.25,43.34524154663086,40.945126,45.745358
Colon,Male,pm,,,0,2.3,43.42999267578125,41.026993,45.832993
Colon,Male,pm,,,0,2.3499999,43.51488494873047,41.109005,45.920765
Colon,Male,pm,,,0,2.4000001,43.59989547729492,41.191135,46.008656
Colon,Male,pm,,,0,2.45,43.68501663208008,41.27338,46.096653
Colon,Male,pm,,,0,2.5,43.77022933959961,41.355721,46.184738
Colon,Male,pm,,,0,2.55,43.85552215576172,41.438145,46.2729
Colon,Male,pm,,,0,2.5999999,43.94088363647461,41.520641,46.361126
Colon,Male,pm,,,0,2.6500001,44.02629852294922,41.603199,46.449398
Colon,Male,pm,,,0,2.7,44.11175918579102,41.68581,46.537708
Colon,Male,pm,,,0,2.75,44.1972541809082,41.768459,46.626049
Colon,Male,pm,,,0,2.8,44.28277587890625,41.851147,46.714405
Colon,Male,pm,,,0,2.8499999,44.36831665039063,41.933861,46.802773
Colon,Male,pm,,,0,2.9000001,44.4538688659668,42.01659,46.891148
Colon,Male,pm,,,0,2.95,44.53942489624023,42.099339,46.979511
Colon,Male,pm,,,0,3.0,44.62498092651367,42.182091,47.067871
Colon,Male,pm,,,0,3.05,44.71089935302734,42.265125,47.156673
Colon,Male,pm,,,0,3.0999999,44.79684829711914,42.348202,47.245495
Colon,Male,pm,,,0,3.1500001,44.8828125,42.431297,47.334328
Colon,Male,pm,,,0,3.2,44.96879196166992,42.51442,47.423164
Colon,Male,pm,,,0,3.25,45.05478286743164,42.597565,47.512001
Colon,Male,pm,,,0,3.3,45.14077758789063,42.680721,47.600834
Colon,Male,pm,,,0,3.3499999,45.22677612304688,42.763893,47.689659
Colon,Male,pm,,,0,3.4000001,45.31277465820313,42.847073,47.778477
Colon,Male,pm,,,0,3.45,45.39876937866211,42.93026,47.867279
Colon,Male,pm,,,0,3.5,45.4847526550293,43.013447,47.956059
Colon,Male,pm,,,0,3.55,45.57072830200195,43.096638,48.044819
Colon,Male,pm,,,0,3.5999999,45.65669250488281,43.179829,48.133556
Colon,Male,pm,,,0,3.6500001,45.74264144897461,43.263012,48.222271
Colon,Male,pm,,,0,3.7,45.82857513427734,43.346195,48.310955
Colon,Male,pm,,,0,3.75,45.91448974609375,43.429371,48.399609
Colon,Male,pm,,,0,3.8,46.00038146972656,43.512531,48.488232
Colon,Male,pm,,,0,3.8499999,46.08625411987305,43.595688,48.57682
Colon,Male,pm,,,0,3.9000001,46.1721076965332,43.678841,48.665375
Colon,Male,pm,,,0,3.95,46.2579345703125,43.761974,48.753895
Colon,Male,pm,,,0,4.0,46.34373474121094,43.845093,48.842377
Colon,Male,pm,,,0,4.0500002,46.43031692504883,43.928898,48.931736
Colon,Male,pm,,,0,4.0999999,46.51690292358398,44.012722,49.021084
Colon,Male,pm,,,0,4.1500001,46.60349655151367,44.096561,49.110432
Colon,Male,pm,,,0,4.1999998,46.69009780883789,44.18042,49.199776
Colon,Male,pm,,,0,4.25,46.77670288085938,44.264297,49.289108
Colon,Male,pm,,,0,4.3000002,46.86331176757813,44.34819,49.378433
Colon,Male,pm,,,0,4.3499999,46.94992446899414,44.432102,49.467747
Colon,Male,pm,,,0,4.4000001,47.03653717041016,44.516026,49.557049
Colon,Male,pm,,,0,4.4499998,47.12315368652344,44.599964,49.646343
Colon,Male,pm,,,0,4.5,47.20977401733398,44.683922,49.735626
Colon,Male,pm,,,0,4.5500002,47.29639053344727,44.767887,49.824894
Colon,Male,pm,,,0,4.5999999,47.38301086425781,44.851868,49.914154
Colon,Male,pm,,,0,4.6500001,47.46963119506836,44.935863,50.003399
Colon,Male,pm,,,0,4.6999998,47.55625534057617,45.019878,50.092632
Colon,Male,pm,,,0,4.75,47.64287567138672,45.103905,50.181847
Colon,Male,pm,,,0,4.8000002,47.72949981689453,45.187946,50.271053
Colon,Male,pm,,,0,4.8499999,47.81612014770508,45.271996,50.360245
Colon,Male,pm,,,0,4.9000001,47.90274429321289,45.356064,50.449425
Colon,Male,pm,,,0,4.9499998,47.9893684387207,45.440147,50.538589
Colon,Male,pm,,,0,5.0,48.07599258422852,45.524246,50.627739
Colon,Male,pm,,,1,0.0,0.0,0.0,0.0
Colon,Male,pm,,,1,0.050000001,49.5272331237793,46.74577,52.308697
Colon,Male,pm,,,1,0.1,42.70615005493164,39.992851,45.419449
Colon,Male,pm,,,1,0.15000001,40.44621658325195,37.777714,43.114719
Colon,Male,pm,,,1,0.2,39.38877105712891,36.74474,42.032803
Colon,Male,pm,,,1,0.25,38.8338737487793,36.203335,41.464413
Colon,Male,pm,,,1,0.30000001,38.53720474243164,35.913826,41.160583
Colon,Male,pm,,,1,0.34999999,38.38995742797852,35.769844,41.010071
Colon,Male,pm,,,1,0.40000001,38.33608245849609,35.716721,40.955444
Colon,Male,pm,,,1,0.44999999,38.34373092651367,35.723442,40.96402
Colon,Male,pm,,,1,0.5,38.39350509643555,35.771141,41.015869
Colon,Male,pm,,,1,0.55000001,38.47294998168945,35.847717,41.098183
Colon,Male,pm,,,1,0.60000002,38.57374572753906,35.945084,41.202408
Colon,Male,pm,,,1,0.64999998,38.69014739990234,36.057671,41.322624
Colon,Male,pm,,,1,0.69999999,38.81808471679688,36.181515,41.454655
Colon,Male,pm,,,1,0.75,38.95462036132813,36.313778,41.595463
Colon,Male,pm,,,1,0.80000001,39.09759140014648,36.452351,41.742832
Colon,Male,pm,,,1,0.85000002,39.24540328979492,36.595688,41.895119
Colon,Male,pm,,,1,0.89999998,39.39689254760742,36.742664,42.051121
Colon,Male,pm,,,1,0.94999999,39.55119705200195,36.892429,42.209965
Colon,Male,pm,,,1,1.0,39.70764923095703,37.044346,42.370953
Colon,Male,pm,,,1,1.05,39.86561965942383,37.197773,42.533466
Colon,Male,pm,,,1,1.1,40.02484512329102,37.352478,42.697212
Colon,Male,pm,,,1,1.15,40.18501281738281,37.508152,42.861874
Colon,Male,pm,,,1,1.2,40.34589004516602,37.66457,43.02721
Colon,Male,pm,,,1,1.25,40.50728225708008,37.821541,43.193024
Colon,Male,pm,,,1,1.3,40.66904449462891,37.97892,43.359169
Colon,Male,pm,,,1,1.35,40.83106994628906,38.136608,43.525532
Colon,Male,pm,,,1,1.4,40.99326324462891,38.294506,43.69202
Colon,Male,pm,,,1,1.45,41.15556335449219,38.45256,43.858566
Colon,Male,pm,,,1,1.5,41.31792068481445,38.610714,44.025127
Colon,Male,pm,,,1,1.55,41.48029327392578,38.768936,44.19165
Colon,Male,pm,,,1,1.6,41.64263534545898,38.92717,44.358101
Colon,Male,pm,,,1,1.65,41.80484771728516,39.085327,44.524368
Colon,Male,pm,,,1,1.7,41.96681976318359,39.243298,44.690342
Colon,Male,pm,,,1,1.75,42.12845993041992,39.40099,44.85593
Colon,Male,pm,,,1,1.8,42.28969192504883,39.558334,45.021049
Colon,Male,pm,,,1,1.85,42.45045471191406,39.715263,45.185646
Colon,Male,pm,,,1,1.9,42.61069869995117,39.871735,45.349663
Colon,Male,pm,,,1,1.95,42.77038192749023,40.027706,45.513058
Colon,Male,pm,,,1,2.0,42.92946243286133,40.183136,45.675789
Colon,Male,pm,,,1,2.05,43.08788681030273,40.337952,45.837822
Colon,Male,pm,,,1,2.0999999,43.24566650390625,40.49218,45.999153
Colon,Male,pm,,,1,2.1500001,43.40278244018555,40.645805,46.15976
Colon,Male,pm,,,1,2.2,43.55922317504883,40.79882,46.319626
Colon,Male,pm,,,1,2.25,43.7149772644043,40.951206,46.478748
Colon,Male,pm,,,1,2.3,43.87003707885742,41.102959,46.637115
Colon,Male,pm,,,1,2.3499999,44.02439880371094,41.254078,46.79472
Colon,Male,pm,,,1,2.4000001,44.17805862426758,41.404552,46.951565
Colon,Male,pm,,,1,2.45,44.33102035522461,41.554386,47.107655
Colon,Male,pm,,,1,2.5,44.48328018188477,41.703583,47.262978
Colon,Male,pm,,,1,2.55,44.63484954833984,41.852146,47.417553
Colon,Male,pm,,,1,2.5999999,44.78573608398438,42.000084,47.571388
Colon,Male,pm,,,1,2.6500001,44.93595123291016,42.147411,47.724491
Colon,Male,pm,,,1,2.7,45.08549880981445,42.294125,47.876873
Colon,Male,pm,,,1,2.75,45.23439407348633,42.440243,48.028545
Colon,Male,pm,,,1,2.8,45.38264846801758,42.585777,48.17952
Colon,Male,pm,,,1,2.8499999,45.53026580810547,42.730728,48.329803
Colon,Male,pm,,,1,2.9000001,45.6772575378418,42.875107,48.479408
Colon,Male,pm,,,1,2.95,45.82363891601563,43.018932,48.628345
Colon,Male,pm,,,1,3.0,45.96941375732422,43.162201,48.776627
Colon,Male,pm,,,1,3.05,46.11463928222656,43.304939,48.924339
Colon,Male,pm,,,1,3.0999999,46.2592887878418,43.447155,49.071423
Colon,Male,pm,,,1,3.1500001,46.40336608886719,43.588848,49.217884
Colon,Male,pm,,,1,3.2,46.5468864440918,43.730034,49.363739
Colon,Male,pm,,,1,3.25,46.68985748291016,43.87072,49.508995
Colon,Male,pm,,,1,3.3,46.8322868347168,44.010914,49.65366
Colon,Male,pm,,,1,3.3499999,46.97418594360352,44.150627,49.797745
Colon,Male,pm,,,1,3.4000001,47.11556243896484,44.289864,49.941261
Colon,Male,pm,,,1,3.45,47.25642776489258,44.428638,50.084217
Colon,Male,pm,,,1,3.5,47.39678955078125,44.566956,50.226624
Colon,Male,pm,,,1,3.55,47.53665542602539,44.704826,50.368484
Colon,Male,pm,,,1,3.5999999,47.67603302001953,44.842251,50.509815
Colon,Male,pm,,,1,3.6500001,47.81493759155273,44.979248,50.650627
Colon,Male,pm,,,1,3.7,47.95336532592773,45.115814,50.790916
Colon,Male,pm,,,1,3.75,48.09133529663086,45.251968,50.930702
Colon,Male,pm,,,1,3.8,48.22885131835938,45.387714,51.069988
Colon,Male,pm,,,1,3.8499999,48.36591720581055,45.523052,51.208782
Colon,Male,pm,,,1,3.9000001,48.50254821777344,45.657997,51.347099
Colon,Male,pm,,,1,3.95,48.63874435424805,45.792553,51.484936
Colon,Male,pm,,,1,4.0,48.77452087402344,45.926727,51.622314
Colon,Male,pm,,,1,4.0500002,48.90999984741211,46.060612,51.759388
Colon,Male,pm,,,1,4.0999999,49.04507827758789,46.194134,51.896023
Colon,Male,pm,,,1,4.1500001,49.17975997924805,46.327305,52.032215
Colon,Male,pm,,,1,4.1999998,49.31404876708984,46.460121,52.167976
Colon,Male,pm,,,1,4.25,49.44795227050781,46.59259,52.303314
Colon,Male,pm,,,1,4.3000002,49.58148193359375,46.724731,52.438232
Colon,Male,pm,,,1,4.3499999,49.71463775634766,46.856537,52.572739
Colon,Male,pm,,,1,4.4000001,49.84742736816406,46.988014,52.706841
Colon,Male,pm,,,1,4.4499998,49.9798583984375,47.119175,52.840542
Colon,Male,pm,,,1,4.5,50.1119384765625,47.250019,52.973858
Colon,Male,pm,,,1,4.5500002,50.24366760253906,47.380554,53.106781
Colon,Male,pm,,,1,4.5999999,50.37505722045898,47.510788,53.239326
Colon,Male,pm,,,1,4.6500001,50.50611114501953,47.640728,53.371494
Colon,Male,pm,,,1,4.6999998,50.63683319091797,47.77037,53.503296
Colon,Male,pm,,,1,4.75,50.76723098754883,47.899727,53.634735
Colon,Male,pm,,,1,4.8000002,50.89730834960938,48.028801,53.765816
Colon,Male,pm,,,1,4.8499999,51.02706909179688,48.157597,53.896542
Colon,Male,pm,,,1,4.9000001,51.15652465820313,48.286121,54.026928
Colon,Male,pm,,,1,4.9499998,51.28567123413086,48.414375,54.156967
Colon,Male,pm,,,1,5.0,51.41452026367188,48.54237,54.286671
Colon,Male,pm,,,2,0.0,0.0,0.0,0.0
Colon,Male,pm,,,2,0.050000001,41.31401443481445,37.455734,45.172295
Colon,Male,pm,,,2,0.1,44.95500946044922,41.054462,48.855556
Colon,Male,pm,,,2,0.15000001,46.82682800292969,42.926826,50.72683
Colon,Male,pm,,,2,0.2,47.89141464233398,44.001373,51.781456
Colon,Male,pm,,,2,0.25,48.50719451904297,44.628773,52.385616
Colon,Male,pm,,,2,0.30000001,48.8483772277832,44.98111,52.715645
Colon,Male,pm,,,2,0.34999999,49.01172637939453,45.154629,52.868824
Colon,Male,pm,,,2,0.40000001,49.05558013916016,45.207664,52.903496
Colon,Male,pm,,,2,0.44999999,49.01712417602539,45.177536,52.856712
Colon,Male,pm,,,2,0.5,48.92105865478516,45.089096,52.753021
Colon,Male,pm,,,2,0.55000001,48.78430557250977,44.959423,52.609188
Colon,Male,pm,,,2,0.60000002,48.61873626708984,44.800499,52.436974
Colon,Male,pm,,,2,0.64999998,48.4328498840332,44.62093,52.24477
Colon,Male,pm,,,2,0.69999999,48.23282623291016,44.426964,52.038689
Colon,Male,pm,,,2,0.75,48.0232048034668,44.223202,51.823208
Colon,Male,pm,,,2,0.80000001,47.807373046875,44.013073,51.601673
Colon,Male,pm,,,2,0.85000002,47.58781433105469,43.799099,51.37653
Colon,Male,pm,,,2,0.89999998,47.36627960205078,43.583065,51.149494
Colon,Male,pm,,,2,0.94999999,47.14403533935547,43.366257,50.921814
Colon,Male,pm,,,2,1.0,46.92201995849609,43.149628,50.694412
Colon,Male,pm,,,2,1.05,46.70038604736328,42.933563,50.467209
Colon,Male,pm,,,2,1.1,46.48020553588867,42.718925,50.241486
Colon,Male,pm,,,2,1.15,46.2618408203125,42.506088,50.017593
Colon,Male,pm,,,2,1.2,46.04553604125977,42.2953,49.795773
Colon,Male,pm,,,2,1.25,45.83145904541016,42.086727,49.576191
Colon,Male,pm,,,2,1.3,45.61971282958984,41.880486,49.35894
Colon,Male,pm,,,2,1.35,45.41034698486328,41.676617,49.144077
Colon,Male,pm,,,2,1.4,45.2033805847168,41.475147,48.931614
Colon,Male,pm,,,2,1.45,44.99878692626953,41.276051,48.721523
Colon,Male,pm,,,2,1.5,44.79653549194336,41.079292,48.513779
Colon,Male,pm,,,2,1.55,44.59656143188477,40.884808,48.308315
Colon,Male,pm,,,2,1.6,44.39882278442383,40.692558,48.105087
Colon,Male,pm,,,2,1.65,44.20342254638672,40.502644,47.904202
Colon,Male,pm,,,2,1.7,44.01045608520508,40.315151,47.705761
Colon,Male,pm,,,2,1.75,43.82000350952148,40.130157,47.50985
Colon,Male,pm,,,2,1.8,43.63210678100586,39.947704,47.316509
Colon,Male,pm,,,2,1.85,43.44680023193359,39.767822,47.125778
Colon,Male,pm,,,2,1.9,43.26408767700195,39.590511,46.937664
Colon,Male,pm,,,2,1.95,43.08397674560547,39.415783,46.752171
Colon,Male,pm,,,2,2.0,42.90645217895508,39.24361,46.569294
Colon,Male,pm,,,2,2.05,42.73123168945313,39.073914,46.38855
Colon,Male,pm,,,2,2.0999999,42.5585823059082,38.906757,46.210407
Colon,Male,pm,,,2,2.1500001,42.38847732543945,38.742115,46.03484
Colon,Male,pm,,,2,2.2,42.22088241577148,38.579948,45.861816
Colon,Male,pm,,,2,2.25,42.05577087402344,38.420231,45.691311
Colon,Male,pm,,,2,2.3,41.89310455322266,38.262928,45.523281
Colon,Male,pm,,,2,2.3499999,41.73285675048828,38.108006,45.357708
Colon,Male,pm,,,2,2.4000001,41.57498168945313,37.955421,45.194542
Colon,Male,pm,,,2,2.45,41.41945648193359,37.805153,45.03376
Colon,Male,pm,,,2,2.5,41.2662353515625,37.657146,44.875324
Colon,Male,pm,,,2,2.55,41.11526107788086,37.511356,44.719166
Colon,Male,pm,,,2,2.5999999,40.96646499633789,37.367706,44.565224
Colon,Male,pm,,,2,2.6500001,40.81978225708008,37.226131,44.413433
Colon,Male,pm,,,2,2.7,40.67515563964844,37.086578,44.263733
Colon,Male,pm,,,2,2.75,40.53252029418945,36.948982,44.116058
Colon,Male,pm,,,2,2.8,40.39181900024414,36.813286,43.970352
Colon,Male,pm,,,2,2.8499999,40.25299453735352,36.679432,43.826557
Colon,Male,pm,,,2,2.9000001,40.11599349975586,36.547367,43.68462
Colon,Male,pm,,,2,2.95,39.98076629638672,36.417042,43.544491
Colon,Male,pm,,,2,3.0,39.84725189208984,36.288395,43.406109
Colon,Male,pm,,,2,3.05,39.71530151367188,36.161484,43.269119
Colon,Male,pm,,,2,3.0999999,39.58498382568359,36.036171,43.133797
Colon,Male,pm,,,2,3.1500001,39.45625686645508,35.912415,43.000099
Colon,Male,pm,,,2,3.2,39.32907867431641,35.790176,42.867981
Colon,Male,pm,,,2,3.25,39.20339584350586,35.669399,42.737392
Colon,Male,pm,,,2,3.3,39.07917785644531,35.550053,42.608303
Colon,Male,pm,,,2,3.3499999,38.95637893676758,35.432095,42.480663
Colon,Male,pm,,,2,3.4000001,38.8349609375,35.315487,42.354435
Colon,Male,pm,,,2,3.45,38.71488952636719,35.200191,42.229588
Colon,Male,pm,,,2,3.5,38.59612655639648,35.086178,42.106075
Colon,Male,pm,,,2,3.55,38.47863388061523,34.9734,41.983868
Colon,Male,pm,,,2,3.5999999,38.36238861083984,34.861843,41.862934
Colon,Male,pm,,,2,3.6500001,38.24734497070313,34.751453,41.743237
Colon,Male,pm,,,2,3.7,38.13348388671875,34.642223,41.624744
Colon,Male,pm,,,2,3.75,38.02077102661133,34.534107,41.507435
Colon,Male,pm,,,2,3.8,37.90917587280273,34.427086,41.391266
Colon,Male,pm,,,2,3.8499999,37.79867553710938,34.321125,41.276226
Colon,Male,pm,,,2,3.9000001,37.68923950195313,34.216206,41.162273
Colon,Male,pm,,,2,3.95,37.58084106445313,34.112293,41.049389
Colon,Male,pm,,,2,4.0,37.47345733642578,34.009373,40.937542
Colon,Male,pm,,,2,4.0500002,37.3670768737793,33.907619,40.826534
Colon,Male,pm,,,2,4.0999999,37.26167678833008,33.806824,40.71653
Colon,Male,pm,,,2,4.1500001,37.15723037719727,33.706947,40.607513
Colon,Male,pm,,,2,4.1999998,37.05371475219727,33.607979,40.499451
Colon,Male,pm,,,2,4.25,36.95111465454102,33.509899,40.39233
Colon,Male,pm,,,2,4.3000002,36.84940338134766,33.412682,40.286125
Colon,Male,pm,,,2,4.3499999,36.74856948852539,33.316311,40.180828
Colon,Male,pm,,,2,4.4000001,36.64858245849609,33.220764,40.076401
Colon,Male,pm,,,2,4.4499998,36.54943466186523,33.126034,39.972836
Colon,Male,pm,,,2,4.5,36.45110321044922,33.032089,39.870117
Colon,Male,pm,,,2,4.5500002,36.35357284545898,32.938923,39.768223
Colon,Male,pm,,,2,4.5999999,36.25682830810547,32.846519,39.667137
Colon,Male,pm,,,2,4.6500001,36.16084671020508,32.754852,39.566841
Colon,Male,pm,,,2,4.6999998,36.06562042236328,32.663914,39.467327
Colon,Male,pm,,,2,4.75,35.97113037109375,32.573692,39.368568
Colon,Male,pm,,,2,4.8000002,35.87736511230469,32.484169,39.270561
Colon,Male,pm,,,2,4.8499999,35.78430557250977,32.395329,39.173283
Colon,Male,pm,,,2,4.9000001,35.69194412231445,32.307163,39.076725
Colon,Male,pm,,,2,4.9499998,35.60026168823242,32.219654,38.980869
Colon,Male,pm,,,2,5.0,35.50925064086914,32.13279,38.885712
Colon,Male,tce,,,0,0.0,0.0,0.0,0.0
Colon,Male,tce,,,0,0.050000001,0.0054458054810898,0.0052062757,0.005685335
Colon,Male,tce,,,0,0.1,0.0106738463186276,0.010234479,0.011113214
Colon,Male,tce,,,0,0.15000001,0.0152601335798354,0.014650194,0.015870072
Colon,Male,tce,,,0,0.2,0.0192983238221182,0.018539611,0.020057036
Colon,Male,tce,,,0,0.25,0.0228791050851157,0.021988686,0.023769524
Colon,Male,tce,,,0,0.30000001,0.026075394914442,0.025067093,0.027083697
Colon,Male,tce,,,0,0.34999999,0.0289449881607454,0.027830273,0.030059703
Colon,Male,tce,,,0,0.40000001,0.0315341180031696,0.030322684,0.032745551
Colon,Male,tce,,,0,0.44999999,0.0338802399013786,0.032580402,0.035180081
Colon,Male,tce,,,0,0.5,0.0360140968359817,0.034633063,0.037395131
Colon,Male,tce,,,0,0.55000001,0.0379612081248612,0.036505297,0.039417118
Colon,Male,tce,,,0,0.60000002,0.0397429815662675,0.038217776,0.041268185
Colon,Male,tce,,,0,0.64999998,0.041377538911306,0.039788004,0.042967074
Colon,Male,tce,,,0,0.69999999,0.0428803537579348,0.041230939,0.04452977
Colon,Male,tce,,,0,0.75,0.0442647260593348,0.042559426,0.045970023
Colon,Male,tce,,,0,0.80000001,0.0455421702651382,0.043784607,0.047299732
Colon,Male,tce,,,0,0.85000002,0.0467237117125082,0.044917133,0.048530288
Colon,Male,tce,,,0,0.89999998,0.0478218547658294,0.045969073,0.049674638
Colon,Male,tce,,,0,0.94999999,0.0488474956260289,0.04695094,0.050744053
Colon,Male,tce,,,0,1.0,0.0498096079170673,0.047871392,0.051747821
Colon,Male,tce,,,0,1.05,0.0507079604900894,0.048730239,0.052685682
Colon,Male,tce,,,0,1.1,0.0515561867176537,0.049540609,0.053571764
Colon,Male,tce,,,0,1.15,0.0523594914958206,0.05030752,0.054411463
Colon,Male,tce,,,0,1.2,0.0531222629357938,0.051035214,0.055209309
Colon,Male,tce,,,0,1.25,0.0538482042707657,0.051727269,0.055969141
Colon,Male,tce,,,0,1.3,0.054540464755105,0.05238672,0.05669421
Colon,Male,tce,,,0,1.35,0.0552017288549548,0.053016163,0.057387296
Colon,Male,tce,,,0,1.4,0.0558342888951665,0.053617809,0.058050767
Colon,Male,tce,,,0,1.45,0.0564401187170615,0.054193571,0.058686666
Colon,Male,tce,,,0,1.5,0.0570209130769937,0.054745082,0.059296746
Colon,Male,tce,,,0,1.55,0.0575781403614702,0.05527376,0.059882518
Colon,Male,tce,,,0,1.6,0.0581128587798495,0.055780638,0.060445081
Colon,Male,tce,,,0,1.65,0.0586250648471522,0.056265716,0.060984414
Colon,Male,tce,,,0,1.7,0.0591146003238964,0.056728859,0.061500341
Colon,Male,tce,,,0,1.75,0.0595814369659994,0.057170052,0.06199282
Colon,Male,tce,,,0,1.8,0.0600256633606171,0.057589389,0.062461935
Colon,Male,tce,,,0,1.85,0.0604474628925094,0.057987064,0.06290786
Colon,Male,tce,,,0,1.9,0.0608470953439441,0.05836333,0.063330859
Colon,Male,tce,,,0,1.95,0.0612248904071776,0.058718517,0.063731261
Colon,Male,tce,,,0,2.0,0.0615812285422958,0.059053004,0.064109452
Colon,Male,tce,,,0,2.05,0.0619066619905125,0.059357673,0.064455651
Colon,Male,tce,,,0,2.0999999,0.0622114517091255,0.059642438,0.064780466
Colon,Male,tce,,,0,2.1500001,0.0624960999585596,0.05990779,0.065084413
Colon,Male,tce,,,0,2.2,0.0627611268012918,0.060154237,0.065368019
Colon,Male,tce,,,0,2.25,0.0630070727062312,0.060382307,0.065631837
Colon,Male,tce,,,0,2.3,0.0632344882482647,0.06059254,0.065876439
Colon,Male,tce,,,0,2.3499999,0.0634439313940951,0.060785472,0.066102393
Colon,Male,tce,,,0,2.4000001,0.0636359648327451,0.060961656,0.066310272
Colon,Male,tce,,,0,2.45,0.0638111493536122,0.061121639,0.066500656
Colon,Male,tce,,,0,2.5,0.0639700808685608,0.061265998,0.066674165
Colon,Male,tce,,,0,2.55,0.0641134784974356,0.061395425,0.066831537
Colon,Male,tce,,,0,2.5999999,0.0642420599815288,0.061510619,0.0669735
Colon,Male,tce,,,0,2.6500001,0.0643565054635069,0.061612234,0.067100778
Colon,Male,tce,,,0,2.7,0.0644574578173847,0.061700892,0.06721402
Colon,Male,tce,,,0,2.75,0.0645455281771647,0.061777186,0.067313872
Colon,Male,tce,,,0,2.8,0.0646212957794569,0.061841674,0.067400917
Colon,Male,tce,,,0,2.8499999,0.0646853104765923,0.06189489,0.067475729
Colon,Male,tce,,,0,2.9000001,0.0647380947548802,0.061937336,0.06753885
Colon,Male,tce,,,0,2.95,0.0647801444445747,0.061969493,0.067590795
Colon,Male,tce,,,0,3.0,0.0648119317705673,0.061991815,0.067632049
Colon,Male,tce,,,0,3.05,0.0648228664122565,0.061994053,0.067651682
Colon,Male,tce,,,0,3.0999999,0.0648244351691931,0.061987326,0.067661546
Colon,Male,tce,,,0,3.1500001,0.0648170493360079,0.061972026,0.067662075
Colon,Male,tce,,,0,3.2,0.0648011008493056,0.06194853,0.067653671
Colon,Male,tce,,,0,3.25,0.064776963170245,0.061917201,0.067636721
Colon,Male,tce,,,0,3.3,0.0647449924086983,0.061878387,0.067611597
Colon,Male,tce,,,0,3.3499999,0.0647055282654798,0.061832409,0.067578644
Colon,Male,tce,,,0,3.4000001,0.0646588946876096,0.061779585,0.067538202
Colon,Male,tce,,,0,3.45,0.0646054016288734,0.061720211,0.067490593
Colon,Male,tce,,,0,3.5,0.0645453444969088,0.061654575,0.067436114
Colon,Male,tce,,,0,3.55,0.0644790057444335,0.061582945,0.067375064
Colon,Male,tce,,,0,3.5999999,0.0644066553521973,0.061505586,0.067307726
Colon,Male,tce,,,0,3.6500001,0.0643285510892947,0.061422743,0.06723436
Colon,Male,tce,,,0,3.7,0.0642449406371506,0.061334658,0.06715522
Colon,Male,tce,,,0,3.75,0.0641560599232501,0.06124156,0.067070559
Colon,Male,tce,,,0,3.8,0.0640621351208439,0.061143659,0.066980608
Colon,Male,tce,,,0,3.8499999,0.0639633827943546,0.061041176,0.066885591
Colon,Male,tce,,,0,3.9000001,0.0638600098705547,0.060934298,0.066785723
Colon,Male,tce,,,0,3.95,0.0637522160796662,0.060823224,0.066681206
Colon,Male,tce,,,0,4.0,0.0636401914180125,0.060708139,0.066572241
Colon,Male,tce,,,0,4.0500002,0.0635125763021985,0.060578037,0.066447116
Colon,Male,tce,,,0,4.0999999,0.0633811593264835,0.060444333,0.06631799
Colon,Male,tce,,,0,4.1500001,0.0632461076466403,0.060307186,0.066185027
Colon,Male,tce,,,0,4.1999998,0.0631075865748559,0.060166761,0.066048414
Colon,Male,tce,,,0,4.25,0.0629657496061351,0.060023203,0.065908298
Colon,Male,tce,,,0,4.3000002,0.0628207478874712,0.059876662,0.065764837
Colon,Male,tce,,,0,4.3499999,0.0626727266793645,0.05972727,0.065618187
Colon,Male,tce,,,0,4.4000001,0.0625218212583475,0.059575159,0.065468483
Colon,Male,tce,,,0,4.4499998,0.0623681671258162,0.059420466,0.065315865
Colon,Male,tce,,,0,4.5,0.0622118887461112,0.059263304,0.065160476
Colon,Male,tce,,,0,4.5500002,0.0620531099705613,0.059103794,0.065002427
Colon,Male,tce,,,0,4.5999999,0.0618919499692838,0.058942053,0.064841844
Colon,Male,tce,,,0,4.6500001,0.0617285187222306,0.058778185,0.064678855
Colon,Male,tce,,,0,4.6999998,0.0615629280303195,0.058612298,0.064513557
Colon,Male,tce,,,0,4.75,0.061395279240142,0.058444485,0.064346075
Colon,Male,tce,,,0,4.8000002,0.061225674425675,0.05827485,0.0641765
Colon,Male,tce,,,0,4.8499999,0.0610542119049927,0.058103487,0.064004935
Colon,Male,tce,,,0,4.9000001,0.0608809814126279,0.057930477,0.063831486
Colon,Male,tce,,,0,4.9499998,0.0607060757419438,0.057755914,0.063656233
Colon,Male,tce,,,0,5.0,0.0605295776793309,0.057579879,0.063479275
Colon,Male,tce,,,1,0.0,0.0,0.0,0.0
Colon,Male,tce,,,1,0.050000001,0.0037191176925917,0.0035187614,0.0039194738
Colon,Male,tce,,,1,0.1,0.0083425561739552,0.007957045,0.0087280674
Colon,Male,tce,,,1,0.15000001,0.0126044131864504,0.012053797,0.013155029
Colon,Male,tce,,,1,0.2,0.0164415973775344,0.0157426,0.017140595
Colon,Male,tce,,,1,0.25,0.0198857099424627,0.019052291,0.02071913
Colon,Male,tce,,,1,0.30000001,0.0229821680300939,0.022026144,0.023938192
Colon,Male,tce,,,1,0.34999999,0.0257743927313451,0.024705907,0.026842879
Colon,Male,tce,,,1,0.40000001,0.0283005184728878,0.027128378,0.029472658
Colon,Male,tce,,,1,0.44999999,0.0305931895200538,0.02932512,0.031861261
Colon,Male,tce,,,1,0.5,0.0326801753079002,0.031323008,0.03403734
Colon,Male,tce,,,1,0.55000001,0.0345851002699626,0.033144925,0.036025275
Colon,Male,tce,,,1,0.60000002,0.0363281345561987,0.034810409,0.037845861
Colon,Male,tce,,,1,0.64999998,0.037926575001167,0.036336221,0.03951693
Colon,Male,tce,,,1,0.69999999,0.0393953356176999,0.037736811,0.041053861
Colon,Male,tce,,,1,0.75,0.0407473310673875,0.039024692,0.042469971
Colon,Male,tce,,,1,0.80000001,0.0419938066004378,0.040210761,0.043776855
Colon,Male,tce,,,1,0.85000002,0.0431455657177762,0.041305464,0.044985667
Colon,Male,tce,,,1,0.89999998,0.0442148749154847,0.042320643,0.046109106
Colon,Male,tce,,,1,0.94999999,0.0452124748398685,0.043266643,0.047158305
Colon,Male,tce,,,1,1.0,0.0461472556112411,0.044152044,0.048142467
Colon,Male,tce,,,1,1.05,0.0470226024986647,0.044980131,0.049065072
Colon,Male,tce,,,1,1.1,0.0478485788748617,0.045760587,0.04993657
Colon,Male,tce,,,1,1.15,0.0486303920850189,0.046498425,0.050762359
Colon,Male,tce,,,1,1.2,0.0493724436141903,0.047197897,0.051546991
Colon,Male,tce,,,1,1.25,0.0500784562630165,0.047862589,0.052294325
Colon,Male,tce,,,1,1.3,0.0507516012766377,0.048495557,0.053007644
Colon,Male,tce,,,1,1.35,0.0513945854324794,0.049099416,0.053689755
Colon,Male,tce,,,1,1.4,0.0520097223350769,0.049676396,0.054343048
Colon,Male,tce,,,1,1.45,0.0525990048333103,0.050228417,0.05496959
Colon,Male,tce,,,1,1.5,0.0531641441733141,0.050757132,0.055571154
Colon,Male,tce,,,1,1.55,0.053706622100933,0.051263977,0.05614927
Colon,Male,tce,,,1,1.6,0.0542275162899788,0.051749986,0.056705046
Colon,Male,tce,,,1,1.65,0.0547268762082554,0.05221523,0.057238523
Colon,Male,tce,,,1,1.7,0.0552045892424016,0.052659627,0.057749555
Colon,Male,tce,,,1,1.75,0.0556606550600702,0.053083189,0.058238119
Colon,Male,tce,,,1,1.8,0.0560951755191287,0.053486038,0.058704313
Colon,Male,tce,,,1,1.85,0.0565083354626185,0.053868368,0.059148304
Colon,Male,tce,,,1,1.9,0.0569003866528796,0.054230433,0.059570342
Colon,Male,tce,,,1,1.95,0.0572716430581114,0.054572552,0.059970733
Colon,Male,tce,,,1,2.0,0.0576224634572359,0.054895081,0.060349844
Colon,Male,tce,,,1,2.05,0.0579481015997359,0.055193502,0.060702704
Colon,Male,tce,,,1,2.0999999,0.0582540895709825,0.055473112,0.061035067
Colon,Male,tce,,,1,2.1500001,0.0585408928664759,0.05573437,0.061347418
Colon,Male,tce,,,1,2.2,0.058808993086167,0.055977747,0.061640237
Colon,Male,tce,,,1,2.25,0.0590588912599828,0.056203738,0.061914045
Colon,Male,tce,,,1,2.3,0.0592910980549889,0.056412838,0.062169358
Colon,Male,tce,,,1,2.3499999,0.0595061315160569,0.056605551,0.062406711
Colon,Male,tce,,,1,2.4000001,0.05970451479228,0.056782387,0.062626645
Colon,Male,tce,,,1,2.45,0.0598867696836921,0.056943852,0.062829688
Colon,Male,tce,,,1,2.5,0.0600534547129456,0.057090487,0.063016422
Colon,Male,tce,,,1,2.55,0.0602052553152471,0.057222955,0.063187554
Colon,Male,tce,,,1,2.5999999,0.0603428575338771,0.057341915,0.063343801
Colon,Male,tce,,,1,2.6500001,0.0604669111624994,0.057447992,0.063485831
Colon,Male,tce,,,1,2.7,0.0605780298448704,0.057541776,0.063614279
Colon,Male,tce,,,1,2.75,0.0606767968342349,0.05762383,0.063729763
Colon,Male,tce,,,1,2.8,0.0607637646111623,0.057694685,0.063832842
Colon,Male,tce,,,1,2.8499999,0.060839457397397,0.057754841,0.063924074
Colon,Male,tce,,,1,2.9000001,0.0609043731899812,0.057804778,0.064003967
Colon,Male,tce,,,1,2.95,0.0609589841954778,0.057844955,0.064073011
Colon,Male,tce,,,1,3.0,0.0610037401867248,0.057875797,0.064131685
Colon,Male,tce,,,1,3.05,0.0610331398967182,0.057892054,0.064174227
Colon,Male,tce,,,1,3.0999999,0.0610535216410887,0.057899788,0.064207256
Colon,Male,tce,,,1,3.1500001,0.0610652751956157,0.057899367,0.06423118
Colon,Male,tce,,,1,3.2,0.0610687716692167,0.057891149,0.064246394
Colon,Male,tce,,,1,3.25,0.0610643648920717,0.057875473,0.064253256
Colon,Male,tce,,,1,3.3,0.0610523921356922,0.057852663,0.064252123
Colon,Male,tce,,,1,3.3499999,0.0610331751068552,0.057823025,0.064243324
Colon,Male,tce,,,1,3.4000001,0.0610070206638779,0.057786856,0.064227186
Colon,Male,tce,,,1,3.45,0.0609742221498761,0.057744436,0.064204007
Colon,Male,tce,,,1,3.5,0.0609350593918355,0.05769603,0.064174086
Colon,Male,tce,,,1,3.55,0.0608897998696905,0.057641897,0.064137705
Colon,Male,tce,,,1,3.5999999,0.0608386992652659,0.057582285,0.064095117
Colon,Male,tce,,,1,3.6500001,0.0607820017952763,0.057517421,0.064046584
Colon,Male,tce,,,1,3.7,0.0607199418978394,0.05744753,0.063992351
Colon,Male,tce,,,1,3.75,0.0606527431516099,0.057372831,0.063932657
Colon,Male,tce,,,1,3.8,0.0605806198419366,0.057293523,0.063867718
Colon,Male,tce,,,1,3.8499999,0.0605037771832326,0.057209808,0.06379775
Colon,Male,tce,,,1,3.9000001,0.0604224113716742,0.057121865,0.063722953
Colon,Male,tce,,,1,3.95,0.0603367115835222,0.057029884,0.063643537
Colon,Male,tce,,,1,4.0,0.060246858045936,0.056934033,0.063559681
Colon,Male,tce,,,1,4.0500002,0.0601467641865496,0.05682851,0.063465022
Colon,Male,tce,,,1,4.0999999,0.0600428848685963,0.056719467,0.063366301
Colon,Male,tce,,,1,4.1500001,0.0599353785456677,0.05660706,0.063263699
Colon,Male,tce,,,1,4.1999998,0.0598244012252388,0.056491435,0.063157365
Colon,Male,tce,,,1,4.25,0.0597100985762199,0.056372732,0.063047469
Colon,Male,tce,,,1,4.3000002,0.0595926135403115,0.056251083,0.062934145
Colon,Male,tce,,,1,4.3499999,0.0594720835641357,0.056126624,0.062817544
Colon,Male,tce,,,1,4.4000001,0.0593486372702116,0.055999476,0.062697798
Colon,Male,tce,,,1,4.4499998,0.0592224028147955,0.055869758,0.06257505
Colon,Male,tce,,,1,4.5,0.0590934987048472,0.055737585,0.062449411
Colon,Male,tce,,,1,4.5500002,0.058962042375654,0.055603072,0.062321015
Colon,Male,tce,,,1,4.5999999,0.0588281468949878,0.05546632,0.062189974
Colon,Male,tce,,,1,4.6500001,0.0586919172182825,0.05532743,0.062056404
Colon,Male,tce,,,1,4.6999998,0.0585534593681012,0.055186506,0.061920412
Colon,Male,tce,,,1,4.75,0.0584128702214392,0.055043641,0.061782099
Colon,Male,tce,,,1,4.8000002,0.05827024686659,0.054898921,0.061641574
Colon,Male,tce,,,1,4.8499999,0.0581256828881149,0.054752439,0.061498929
Colon,Male,tce,,,1,4.9000001,0.0579792642945686,0.054604277,0.061354253
Colon,Male,tce,,,1,4.9499998,0.0578310793568934,0.054454513,0.061207645
Colon,Male,tce,,,1,5.0,0.0576812075781034,0.054303229,0.061059184
Colon,Male,tce,,,2,0.0,0.0,0.0,0.0
Colon,Male,tce,,,2,0.050000001,0.0138235290247197,0.012949049,0.014698009
Colon,Male,tce,,,2,0.1,0.0219850425071654,0.020477206,0.023492878
Colon,Male,tce,,,2,0.15000001,0.0281454342191082,0.02614033,0.030150538
Colon,Male,tce,,,2,0.2,0.0331588865433711,0.030748608,0.035569165
Colon,Male,tce,,,2,0.25,0.0374027712215421,0.03465471,0.040150832
Colon,Male,tce,,,2,0.30000001,0.041083435086737,0.038049262,0.044117611
Colon,Male,tce,,,2,0.34999999,0.0443284130932375,0.041049022,0.047607802
Colon,Male,tce,,,2,0.40000001,0.0472232327904325,0.043731764,0.050714701
Colon,Male,tce,,,2,0.44999999,0.0498286930914455,0.046152484,0.053504903
Colon,Male,tce,,,2,0.5,0.0521899643347128,0.048351903,0.056028023
Colon,Male,tce,,,2,0.55000001,0.0543417596352297,0.050361242,0.058322277
Colon,Male,tce,,,2,0.60000002,0.0563114917420596,0.052205116,0.060417868
Colon,Male,tce,,,2,0.64999998,0.0581212848222767,0.053903386,0.062339187
Colon,Male,tce,,,2,0.69999999,0.059789327527199,0.055472367,0.064106286
Colon,Male,tce,,,2,0.75,0.0613307892078524,0.056925684,0.065735891
Colon,Male,tce,,,2,0.80000001,0.0627584904436565,0.058274854,0.067242123
Colon,Male,tce,,,2,0.85000002,0.0640845328999245,0.059530798,0.068638265
Colon,Male,tce,,,2,0.89999998,0.0653225750552312,0.060705952,0.069939196
Colon,Male,tce,,,2,0.94999999,0.0664842678466098,0.061810937,0.071157597
Colon,Male,tce,,,2,1.0,0.0675789900497077,0.062854297,0.072303683
Colon,Male,tce,,,2,1.05,0.0685889640027847,0.063819662,0.073358268
Colon,Male,tce,,,2,1.1,0.0695451443752061,0.064735383,0.074354902
Colon,Male,tce,,,2,1.15,0.0704527241801049,0.065606207,0.075299241
Colon,Male,tce,,,2,1.2,0.0713160266400478,0.066436067,0.076195985
Colon,Male,tce,,,2,1.25,0.0721386600488438,0.067228258,0.077049069
Colon,Male,tce,,,2,1.3,0.0729236669637474,0.067985542,0.077861786
Colon,Male,tce,,,2,1.35,0.0736736235987002,0.06871029,0.078636959
Colon,Male,tce,,,2,1.4,0.0743907190315673,0.069404483,0.079376958
Colon,Male,tce,,,2,1.45,0.0750768348808193,0.070069842,0.080083832
Colon,Male,tce,,,2,1.5,0.0757335858959755,0.070707843,0.080759332
Colon,Male,tce,,,2,1.55,0.0763623756453177,0.071319759,0.081404991
Colon,Male,tce,,,2,1.6,0.076964167898545,0.071906477,0.082021862
Colon,Male,tce,,,2,1.65,0.0775387022488519,0.072467692,0.082609713
Colon,Male,tce,,,2,1.7,0.0780855990831944,0.073003024,0.083168171
Colon,Male,tce,,,2,1.75,0.0786046947324259,0.073512278,0.08369711
Colon,Male,tce,,,2,1.8,0.0790960133954833,0.073995441,0.084196582
Colon,Male,tce,,,2,1.85,0.0795597313816838,0.074452646,0.084666818
Colon,Male,tce,,,2,1.9,0.079996147385216,0.074884146,0.085108146
Colon,Male,tce,,,2,1.95,0.0804056673899526,0.075290293,0.085521042
Colon,Male,tce,,,2,2.0,0.0807887770509076,0.075671524,0.085906029
Colon,Male,tce,,,2,2.05,0.081113217342094,0.075997882,0.086228549
Colon,Male,tce,,,2,2.0999999,0.0814121932538534,0.076300144,0.086524241
Colon,Male,tce,,,2,2.1500001,0.0816863854264974,0.076578937,0.086793832
Colon,Male,tce,,,2,2.2,0.0819365005389919,0.076834902,0.087038092
Colon,Male,tce,,,2,2.25,0.0821632704144045,0.077068724,0.087257817
Colon,Male,tce,,,2,2.3,0.0823674392565421,0.077281065,0.087453812
Colon,Male,tce,,,2,2.3499999,0.0825497587290058,0.077472642,0.087626874
Colon,Male,tce,,,2,2.4000001,0.0827109833647616,0.07764414,0.087777823
Colon,Male,tce,,,2,2.45,0.0828518631258621,0.077796258,0.087907463
Colon,Male,tce,,,2,2.5,0.0829731753330406,0.07792972,0.088016629
Colon,Male,tce,,,2,2.55,0.083075802540776,0.078045353,0.088106252
Colon,Male,tce,,,2,2.5999999,0.0831606162860731,0.078143962,0.088177271
Colon,Male,tce,,,2,2.6500001,0.0832284439620479,0.078226328,0.088230558
Colon,Male,tce,,,2,2.7,0.0832800702651269,0.078293189,0.088266954
Colon,Male,tce,,,2,2.75,0.0833162416040741,0.078345239,0.088287249
Colon,Male,tce,,,2,2.8,0.0833376670332421,0.07838314,0.088292189
Colon,Male,tce,,,2,2.8499999,0.0833450207621096,0.078407541,0.088282503
Colon,Male,tce,,,2,2.9000001,0.0833389440965626,0.07841903,0.088258855
Colon,Male,tce,,,2,2.95,0.083320047486737,0.078418195,0.0882219
Colon,Male,tce,,,2,3.0,0.083288912092737,0.078405567,0.088172257
Colon,Male,tce,,,2,3.05,0.0832102559939938,0.078348219,0.088072293
Colon,Male,tce,,,2,3.0999999,0.08312054594025,0.078280181,0.087960914
Colon,Male,tce,,,2,3.1500001,0.0830202976335388,0.078201942,0.08783865
Colon,Male,tce,,,2,3.2,0.0829100040644049,0.078113973,0.087706029
Colon,Male,tce,,,2,3.25,0.0827901339416363,0.078016713,0.087563552
Colon,Male,tce,,,2,3.3,0.0826611347770215,0.077910587,0.087411679
Colon,Male,tce,,,2,3.3499999,0.0825234335767199,0.077796005,0.087250866
Colon,Male,tce,,,2,3.4000001,0.082377437200497,0.077673338,0.087081537
Colon,Male,tce,,,2,3.45,0.0822235361955175,0.077542968,0.086904101
Colon,Male,tce,,,2,3.5,0.082062101565247,0.077405252,0.086718954
Colon,Male,tce,,,2,3.55,0.0818934884089124,0.077260509,0.086526468
Colon,Male,tce,,,2,3.5999999,0.0817180360842763,0.077109084,0.086326994
Colon,Male,tce,,,2,3.6500001,0.0815360681152803,0.076951265,0.086120874
Colon,Male,tce,,,2,3.7,0.081347896438604,0.07678736,0.085908435
Colon,Male,tce,,,2,3.75,0.0811538168970758,0.076617643,0.085689992
Colon,Male,tce,,,2,3.8,0.0809541133429039,0.076442391,0.085465834
Colon,Male,tce,,,2,3.8499999,0.0807490574096717,0.076261863,0.085236251
Colon,Male,tce,,,2,3.9000001,0.0805389080879717,0.076076306,0.085001513
Colon,Male,tce,,,2,3.95,0.0803239163148364,0.075885959,0.084761873
Colon,Male,tce,,,2,4.0,0.0801043194856328,0.075691044,0.084517598
Colon,Male,tce,,,2,4.0500002,0.0798431738731888,0.075456887,0.084229462
Colon,Male,tce,,,2,4.0999999,0.0795781468231437,0.075218841,0.083937451
Colon,Male,tce,,,2,4.1500001,0.0793094477134189,0.074977107,0.083641782
Colon,Male,tce,,,2,4.1999998,0.079037287001771,0.074731886,0.083342686
Colon,Male,tce,,,2,4.25,0.0787618561546656,0.074483357,0.083040357
Colon,Male,tce,,,2,4.3000002,0.0784833461303903,0.074231699,0.082734987
Colon,Male,tce,,,2,4.3499999,0.0782019401016315,0.073977105,0.082426779
Colon,Male,tce,,,2,4.4000001,0.0779178056295568,0.073719718,0.082115889
Colon,Male,tce,,,2,4.4499998,0.0776311138534768,0.073459715,0.08180251
Colon,Male,tce,,,2,4.5,0.0773420181423712,0.073197246,0.081486791
Colon,Male,tce,,,2,4.5500002,0.0770506734775863,0.072932445,0.081168905
Colon,Male,tce,,,2,4.5999999,0.0767572286372366,0.072665468,0.080848992
Colon,Male,tce,,,2,4.6500001,0.0764618179797509,0.072396442,0.080527194
Colon,Male,tce,,,2,4.6999998,0.0761645813420705,0.072125494,0.080203667
Colon,Male,tce,,,2,4.75,0.075865641756838,0.071852759,0.079878524
Colon,Male,tce,,,2,4.8000002,0.0755651254880909,0.071578346,0.079551905
Colon,Male,tce,,,2,4.8499999,0.0752631538204508,0.071302377,0.079223931
Colon,Male,tce,,,2,4.9000001,0.0749598345665401,0.071024962,0.078894712
Colon,Male,tce,,,2,4.9499998,0.0746552824620748,0.070746198,0.078564368
Colon,Male,tce,,,2,5.0,0.0743495962240742,0.070466198,0.078232996
Colon,Male,tde,,,0,0.0,0.0,0.0,0.0
Colon,Male,tde,,,0,0.050000001,0.0029426635908733,0.0029236204,0.0029617068
Colon,Male,tde,,,0,0.1,0.0060309701568655,0.0059989025,0.0060630376
Colon,Male,tde,,,0,0.15000001,0.0087811036762854,0.0087382775,0.0088239294
Colon,Male,tde,,,0,0.2,0.011215162432397,0.011163329,0.011266996
Colon,Male,tde,,,0,0.25,0.0133759865756353,0.01331657,0.013435404
Colon,Male,tde,,,0,0.30000001,0.0153027685130555,0.015236939,0.015368598
Colon,Male,tde,,,0,0.34999999,0.017028416059752,0.016957145,0.017099688
Colon,Male,tde,,,0,0.40000001,0.018580139361855,0.01850423,0.018656047
Colon,Male,tde,,,0,0.44999999,0.019980457691626,0.019900588,0.020060327
Colon,Male,tde,,,0,0.5,0.0212481274366305,0.021164868,0.021331387
Colon,Male,tde,,,0,0.55000001,0.0223988815663008,0.022312716,0.022485048
Colon,Male,tde,,,0,0.60000002,0.0234460189070131,0.023357356,0.023534682
Colon,Male,tde,,,0,0.64999998,0.0244008600075679,0.024310056,0.024491664
Colon,Male,tde,,,0,0.69999999,0.0252731105591975,0.025180468,0.025365753
Colon,Male,tde,,,0,0.75,0.0260711379546604,0.025976919,0.026165357
Colon,Male,tde,,,0,0.80000001,0.0268022015521393,0.026706636,0.026897768
Colon,Male,tde,,,0,0.85000002,0.027473220978819,0.027376505,0.027569938
Colon,Male,tde,,,0,0.89999998,0.0280919377360382,0.027994238,0.028189637
Colon,Male,tde,,,0,0.94999999,0.0286650939295518,0.028566554,0.028763633
Colon,Male,tde,,,0,1.0,0.0291982530864205,0.029098997,0.02929751
Colon,Male,tde,,,0,1.05,0.0296918289535611,0.029591972,0.029791685
Colon,Male,tde,,,0,1.1,0.0301537357953658,0.030053375,0.030254096
Colon,Male,tde,,,0,1.15,0.0305872164481674,0.030486435,0.030687997
Colon,Male,tde,,,0,1.2,0.030995009010626,0.030893883,0.031096134
Colon,Male,tde,,,0,1.25,0.0313794291196006,0.031278029,0.03148083
Colon,Male,tde,,,0,1.3,0.031742449596666,0.031640835,0.031844065
Colon,Male,tde,,,0,1.35,0.0320857559739235,0.031983986,0.032187525
Colon,Male,tde,,,0,1.4,0.0324107919054677,0.032308921,0.032512661
Colon,Male,tde,,,0,1.45,0.0327188036802739,0.032616884,0.032820724
Colon,Male,tde,,,0,1.5,0.0330108659326595,0.032908943,0.03311279
Colon,Male,tde,,,0,1.55,0.0332879132254622,0.03318603,0.033389796
Colon,Male,tde,,,0,1.6,0.0335506385794761,0.033448838,0.033652436
Colon,Male,tde,,,0,1.65,0.0337991301545546,0.033697456,0.033900805
Colon,Male,tde,,,0,1.7,0.0340333872017942,0.033931877,0.034134895
Colon,Male,tde,,,0,1.75,0.0342534818019236,0.034152176,0.034354787
Colon,Male,tde,,,0,1.8,0.0344595503225687,0.034358487,0.034560613
Colon,Male,tde,,,0,1.85,0.034651780906891,0.034550995,0.034752566
Colon,Male,tde,,,0,1.9,0.0348304031218154,0.034729924,0.034930881
Colon,Male,tde,,,0,1.95,0.0349956832679019,0.034895547,0.035095818
Colon,Male,tde,,,0,2.0,0.0351479142596584,0.03504815,0.03524768
Colon,Male,tde,,,0,2.05,0.0352818255909846,0.035182472,0.035381179
Colon,Male,tde,,,0,2.0999999,0.0354032829986905,0.035304364,0.035502203
Colon,Male,tde,,,0,2.1500001,0.0355126398788107,0.035414182,0.0356111
Colon,Male,tde,,,0,2.2,0.0356102574678376,0.03551228,0.035708237
Colon,Male,tde,,,0,2.25,0.0356965048086642,0.035599027,0.035793982
Colon,Male,tde,,,0,2.3,0.0357717539009402,0.035674796,0.035868712
Colon,Male,tde,,,0,2.3499999,0.0358363779361544,0.035739955,0.035932802
Colon,Male,tde,,,0,2.4000001,0.0358907495607176,0.035794877,0.035986621
Colon,Male,tde,,,0,2.45,0.0359352382147078,0.03583993,0.036030546
Colon,Male,tde,,,0,2.5,0.0359702297388806,0.035875496,0.036064964
Colon,Male,tde,,,0,2.55,0.0359961776751318,0.035902031,0.036090326
Colon,Male,tde,,,0,2.5999999,0.03601353197827,0.035919979,0.036107086
Colon,Male,tde,,,0,2.6500001,0.0360227182579757,0.035929769,0.036115669
Colon,Male,tde,,,0,2.7,0.0360241392102237,0.0359318,0.036116477
Colon,Male,tde,,,0,2.75,0.0360181763257202,0.035926454,0.036109898
Colon,Male,tde,,,0,2.8,0.0360051910180141,0.035914093,0.03609629
Colon,Male,tde,,,0,2.8499999,0.0359855259272744,0.035895053,0.036075998
Colon,Male,tde,,,0,2.9000001,0.0359595059317362,0.035869665,0.036049347
Colon,Male,tde,,,0,2.95,0.0359274397416616,0.035838235,0.036016647
Colon,Male,tde,,,0,3.0,0.0358896201438027,0.035801053,0.035978187
Colon,Male,tde,,,0,3.05,0.035839978828874,0.035752062,0.035927895
Colon,Male,tde,,,0,3.0999999,0.0357851322664926,0.035697866,0.0358724
Colon,Male,tde,,,0,3.1500001,0.0357253345130703,0.03563872,0.03581195
Colon,Male,tde,,,0,3.2,0.0356608280784758,0.035574868,0.03574679
Colon,Male,tde,,,0,3.25,0.0355918429170151,0.035506535,0.03567715
Colon,Male,tde,,,0,3.3,0.0355185982025765,0.035433944,0.035603251
Colon,Male,tde,,,0,3.3499999,0.0354413026687969,0.0353573,0.035525303
Colon,Male,tde,,,0,3.4000001,0.035360154787082,0.035276804,0.035443503
Colon,Male,tde,,,0,3.45,0.0352753448698393,0.035192646,0.035358045
Colon,Male,tde,,,0,3.5,0.0351870532503171,0.035105001,0.035269104
Colon,Male,tde,,,0,3.55,0.0350954522843055,0.035014048,0.035176855
Colon,Male,tde,,,0,3.5999999,0.0350007064141096,0.034919951,0.035081465
Colon,Male,tde,,,0,3.6500001,0.0349029721102954,0.034822859,0.034983084
Colon,Male,tde,,,0,3.7,0.0348024001395311,0.034722928,0.034881871
Colon,Male,tde,,,0,3.75,0.0346991331331835,0.0346203,0.034777965
Colon,Male,tde,,,0,3.8,0.0345933077820341,0.034515113,0.034671504
Colon,Male,tde,,,0,3.8499999,0.0344850547008609,0.034407493,0.034562614
Colon,Male,tde,,,0,3.9000001,0.0343744982005994,0.034297571,0.034451429
Colon,Male,tde,,,0,3.95,0.0342617586950247,0.034185458,0.034338061
Colon,Male,tde,,,0,4.0,0.034146949807282,0.034071274,0.034222625
Colon,Male,tde,,,0,4.0500002,0.0340234865906585,0.03394844,0.034098532
Colon,Male,tde,,,0,4.0999999,0.0338982067047965,0.033823788,0.033972625
Colon,Male,tde,,,0,4.1500001,0.0337712089601775,0.033697415,0.033845004
Colon,Male,tde,,,0,4.1999998,0.0336425926219977,0.033569418,0.033715766
Colon,Male,tde,,,0,4.25,0.0335124479320726,0.03343989,0.033585005
Colon,Male,tde,,,0,4.3000002,0.033380864851401,0.03330892,0.033452809
Colon,Male,tde,,,0,4.3499999,0.0332479296270483,0.033176593,0.033319265
Colon,Male,tde,,,0,4.4000001,0.0331137211020071,0.03304299,0.03318445
Colon,Male,tde,,,0,4.4499998,0.0329783197854247,0.03290819,0.033048447
Colon,Male,tde,,,0,4.5,0.0328417977737328,0.032772265,0.03291133
Colon,Male,tde,,,0,4.5500002,0.032704227909649,0.03263529,0.032773167
Colon,Male,tde,,,0,4.5999999,0.0325656800942846,0.032497332,0.032634031
Colon,Male,tde,,,0,4.6500001,0.0324262174119607,0.032358453,0.032493982
Colon,Male,tde,,,0,4.6999998,0.0322859055278443,0.032218721,0.032353092
Colon,Male,tde,,,0,4.75,0.0321448021710929,0.032078192,0.032211412
Colon,Male,tde,,,0,4.8000002,0.0320029665956103,0.031936929,0.032069005
Colon,Male,tde,,,0,4.8499999,0.0318604557058001,0.031794984,0.031925924
Colon,Male,tde,,,0,4.9000001,0.0317173200511129,0.031652413,0.031782228
Colon,Male,tde,,,0,4.9499998,0.0315736134526729,0.031509265,0.031637963
Colon,Male,tde,,,0,5.0,0.0314293821786161,0.031365588,0.031493176
Colon,Male,tde,,,1,0.0,0.0,0.0,0.0
Colon,Male,tde,,,1,0.050000001,0.0018771415952702,0.0018633337,0.0018909494
Colon,Male,tde,,,1,0.1,0.0047797717426978,0.0047514229,0.0048081204
Colon,Male,tde,,,1,0.15000001,0.0075064048717136,0.0074654445,0.007547365
Colon,Male,tde,,,1,0.2,0.0099654541961036,0.0099138301,0.010017077
Colon,Male,tde,,,1,0.25,0.0121633183205183,0.012102712,0.012223925
Colon,Male,tde,,,1,0.30000001,0.0141254832262044,0.014057301,0.014193666
Colon,Male,tde,,,1,0.34999999,0.0158796142830748,0.015805025,0.015954204
Colon,Male,tde,,,1,0.40000001,0.0174512087674627,0.017371187,0.017531231
Colon,Male,tde,,,1,0.44999999,0.0188626196236235,0.018777981,0.018947257
Colon,Male,tde,,,1,0.5,0.0201331108829854,0.020044543,0.020221679
Colon,Male,tde,,,1,0.55000001,0.0212791915957349,0.021187274,0.021371109
Colon,Male,tde,,,1,0.60000002,0.0223150118910243,0.022220237,0.022409786
Colon,Male,tde,,,1,0.64999998,0.0232527272245931,0.023155518,0.023349935
Colon,Male,tde,,,1,0.69999999,0.0241028204105528,0.024003539,0.024202101
Colon,Male,tde,,,1,0.75,0.0248743623622052,0.02477332,0.024975406
Colon,Male,tde,,,1,0.80000001,0.0255752390838463,0.025472704,0.025677774
Colon,Male,tde,,,1,0.85000002,0.0262129151079674,0.02610912,0.02631671
Colon,Male,tde,,,1,0.89999998,0.0267955882093635,0.026690729,0.026900446
Colon,Male,tde,,,1,0.94999999,0.0273304000069945,0.027224643,0.027436158
Colon,Male,tde,,,1,1.0,0.0278232650205538,0.027716752,0.027929779
Colon,Male,tde,,,1,1.05,0.0282767506721714,0.02816961,0.028383892
Colon,Male,tde,,,1,1.1,0.0286972597800498,0.028589599,0.028804921
Colon,Male,tde,,,1,1.15,0.0290882623719094,0.028980173,0.029196352
Colon,Male,tde,,,1,1.2,0.0294526924695553,0.029344259,0.029561125
Colon,Male,tde,,,1,1.25,0.0297930352291937,0.029684333,0.029901737
Colon,Male,tde,,,1,1.3,0.0301114094683485,0.030002505,0.030220315
Colon,Male,tde,,,1,1.35,0.0304096266373677,0.03030058,0.030518673
Colon,Male,tde,,,1,1.4,0.0306892392756275,0.030580105,0.030798372
Colon,Male,tde,,,1,1.45,0.0309515871041648,0.03084242,0.031060755
Colon,Male,tde,,,1,1.5,0.0311978256008452,0.031088671,0.031306982
Colon,Male,tde,,,1,1.55,0.0314289585328353,0.03131986,0.031538058
Colon,Male,tde,,,1,1.6,0.0316457484142309,0.031536747,0.031754747
Colon,Male,tde,,,1,1.65,0.0318483881912479,0.031739525,0.03195725
Colon,Male,tde,,,1,1.7,0.0320369785986603,0.031928297,0.03214566
Colon,Male,tde,,,1,1.75,0.032211678658996,0.032103211,0.032320146
Colon,Male,tde,,,1,1.8,0.032372698518235,0.032264482,0.032480914
Colon,Male,tde,,,1,1.85,0.0325202890727067,0.032412361,0.032628216
Colon,Male,tde,,,1,1.9,0.0326547334659831,0.032547124,0.032762341
Colon,Male,tde,,,1,1.95,0.0327763429621296,0.032669082,0.032883603
Colon,Male,tde,,,1,2.0,0.0328854487842616,0.032778569,0.032992329
Colon,Male,tde,,,1,2.05,0.0329794893954264,0.032873023,0.033085957
Colon,Male,tde,,,1,2.0999999,0.0330617210319342,0.032955695,0.03316775
Colon,Male,tde,,,1,2.1500001,0.0331325163303298,0.033026952,0.033238083
Colon,Male,tde,,,1,2.2,0.0331922523994883,0.033087172,0.033297334
Colon,Male,tde,,,1,2.25,0.0332413102208044,0.033136733,0.033345889
Colon,Male,tde,,,1,2.3,0.033280071001936,0.033176016,0.033384129
Colon,Male,tde,,,1,2.3499999,0.0333089146282771,0.033205397,0.033412434
Colon,Male,tde,,,1,2.4000001,0.0333282181083057,0.033225253,0.033431184
Colon,Male,tde,,,1,2.45,0.0333383538788773,0.033235956,0.03344075
Colon,Male,tde,,,1,2.5,0.0333397079713312,0.033237889,0.033441529
Colon,Male,tde,,,1,2.55,0.0333327300741077,0.033231501,0.033433959
Colon,Male,tde,,,1,2.5999999,0.0333178644595892,0.033217236,0.033418491
Colon,Male,tde,,,1,2.6500001,0.0332955299842001,0.033195511,0.033395551
Colon,Male,tde,,,1,2.7,0.0332661222586868,0.033166718,0.033365525
Colon,Male,tde,,,1,2.75,0.0332300145784518,0.033131234,0.033328794
Colon,Male,tde,,,1,2.8,0.0331875597646247,0.033089411,0.033285711
Colon,Male,tde,,,1,2.8499999,0.0331390914109906,0.033041578,0.033236604
Colon,Male,tde,,,1,2.9000001,0.0330849248461694,0.032988053,0.033181798
Colon,Male,tde,,,1,2.95,0.0330253593343794,0.03292913,0.033121586
Colon,Male,tde,,,1,3.0,0.0329606775787229,0.0328651,0.033056255
Colon,Male,tde,,,1,3.05,0.0328879267463393,0.032793004,0.032982849
Colon,Male,tde,,,1,3.0999999,0.0328105973647281,0.032716338,0.032904856
Colon,Male,tde,,,1,3.1500001,0.0327289314592284,0.032635335,0.032822527
Colon,Male,tde,,,1,3.2,0.0326431598460938,0.032550227,0.032736093
Colon,Male,tde,,,1,3.25,0.0325535005270479,0.032461237,0.032645766
Colon,Male,tde,,,1,3.3,0.0324601609094409,0.032368563,0.032551758
Colon,Male,tde,,,1,3.3499999,0.0323633380621245,0.03227241,0.032454267
Colon,Male,tde,,,1,3.4000001,0.0322632188225856,0.032172963,0.032353476
Colon,Male,tde,,,1,3.45,0.0321599822748426,0.032070395,0.03224957
Colon,Male,tde,,,1,3.5,0.0320537973996134,0.031964879,0.032142714
Colon,Male,tde,,,1,3.55,0.0319448254513093,0.031856582,0.032033071
Colon,Male,tde,,,1,3.5999999,0.0318332199391867,0.031745646,0.031920794
Colon,Male,tde,,,1,3.6500001,0.0317191264995507,0.031632222,0.031806029
Colon,Male,tde,,,1,3.7,0.0316026854790462,0.031516451,0.031688921
Colon,Male,tde,,,1,3.75,0.0314840290398262,0.031398464,0.031569593
Colon,Male,tde,,,1,3.8,0.0313632836720236,0.031278387,0.031448178
Colon,Male,tde,,,1,3.8499999,0.0312405699815588,0.031156342,0.031324796
Colon,Male,tde,,,1,3.9000001,0.0311160023980997,0.031032443,0.031199561
Colon,Male,tde,,,1,3.95,0.0309896918476305,0.030906798,0.031072585
Colon,Male,tde,,,1,4.0,0.0308617424583346,0.030779514,0.030943971
Colon,Male,tde,,,1,4.0500002,0.0307289807686828,0.030647421,0.030810539
Colon,Male,tde,,,1,4.0999999,0.0305948049276555,0.030513914,0.030675696
Colon,Male,tde,,,1,4.1500001,0.0304593039001307,0.030379079,0.030539528
Colon,Male,tde,,,1,4.1999998,0.0303225676685486,0.030243007,0.030402128
Colon,Male,tde,,,1,4.25,0.0301846771018383,0.030105781,0.030263573
Colon,Male,tde,,,1,4.3000002,0.0300457132452221,0.029967478,0.030123949
Colon,Male,tde,,,1,4.3499999,0.0299057536349736,0.029828178,0.029983329
Colon,Male,tde,,,1,4.4000001,0.0297648684187187,0.02968795,0.029841786
Colon,Male,tde,,,1,4.4499998,0.0296231298819839,0.029546868,0.029699393
Colon,Male,tde,,,1,4.5,0.0294806018551595,0.029404994,0.029556211
Colon,Male,tde,,,1,4.5500002,0.0293373492992379,0.029262392,0.029412307
Colon,Male,tde,,,1,4.5999999,0.0291934344182703,0.029119126,0.029267741
Colon,Male,tde,,,1,4.6500001,0.0290489126400396,0.028975252,0.029122572
Colon,Male,tde,,,1,4.6999998,0.0289038423602108,0.028830826,0.028976858
Colon,Male,tde,,,1,4.75,0.0287582740347393,0.028685901,0.028830647
Colon,Male,tde,,,1,4.8000002,0.0286122599610829,0.028540527,0.028683992
Colon,Male,tde,,,1,4.8499999,0.0284658502511665,0.028394755,0.028536946
Colon,Male,tde,,,1,4.9000001,0.0283190887223769,0.028248629,0.028389549
Colon,Male,tde,,,1,4.9499998,0.0281720227737293,0.028102195,0.02824185
Colon,Male,tde,,,1,5.0,0.028024692280106,0.027955493,0.028093891
Colon,Male,tde,,,2,0.0,0.0,0.0,0.0
Colon,Male,tde,,,2,0.050000001,0.0081124741196101,0.00804218,0.0081827687
Colon,Male,tde,,,2,0.1,0.012101664860303,0.012009496,0.012193833
Colon,Male,tde,,,2,0.15000001,0.0149658200200469,0.014862392,0.015069248
Colon,Male,tde,,,2,0.2,0.0172786269357103,0.017168151,0.017389104
Colon,Male,tde,,,2,0.25,0.0192597366427754,0.019144241,0.019375233
Colon,Male,tde,,,2,0.30000001,0.0210148438117407,0.020895436,0.021134252
Colon,Male,tde,,,2,0.34999999,0.0226022920989191,0.022479642,0.022724941
Colon,Male,tde,,,2,0.40000001,0.0240576023304161,0.023932153,0.024183052
Colon,Male,tde,,,2,0.44999999,0.0254041007860248,0.025276169,0.025532033
Colon,Male,tde,,,2,0.5,0.0266580808139775,0.026527908,0.026788253
Colon,Male,tde,,,2,0.55000001,0.0278315099143215,0.027699292,0.027963728
Colon,Male,tde,,,2,0.60000002,0.0289335564740111,0.028799461,0.029067652
Colon,Male,tde,,,2,0.64999998,0.0299714901534539,0.029835664,0.030107317
Colon,Male,tde,,,2,0.69999999,0.0309512461182068,0.030813819,0.031088674
Colon,Male,tde,,,2,0.75,0.0318777783468267,0.03173887,0.032016687
Colon,Male,tde,,,2,0.80000001,0.0327553057706558,0.032615025,0.032895587
Colon,Male,tde,,,2,0.85000002,0.0335881041885924,0.03344655,0.033729658
Colon,Male,tde,,,2,0.89999998,0.0343817013069278,0.034238968,0.034524433
Colon,Male,tde,,,2,0.94999999,0.0351409008316633,0.03499708,0.035284724
Colon,Male,tde,,,2,1.0,0.0358695633072685,0.035724737,0.036014389
Colon,Male,tde,,,2,1.05,0.0365576530550853,0.03641196,0.036703348
Colon,Male,tde,,,2,1.1,0.0372204177314549,0.03707394,0.037366893
Colon,Male,tde,,,2,1.15,0.0378599978618872,0.03771282,0.038007174
Colon,Male,tde,,,2,1.2,0.0384781809447347,0.038330387,0.038625974
Colon,Male,tde,,,2,1.25,0.0390764601252416,0.038928133,0.039224789
Colon,Male,tde,,,2,1.3,0.0396560998666407,0.039507318,0.03980488
Colon,Male,tde,,,2,1.35,0.0402181747577769,0.040069025,0.040367324
Colon,Male,tde,,,2,1.4,0.040763600151801,0.040614165,0.040913034
Colon,Male,tde,,,2,1.45,0.0412931690142872,0.041143533,0.041442804
Colon,Male,tde,,,2,1.5,0.0418075637344102,0.041657809,0.041957319
Colon,Male,tde,,,2,1.55,0.0423073831022417,0.04215759,0.042457175
Colon,Male,tde,,,2,1.6,0.0427929829637405,0.042643234,0.042942729
Colon,Male,tde,,,2,1.65,0.0432639430653795,0.043114319,0.043413565
Colon,Male,tde,,,2,1.7,0.0437197702691856,0.043570351,0.04386919
Colon,Male,tde,,,2,1.75,0.0441601148226167,0.044010971,0.044309258
Colon,Male,tde,,,2,1.8,0.0445847551277987,0.044435959,0.04473355
Colon,Male,tde,,,2,1.85,0.0449935748555421,0.044845197,0.045141954
Colon,Male,tde,,,2,1.9,0.0453865436240201,0.045238648,0.045534439
Colon,Male,tde,,,2,1.95,0.0457637095751749,0.045616355,0.045911066
Colon,Male,tde,,,2,2.0,0.0461251797538263,0.045978419,0.046271939
Colon,Male,tde,,,2,2.05,0.0464525399953852,0.046306487,0.046598591
Colon,Male,tde,,,2,2.0999999,0.0467643170828113,0.04661902,0.046909612
Colon,Male,tde,,,2,2.1500001,0.0470607710590284,0.046916272,0.047205269
Colon,Male,tde,,,2,2.2,0.0473421861492502,0.047198519,0.047485851
Colon,Male,tde,,,2,2.25,0.0476088734719047,0.047466077,0.047751673
Colon,Male,tde,,,2,2.3,0.0478611603502693,0.047719259,0.048003063
Colon,Male,tde,,,2,2.3499999,0.0480993874976465,0.047958408,0.048240367
Colon,Male,tde,,,2,2.4000001,0.048323906396115,0.04818387,0.048463944
Colon,Male,tde,,,2,2.45,0.0485350719456769,0.048395995,0.048674148
Colon,Male,tde,,,2,2.5,0.0487332690623922,0.048595171,0.048871368
Colon,Male,tde,,,2,2.55,0.0489189699847546,0.048781861,0.049056079
Colon,Male,tde,,,2,2.5999999,0.0490926522381603,0.048956539,0.049228765
Colon,Male,tde,,,2,2.6500001,0.0492547741984387,0.049119666,0.04938988
Colon,Male,tde,,,2,2.7,0.049405772938414,0.049271677,0.049539868
Colon,Male,tde,,,2,2.75,0.0495460697116205,0.049412992,0.049679149
Colon,Male,tde,,,2,2.8,0.0496760676212011,0.049544007,0.04980813
Colon,Male,tde,,,2,2.8499999,0.0497961531995114,0.049665108,0.049927201
Colon,Male,tde,,,2,2.9000001,0.0499066976586047,0.049776666,0.050036728
Colon,Male,tde,,,2,2.95,0.0500080555400409,0.049879037,0.050137077
Colon,Male,tde,,,2,3.0,0.0501005685554733,0.049972557,0.050228581
Colon,Male,tde,,,2,3.05,0.0501630524028082,0.050036099,0.050290007
Colon,Male,tde,,,2,3.0999999,0.0502172903230093,0.050091386,0.050343193
Colon,Male,tde,,,2,3.1500001,0.0502635947460974,0.050138731,0.050388459
Colon,Male,tde,,,2,3.2,0.050302264918242,0.050178431,0.050426096
Colon,Male,tde,,,2,3.25,0.0503335887865315,0.050210774,0.050456401
Colon,Male,tde,,,2,3.3,0.050357842614969,0.050236035,0.05047965
Colon,Male,tde,,,2,3.3499999,0.0503752917336103,0.050254479,0.050496105
Colon,Male,tde,,,2,3.4000001,0.0503861910605204,0.050266355,0.050506026
Colon,Male,tde,,,2,3.45,0.0503907853871716,0.050271913,0.050509658
Colon,Male,tde,,,2,3.5,0.050389310128202,0.050271388,0.050507233
Colon,Male,tde,,,2,3.55,0.0503819915022276,0.050265003,0.050498981
Colon,Male,tde,,,2,3.5999999,0.0503690469976566,0.050252974,0.050485123
Colon,Male,tde,,,2,3.6500001,0.0503506856518496,0.05023551,0.050465859
Colon,Male,tde,,,2,3.7,0.0503271087884283,0.050212815,0.050441403
Colon,Male,tde,,,2,3.75,0.0502985098343816,0.050185081,0.05041194
Colon,Male,tde,,,2,3.8,0.0502650749730586,0.050152488,0.050377659
Colon,Male,tde,,,2,3.8499999,0.0502269833812551,0.050115224,0.050338741
Colon,Male,tde,,,2,3.9000001,0.0501844073128692,0.05007346,0.050295357
Colon,Male,tde,,,2,3.95,0.0501375132155273,0.050027356,0.050247673
Colon,Male,tde,,,2,4.0,0.0500864607810183,0.049977072,0.05019585
Colon,Male,tde,,,2,4.0500002,0.0500081128637138,0.04989953,0.050116695
Colon,Male,tde,,,2,4.0999999,0.0499259952991055,0.049818199,0.050033789
Colon,Male,tde,,,2,4.1500001,0.0498402546675977,0.049733225,0.049947284
Colon,Male,tde,,,2,4.1999998,0.0497510352734289,0.049644753,0.049857318
Colon,Male,tde,,,2,4.25,0.0496584728347616,0.049552917,0.049764026
Colon,Male,tde,,,2,4.3000002,0.0495627005710839,0.049457856,0.049667545
Colon,Male,tde,,,2,4.3499999,0.0494638469933909,0.04935969,0.049568005
Colon,Male,tde,,,2,4.4000001,0.0493620331337584,0.049258545,0.049465518
Colon,Male,tde,,,2,4.4499998,0.049257379401555,0.049154542,0.049360216
Colon,Male,tde,,,2,4.5,0.0491499979992508,0.049047794,0.049252201
Colon,Male,tde,,,2,4.5500002,0.0490400000109383,0.048938408,0.04914159
Colon,Male,tde,,,2,4.5999999,0.0489274926831271,0.048826497,0.049028486
Colon,Male,tde,,,2,4.6500001,0.0488125762489265,0.04871216,0.048912995
Colon,Male,tde,,,2,4.6999998,0.0486953516444302,0.048595496,0.048795208
Colon,Male,tde,,,2,4.75,0.0485759118876751,0.048476599,0.048675224
Colon,Male,tde,,,2,4.8000002,0.0484543499845732,0.048355561,0.048553139
Colon,Male,tde,,,2,4.8499999,0.0483307557959828,0.048232477,0.048429035
Colon,Male,tde,,,2,4.9000001,0.0482052125346843,0.048107427,0.048302997
Colon,Male,tde,,,2,4.9499998,0.0480778051812569,0.047980499,0.048175111
Colon,Male,tde,,,2,5.0,0.0479486110232904,0.047851764,0.048045456
Colon,Male,tie,,,0,0.0,0.0,0.0,0.0
Colon,Male,tie,,,0,0.050000001,0.0025031418902166,0.0022589399,0.0027473439
Colon,Male,tie,,,0,0.1,0.0046428761617621,0.0041955588,0.0050901934
Colon,Male,tie,,,0,0.15000001,0.00647902990355,0.0058585228,0.0070995372
Colon,Male,tie,,,0,0.2,0.0080831613897213,0.0073116994,0.008854623
Colon,Male,tie,,,0,0.25,0.0095031185094804,0.0085980995,0.010408138
Colon,Male,tie,,,0,0.30000001,0.0107726264013864,0.0097481376,0.011797115
Colon,Male,tie,,,0,0.34999999,0.0119165721009934,0.010784304,0.013048841
Colon,Male,tie,,,0,0.40000001,0.0129539786413145,0.01172381,0.014184148
Colon,Male,tie,,,0,0.44999999,0.0138997822097525,0.012580183,0.015219381
Colon,Male,tie,,,0,0.5,0.0147659693993512,0.01336429,0.01616765
Colon,Male,tie,,,0,0.55000001,0.0155623265585604,0.014085002,0.017039651
Colon,Male,tie,,,0,0.60000002,0.0162969626592544,0.014749679,0.017844247
Colon,Male,tie,,,0,0.64999998,0.0169766789037381,0.015364492,0.018588865
Colon,Male,tie,,,0,0.69999999,0.0176072431987373,0.015934678,0.01927981
Colon,Male,tie,,,0,0.75,0.0181935881046744,0.016464714,0.019922463
Colon,Male,tie,,,0,0.80000001,0.0187399687129989,0.016958466,0.020521471
Colon,Male,tie,,,0,0.85000002,0.0192504907336892,0.01741966,0.021081321
Colon,Male,tie,,,0,0.89999998,0.0197299170297912,0.017852616,0.021607218
Colon,Male,tie,,,0,0.94999999,0.0201824016964772,0.018261101,0.022103701
Colon,Male,tie,,,0,1.0,0.0206113548306469,0.018648207,0.022574501
Colon,Male,tie,,,0,1.05,0.0210161315365283,0.019013323,0.023018939
Colon,Male,tie,,,0,1.1,0.0214024509222879,0.019361656,0.023443244
Colon,Male,tie,,,0,1.15,0.0217722750476532,0.019694988,0.023849564
Colon,Male,tie,,,0,1.2,0.0221272539251678,0.020014811,0.024239697
Colon,Male,tie,,,0,1.25,0.0224687751511652,0.020322386,0.024615163
Colon,Male,tie,,,0,1.3,0.022798015158439,0.020618781,0.02497725
Colon,Male,tie,,,0,1.35,0.0231159728810313,0.020904899,0.025327047
Colon,Male,tie,,,0,1.4,0.0234234969896988,0.021181511,0.025665483
Colon,Male,tie,,,0,1.45,0.0237213150367876,0.021449275,0.025993355
Colon,Male,tie,,,0,1.5,0.0240100471443342,0.021708757,0.026311338
Colon,Male,tie,,,0,1.55,0.024290227136008,0.021960437,0.026620017
Colon,Male,tie,,,0,1.6,0.0245622202003734,0.022204649,0.026919791
Colon,Male,tie,,,0,1.65,0.0248259346925977,0.022441313,0.027210556
Colon,Male,tie,,,0,1.7,0.0250812131221022,0.02267029,0.027492138
Colon,Male,tie,,,0,1.75,0.0253279551640757,0.02289149,0.027764421
Colon,Male,tie,,,0,1.8,0.0255661130380484,0.023104874,0.028027352
Colon,Male,tie,,,0,1.85,0.0257956819856184,0.023310443,0.028280921
Colon,Male,tie,,,0,1.9,0.0260166922221287,0.023508226,0.028525159
Colon,Male,tie,,,0,1.95,0.0262292071392758,0.023698283,0.028760131
Colon,Male,tie,,,0,2.0,0.0264333142826373,0.023880698,0.028985931
Colon,Male,tie,,,0,2.05,0.026624836399528,0.024051625,0.029198047
Colon,Male,tie,,,0,2.0999999,0.026808168710435,0.024215112,0.029401226
Colon,Male,tie,,,0,2.1500001,0.0269834600797489,0.024371292,0.029595628
Colon,Male,tie,,,0,2.2,0.0271508693334541,0.024520315,0.029781424
Colon,Male,tie,,,0,2.25,0.0273105678975671,0.024662338,0.029958798
Colon,Male,tie,,,0,2.3,0.0274627343473245,0.024797525,0.030127944
Colon,Male,tie,,,0,2.3499999,0.0276075534579407,0.024926046,0.030289061
Colon,Male,tie,,,0,2.4000001,0.0277452152720275,0.025048075,0.030442355
Colon,Male,tie,,,0,2.45,0.0278759111389044,0.025163786,0.030588035
Colon,Male,tie,,,0,2.5,0.0279998511296802,0.025273375,0.030726327
Colon,Male,tie,,,0,2.55,0.0281173008223038,0.025377082,0.03085752
Colon,Male,tie,,,0,2.5999999,0.0282285280032589,0.02547515,0.030981906
Colon,Male,tie,,,0,2.6500001,0.0283337872055311,0.025567811,0.031099763
Colon,Male,tie,,,0,2.7,0.028433318607161,0.025655283,0.031211354
Colon,Male,tie,,,0,2.75,0.0285273518514445,0.025737775,0.031316929
Colon,Male,tie,,,0,2.8,0.0286161047614428,0.025815487,0.031416722
Colon,Male,tie,,,0,2.8499999,0.0286997845493179,0.025888605,0.031510964
Colon,Male,tie,,,0,2.9000001,0.028778588823144,0.025957309,0.031599868
Colon,Male,tie,,,0,2.95,0.0288527047029131,0.026021771,0.031683639
Colon,Male,tie,,,0,3.0,0.0289223116267647,0.026082153,0.031762473
Colon,Male,tie,,,0,3.05,0.0289828875833825,0.026134275,0.031831499
Colon,Male,tie,,,0,3.0999999,0.0290393029027005,0.026182633,0.031895973
Colon,Male,tie,,,0,3.1500001,0.0290917148229376,0.026227372,0.031956058
Colon,Male,tie,,,0,3.2,0.0291402727708297,0.026268624,0.032011922
Colon,Male,tie,,,0,3.25,0.0291851202532299,0.026306521,0.032063719
Colon,Male,tie,,,0,3.3,0.0292263942061218,0.026341191,0.0321116
Colon,Male,tie,,,0,3.3499999,0.029264225596683,0.026372747,0.032155704
Colon,Male,tie,,,0,3.4000001,0.0292987399005275,0.026401307,0.032196172
Colon,Male,tie,,,0,3.45,0.0293300567590341,0.02642698,0.032233134
Colon,Male,tie,,,0,3.5,0.0293582912465917,0.02644987,0.03226671
Colon,Male,tie,,,0,3.55,0.029383553460128,0.026470078,0.03229703
Colon,Male,tie,,,0,3.5999999,0.0294059489380877,0.026487697,0.032324202
Colon,Male,tie,,,0,3.6500001,0.0294255789789993,0.026502822,0.032348335
Colon,Male,tie,,,0,3.7,0.0294425404976195,0.02651554,0.032369543
Colon,Male,tie,,,0,3.75,0.0294569267900666,0.026525935,0.03238792
Colon,Male,tie,,,0,3.8,0.0294688273388097,0.02653409,0.032403566
Colon,Male,tie,,,0,3.8499999,0.0294783280934937,0.026540082,0.032416575
Colon,Male,tie,,,0,3.9000001,0.0294855116699552,0.026543986,0.032427035
Colon,Male,tie,,,0,3.95,0.0294904573846416,0.026545877,0.032435037
Colon,Male,tie,,,0,4.0,0.0294932416107304,0.026545819,0.032440662
Colon,Male,tie,,,0,4.0500002,0.02948908971154,0.026539398,0.032438781
Colon,Male,tie,,,0,4.0999999,0.029482952621687,0.02653119,0.032434717
Colon,Male,tie,,,0,4.1500001,0.0294748986864629,0.026521258,0.03242854
Colon,Male,tie,,,0,4.1999998,0.0294649939528582,0.026509661,0.032420326
Colon,Male,tie,,,0,4.25,0.0294533016740624,0.026496461,0.032410145
Colon,Male,tie,,,0,4.3000002,0.0294398830360703,0.026481709,0.032398056
Colon,Male,tie,,,0,4.3499999,0.0294247970523162,0.026465459,0.032384135
Colon,Male,tie,,,0,4.4000001,0.0294081001563405,0.026447766,0.032368436
Colon,Male,tie,,,0,4.4499998,0.0293898473403915,0.026428673,0.032351021
Colon,Male,tie,,,0,4.5,0.0293700909723784,0.026408236,0.032331947
Colon,Male,tie,,,0,4.5500002,0.0293488820609123,0.026386496,0.032311268
Colon,Male,tie,,,0,4.5999999,0.0293262698749992,0.026363499,0.032289039
Colon,Male,tie,,,0,4.6500001,0.0293023013102699,0.026339287,0.032265317
Colon,Male,tie,,,0,4.6999998,0.0292770225024752,0.026313903,0.032240141
Colon,Male,tie,,,0,4.75,0.029250477069049,0.026287386,0.032213569
Colon,Male,tie,,,0,4.8000002,0.0292227078300647,0.026259774,0.03218564
Colon,Male,tie,,,0,4.8499999,0.0291937561991927,0.026231108,0.032156404
Colon,Male,tie,,,0,4.9000001,0.029163661361515,0.02620142,0.032125905
Colon,Male,tie,,,0,4.9499998,0.0291324622892708,0.026170745,0.032094181
Colon,Male,tie,,,0,5.0,0.0291001955007149,0.02613912,0.032061271
Colon,Male,tie,,,1,0.0,0.0,0.0,0.0
Colon,Male,tie,,,1,0.050000001,0.0018419760973215,0.0016394855,0.0020444668
Colon,Male,tie,,,1,0.1,0.0035627844312574,0.0031718684,0.0039537004
Colon,Male,tie,,,1,0.15000001,0.0050980083147367,0.0045389291,0.0056570875
Colon,Male,tie,,,1,0.2,0.0064761431814308,0.0057659554,0.0071863309
Colon,Male,tie,,,1,0.25,0.0077223916219444,0.0068753841,0.0085693989
Colon,Male,tie,,,1,0.30000001,0.0088566848038895,0.0078849755,0.0098283943
Colon,Male,tie,,,1,0.34999999,0.0098947784482702,0.0088087767,0.01098078
Colon,Male,tie,,,1,0.40000001,0.0108493097054251,0.0096580582,0.012040561
Colon,Male,tie,,,1,0.44999999,0.0117305698964302,0.010442,0.01301914
Colon,Male,tie,,,1,0.5,0.0125470644249147,0.011168188,0.01392594
Colon,Male,tie,,,1,0.55000001,0.0133059086742276,0.011842974,0.014768844
Colon,Male,tie,,,1,0.60000002,0.0140131226651745,0.012471724,0.015554521
Colon,Male,tie,,,1,0.64999998,0.0146738477765739,0.013059028,0.016288668
Colon,Male,tie,,,1,0.69999999,0.015292515207147,0.01360884,0.016976191
Colon,Male,tie,,,1,0.75,0.0158729687051823,0.014124588,0.01762135
Colon,Male,tie,,,1,0.80000001,0.0164185675165915,0.014609271,0.018227864
Colon,Male,tie,,,1,0.85000002,0.0169326506098087,0.015065865,0.018799437
Colon,Male,tie,,,1,0.89999998,0.0174192867061212,0.015497994,0.01934058
Colon,Male,tie,,,1,0.94999999,0.0178820748328741,0.015908865,0.019855285
Colon,Male,tie,,,1,1.0,0.0183239905906873,0.016301127,0.020346854
Colon,Male,tie,,,1,1.05,0.0187458518264933,0.016675498,0.020816205
Colon,Male,tie,,,1,1.1,0.0191513190948119,0.017035248,0.02126739
Colon,Male,tie,,,1,1.15,0.0195421297131095,0.017381923,0.021702336
Colon,Male,tie,,,1,1.2,0.019919751144635,0.017716831,0.022122672
Colon,Male,tie,,,1,1.25,0.0202854210338228,0.018041071,0.022529772
Colon,Male,tie,,,1,1.3,0.0206401918082892,0.018355582,0.022924801
Colon,Male,tie,,,1,1.35,0.0209849587951117,0.01866116,0.023308758
Colon,Male,tie,,,1,1.4,0.0213204830594494,0.018958483,0.023682483
Colon,Male,tie,,,1,1.45,0.0216474177291455,0.019248132,0.024046704
Colon,Male,tie,,,1,1.5,0.0219663185724689,0.019530602,0.024402035
Colon,Male,tie,,,1,1.55,0.0222776635680977,0.019806318,0.024749009
Colon,Male,tie,,,1,1.6,0.0225817678757479,0.020075561,0.025087975
Colon,Male,tie,,,1,1.65,0.0228784880170076,0.020338206,0.025418771
Colon,Male,tie,,,1,1.7,0.0231676106437413,0.02059406,0.02574116
Colon,Male,tie,,,1,1.75,0.0234489764010743,0.02084299,0.026054962
Colon,Male,tie,,,1,1.8,0.0237224770008937,0.021084897,0.026360057
Colon,Male,tie,,,1,1.85,0.0239880463899118,0.021319726,0.026656367
Colon,Male,tie,,,1,1.9,0.0242456531868965,0.02154745,0.026943857
Colon,Male,tie,,,1,1.95,0.0244953000959819,0.021768073,0.027222527
Colon,Male,tie,,,1,2.0,0.0247370146729743,0.021981621,0.027492408
Colon,Male,tie,,,1,2.05,0.0249686122043095,0.022186134,0.02775109
Colon,Male,tie,,,1,2.0999999,0.0251923685390483,0.022383656,0.028001081
Colon,Male,tie,,,1,2.1500001,0.025408376536146,0.022574272,0.02824248
Colon,Male,tie,,,1,2.2,0.0256167406866787,0.022758076,0.028475404
Colon,Male,tie,,,1,2.25,0.0258175810391784,0.022935176,0.028699985
Colon,Male,tie,,,1,2.3,0.0260110270530529,0.02310569,0.028916365
Colon,Male,tie,,,1,2.3499999,0.0261972168877798,0.023269741,0.029124692
Colon,Male,tie,,,1,2.4000001,0.0263762966839744,0.02342746,0.029325133
Colon,Male,tie,,,1,2.45,0.0265484158048148,0.023578981,0.02951785
Colon,Male,tie,,,1,2.5,0.0267137467416144,0.023724461,0.029703032
Colon,Male,tie,,,1,2.55,0.0268725252411394,0.023864107,0.029880943
Colon,Male,tie,,,1,2.5999999,0.0270249930742879,0.023998138,0.030051848
Colon,Male,tie,,,1,2.6500001,0.0271713811782993,0.024126757,0.030216005
Colon,Male,tie,,,1,2.7,0.0273119075861836,0.024250161,0.030373655
Colon,Male,tie,,,1,2.75,0.0274467822557831,0.024368536,0.030525029
Colon,Male,tie,,,1,2.8,0.0275762048465376,0.024482058,0.03067035
Colon,Male,tie,,,1,2.8499999,0.0277003659864064,0.024590902,0.030809831
Colon,Male,tie,,,1,2.9000001,0.0278194483438117,0.024695227,0.030943669
Colon,Male,tie,,,1,2.95,0.0279336248610985,0.024795188,0.031072062
Colon,Male,tie,,,1,3.0,0.0280430626080019,0.024890933,0.031195192
Colon,Male,tie,,,1,3.05,0.0281452131503789,0.024980169,0.031310257
Colon,Male,tie,,,1,3.0999999,0.0282429242763606,0.025065457,0.031420391
Colon,Male,tie,,,1,3.1500001,0.0283363437363873,0.025146928,0.031525757
Colon,Male,tie,,,1,3.2,0.0284256118231229,0.025224708,0.031626515
Colon,Male,tie,,,1,3.25,0.0285108643650238,0.025298918,0.03172281
Colon,Male,tie,,,1,3.3,0.0285922312262512,0.025369674,0.031814788
Colon,Male,tie,,,1,3.3499999,0.0286698370447306,0.025437087,0.031902589
Colon,Male,tie,,,1,3.4000001,0.0287438018412923,0.025501262,0.031986341
Colon,Male,tie,,,1,3.45,0.0288142398750335,0.025562305,0.032066174
Colon,Male,tie,,,1,3.5,0.028881261992222,0.02562031,0.032142214
Colon,Male,tie,,,1,3.55,0.0289449744183812,0.025675375,0.032214575
Colon,Male,tie,,,1,3.5999999,0.0290054793260792,0.025727591,0.032283366
Colon,Male,tie,,,1,3.6500001,0.0290628752957255,0.025777046,0.032348707
Colon,Male,tie,,,1,3.7,0.0291172564187931,0.02582382,0.032410692
Colon,Male,tie,,,1,3.75,0.0291687141117837,0.025868,0.032469429
Colon,Male,tie,,,1,3.8,0.0292173361699131,0.02590966,0.03252501
Colon,Male,tie,,,1,3.8499999,0.0292632072016738,0.025948878,0.032577537
Colon,Male,tie,,,1,3.9000001,0.0293064089735746,0.025985725,0.032627091
Colon,Male,tie,,,1,3.95,0.0293470197358918,0.026020272,0.032673769
Colon,Male,tie,,,1,4.0,0.0293851155876014,0.026052587,0.032717645
Colon,Male,tie,,,1,4.0500002,0.0294177834178668,0.026080042,0.032755524
Colon,Male,tie,,,1,4.0999999,0.0294480799409408,0.026105395,0.032790765
Colon,Male,tie,,,1,4.1500001,0.029476074645537,0.026128702,0.032823447
Colon,Male,tie,,,1,4.1999998,0.0295018335566902,0.026150027,0.032853641
Colon,Male,tie,,,1,4.25,0.0295254214743816,0.026169425,0.03288142
Colon,Male,tie,,,1,4.3000002,0.0295469002950893,0.026186952,0.032906849
Colon,Male,tie,,,1,4.3499999,0.0295663299291621,0.02620266,0.032929998
Colon,Male,tie,,,1,4.4000001,0.0295837688514929,0.026216604,0.032950934
Colon,Male,tie,,,1,4.4499998,0.0295992729328116,0.026228832,0.032969713
Colon,Male,tie,,,1,4.5,0.0296128968496877,0.026239393,0.032986403
Colon,Male,tie,,,1,4.5500002,0.0296246930764161,0.026248332,0.033001054
Colon,Male,tie,,,1,4.5999999,0.0296347124767175,0.026255699,0.033013728
Colon,Male,tie,,,1,4.6500001,0.0296430045782429,0.026261533,0.033024479
Colon,Male,tie,,,1,4.6999998,0.0296496170078904,0.026265878,0.033033356
Colon,Male,tie,,,1,4.75,0.0296545961866999,0.026268775,0.033040415
Colon,Male,tie,,,1,4.8000002,0.0296579869055071,0.026270267,0.033045709
Colon,Male,tie,,,1,4.8499999,0.0296598326369484,0.026270388,0.033049278
Colon,Male,tie,,,1,4.9000001,0.0296601755721918,0.026269179,0.033051174
Colon,Male,tie,,,1,4.9499998,0.0296590565831641,0.026266674,0.033051439
Colon,Male,tie,,,1,5.0,0.0296565152979973,0.026262911,0.03305012
Colon,Male,tie,,,2,0.0,0.0,0.0,0.0
Colon,Male,tie,,,2,0.050000001,0.0057110549051096,0.0048187706,0.0066033392
Colon,Male,tie,,,2,0.1,0.0098833776468624,0.0083514163,0.011415339
Colon,Male,tie,,,2,0.15000001,0.0131796141990613,0.011147157,0.015212071
Colon,Male,tie,,,2,0.2,0.0158802596076607,0.013440705,0.018319814
Colon,Male,tie,,,2,0.25,0.0181430345787667,0.015364423,0.020921646
Colon,Male,tie,,,2,0.30000001,0.0200685912749964,0.017002951,0.02313423
Colon,Male,tie,,,2,0.34999999,0.0217261209943184,0.018414563,0.02503768
Colon,Male,tie,,,2,0.40000001,0.0231656304600164,0.019641422,0.02668984
Colon,Male,tie,,,2,0.44999999,0.0244245923054207,0.020715164,0.028134022
Colon,Male,tie,,,2,0.5,0.0255318835207353,0.021660186,0.02940358
Colon,Male,tie,,,2,0.55000001,0.0265102497209082,0.022495728,0.030524772
Colon,Male,tie,,,2,0.60000002,0.0273779352680485,0.023237227,0.031518642
Colon,Male,tie,,,2,0.64999998,0.0281497946688227,0.023897262,0.032402325
Colon,Male,tie,,,2,0.69999999,0.0288380814089922,0.024486218,0.033189945
Colon,Male,tie,,,2,0.75,0.0294530108610257,0.025012756,0.033893265
Colon,Male,tie,,,2,0.80000001,0.0300031846730006,0.025484171,0.034522198
Colon,Male,tie,,,2,0.85000002,0.0304964287113321,0.025907109,0.035085749
Colon,Male,tie,,,2,0.89999998,0.0309408737483034,0.026288474,0.035593275
Colon,Male,tie,,,2,0.94999999,0.0313433670149465,0.026634086,0.036052648
Colon,Male,tie,,,2,1.0,0.0317094267424392,0.026948635,0.036470219
Colon,Male,tie,,,2,1.05,0.0320313109476995,0.027225789,0.036836833
Colon,Male,tie,,,2,1.1,0.0323247266437512,0.02747865,0.037170801
Colon,Male,tie,,,2,1.15,0.0325927263182177,0.027709814,0.037475638
Colon,Male,tie,,,2,1.2,0.0328378456953131,0.027921436,0.037754256
Colon,Male,tie,,,2,1.25,0.0330621999236022,0.028115314,0.038009085
Colon,Male,tie,,,2,1.3,0.0332675670971067,0.028292958,0.038242176
Colon,Male,tie,,,2,1.35,0.0334554488409233,0.028455645,0.038455252
Colon,Male,tie,,,2,1.4,0.0336271188797662,0.028604457,0.038649783
Colon,Male,tie,,,2,1.45,0.0337836658665321,0.028740317,0.038827013
Colon,Male,tie,,,2,1.5,0.0339260221615653,0.028864019,0.038988024
Colon,Male,tie,,,2,1.55,0.034054992543076,0.028976245,0.039133739
Colon,Male,tie,,,2,1.6,0.0341711849348046,0.029077511,0.039264858
Colon,Male,tie,,,2,1.65,0.0342747591834723,0.029167952,0.039381567
Colon,Male,tie,,,2,1.7,0.0343658288140088,0.029247664,0.039483994
Colon,Male,tie,,,2,1.75,0.0344445799098092,0.029316805,0.039572354
Colon,Male,tie,,,2,1.8,0.0345112582676846,0.029375585,0.039646931
Colon,Male,tie,,,2,1.85,0.0345661565261417,0.029424252,0.039708063
Colon,Male,tie,,,2,1.9,0.0346096037611959,0.029463088,0.039756119
Colon,Male,tie,,,2,1.95,0.0346419578147777,0.029492399,0.039791517
Colon,Male,tie,,,2,2.0,0.0346635972970814,0.029512506,0.039814688
Colon,Male,tie,,,2,2.05,0.0346606773467088,0.029511886,0.039809469
Colon,Male,tie,,,2,2.0999999,0.0346478761710421,0.029502772,0.039792981
Colon,Male,tie,,,2,2.1500001,0.034625614367469,0.029485524,0.039765704
Colon,Male,tie,,,2,2.2,0.0345943143897417,0.029460507,0.039728124
Colon,Male,tie,,,2,2.25,0.0345543969424998,0.029428076,0.039680719
Colon,Male,tie,,,2,2.3,0.0345062789062728,0.029388592,0.039623965
Colon,Male,tie,,,2,2.3499999,0.0344503712313592,0.029342405,0.039558336
Colon,Male,tie,,,2,2.4000001,0.0343870769686466,0.029289862,0.039484292
Colon,Male,tie,,,2,2.45,0.0343167911801853,0.029231299,0.039402284
Colon,Male,tie,,,2,2.5,0.0342399062706484,0.029167054,0.039312758
Colon,Male,tie,,,2,2.55,0.0341568325560214,0.029097479,0.039216187
Colon,Male,tie,,,2,2.5999999,0.0340679640479128,0.02902291,0.039113019
Colon,Male,tie,,,2,2.6500001,0.0339736697636092,0.028943662,0.039003678
Colon,Male,tie,,,2,2.7,0.0338742973267128,0.028860034,0.038888562
Colon,Male,tie,,,2,2.75,0.0337701718924536,0.028772304,0.038768042
Colon,Male,tie,,,2,2.8,0.033661599412041,0.028680732,0.038642466
Colon,Male,tie,,,2,2.8499999,0.0335488675625982,0.028585568,0.038512167
Colon,Male,tie,,,2,2.9000001,0.0334322464379579,0.028487042,0.038377453
Colon,Male,tie,,,2,2.95,0.0333119919466961,0.028385371,0.038238611
Colon,Male,tie,,,2,3.0,0.0331883435372637,0.028280763,0.038095925
Colon,Male,tie,,,2,3.05,0.0330472035911855,0.028161472,0.037932936
Colon,Male,tie,,,2,3.0999999,0.0329032556172408,0.028039739,0.037766773
Colon,Male,tie,,,2,3.1500001,0.0327567028874414,0.027915742,0.037597664
Colon,Male,tie,,,2,3.2,0.0326077391461629,0.027789645,0.037425835
Colon,Male,tie,,,2,3.25,0.0324565451551048,0.027661603,0.037251487
Colon,Male,tie,,,2,3.3,0.0323032921620526,0.027531765,0.037074819
Colon,Male,tie,,,2,3.3499999,0.0321481418431096,0.027400268,0.036896016
Colon,Male,tie,,,2,3.4000001,0.0319912461399765,0.027267244,0.036715247
Colon,Male,tie,,,2,3.45,0.0318327508083459,0.027132817,0.036532685
Colon,Male,tie,,,2,3.5,0.031672791437045,0.026997104,0.036348481
Colon,Male,tie,,,2,3.55,0.0315114969066848,0.026860215,0.036162779
Colon,Male,tie,,,2,3.5999999,0.0313489890866197,0.026722258,0.035975721
Colon,Male,tie,,,2,3.6500001,0.0311853824634306,0.026583327,0.035787437
Colon,Male,tie,,,2,3.7,0.0310207876501757,0.026443521,0.035598055
Colon,Male,tie,,,2,3.75,0.0308553070626943,0.026302926,0.035407688
Colon,Male,tie,,,2,3.8,0.0306890383698453,0.026161628,0.035216451
Colon,Male,tie,,,2,3.8499999,0.0305220740284166,0.026019704,0.035024446
Colon,Male,tie,,,2,3.9000001,0.0303545007751025,0.02587723,0.03483177
Colon,Male,tie,,,2,3.95,0.030186403099309,0.025734279,0.034638528
Colon,Male,tie,,,2,4.0,0.0300178587046145,0.025590921,0.034444798
Colon,Male,tie,,,2,4.0500002,0.029835061009475,0.025435621,0.034234501
Colon,Male,tie,,,2,4.0999999,0.0296521515240382,0.025280196,0.034024108
Colon,Male,tie,,,2,4.1500001,0.0294691930458212,0.025124697,0.033813689
Colon,Male,tie,,,2,4.1999998,0.0292862517283421,0.024969183,0.033603322
Colon,Male,tie,,,2,4.25,0.029103383319904,0.024813702,0.033393063
Colon,Male,tie,,,2,4.3000002,0.0289206455593064,0.024658306,0.033182986
Colon,Male,tie,,,2,4.3499999,0.0287380931082406,0.024503037,0.032973148
Colon,Male,tie,,,2,4.4000001,0.0285557724957984,0.02434794,0.032763604
Colon,Male,tie,,,2,4.4499998,0.0283737344519218,0.024193056,0.032554414
Colon,Male,tie,,,2,4.5,0.0281920201431203,0.024038425,0.032345615
Colon,Male,tie,,,2,4.5500002,0.0280106734666481,0.02388408,0.032137267
Colon,Male,tie,,,2,4.5999999,0.0278297359541095,0.02373006,0.031929411
Colon,Male,tie,,,2,4.6500001,0.0276492417308244,0.023576394,0.031722087
Colon,Male,tie,,,2,4.6999998,0.0274692296976404,0.023423117,0.031515341
Colon,Male,tie,,,2,4.75,0.0272897298691629,0.023270253,0.031309206
Colon,Male,tie,,,2,4.8000002,0.0271107755035176,0.023117835,0.031103717
Colon,Male,tie,,,2,4.8499999,0.026932398024468,0.022965884,0.030898912
Colon,Male,tie,,,2,4.9000001,0.0267546220318558,0.022814427,0.030694816
Colon,Male,tie,,,2,4.9499998,0.0265774772808179,0.022663487,0.030491468
Colon,Male,tie,,,2,5.0,0.0264009852007838,0.022513084,0.030288886
