site,sex,estimate,race,stage,agegroup,tt,PE,lci,uci
Colon,Female,AD,,,0,0.0,0.0,0.0,0.0
Colon,Female,AD,,,0,0.050000001,12.10017926107749,11.629946,12.570413
Colon,Female,AD,,,0,0.1,21.31261190901051,20.441692,22.183531
Colon,Female,AD,,,0,0.15000001,28.85571300538865,27.641943,30.069483
Colon,Female,AD,,,0,0.2,35.23444992352418,33.721912,36.746986
Colon,Female,AD,,,0,0.25,40.74239776838209,38.96545,42.519344
Colon,Female,AD,,,0,0.30000001,45.57103481657478,43.557121,47.584949
Colon,Female,AD,,,0,0.34999999,49.85394842094497,47.625462,52.082436
Colon,Female,AD,,,0,0.40000001,53.68871081329856,51.264259,56.113159
Colon,Female,AD,,,0,0.44999999,57.1490154898367,54.544319,59.753712
Colon,Female,AD,,,0,0.5,60.29200938558958,57.520515,63.063503
Colon,Female,AD,,,0,0.55000001,63.16293884185791,60.236301,66.089577
Colon,Female,AD,,,0,0.60000002,65.79826258433326,62.726677,68.86985
Colon,Female,AD,,,0,0.64999998,68.2277887224017,65.020264,71.43531
Colon,Female,AD,,,0,0.69999999,70.47620719792758,67.14077,73.811646
Colon,Female,AD,,,0,0.75,72.56420607559522,69.108047,76.020363
Colon,Female,AD,,,0,0.80000001,74.51084682542006,70.940384,78.081306
Colon,Female,AD,,,0,0.85000002,76.33439889970458,72.655289,80.013512
Colon,Female,AD,,,0,0.89999998,78.05012782077699,74.26738,81.832878
Colon,Female,AD,,,0,0.94999999,79.6707245240433,75.788811,83.552635
Colon,Female,AD,,,0,1.0,81.20681472336693,77.229767,85.183861
Colon,Female,AD,,,0,1.05,82.65374773340014,78.585747,86.721748
Colon,Female,AD,,,0,1.1,84.03245167350062,79.876823,88.18808
Colon,Female,AD,,,0,1.15,85.34947019064066,81.109253,89.589684
Colon,Female,AD,,,0,1.2,86.61044537172867,82.288452,90.932434
Colon,Female,AD,,,0,1.25,87.82024725794273,83.419075,92.22142
Colon,Female,AD,,,0,1.3,88.98311966754281,84.505188,93.461044
Colon,Female,AD,,,0,1.35,90.10277152128168,85.550346,94.655197
Colon,Female,AD,,,0,1.4,91.18245165015335,86.557655,95.807251
Colon,Female,AD,,,0,1.45,92.22495036547444,87.529778,96.92012
Colon,Female,AD,,,0,1.5,93.23168619090572,88.468094,97.995277
Colon,Female,AD,,,0,1.55,94.2033188870158,89.373245,99.033394
Colon,Female,AD,,,0,1.6,95.14056526176228,90.245911,100.03522
Colon,Female,AD,,,0,1.65,96.04419125812876,91.086845,101.00154
Colon,Female,AD,,,0,1.7,96.91501244083528,91.896828,101.9332
Colon,Female,AD,,,0,1.75,97.75386459561663,92.676666,102.83106
Colon,Female,AD,,,0,1.8,98.56160855300136,93.427193,103.69602
Colon,Female,AD,,,0,1.85,99.3391155419211,94.149246,104.52898
Colon,Female,AD,,,0,1.9,100.0872553614553,94.843651,105.33086
Colon,Female,AD,,,0,1.95,100.8069037960958,95.511253,106.10255
Colon,Female,AD,,,0,2.0,101.4989239491544,96.152878,106.84497
Colon,Female,AD,,,0,2.05,102.1470338781625,96.7528,107.54127
Colon,Female,AD,,,0,2.0999999,102.7691308049552,97.328285,108.20998
Colon,Female,AD,,,0,2.1500001,103.3660590144077,97.880142,108.85197
Colon,Female,AD,,,0,2.2,103.9386374430981,98.409142,109.46813
Colon,Female,AD,,,0,2.25,104.4876753546831,98.916069,110.05928
Colon,Female,AD,,,0,2.3,105.0139597743936,99.401665,110.62626
Colon,Female,AD,,,0,2.3499999,105.5182846318548,99.866684,111.16989
Colon,Female,AD,,,0,2.4000001,106.0016238384231,100.31205,111.69119
Colon,Female,AD,,,0,2.45,106.4649809832468,100.73872,112.19124
Colon,Female,AD,,,0,2.5,106.9093026753395,101.1476,112.67101
Colon,Female,AD,,,0,2.55,107.3354738402027,101.53951,113.13145
Colon,Female,AD,,,0,2.5999999,107.7443247723043,101.91523,113.57342
Colon,Female,AD,,,0,2.6500001,108.1366372207361,102.27553,113.99775
Colon,Female,AD,,,0,2.7,108.5131408423289,102.62107,114.40521
Colon,Female,AD,,,0,2.75,108.874527923042,102.95251,114.79654
Colon,Female,AD,,,0,2.8,109.2214490065835,103.27049,115.17241
Colon,Female,AD,,,0,2.8499999,109.5545177064633,103.57556,115.53348
Colon,Female,AD,,,0,2.9000001,109.8743148483594,103.86828,115.88035
Colon,Female,AD,,,0,2.95,110.1813848538219,104.14916,116.21361
Colon,Female,AD,,,0,3.0,110.4762470998064,104.41869,116.5338
Colon,Female,AD,,,0,3.05,110.7402436946973,104.65881,116.82168
Colon,Female,AD,,,0,3.0999999,110.9930053609943,104.88849,117.09753
Colon,Female,AD,,,0,3.1500001,111.2349777985656,105.10815,117.3618
Colon,Female,AD,,,0,3.2,111.4665805334021,105.3182,117.61497
Colon,Female,AD,,,0,3.25,111.6882153043799,105.519,117.85743
Colon,Female,AD,,,0,3.3,111.9002627514454,105.71092,118.08961
Colon,Female,AD,,,0,3.3499999,112.1030848432056,105.89429,118.31187
Colon,Female,AD,,,0,3.4000001,112.2970269347296,106.06945,118.5246
Colon,Female,AD,,,0,3.45,112.4824151782694,106.23669,118.72813
Colon,Female,AD,,,0,3.5,112.6595630581003,106.39632,118.92281
Colon,Female,AD,,,0,3.55,112.8287685673567,106.54861,119.10893
Colon,Female,AD,,,0,3.5999999,112.9903160042595,106.69382,119.28681
Colon,Female,AD,,,0,3.6500001,113.1444774801861,106.83221,119.45674
Colon,Female,AD,,,0,3.7,113.2915107494783,106.96404,119.61899
Colon,Female,AD,,,0,3.75,113.4316643021442,107.08952,119.77381
Colon,Female,AD,,,0,3.8,113.5651750269878,107.20887,119.92148
Colon,Female,AD,,,0,3.8499999,113.6922695583837,107.32232,120.06222
Colon,Female,AD,,,0,3.9000001,113.8131653929943,107.43006,120.19627
Colon,Female,AD,,,0,3.95,113.9280691317637,107.5323,120.32384
Colon,Female,AD,,,0,4.0,114.0371804217871,107.6292,120.44516
Colon,Female,AD,,,0,4.0500002,114.1201996082103,107.7011,120.5393
Colon,Female,AD,,,0,4.0999999,114.1978750039306,107.7681,120.62766
Colon,Female,AD,,,0,4.1500001,114.270385351559,107.83035,120.71042
Colon,Female,AD,,,0,4.1999998,114.3378993740993,107.88802,120.78777
Colon,Female,AD,,,0,4.25,114.4005816708565,107.94127,120.85989
Colon,Female,AD,,,0,4.3000002,114.458588425265,107.99023,120.92694
Colon,Female,AD,,,0,4.3499999,114.5120698518162,108.03506,120.98908
Colon,Female,AD,,,0,4.4000001,114.5611718214142,108.07587,121.04647
Colon,Female,AD,,,0,4.4499998,114.6060326737747,108.11281,121.09926
Colon,Female,AD,,,0,4.5,114.6467872322571,108.14599,121.14758
Colon,Female,AD,,,0,4.5500002,114.6835639548452,108.17554,121.19159
Colon,Female,AD,,,0,4.5999999,114.7164866217933,108.20158,121.2314
Colon,Female,AD,,,0,4.6500001,114.7456753270903,108.22421,121.26715
Colon,Female,AD,,,0,4.6999998,114.7712445774395,108.24353,121.29896
Colon,Female,AD,,,0,4.75,114.7933057209434,108.25966,121.32695
Colon,Female,AD,,,0,4.8000002,114.8119653394081,108.2727,121.35123
Colon,Female,AD,,,0,4.8499999,114.8273263018801,108.28273,121.37193
Colon,Female,AD,,,0,4.9000001,114.8394882247149,108.28985,121.38912
Colon,Female,AD,,,0,4.9499998,114.8485466799755,108.29415,121.40294
Colon,Female,AD,,,0,5.0,114.8545942771764,108.29572,121.41347
Colon,Female,AD,,,1,0.0,0.0,0.0,0.0
Colon,Female,AD,,,1,0.050000001,7.122884989865966,6.8029733,7.4427967
Colon,Female,AD,,,1,0.1,12.40032869876863,11.810765,12.989892
Colon,Female,AD,,,1,0.15000001,16.8034687666116,15.973022,17.633915
Colon,Female,AD,,,1,0.2,20.61333777386159,19.563271,21.663406
Colon,Female,AD,,,1,0.25,23.97907543863926,22.726345,25.231806
Colon,Female,AD,,,1,0.30000001,26.99438358878899,25.553101,28.435667
Colon,Female,AD,,,1,0.34999999,29.72374965614124,28.105978,31.34152
Colon,Female,AD,,,1,0.40000001,32.21422266759554,30.430481,33.997963
Colon,Female,AD,,,1,0.44999999,34.50154618028415,32.561142,36.441952
Colon,Female,AD,,,1,0.5,36.61371765173537,34.524975,38.702461
Colon,Female,AD,,,1,0.55000001,38.57317881120865,36.343613,40.802742
Colon,Female,AD,,,1,0.60000002,40.39826189069122,38.034718,42.761806
Colon,Female,AD,,,1,0.64999998,42.10417050992868,39.612907,44.595432
Colon,Female,AD,,,1,0.69999999,43.70368355159474,41.090469,46.316898
Colon,Female,AD,,,1,0.75,45.20766749086005,42.477833,47.9375
Colon,Female,AD,,,1,0.80000001,46.6265237236431,43.78495,49.468094
Colon,Female,AD,,,1,0.85000002,47.97065320494524,45.021736,50.919571
Colon,Female,AD,,,1,0.89999998,49.24883378781041,46.196541,52.301128
Colon,Female,AD,,,1,0.94999999,50.46841152797538,47.316357,53.620464
Colon,Female,AD,,,1,1.0,51.63557226249145,48.387066,54.884079
Colon,Female,AD,,,1,1.05,52.75254470973269,49.410824,56.094265
Colon,Female,AD,,,1,1.1,53.82671502379682,50.394611,57.25882
Colon,Female,AD,,,1,1.15,54.8619343939996,51.342079,58.38179
Colon,Female,AD,,,1,1.2,55.86153839548544,52.25639,59.466686
Colon,Female,AD,,,1,1.25,56.82841375753577,53.140282,60.516544
Colon,Female,AD,,,1,1.3,57.76508536419718,53.996151,61.534019
Colon,Female,AD,,,1,1.35,58.67376596162106,54.826088,62.521446
Colon,Female,AD,,,1,1.4,59.55639693852609,55.631927,63.480865
Colon,Female,AD,,,1,1.45,60.41463770455908,56.415249,64.414024
Colon,Female,AD,,,1,1.5,61.24915521484616,57.176682,65.321632
Colon,Female,AD,,,1,1.55,62.06007656619701,57.916355,66.203796
Colon,Female,AD,,,1,1.6,62.84760465667787,58.634468,67.060745
Colon,Female,AD,,,1,1.65,63.61200933411666,59.33128,67.892738
Colon,Female,AD,,,1,1.7,64.35362682587109,60.007114,68.700142
Colon,Female,AD,,,1,1.75,65.0728337939274,60.662331,69.483337
Colon,Female,AD,,,1,1.8,65.77005029922736,61.297329,70.242775
Colon,Female,AD,,,1,1.85,66.44572620789663,61.912533,70.97892
Colon,Female,AD,,,1,1.9,67.10032978295649,62.508381,71.692276
Colon,Female,AD,,,1,1.95,67.73435306310648,63.085346,72.383362
Colon,Female,AD,,,1,2.0,68.34829447275342,63.643887,73.052704
Colon,Female,AD,,,1,2.05,68.93843106407422,64.180527,73.696335
Colon,Female,AD,,,1,2.0999999,69.5094444846537,64.699646,74.319244
Colon,Female,AD,,,1,2.1500001,70.06185719125597,65.201736,74.921974
Colon,Female,AD,,,1,2.2,70.59618296017078,65.687279,75.505089
Colon,Female,AD,,,1,2.25,71.11294054518953,66.156754,76.06913
Colon,Female,AD,,,1,2.3,71.61264125231199,66.610634,76.614647
Colon,Female,AD,,,1,2.3499999,72.0958103464178,67.049423,77.142197
Colon,Female,AD,,,1,2.4000001,72.56311656056502,67.473732,77.652504
Colon,Female,AD,,,1,2.45,73.01525723279991,67.884209,78.146301
Colon,Female,AD,,,1,2.5,73.45289561024708,68.281471,78.624313
Colon,Female,AD,,,1,2.55,73.87665445923767,68.6661,79.087212
Colon,Female,AD,,,1,2.5999999,74.28712109995564,69.038628,79.535614
Colon,Female,AD,,,1,2.6500001,74.68485180267007,69.399582,79.970123
Colon,Female,AD,,,1,2.7,75.07036657597524,69.749435,80.391296
Colon,Female,AD,,,1,2.75,75.44416266069996,70.088646,80.799675
Colon,Female,AD,,,1,2.8,75.80670882878343,70.417656,81.195763
Colon,Female,AD,,,1,2.8499999,76.15844909343195,70.736862,81.580032
Colon,Female,AD,,,1,2.9000001,76.49980595244361,71.046669,81.952942
Colon,Female,AD,,,1,2.95,76.831175436346,71.347427,82.314919
Colon,Female,AD,,,1,3.0,77.15293826250593,71.639503,82.666374
Colon,Female,AD,,,1,3.05,77.46015221417332,71.918236,83.002068
Colon,Female,AD,,,1,3.0999999,77.75842437077068,72.188896,83.327957
Colon,Female,AD,,,1,3.1500001,78.04808354011934,72.451775,83.644394
Colon,Female,AD,,,1,3.2,78.32943868326555,72.707153,83.951721
Colon,Female,AD,,,1,3.25,78.60278814399618,72.955315,84.250259
Colon,Female,AD,,,1,3.3,78.86841496082133,73.196518,84.540314
Colon,Female,AD,,,1,3.3499999,79.12658908180452,73.431,84.822174
Colon,Female,AD,,,1,3.4000001,79.37756930042593,73.659012,85.09613
Colon,Female,AD,,,1,3.45,79.62159920610478,73.880768,85.362434
Colon,Female,AD,,,1,3.5,79.85891501765389,74.096481,85.621353
Colon,Female,AD,,,1,3.55,80.08974137339334,74.306366,85.873116
Colon,Female,AD,,,1,3.5999999,80.31429311390667,74.510612,86.117973
Colon,Female,AD,,,1,3.6500001,80.5327768409258,74.709412,86.35614
Colon,Female,AD,,,1,3.7,80.74538727552647,74.902939,86.587837
Colon,Female,AD,,,1,3.75,80.95231397172785,75.09137,86.813255
Colon,Female,AD,,,1,3.8,81.15373755584665,75.274872,87.032608
Colon,Female,AD,,,1,3.8499999,81.34983118949427,75.453598,87.246071
Colon,Female,AD,,,1,3.9000001,81.54076184934067,75.627693,87.453827
Colon,Female,AD,,,1,3.95,81.72668706792393,75.797318,87.656052
Colon,Female,AD,,,1,4.0,81.90776073094165,75.962601,87.852921
Colon,Female,AD,,,1,4.0500002,82.07808767921256,76.118004,88.03817
Colon,Female,AD,,,1,4.0999999,82.24382828597447,76.26931,88.218346
Colon,Female,AD,,,1,4.1500001,82.40512229984455,76.416641,88.3936
Colon,Female,AD,,,1,4.1999998,82.56209795735504,76.56012,88.564079
Colon,Female,AD,,,1,4.25,82.71488454383979,76.699852,88.729912
Colon,Female,AD,,,1,4.3000002,82.8636020457443,76.83596,88.891243
Colon,Female,AD,,,1,4.3499999,83.00836603816236,76.968536,89.048195
Colon,Female,AD,,,1,4.4000001,83.14929186119778,77.097694,89.20089
Colon,Female,AD,,,1,4.4499998,83.28648524480553,77.223526,89.349442
Colon,Female,AD,,,1,4.5,83.42005325217423,77.346123,89.49398
Colon,Female,AD,,,1,4.5500002,83.55009520831595,77.465584,89.634605
Colon,Female,AD,,,1,4.5999999,83.67670694373302,77.581993,89.771423
Colon,Female,AD,,,1,4.6500001,83.79998442371144,77.695435,89.904533
Colon,Female,AD,,,1,4.6999998,83.92001552521955,77.805984,90.034042
Colon,Female,AD,,,1,4.75,84.03688958828332,77.913734,90.160049
Colon,Female,AD,,,1,4.8000002,84.15068946001662,78.018745,90.282631
Colon,Female,AD,,,1,4.8499999,84.2614951885522,78.121101,90.401894
Colon,Female,AD,,,1,4.9000001,84.36938718262144,78.220863,90.517914
Colon,Female,AD,,,1,4.9499998,84.4744389989857,78.3181,90.630775
Colon,Female,AD,,,1,5.0,84.57672568679908,78.412888,90.740562
Colon,Female,AD,,,2,0.0,0.0,0.0,0.0
Colon,Female,AD,,,2,0.050000001,4.901488556989383,4.5977359,5.2052412
Colon,Female,AD,,,2,0.1,8.77386265746234,8.202076,9.3456497
Colon,Female,AD,,,2,0.15000001,11.86531557147462,11.073305,12.657326
Colon,Female,AD,,,2,0.2,14.39607238121361,13.421858,15.370287
Colon,Female,AD,,,2,0.25,16.50793209858336,15.381319,17.634546
Colon,Female,AD,,,2,0.30000001,18.29683140021012,17.041441,19.552221
Colon,Female,AD,,,2,0.34999999,19.83055687152373,18.465374,21.19574
Colon,Female,AD,,,2,0.40000001,21.15867068553859,19.699158,22.618183
Colon,Female,AD,,,2,0.44999999,22.31840397132497,20.777311,23.859497
Colon,Female,AD,,,2,0.5,23.33835820243152,21.726313,24.950403
Colon,Female,AD,,,2,0.55000001,24.24091335268614,22.566856,25.91497
Colon,Female,AD,,,2,0.60000002,25.0438621358507,23.315382,26.772341
Colon,Female,AD,,,2,0.64999998,25.76154340264372,23.985132,27.537954
Colon,Female,AD,,,2,0.69999999,26.40565443988793,24.586901,28.224407
Colon,Female,AD,,,2,0.75,26.98584306297498,25.129591,28.842096
Colon,Female,AD,,,2,0.80000001,27.51062234241015,25.621059,29.400185
Colon,Female,AD,,,2,0.85000002,27.98773441685979,26.068466,29.907001
Colon,Female,AD,,,2,0.89999998,28.42356430466742,26.477711,30.369417
Colon,Female,AD,,,2,0.94999999,28.8233731840654,26.853657,30.793091
Colon,Female,AD,,,2,1.0,29.19153203718416,27.20034,31.182724
Colon,Female,AD,,,2,1.05,29.52135781457319,27.511555,31.53116
Colon,Female,AD,,,2,1.1,29.82609526301036,27.799562,31.852629
Colon,Female,AD,,,2,1.15,30.10839581862417,28.066813,32.149979
Colon,Female,AD,,,2,1.2,30.37053112812187,28.315403,32.425659
Colon,Female,AD,,,2,1.25,30.61445466452093,28.547138,32.68177
Colon,Female,AD,,,2,1.3,30.84185967485568,28.76358,32.920139
Colon,Female,AD,,,2,1.35,31.05422008967026,28.966089,33.142349
Colon,Female,AD,,,2,1.4,31.25282397202247,29.155857,33.349792
Colon,Female,AD,,,2,1.45,31.43878531061715,29.33391,33.543663
Colon,Female,AD,,,2,1.5,31.61284112816375,29.500919,33.724762
Colon,Female,AD,,,2,1.55,31.77551115790367,29.657358,33.893665
Colon,Female,AD,,,2,1.6,31.92729744335856,29.803679,34.050915
Colon,Female,AD,,,2,1.65,32.06868518582684,29.940319,34.197052
Colon,Female,AD,,,2,1.7,32.20014376943027,30.067709,34.332581
Colon,Female,AD,,,2,1.75,32.32212319864652,30.186255,34.457993
Colon,Female,AD,,,2,1.8,32.43505593174164,30.296352,34.573757
Colon,Female,AD,,,2,1.85,32.5393557524997,30.39838,34.680332
Colon,Female,AD,,,2,1.9,32.63541727467912,30.492697,34.778137
Colon,Female,AD,,,2,1.95,32.72361796617012,30.579649,34.867588
Colon,Female,AD,,,2,2.0,32.80431677377231,30.659567,34.949066
Colon,Female,AD,,,2,2.05,32.86525406595516,30.721012,35.009495
Colon,Female,AD,,,2,2.0999999,32.9193361987024,30.776011,35.06266
Colon,Female,AD,,,2,2.1500001,32.96688056806926,30.824854,35.108906
Colon,Female,AD,,,2,2.2,33.00818827122686,30.867817,35.14856
Colon,Female,AD,,,2,2.25,33.0435461748345,30.905167,35.181927
Colon,Female,AD,,,2,2.3,33.07322668424006,30.937153,35.209301
Colon,Female,AD,,,2,2.3499999,33.09749544020016,30.964022,35.230968
Colon,Female,AD,,,2,2.4000001,33.11665473277439,30.986053,35.247257
Colon,Female,AD,,,2,2.45,33.1310081138116,31.003532,35.258484
Colon,Female,AD,,,2,2.5,33.14083658443269,31.01672,35.264954
Colon,Female,AD,,,2,2.55,33.14640018906673,31.025858,35.266941
Colon,Female,AD,,,2,2.5999999,33.14794001883499,31.031176,35.264706
Colon,Female,AD,,,2,2.6500001,33.1456798902536,31.032877,35.258484
Colon,Female,AD,,,2,2.7,33.13982792714835,31.03116,35.248497
Colon,Female,AD,,,2,2.75,33.13057785846785,31.026205,35.234951
Colon,Female,AD,,,2,2.8,33.11811027009853,31.018181,35.21804
Colon,Female,AD,,,2,2.8499999,33.10259370615922,31.007244,35.197941
Colon,Female,AD,,,2,2.9000001,33.08418556919173,30.993546,35.174824
Colon,Female,AD,,,2,2.95,33.06303338332985,30.977222,35.148846
Colon,Female,AD,,,2,3.0,33.03927507896673,30.958403,35.120148
Colon,Female,AD,,,2,3.05,32.99951526822271,30.924551,35.074478
Colon,Female,AD,,,2,3.0999999,32.95745431681929,30.888485,35.026424
Colon,Female,AD,,,2,3.1500001,32.91320856168083,30.850317,34.976101
Colon,Female,AD,,,2,3.2,32.86688802713455,30.810146,34.92363
Colon,Female,AD,,,2,3.25,32.81859567414598,30.768072,34.869118
Colon,Female,AD,,,2,3.3,32.76842870506447,30.724186,34.812672
Colon,Female,AD,,,2,3.3499999,32.71647878763356,30.678576,34.754383
Colon,Female,AD,,,2,3.4000001,32.6628321884312,30.631319,34.694347
Colon,Female,AD,,,2,3.45,32.60757116426407,30.582497,34.632645
Colon,Female,AD,,,2,3.5,32.55077275684504,30.532181,34.569366
Colon,Female,AD,,,2,3.55,32.49251011140885,30.48044,34.504581
Colon,Female,AD,,,2,3.5999999,32.43285250335651,30.427341,34.438362
Colon,Female,AD,,,2,3.6500001,32.37186530058823,30.372944,34.370785
Colon,Female,AD,,,2,3.7,32.30961136910656,30.31731,34.30191
Colon,Female,AD,,,2,3.75,32.24614954532223,30.260496,34.231804
Colon,Female,AD,,,2,3.8,32.181535994166,30.202551,34.160519
Colon,Female,AD,,,2,3.8499999,32.11582410699485,30.14353,34.088116
Colon,Female,AD,,,2,3.9000001,32.04906435250551,30.083479,34.014648
Colon,Female,AD,,,2,3.95,31.98130571403827,30.022446,33.940166
Colon,Female,AD,,,2,4.0,31.9125939265282,29.960472,33.864716
Colon,Female,AD,,,2,4.0500002,31.82885552112008,29.884348,33.773365
Colon,Female,AD,,,2,4.0999999,31.74434463716526,29.807451,33.68124
Colon,Female,AD,,,2,4.1500001,31.6591003114921,29.72982,33.588383
Colon,Female,AD,,,2,4.1999998,31.57316294715653,29.651491,33.494835
Colon,Female,AD,,,2,4.25,31.48656791759424,29.572502,33.400635
Colon,Female,AD,,,2,4.3000002,31.39935138569278,29.492884,33.30582
Colon,Female,AD,,,2,4.3499999,31.31154796391809,29.41267,33.210426
Colon,Female,AD,,,2,4.4000001,31.2231882615296,29.331892,33.114487
Colon,Female,AD,,,2,4.4499998,31.13430483962398,29.250578,33.018032
Colon,Female,AD,,,2,4.5,31.04492554632164,29.168758,32.921093
Colon,Female,AD,,,2,4.5500002,30.95507950804198,29.086458,32.8237
Colon,Female,AD,,,2,4.5999999,30.86479467234143,29.003706,32.725883
Colon,Female,AD,,,2,4.6500001,30.77409526642239,28.920525,32.627666
Colon,Female,AD,,,2,4.6999998,30.6830078919304,28.836941,32.529076
Colon,Female,AD,,,2,4.75,30.59155466050541,28.752974,32.430138
Colon,Female,AD,,,2,4.8000002,30.49975931611512,28.668646,32.330872
Colon,Female,AD,,,2,4.8499999,30.4076446915555,28.583982,32.231308
Colon,Female,AD,,,2,4.9000001,30.31523010331971,28.498999,32.131462
Colon,Female,AD,,,2,4.9499998,30.22253755036843,28.413719,32.031357
Colon,Female,AD,,,2,5.0,30.12958470424778,28.328157,31.931011
Colon,Female,ADa,,,0,0.0,0.0,0.0,0.0
Colon,Female,ADa,,,0,0.050000001,6.722403827456141,6.6871572,6.7576504
Colon,Female,ADa,,,0,0.1,11.36005165322324,11.302163,11.41794
Colon,Female,ADa,,,0,0.15000001,15.01208057062771,14.936635,15.087525
Colon,Female,ADa,,,0,0.2,18.02419398127881,17.934481,18.113907
Colon,Female,ADa,,,0,0.25,20.57799804977205,20.476406,20.67959
Colon,Female,ADa,,,0,0.30000001,22.78493147714973,22.673302,22.896563
Colon,Female,ADa,,,0,0.34999999,24.71957146695999,24.599371,24.839771
Colon,Female,ADa,,,0,0.40000001,26.43475670966953,26.307192,26.562323
Colon,Female,ADa,,,0,0.44999999,27.96947722622502,27.83555,28.103403
Colon,Female,ADa,,,0,0.5,29.35341465973396,29.213978,29.492851
Colon,Female,ADa,,,0,0.55000001,30.60971772447928,30.4655,30.753937
Colon,Female,ADa,,,0,0.60000002,31.75680399090626,31.608435,31.905174
Colon,Female,ADa,,,0,0.64999998,32.80956797886756,32.657597,32.96154
Colon,Female,ADa,,,0,0.69999999,33.78022809014649,33.625137,33.935318
Colon,Female,ADa,,,0,0.75,34.67893465086044,34.521152,34.83672
Colon,Female,ADa,,,0,0.80000001,35.51498079545655,35.354881,35.675083
Colon,Female,ADa,,,0,0.85000002,36.29723514440263,36.135143,36.459324
Colon,Female,ADa,,,0,0.89999998,37.03305839296263,36.869267,37.19685
Colon,Female,ADa,,,0,0.94999999,37.72852772632228,37.563293,37.893761
Colon,Female,ADa,,,0,1.0,38.38869777666946,38.222252,38.555145
Colon,Female,ADa,,,0,1.05,39.01213982428487,38.8447,39.179581
Colon,Female,ADa,,,0,1.1,39.60794081057307,39.439693,39.776188
Colon,Female,ADa,,,0,1.15,40.17915043112851,40.010273,40.34803
Colon,Female,ADa,,,0,1.2,40.72838135428714,40.559029,40.897736
Colon,Female,ADa,,,0,1.25,41.25787504456594,41.088196,41.427555
Colon,Female,ADa,,,0,1.3,41.76957252234666,41.599701,41.939442
Colon,Female,ADa,,,0,1.35,42.26515983900441,42.095226,42.435093
Colon,Female,ADa,,,0,1.4,42.7461050335088,42.576229,42.915981
Colon,Female,ADa,,,0,1.45,43.21365188362802,43.043949,43.383358
Colon,Female,ADa,,,0,1.5,43.66830320598442,43.498878,43.837727
Colon,Female,ADa,,,0,1.55,44.11015164349675,43.941116,44.27919
Colon,Female,ADa,,,0,1.6,44.53933421855535,44.370785,44.707882
Colon,Female,ADa,,,0,1.65,44.95602751005117,44.788067,45.123985
Colon,Female,ADa,,,0,1.7,45.36044551940634,45.193169,45.527721
Colon,Female,ADa,,,0,1.75,45.75282418107437,45.586323,45.919323
Colon,Female,ADa,,,0,1.8,46.13342199949645,45.967785,46.299061
Colon,Female,ADa,,,0,1.85,46.50251194057631,46.337822,46.667202
Colon,Female,ADa,,,0,1.9,46.86037472198399,46.696709,47.02404
Colon,Female,ADa,,,0,1.95,47.20730144275194,47.044739,47.369865
Colon,Female,ADa,,,0,2.0,47.54358389456064,47.382195,47.704975
Colon,Female,ADa,,,0,2.05,47.86200745008199,47.70187,48.022144
Colon,Female,ADa,,,0,2.0999999,48.17029834305021,48.011478,48.329117
Colon,Female,ADa,,,0,2.1500001,48.46875587158684,48.311314,48.626198
Colon,Female,ADa,,,0,2.2,48.75767175889564,48.601665,48.913677
Colon,Female,ADa,,,0,2.25,49.03733763517556,48.88282,49.191856
Colon,Female,ADa,,,0,2.3,49.30803845100169,49.155056,49.461018
Colon,Female,ADa,,,0,2.3499999,49.57006741683711,49.418671,49.721462
Colon,Female,ADa,,,0,2.4000001,49.82381712325829,49.674049,49.973583
Colon,Female,ADa,,,0,2.45,50.06970197211916,49.921604,50.2178
Colon,Female,ADa,,,0,2.5,50.3081126698174,50.16172,50.454506
Colon,Female,ADa,,,0,2.55,50.53941332033804,50.39476,50.684067
Colon,Female,ADa,,,0,2.5999999,50.76394470916307,50.621067,50.906822
Colon,Female,ADa,,,0,2.6500001,50.9820271845602,50.84095,51.123104
Colon,Female,ADa,,,0,2.7,51.19395820895875,51.05471,51.333206
Colon,Female,ADa,,,0,2.75,51.40002011917824,51.262627,51.537411
Colon,Female,ADa,,,0,2.8,51.60047732069881,51.464962,51.735992
Colon,Female,ADa,,,0,2.8499999,51.79557860028575,51.661961,51.929195
Colon,Female,ADa,,,0,2.9000001,51.98555916543819,51.853859,52.11726
Colon,Female,ADa,,,0,2.95,52.17063809013223,52.040874,52.300404
Colon,Female,ADa,,,0,3.0,52.35102470294095,52.223209,52.47884
Colon,Female,ADa,,,0,3.05,52.51812989656173,52.392288,52.643974
Colon,Female,ADa,,,0,3.0999999,52.68089666642436,52.557037,52.804756
Colon,Female,ADa,,,0,3.1500001,52.8395041629733,52.71764,52.961369
Colon,Female,ADa,,,0,3.2,52.99411976502392,52.874256,53.113983
Colon,Female,ADa,,,0,3.25,53.14490424273095,53.02705,53.26276
Colon,Female,ADa,,,0,3.3,53.29200929022949,53.17617,53.407848
Colon,Female,ADa,,,0,3.3499999,53.4355788232786,53.321758,53.5494
Colon,Female,ADa,,,0,3.4000001,53.57575013029856,53.463951,53.68755
Colon,Female,ADa,,,0,3.45,53.71265166831927,53.602879,53.822426
Colon,Female,ADa,,,0,3.5,53.84640749153425,53.738659,53.954159
Colon,Female,ADa,,,0,3.55,53.9771349503979,53.871407,54.082863
Colon,Female,ADa,,,0,3.5999999,54.10494572773371,54.00124,54.208652
Colon,Female,ADa,,,0,3.6500001,54.22994676200921,54.128258,54.331635
Colon,Female,ADa,,,0,3.7,54.35223818659176,54.25256,54.451916
Colon,Female,ADa,,,0,3.75,54.47191719350815,54.374245,54.569588
Colon,Female,ADa,,,0,3.8,54.58907590460529,54.493404,54.68475
Colon,Female,ADa,,,0,3.8499999,54.70380222400985,54.610119,54.797485
Colon,Female,ADa,,,0,3.9000001,54.81618060139999,54.724476,54.907883
Colon,Female,ADa,,,0,3.95,54.92629011712677,54.836555,55.016026
Colon,Female,ADa,,,0,4.0,55.0342078997574,54.946426,55.12199
Colon,Female,ADa,,,0,4.0500002,55.13026379633521,55.04443,55.216095
Colon,Female,ADa,,,0,4.0999999,55.22427279834852,55.140373,55.308174
Colon,Female,ADa,,,0,4.1500001,55.31630503356109,55.234318,55.398293
Colon,Female,ADa,,,0,4.1999998,55.4064241485089,55.326336,55.486515
Colon,Female,ADa,,,0,4.25,55.49469448151723,55.416481,55.57291
Colon,Female,ADa,,,0,4.3000002,55.5811751402274,55.504814,55.657536
Colon,Female,ADa,,,0,4.3499999,55.66592278781332,55.591389,55.740456
Colon,Female,ADa,,,0,4.4000001,55.74899411398894,55.676266,55.821724
Colon,Female,ADa,,,0,4.4499998,55.83044033319061,55.759487,55.901394
Colon,Female,ADa,,,0,4.5,55.9103136338191,55.841106,55.979519
Colon,Female,ADa,,,0,4.5500002,55.98866180491029,55.921169,56.056156
Colon,Female,ADa,,,0,4.5999999,56.06553072868047,55.999718,56.131344
Colon,Female,ADa,,,0,4.6500001,56.14096660567088,56.076797,56.205135
Colon,Female,ADa,,,0,4.6999998,56.21501094348599,56.152447,56.277576
Colon,Female,ADa,,,0,4.75,56.28770639544433,56.226704,56.348709
Colon,Female,ADa,,,0,4.8000002,56.35909186122086,56.299606,56.418575
Colon,Female,ADa,,,0,4.8499999,56.42920473433009,56.371189,56.487221
Colon,Female,ADa,,,0,4.9000001,56.49808292074414,56.441486,56.554676
Colon,Female,ADa,,,0,4.9499998,56.56576025292526,56.510532,56.620991
Colon,Female,ADa,,,0,5.0,56.63227180816324,56.57835,56.686192
Colon,Female,ADa,,,1,0.0,0.0,0.0,0.0
Colon,Female,ADa,,,1,0.050000001,4.539452154871569,4.5092444,4.5696597
Colon,Female,ADa,,,1,0.1,7.668890898523575,7.6183505,7.7194309
Colon,Female,ADa,,,1,0.15000001,10.17470744096545,10.107984,10.241431
Colon,Female,ADa,,,1,0.2,12.27213870968995,12.192049,12.352229
Colon,Female,ADa,,,1,0.25,14.07234094816693,13.980998,14.163684
Colon,Female,ADa,,,1,0.30000001,15.64374108628867,15.542812,15.744669
Colon,Female,ADa,,,1,0.34999999,17.03263595768806,16.923475,17.141796
Colon,Female,ADa,,,1,0.40000001,18.27229549003012,18.156025,18.388567
Colon,Female,ADa,,,1,0.44999999,19.38764787621768,19.265209,19.510086
Colon,Female,ADa,,,1,0.5,20.3979645166196,20.270164,20.525764
Colon,Female,ADa,,,1,0.55000001,21.31850102859187,21.186029,21.450972
Colon,Female,ADa,,,1,0.60000002,22.16156849986018,22.025026,22.298111
Colon,Female,ADa,,,1,0.64999998,22.93725627672372,22.797167,23.077347
Colon,Female,ADa,,,1,0.69999999,23.65394405298174,23.510767,23.797121
Colon,Female,ADa,,,1,0.75,24.31867352650417,24.172815,24.464531
Colon,Female,ADa,,,1,0.80000001,24.9379897920892,24.78981,25.08617
Colon,Female,ADa,,,1,0.85000002,25.51822413848255,25.368034,25.668413
Colon,Female,ADa,,,1,0.89999998,26.0646637022796,25.912741,26.216587
Colon,Female,ADa,,,1,0.94999999,26.58169537724618,26.428286,26.735106
Colon,Female,ADa,,,1,1.0,27.07298374067015,26.918304,27.227663
Colon,Female,ADa,,,1,1.05,27.54024520647894,27.384502,27.695988
Colon,Female,ADa,,,1,1.1,27.98741619538455,27.830791,28.144041
Colon,Female,ADa,,,1,1.15,28.41672448601582,28.259382,28.574066
Colon,Female,ADa,,,1,1.2,28.8300835870867,28.672176,28.987989
Colon,Female,ADa,,,1,1.25,29.22913872808812,29.070808,29.387468
Colon,Female,ADa,,,1,1.3,29.61531749343087,29.456697,29.773939
Colon,Female,ADa,,,1,1.35,29.98986211578489,29.831074,30.148651
Colon,Female,ADa,,,1,1.4,30.35385582936809,30.195017,30.512695
Colon,Female,ADa,,,1,1.45,30.70821620684632,30.549438,30.866995
Colon,Female,ADa,,,1,1.5,31.0532953597089,30.894684,31.211906
Colon,Female,ADa,,,1,1.55,31.38913462117478,31.230795,31.547476
Colon,Female,ADa,,,1,1.6,31.7158148626732,31.557846,31.873783
Colon,Female,ADa,,,1,1.65,32.03345218840826,31.875954,32.190948
Colon,Female,ADa,,,1,1.7,32.3421956440194,32.185261,32.49913
Colon,Female,ADa,,,1,1.75,32.64221480617974,32.485935,32.798492
Colon,Female,ADa,,,1,1.8,32.93369972412077,32.778164,33.089237
Colon,Female,ADa,,,1,1.85,33.21685424288799,33.062145,33.371563
Colon,Female,ADa,,,1,1.9,33.49189042258718,33.338085,33.645695
Colon,Female,ADa,,,1,1.95,33.7590301730873,33.606209,33.911854
Colon,Female,ADa,,,1,2.0,34.01849746591427,33.86673,34.170265
Colon,Female,ADa,,,1,2.05,34.26865402046292,34.118015,34.419292
Colon,Female,ADa,,,1,2.0999999,34.51156515309509,34.362122,34.661011
Colon,Female,ADa,,,1,2.1500001,34.74746091058023,34.599274,34.895649
Colon,Female,ADa,,,1,2.2,34.97656602675997,34.829693,35.12344
Colon,Female,ADa,,,1,2.25,35.19910567064468,35.0536,35.344612
Colon,Female,ADa,,,1,2.3,35.41530009840471,35.271214,35.559387
Colon,Female,ADa,,,1,2.3499999,35.62537520341479,35.482754,35.767998
Colon,Female,ADa,,,1,2.4000001,35.82962705030207,35.688519,35.970737
Colon,Female,ADa,,,1,2.45,36.02836573920789,35.888809,36.167923
Colon,Female,ADa,,,1,2.5,36.22188367879292,36.08392,36.359848
Colon,Female,ADa,,,1,2.55,36.41045312884444,36.274117,36.546791
Colon,Female,ADa,,,1,2.5999999,36.59432871121697,36.459656,36.729004
Colon,Female,ADa,,,1,2.6500001,36.77374963564196,36.64077,36.906731
Colon,Female,ADa,,,1,2.7,36.94893755191742,36.81768,37.080196
Colon,Female,ADa,,,1,2.75,37.12010282046822,36.990593,37.249611
Colon,Female,ADa,,,1,2.8,37.28744210691576,37.159706,37.415176
Colon,Female,ADa,,,1,2.8499999,37.45114019304839,37.325203,37.577076
Colon,Female,ADa,,,1,2.9000001,37.61137159543443,37.487255,37.735489
Colon,Female,ADa,,,1,2.95,37.76829831429708,37.646019,37.890579
Colon,Female,ADa,,,1,3.0,37.9220751381327,37.801651,38.0425
Colon,Female,ADa,,,1,3.05,38.07051957738776,37.951973,38.189064
Colon,Female,ADa,,,1,3.0999999,38.2160751235979,38.099422,38.332729
Colon,Female,ADa,,,1,3.1500001,38.35887222053901,38.244125,38.473621
Colon,Female,ADa,,,1,3.2,38.49903207575159,38.3862,38.611862
Colon,Female,ADa,,,1,3.25,38.63667121880817,38.525768,38.747574
Colon,Female,ADa,,,1,3.3,38.77189920188979,38.66293,38.880867
Colon,Female,ADa,,,1,3.3499999,38.90481969012541,38.797794,39.011845
Colon,Female,ADa,,,1,3.4000001,39.03553145200596,38.930454,39.14061
Colon,Female,ADa,,,1,3.45,39.16412622110974,39.061005,39.26725
Colon,Female,ADa,,,1,3.5,39.2906927538009,39.189526,39.391857
Colon,Female,ADa,,,1,3.55,39.41531462141901,39.316109,39.514523
Colon,Female,ADa,,,1,3.5999999,39.53807111267105,39.440826,39.635319
Colon,Female,ADa,,,1,3.6500001,39.65903806061516,39.563751,39.754326
Colon,Female,ADa,,,1,3.7,39.77828578034087,39.684959,39.871613
Colon,Female,ADa,,,1,3.75,39.89588274918651,39.804512,39.987251
Colon,Female,ADa,,,1,3.8,40.01189349604385,39.922478,40.101311
Colon,Female,ADa,,,1,3.8499999,40.12637937311345,40.03891,40.213848
Colon,Female,ADa,,,1,3.9000001,40.23939926930143,40.153873,40.324928
Colon,Female,ADa,,,1,3.95,40.35100762761246,40.267414,40.434601
Colon,Female,ADa,,,1,4.0,40.46125783338374,40.379593,40.542923
Colon,Female,ADa,,,1,4.0500002,40.56749775321742,40.487751,40.647243
Colon,Female,ADa,,,1,4.0999999,40.67246008958725,40.594624,40.750298
Colon,Female,ADa,,,1,4.1500001,40.77619278929114,40.700253,40.852131
Colon,Female,ADa,,,1,4.1999998,40.87873765660902,40.80468,40.952797
Colon,Female,ADa,,,1,4.25,40.98013838165627,40.907948,41.05233
Colon,Female,ADa,,,1,4.3000002,41.08043377162417,41.010094,41.150776
Colon,Female,ADa,,,1,4.3499999,41.17966083103312,41.111149,41.248173
Colon,Female,ADa,,,1,4.4000001,41.27785764619586,41.211155,41.344559
Colon,Female,ADa,,,1,4.4499998,41.37505687302115,41.310143,41.439972
Colon,Female,ADa,,,1,4.5,41.47129331265467,41.408142,41.534443
Colon,Female,ADa,,,1,4.5500002,41.56659747630792,41.505184,41.628014
Colon,Female,ADa,,,1,4.5999999,41.66099847923627,41.601292,41.720707
Colon,Female,ADa,,,1,4.6500001,41.75452677043972,41.696495,41.812557
Colon,Female,ADa,,,1,4.6999998,41.84720791643005,41.790817,41.903595
Colon,Female,ADa,,,1,4.75,41.93906979941818,41.884285,41.993855
Colon,Female,ADa,,,1,4.8000002,42.03013646782023,41.976921,42.083355
Colon,Female,ADa,,,1,4.8499999,42.12043087682707,42.068737,42.172123
Colon,Female,ADa,,,1,4.9000001,42.20997748943753,42.15976,42.260193
Colon,Female,ADa,,,1,4.9499998,42.29879631545185,42.250008,42.347584
Colon,Female,ADa,,,1,5.0,42.38690979070196,42.339493,42.434326
Colon,Female,ADa,,,2,0.0,0.0,0.0,0.0
Colon,Female,ADa,,,2,0.050000001,2.160441100289322,2.1459408,2.1749413
Colon,Female,ADa,,,2,0.1,3.653045325763204,3.6297104,3.6763802
Colon,Female,ADa,,,2,0.15000001,4.788365358506972,4.7587256,4.8180051
Colon,Female,ADa,,,2,0.2,5.6950970249842,5.6607041,5.7294898
Colon,Female,ADa,,,2,0.25,6.442695679240195,6.4046082,6.480783
Colon,Female,ADa,,,2,0.30000001,7.073570148034676,7.0325561,7.1145844
Colon,Female,ADa,,,2,0.34999999,7.615614268930337,7.5722547,7.6589742
Colon,Female,ADa,,,2,0.40000001,8.088138705694512,8.0428877,8.1333895
Colon,Female,ADa,,,2,0.44999999,8.505027563751732,8.4582491,8.5518064
Colon,Female,ADa,,,2,0.5,8.876565708105375,8.828557,8.9245739
Colon,Female,ADa,,,2,0.55000001,9.2105560580164,9.1615658,9.2595463
Colon,Female,ADa,,,2,0.60000002,9.513039188137329,9.4632759,9.5628023
Colon,Female,ADa,,,2,0.64999998,9.788771456712112,9.7384138,9.8391294
Colon,Female,ADa,,,2,0.69999999,10.04155499896814,9.990757,10.092353
Colon,Female,ADa,,,2,0.75,10.2744707658356,10.223366,10.325576
Colon,Female,ADa,,,2,0.80000001,10.4902447588713,10.43895,10.54154
Colon,Female,ADa,,,2,0.85000002,10.69139614630616,10.640011,10.742782
Colon,Female,ADa,,,2,0.89999998,10.87998450094816,10.828597,10.931372
Colon,Female,ADa,,,2,0.94999999,11.05768929754385,11.006377,11.109001
Colon,Female,ADa,,,2,1.0,11.22589212722132,11.174724,11.277061
Colon,Female,ADa,,,2,1.05,11.38154291623988,11.330597,11.432488
Colon,Female,ADa,,,2,1.1,11.52968769160641,11.479017,11.580358
Colon,Female,ADa,,,2,1.15,11.67114382827869,11.620797,11.721491
Colon,Female,ADa,,,2,1.2,11.80660676226005,11.756626,11.856587
Colon,Female,ADa,,,2,1.25,11.9366696548484,11.887093,11.986246
Colon,Female,ADa,,,2,1.3,12.06184337726246,12.012705,12.110982
Colon,Female,ADa,,,2,1.35,12.1825695935294,12.133901,12.231238
Colon,Female,ADa,,,2,1.4,12.29923128709856,12.25106,12.347404
Colon,Female,ADa,,,2,1.45,12.41215311379926,12.364503,12.459804
Colon,Female,ADa,,,2,1.5,12.52148451838548,12.474379,12.56859
Colon,Female,ADa,,,2,1.55,12.62727578565507,12.580735,12.673817
Colon,Female,ADa,,,2,1.6,12.72958221528024,12.683625,12.775539
Colon,Female,ADa,,,2,1.65,12.82846358511527,12.783106,12.873821
Colon,Female,ADa,,,2,1.7,12.92398428708184,12.879241,12.968727
Colon,Female,ADa,,,2,1.75,13.01621023425623,12.972094,13.060327
Colon,Female,ADa,,,2,1.8,13.10520953771726,13.061731,13.148687
Colon,Female,ADa,,,2,1.85,13.19105106146979,13.148221,13.233881
Colon,Female,ADa,,,2,1.9,13.27380328062127,13.231629,13.315977
Colon,Female,ADa,,,2,1.95,13.35353526272225,13.312025,13.395045
Colon,Female,ADa,,,2,2.0,13.43031475766239,13.389474,13.471156
Colon,Female,ADa,,,2,2.05,13.49869845149765,13.458546,13.538851
Colon,Female,ADa,,,2,2.0999999,13.56421526186342,13.524755,13.603676
Colon,Female,ADa,,,2,2.1500001,13.62693437859485,13.588167,13.665702
Colon,Female,ADa,,,2,2.2,13.68692274824288,13.64885,13.724995
Colon,Female,ADa,,,2,2.25,13.74424680626283,13.70687,13.781624
Colon,Female,ADa,,,2,2.3,13.79897123014862,13.762289,13.835653
Colon,Female,ADa,,,2,2.3499999,13.85116329442413,13.815175,13.887152
Colon,Female,ADa,,,2,2.4000001,13.90091925280885,13.865623,13.936215
Colon,Female,ADa,,,2,2.45,13.94834303841441,13.913735,13.98295
Colon,Female,ADa,,,2,2.5,13.99353260280091,13.959611,14.027454
Colon,Female,ADa,,,2,2.55,14.03657945950006,14.00334,14.069819
Colon,Female,ADa,,,2,2.5999999,14.07756945586765,14.045007,14.110132
Colon,Female,ADa,,,2,2.6500001,14.11658342834698,14.084692,14.148475
Colon,Female,ADa,,,2,2.7,14.1536968932099,14.122472,14.184922
Colon,Female,ADa,,,2,2.75,14.18898154493069,14.158417,14.219546
Colon,Female,ADa,,,2,2.8,14.22250484808216,14.192593,14.252417
Colon,Female,ADa,,,2,2.8499999,14.25433053964088,14.225064,14.283597
Colon,Female,ADa,,,2,2.9000001,14.28451905112304,14.255891,14.313148
Colon,Female,ADa,,,2,2.95,14.31312719628395,14.28513,14.341125
Colon,Female,ADa,,,2,3.0,14.34020926659252,14.312833,14.367585
Colon,Female,ADa,,,2,3.05,14.35950920689177,14.332755,14.386264
Colon,Female,ADa,,,2,3.0999999,14.37737551524841,14.351233,14.403518
Colon,Female,ADa,,,2,3.1500001,14.39385661723342,14.368317,14.419396
Colon,Female,ADa,,,2,3.2,14.40899839910281,14.38405,14.433947
Colon,Female,ADa,,,2,3.25,14.42284483130028,14.398478,14.447212
Colon,Female,ADa,,,2,3.3,14.43543778745938,14.41164,14.459235
Colon,Female,ADa,,,2,3.3499999,14.44681725457251,14.423578,14.470057
Colon,Female,ADa,,,2,3.4000001,14.45702149693579,14.434329,14.479713
Colon,Female,ADa,,,2,3.45,14.46608697586773,14.44393,14.488244
Colon,Female,ADa,,,2,3.5,14.47404874167103,14.452414,14.495684
Colon,Female,ADa,,,2,3.55,14.48094032622079,14.459815,14.502066
Colon,Female,ADa,,,2,3.5999999,14.48679388003772,14.466165,14.507423
Colon,Female,ADa,,,2,3.6500001,14.49164027233939,14.471494,14.511786
Colon,Female,ADa,,,2,3.7,14.4955090769342,14.475832,14.515185
Colon,Female,ADa,,,2,3.75,14.49842877888839,14.479207,14.517651
Colon,Female,ADa,,,2,3.8,14.50042674084589,14.481647,14.519207
Colon,Female,ADa,,,2,3.8499999,14.50152928748209,14.483175,14.519883
Colon,Female,ADa,,,2,3.9000001,14.50176175948893,14.483818,14.519705
Colon,Female,ADa,,,2,3.95,14.50114856449689,14.483601,14.518696
Colon,Female,ADa,,,2,4.0,14.49971323132181,14.482545,14.516881
Colon,Female,ADa,,,2,4.0500002,14.49060068917578,14.473803,14.5074
Colon,Female,ADa,,,2,4.0999999,14.48072921294931,14.464283,14.497175
Colon,Female,ADa,,,2,4.1500001,14.4701207686935,14.454011,14.486231
Colon,Female,ADa,,,2,4.1999998,14.45879694599456,14.443006,14.474588
Colon,Female,ADa,,,2,4.25,14.446778185843,14.431287,14.462269
Colon,Female,ADa,,,2,4.3000002,14.43408455350415,14.418877,14.449292
Colon,Female,ADa,,,2,4.3499999,14.42073547551438,14.405792,14.435678
Colon,Female,ADa,,,2,4.4000001,14.40674935889007,14.392054,14.421446
Colon,Female,ADa,,,2,4.4499998,14.39214452575389,14.377677,14.406612
Colon,Female,ADa,,,2,4.5,14.3769381737811,14.362681,14.391195
Colon,Female,ADa,,,2,4.5500002,14.36114736153162,14.347082,14.375213
Colon,Female,ADa,,,2,4.5999999,14.34478863943892,14.330897,14.358681
Colon,Female,ADa,,,2,4.6500001,14.32787757912068,14.314141,14.341614
Colon,Female,ADa,,,2,4.6999998,14.3104298997682,14.29683,14.32403
Colon,Female,ADa,,,2,4.75,14.29246019867102,14.278979,14.305941
Colon,Female,ADa,,,2,4.8000002,14.27398312209993,14.260604,14.287362
Colon,Female,ADa,,,2,4.8499999,14.25501290586999,14.241717,14.268309
Colon,Female,ADa,,,2,4.9000001,14.23556282784561,14.222334,14.248792
Colon,Female,ADa,,,2,4.9499998,14.21564650189974,14.202468,14.228825
Colon,Female,ADa,,,2,5.0,14.19527640991261,14.182132,14.208421
Colon,Female,ADb,,,0,0.0,0.0,0.0,0.0
Colon,Female,ADb,,,0,0.050000001,6.503158091597872,5.9832516,7.0230646
Colon,Female,ADb,,,0,0.1,11.40139700008901,10.489857,12.312937
Colon,Female,ADb,,,0,0.15000001,15.42450818892716,14.189732,16.659285
Colon,Female,ADb,,,0,0.2,18.85208502198388,17.339792,20.364376
Colon,Female,ADb,,,0,0.25,21.83896557184188,20.082453,23.595478
Colon,Female,ADb,,,0,0.30000001,24.48320681541938,22.508018,26.458395
Colon,Female,ADb,,,0,0.34999999,26.85193921301476,24.678398,29.02548
Colon,Female,ADb,,,0,0.40000001,28.99359771442391,26.638323,31.348873
Colon,Female,ADb,,,0,0.44999999,30.94447885967739,28.42135,33.467606
Colon,Female,ADb,,,0,0.5,32.73259912938317,30.053421,35.411777
Colon,Female,ADb,,,0,0.55000001,34.38008814319087,31.555038,37.205139
Colon,Female,ADb,,,0,0.60000002,35.90476675079077,32.942734,38.866798
Colon,Female,ADb,,,0,0.64999998,37.32121541862639,34.230049,40.412384
Colon,Female,ADb,,,0,0.69999999,38.64153356075838,35.428215,41.854851
Colon,Female,ADb,,,0,0.75,39.8759193134733,36.546722,43.205116
Colon,Female,ADb,,,0,0.80000001,41.03405782076402,37.594555,44.473564
Colon,Female,ADb,,,0,0.85000002,42.12503927851498,38.580135,45.669945
Colon,Female,ADb,,,0,0.89999998,43.15643089053248,39.510479,46.802383
Colon,Female,ADb,,,0,0.94999999,44.134552884665,40.391445,47.877663
Colon,Female,ADb,,,0,1.0,45.06472157674705,41.227966,48.901478
Colon,Female,ADb,,,0,1.05,45.94305652277131,42.016361,49.869751
Colon,Female,ADb,,,0,1.1,46.78162947279037,42.767906,50.795353
Colon,Female,ADb,,,0,1.15,47.5837671240493,43.485687,51.681847
Colon,Female,ADb,,,0,1.2,48.35235383881593,44.17239,52.532318
Colon,Female,ADb,,,0,1.25,49.08989112071777,44.830334,53.349449
Colon,Female,ADb,,,0,1.3,49.7985709480858,45.461559,54.135582
Colon,Female,ADb,,,0,1.35,50.4803189521503,46.067867,54.892773
Colon,Female,ADb,,,0,1.4,51.13682993258999,46.650826,55.622837
Colon,Female,ADb,,,0,1.45,51.76960490151129,47.211838,56.327374
Colon,Female,ADb,,,0,1.5,52.37963657284621,47.751842,57.007431
Colon,Female,ADb,,,0,1.55,52.96738772158187,48.271294,57.663483
Colon,Female,ADb,,,0,1.6,53.53331453356088,48.770645,58.295986
Colon,Female,ADb,,,0,1.65,54.07789591291601,49.250362,58.90543
Colon,Female,ADb,,,0,1.7,54.60163558199775,49.710938,59.492332
Colon,Female,ADb,,,0,1.75,55.10504579364874,50.152863,60.057228
Colon,Female,ADb,,,0,1.8,55.58865136883844,50.576649,60.600655
Colon,Female,ADb,,,0,1.85,56.05298177685216,50.982796,61.123169
Colon,Female,ADb,,,0,1.9,56.49856477306736,51.371811,61.625317
Colon,Female,ADb,,,0,1.95,56.92593136463159,51.744202,62.107662
Colon,Female,ADb,,,0,2.0,57.33560511307996,52.10046,62.570747
Colon,Female,ADb,,,0,2.05,57.71782211849984,52.431377,63.004265
Colon,Female,ADb,,,0,2.0999999,58.08335768871211,52.74712,63.419598
Colon,Female,ADb,,,0,2.1500001,58.43272623641866,53.048168,63.817284
Colon,Female,ADb,,,0,2.2,58.76642810052681,53.334995,64.197861
Colon,Female,ADb,,,0,2.25,59.08495880164452,53.608067,64.561852
Colon,Female,ADb,,,0,2.3,59.38880173066502,53.867832,64.909775
Colon,Female,ADb,,,0,2.3499999,59.67843590718013,54.114742,65.242126
Colon,Female,ADb,,,0,2.4000001,59.95441569230212,54.349312,65.559517
Colon,Female,ADb,,,0,2.45,60.21732570259633,54.572079,65.862572
Colon,Female,ADb,,,0,2.5,60.46772134737682,54.78355,66.151894
Colon,Female,ADb,,,0,2.55,60.70612460093798,54.984211,66.42804
Colon,Female,ADb,,,0,2.5999999,60.9330277680175,55.174515,66.691544
Colon,Female,ADb,,,0,2.6500001,61.14889668351259,55.354885,66.942909
Colon,Female,ADb,,,0,2.7,61.35416864613575,55.52573,67.18261
Colon,Female,ADb,,,0,2.75,61.54926041231931,55.687424,67.411095
Colon,Female,ADb,,,0,2.8,61.73456569093634,55.840336,67.628792
Colon,Female,ADb,,,0,2.8499999,61.91045771809081,55.984802,67.836113
Colon,Female,ADb,,,0,2.9000001,62.07729142269966,56.121151,68.033432
Colon,Female,ADb,,,0,2.95,62.23540156322076,56.249683,68.221115
Colon,Female,ADb,,,0,3.0,62.38510866933308,56.370701,68.399521
Colon,Female,ADb,,,0,3.05,62.51552332455964,56.473881,68.557167
Colon,Female,ADb,,,0,3.0999999,62.63816905954587,56.570122,68.706215
Colon,Female,ADb,,,0,3.1500001,62.75332454479053,56.659676,68.846977
Colon,Female,ADb,,,0,3.2,62.86125384760351,56.742786,68.979721
Colon,Female,ADb,,,0,3.25,62.96221051564851,56.819679,69.104744
Colon,Female,ADb,,,0,3.3,63.05643607780041,56.890579,69.22229
Colon,Female,ADb,,,0,3.3499999,63.1441612882503,56.9557,69.332626
Colon,Female,ADb,,,0,3.4000001,63.22560712818483,57.015232,69.435982
Colon,Female,ADb,,,0,3.45,63.30098386521138,57.069374,69.532593
Colon,Female,ADb,,,0,3.5,63.37049392347905,57.118313,69.622673
Colon,Female,ADb,,,0,3.55,63.43433080506509,57.162216,69.706444
Colon,Female,ADb,,,0,3.5999999,63.4926799619609,57.201256,69.784103
Colon,Female,ADb,,,0,3.6500001,63.54571947349865,57.235592,69.85585
Colon,Female,ADb,,,0,3.7,63.59361946768621,57.265381,69.92186
Colon,Female,ADb,,,0,3.75,63.63654401797885,57.290771,69.982315
Colon,Female,ADb,,,0,3.8,63.67465046290562,57.311901,70.037399
Colon,Female,ADb,,,0,3.8499999,63.70809000414562,57.328915,70.087265
Colon,Female,ADb,,,0,3.9000001,63.73700814528797,57.341934,70.13208
Colon,Female,ADb,,,0,3.95,63.76154445373083,57.351097,70.171997
Colon,Female,ADb,,,0,4.0,63.78183366069226,57.356514,70.207153
Colon,Female,ADb,,,0,4.0500002,63.7863019551998,57.347221,70.22538
Colon,Female,ADb,,,0,4.0999999,63.78684955560101,57.334484,70.239212
Colon,Female,ADb,,,0,4.1500001,63.78359739719031,57.318413,70.248779
Colon,Female,ADb,,,0,4.1999998,63.77666208305635,57.29911,70.254211
Colon,Female,ADb,,,0,4.25,63.76615584566218,57.27668,70.25563
Colon,Female,ADb,,,0,4.3000002,63.7521871142294,57.251217,70.253159
Colon,Female,ADb,,,0,4.3499999,63.73486064656129,57.222816,70.246902
Colon,Female,ADb,,,0,4.4000001,63.71427705600649,57.19157,70.236984
Colon,Female,ADb,,,0,4.4499998,63.69053420725311,57.157566,70.223503
Colon,Female,ADb,,,0,4.5,63.66372580303238,57.120888,70.206566
Colon,Female,ADb,,,0,4.5500002,63.63394303784145,57.081615,70.186272
Colon,Female,ADb,,,0,4.5999999,63.60127418290961,57.039829,70.16272
Colon,Female,ADb,,,0,4.6500001,63.56580365311328,56.995605,70.136002
Colon,Female,ADb,,,0,4.6999998,63.52761437685939,56.949017,70.106209
Colon,Female,ADb,,,0,4.75,63.48678520957128,56.900135,70.073433
Colon,Female,ADb,,,0,4.8000002,63.44339352796595,56.84903,70.037758
Colon,Female,ADb,,,0,4.8499999,63.39751435178874,56.795769,69.99926
Colon,Female,ADb,,,0,4.9000001,63.34921902024234,56.74041,69.958023
Colon,Female,ADb,,,0,4.9499998,63.29857840625635,56.683025,69.914131
Colon,Female,ADb,,,0,5.0,63.24565932437156,56.623669,69.867645
Colon,Female,ADb,,,1,0.0,0.0,0.0,0.0
Colon,Female,ADb,,,1,0.050000001,2.865638550379145,2.5288854,3.2023916
Colon,Female,ADb,,,1,0.1,5.080245985861247,4.485487,5.675005
Colon,Female,ADb,,,1,0.15000001,7.00303287954172,6.1824856,7.8235803
Colon,Female,ADb,,,1,0.2,8.725441214729187,7.7007022,9.7501802
Colon,Female,ADb,,,1,0.25,10.29472700624297,9.0821304,11.507323
Colon,Female,ADb,,,1,0.30000001,11.7403248390296,10.353018,13.127632
Colon,Female,ADb,,,1,0.34999999,13.0824840189053,11.53146,14.633508
Colon,Female,ADb,,,1,0.40000001,14.33604354729033,12.630743,16.041344
Colon,Female,ADb,,,1,0.44999999,15.51235947358481,13.661045,17.363674
Colon,Female,ADb,,,1,0.5,16.62041271481368,14.630423,18.610403
Colon,Female,ADb,,,1,0.55000001,17.66748116621412,15.545408,19.789555
Colon,Female,ADb,,,1,0.60000002,18.65958302698675,16.411406,20.907761
Colon,Female,ADb,,,1,0.64999998,19.6017745478198,17.232956,21.970594
Colon,Female,ADb,,,1,0.69999999,20.49836562256885,18.013927,22.982803
Colon,Female,ADb,,,1,0.75,21.35309482475932,18.757679,23.948511
Colon,Female,ADb,,,1,0.80000001,22.16985252302663,19.467688,24.872017
Colon,Female,ADb,,,1,0.85000002,22.95256535821557,20.147453,25.757677
Colon,Female,ADb,,,1,0.89999998,23.70455364937686,20.799931,26.609177
Colon,Female,ADb,,,1,0.94999999,24.42862508883402,21.427622,27.429628
Colon,Female,ADb,,,1,1.0,25.12716626026344,22.032656,28.221678
Colon,Female,ADb,,,1,1.05,25.80053056304041,22.61533,28.985733
Colon,Female,ADb,,,1,1.1,26.45209747306376,23.178669,29.725525
Colon,Female,ADb,,,1,1.15,27.08339478260805,23.724037,30.442751
Colon,Female,ADb,,,1,1.2,27.6957591050153,24.252626,31.138893
Colon,Female,ADb,,,1,1.25,28.29035488985681,24.765472,31.815239
Colon,Female,ADb,,,1,1.3,28.86821011419013,25.263493,32.472927
Colon,Female,ADb,,,1,1.35,29.43023256229426,25.747499,33.112965
Colon,Female,ADb,,,1,1.4,29.97722322658359,26.218204,33.73624
Colon,Female,ADb,,,1,1.45,30.50989481678766,26.676247,34.343544
Colon,Female,ADb,,,1,1.5,31.0286370512033,27.121979,34.935295
Colon,Female,ADb,,,1,1.55,31.53348913694731,27.555452,35.511524
Colon,Female,ADb,,,1,1.6,32.0245060123915,27.976728,36.072281
Colon,Female,ADb,,,1,1.65,32.50177765142163,28.385902,36.617653
Colon,Female,ADb,,,1,1.7,32.96543117538315,28.783098,37.147766
Colon,Female,ADb,,,1,1.75,33.41561663197072,29.168455,37.662777
Colon,Female,ADb,,,1,1.8,33.85251042968292,29.542145,38.162876
Colon,Female,ADb,,,1,1.85,34.2763081045594,29.904346,38.64827
Colon,Female,ADb,,,1,1.9,34.68721817011451,30.255251,39.119186
Colon,Female,ADb,,,1,1.95,35.08546628655191,30.595068,39.575863
Colon,Female,ADb,,,1,2.0,35.47128496370618,30.924007,40.018562
Colon,Female,ADb,,,1,2.05,35.8424676749882,31.240088,40.444847
Colon,Female,ADb,,,1,2.0999999,36.20167343042766,31.5457,40.857647
Colon,Female,ADb,,,1,2.1500001,36.54916090343696,31.841082,41.25724
Colon,Female,ADb,,,1,2.2,36.88518739040924,32.126461,41.643913
Colon,Female,ADb,,,1,2.25,37.2100175059891,32.402073,42.01796
Colon,Female,ADb,,,1,2.3,37.52391541382681,32.668159,42.379669
Colon,Female,ADb,,,1,2.3499999,37.82715046151355,32.924961,42.72934
Colon,Female,ADb,,,1,2.4000001,38.12005748748643,33.172768,43.067348
Colon,Female,ADb,,,1,2.45,38.40300160461393,33.411907,43.394096
Colon,Female,ADb,,,1,2.5,38.67633522231847,33.642689,43.709984
Colon,Female,ADb,,,1,2.55,38.94039239146969,33.865406,44.015381
Colon,Female,ADb,,,1,2.5999999,39.19549129272542,34.080338,44.310646
Colon,Female,ADb,,,1,2.6500001,39.44193637679925,34.28775,44.596123
Colon,Female,ADb,,,1,2.7,39.6800146159573,34.487904,44.872128
Colon,Female,ADb,,,1,2.75,39.91000339523731,34.681034,45.138973
Colon,Female,ADb,,,1,2.8,40.13216655255076,34.867374,45.396957
Colon,Female,ADb,,,1,2.8499999,40.34675629764888,35.04715,45.646366
Colon,Female,ADb,,,1,2.9000001,40.55401485471992,35.220566,45.887463
Colon,Female,ADb,,,1,2.95,40.75417116816499,35.387829,46.120514
Colon,Female,ADb,,,1,3.0,40.9474474107551,35.549133,46.34576
Colon,Female,ADb,,,1,3.05,41.13095093070962,35.701862,46.56004
Colon,Female,ADb,,,1,3.0999999,41.30796989362057,35.848976,46.766964
Colon,Female,ADb,,,1,3.1500001,41.47870138345854,35.99065,46.966751
Colon,Female,ADb,,,1,3.2,41.64333219879006,36.127045,47.159618
Colon,Female,ADb,,,1,3.25,41.80204414844445,36.25832,47.345768
Colon,Female,ADb,,,1,3.3,41.95501115178939,36.384628,47.525391
Colon,Female,ADb,,,1,3.3499999,42.10240042859544,36.506119,47.698685
Colon,Female,ADb,,,1,3.4000001,42.24437350142659,36.622925,47.865822
Colon,Female,ADb,,,1,3.45,42.38108383061444,36.735188,48.026981
Colon,Female,ADb,,,1,3.5,42.51268117239806,36.843033,48.182331
Colon,Female,ADb,,,1,3.55,42.63930912530265,36.946587,48.332031
Colon,Female,ADb,,,1,3.5999999,42.76110608231284,37.045975,48.476238
Colon,Female,ADb,,,1,3.6500001,42.87820602502876,37.141304,48.615105
Colon,Female,ADb,,,1,3.7,42.99073654490581,37.232697,48.748775
Colon,Female,ADb,,,1,3.75,43.09882241131061,37.320255,48.877392
Colon,Female,ADb,,,1,3.8,43.20258352250823,37.404083,49.001083
Colon,Female,ADb,,,1,3.8499999,43.30213566956076,37.484283,49.119987
Colon,Female,ADb,,,1,3.9000001,43.39759116539307,37.560951,49.23423
Colon,Female,ADb,,,1,3.95,43.48905721703841,37.634182,49.343933
Colon,Female,ADb,,,1,4.0,43.57663881962657,37.704067,49.449211
Colon,Female,ADb,,,1,4.0500002,43.65692051655236,37.767525,49.546318
Colon,Female,ADb,,,1,4.0999999,43.73350926448671,37.827797,49.639221
Colon,Female,ADb,,,1,4.1500001,43.80650194583382,37.884975,49.728027
Colon,Female,ADb,,,1,4.1999998,43.87598954565647,37.93914,49.81284
Colon,Female,ADb,,,1,4.25,43.94206285046323,37.990364,49.893764
Colon,Female,ADb,,,1,4.3000002,44.00480784480351,38.038723,49.970894
Colon,Female,ADb,,,1,4.3499999,44.0643079554327,38.084293,50.044323
Colon,Female,ADb,,,1,4.4000001,44.12064571828,38.127144,50.114151
Colon,Female,ADb,,,1,4.4499998,44.17389898371073,38.167339,50.180458
Colon,Female,ADb,,,1,4.5,44.22414531534616,38.204952,50.24334
Colon,Female,ADb,,,1,4.5500002,44.27145845352896,38.240044,50.302876
Colon,Female,ADb,,,1,4.5999999,44.3159100526928,38.272675,50.359146
Colon,Female,ADb,,,1,4.6500001,44.35757091088823,38.30291,50.412231
Colon,Female,ADb,,,1,4.6999998,44.39650814834727,38.330803,50.462212
Colon,Female,ADb,,,1,4.75,44.43278846489613,38.356419,50.509159
Colon,Female,ADb,,,1,4.8000002,44.46647554782078,38.379803,50.553146
Colon,Female,ADb,,,1,4.8499999,44.49763136624256,38.401016,50.594246
Colon,Female,ADb,,,1,4.9000001,44.52631701708975,38.420109,50.632526
Colon,Female,ADb,,,1,4.9499998,44.55259076686929,38.43713,50.668053
Colon,Female,ADb,,,1,5.0,44.57651030291726,38.452129,50.70089
Colon,Female,ADb,,,2,0.0,0.0,0.0,0.0
Colon,Female,ADb,,,2,0.050000001,3.782445473626481,3.3804965,4.1843944
Colon,Female,ADb,,,2,0.1,6.571268524077752,5.8781266,7.2644105
Colon,Female,ADb,,,2,0.15000001,8.750656400450108,7.8331165,9.6681967
Colon,Female,ADb,,,2,0.2,10.51723460043861,9.41998,11.61449
Colon,Female,ADb,,,2,0.25,11.98351715070126,10.7387,13.228334
Colon,Female,ADb,,,2,0.30000001,13.22128454813407,11.853134,14.589436
Colon,Female,ADb,,,2,0.34999999,14.27957307182911,12.80695,15.752196
Colon,Female,ADb,,,2,0.40000001,15.19351742716712,13.631464,16.755571
Colon,Female,ADb,,,2,0.44999999,15.98919456965575,14.349943,17.628447
Colon,Female,ADb,,,2,0.5,16.68650205864192,14.980152,18.392853
Colon,Female,ADb,,,2,0.55000001,17.30095949087564,15.535959,19.06596
Colon,Female,ADb,,,2,0.60000002,17.84489623694733,16.028389,19.661404
Colon,Female,ADb,,,2,0.64999998,18.32825811136854,16.466343,20.190174
Colon,Female,ADb,,,2,0.69999999,18.75917643915481,16.857101,20.661253
Colon,Female,ADb,,,2,0.75,19.14439139596119,17.206701,21.082081
Colon,Female,ADb,,,2,0.80000001,19.48994025146753,17.520561,21.459318
Colon,Female,ADb,,,2,0.85000002,19.80119471846791,17.803505,21.798885
Colon,Female,ADb,,,2,0.89999998,20.08257132295125,18.059496,22.105646
Colon,Female,ADb,,,2,0.94999999,20.33772184909057,18.291819,22.383625
Colon,Female,ADb,,,2,1.0,20.56969140290057,18.503208,22.636175
Colon,Female,ADb,,,2,1.05,20.77401393609506,18.689747,22.85828
Colon,Female,ADb,,,2,1.1,20.9597877630556,18.85952,23.060057
Colon,Female,ADb,,,2,1.15,21.12888155591912,19.014206,23.243557
Colon,Female,ADb,,,2,1.2,21.28290270916699,19.155252,23.410553
Colon,Female,ADb,,,2,1.25,21.42323963430232,19.283913,23.562567
Colon,Female,ADb,,,2,1.3,21.55110079771833,19.40127,23.700932
Colon,Female,ADb,,,2,1.35,21.66754277541105,19.50828,23.826807
Colon,Female,ADb,,,2,1.4,21.77349331794476,19.605776,23.941212
Colon,Female,ADb,,,2,1.45,21.86977055642924,19.694498,24.045044
Colon,Female,ADb,,,2,1.5,21.95700298024364,19.775009,24.138996
Colon,Female,ADb,,,2,1.55,22.0356361038758,19.847715,24.223558
Colon,Female,ADb,,,2,1.6,22.1060916584475,19.912991,24.299192
Colon,Female,ADb,,,2,1.65,22.16877779672441,19.971207,24.366348
Colon,Female,ADb,,,2,1.7,22.22408904408719,20.022718,24.425461
Colon,Female,ADb,,,2,1.75,22.27240436642781,20.067865,24.476942
Colon,Female,ADb,,,2,1.8,22.31408774640258,20.106979,24.521196
Colon,Female,ADb,,,2,1.85,22.34948758477231,20.140375,24.558601
Colon,Female,ADb,,,2,1.9,22.37893658281578,20.16835,24.589523
Colon,Female,ADb,,,2,1.95,22.40275250953802,20.191195,24.614311
Colon,Female,ADb,,,2,2.0,22.42123795727649,20.209179,24.633297
Colon,Female,ADb,,,2,2.05,22.4264699270427,20.215263,24.637678
Colon,Female,ADb,,,2,2.0999999,22.42695240150661,20.21701,24.636894
Colon,Female,ADb,,,2,2.1500001,22.42295032411606,20.214664,24.631237
Colon,Female,ADb,,,2,2.2,22.4147152871506,20.20845,24.620979
Colon,Female,ADb,,,2,2.25,22.40248597213683,20.198587,24.606384
Colon,Female,ADb,,,2,2.3,22.38648876591438,20.18528,24.587698
Colon,Female,ADb,,,2,2.3499999,22.36693990049258,20.168724,24.565157
Colon,Female,ADb,,,2,2.4000001,22.34406485692502,20.149122,24.539007
Colon,Female,ADb,,,2,2.45,22.3180885749596,20.126682,24.509495
Colon,Female,ADb,,,2,2.5,22.28921882785816,20.101593,24.476845
Colon,Female,ADb,,,2,2.55,22.25764782334561,20.074024,24.441271
Colon,Female,ADb,,,2,2.5999999,22.22355350609155,20.044144,24.402964
Colon,Female,ADb,,,2,2.6500001,22.18710063688697,20.012096,24.362104
Colon,Female,ADb,,,2,2.7,22.14844262919094,19.978024,24.318861
Colon,Female,ADb,,,2,2.75,22.10772152141627,19.942057,24.273386
Colon,Female,ADb,,,2,2.8,22.06506957742437,19.904314,24.225826
Colon,Female,ADb,,,2,2.8499999,22.02060994433111,19.864906,24.176313
Colon,Female,ADb,,,2,2.9000001,21.97445717513843,19.82394,24.124975
Colon,Female,ADb,,,2,2.95,21.92671879283488,19.781513,24.071926
Colon,Female,ADb,,,2,3.0,21.87749458159736,19.737715,24.017275
Colon,Female,ADb,,,2,3.05,21.81841049905921,19.685083,23.951738
Colon,Female,ADb,,,2,3.0999999,21.75808512040794,19.6313,23.884871
Colon,Female,ADb,,,2,3.1500001,21.69660099579407,19.576443,23.816759
Colon,Female,ADb,,,2,3.2,21.63403630409393,19.52058,23.747492
Colon,Female,ADb,,,2,3.25,21.57046348485544,19.463781,23.677145
Colon,Female,ADb,,,2,3.3,21.50595076361661,19.406109,23.605793
Colon,Female,ADb,,,2,3.3499999,21.44056218855216,19.347618,23.533506
Colon,Female,ADb,,,2,3.4000001,21.37435761246499,19.288366,23.46035
Colon,Female,ADb,,,2,3.45,21.30739423403706,19.228403,23.386385
Colon,Female,ADb,,,2,3.5,21.23972495529495,19.16778,23.311668
Colon,Female,ADb,,,2,3.55,21.17139987230291,19.106543,23.236258
Colon,Female,ADb,,,2,3.5999999,21.10246617429718,19.044733,23.1602
Colon,Female,ADb,,,2,3.6500001,21.03296800704676,18.982391,23.083546
Colon,Female,ADb,,,2,3.7,20.96294798179902,18.919556,23.00634
Colon,Female,ADb,,,2,3.75,20.89244535329426,18.856266,22.928625
Colon,Female,ADb,,,2,3.8,20.82149749678429,18.792553,22.850443
Colon,Female,ADb,,,2,3.8499999,20.75013972020044,18.728449,22.77183
Colon,Female,ADb,,,2,3.9000001,20.67840505285108,18.663986,22.692823
Colon,Female,ADb,,,2,3.95,20.60632573732234,18.599195,22.613457
Colon,Female,ADb,,,2,4.0,20.53393128985581,18.5341,22.533764
Colon,Female,ADb,,,2,4.0500002,20.45268645081534,18.461073,22.4443
Colon,Female,ADb,,,2,4.0999999,20.37126529465853,18.387867,22.354664
Colon,Female,ADb,,,2,4.1500001,20.28969149060144,18.314505,22.264877
Colon,Female,ADb,,,2,4.1999998,20.2079904581355,18.241009,22.174973
Colon,Female,ADb,,,2,4.25,20.12618322528027,18.167398,22.084967
Colon,Female,ADb,,,2,4.3000002,20.04429195479885,18.093697,21.994888
Colon,Female,ADb,,,2,4.3499999,19.96233768040028,18.019918,21.904757
Colon,Female,ADb,,,2,4.4000001,19.88033802373499,17.946083,21.814594
Colon,Female,ADb,,,2,4.4499998,19.79831272748622,17.872208,21.724419
Colon,Female,ADb,,,2,4.5,19.7162774570964,17.798307,21.634247
Colon,Female,ADb,,,2,4.5500002,19.63424932912096,17.724398,21.5441
Colon,Female,ADb,,,2,4.5999999,19.55224461395447,17.650496,21.453995
Colon,Female,ADb,,,2,4.6500001,19.47027643654607,17.576611,21.363943
Colon,Female,ADb,,,2,4.6999998,19.38836029356079,17.502756,21.273964
Colon,Female,ADb,,,2,4.75,19.30650784124882,17.428947,21.184069
Colon,Female,ADb,,,2,4.8000002,19.22473240348754,17.355194,21.094271
Colon,Female,ADb,,,2,4.8499999,19.14304666081652,17.281507,21.004585
Colon,Female,ADb,,,2,4.9000001,19.06146035045795,17.207897,20.915024
Colon,Female,ADb,,,2,4.9499998,18.97998574878324,17.134377,20.825596
Colon,Female,ADb,,,2,5.0,18.89863147710355,17.060951,20.736313
Colon,Female,pm,,,0,0.0,0.0,0.0,0.0
Colon,Female,pm,,,0,0.050000001,44.44376754760742,42.158401,46.729134
Colon,Female,pm,,,0,0.1,46.6979866027832,44.404251,48.991722
Colon,Female,pm,,,0,0.15000001,47.97536087036133,45.676933,50.273788
Colon,Female,pm,,,0,0.2,48.84496688842773,46.542507,51.147427
Colon,Female,pm,,,0,0.25,49.49242401123047,47.18578,51.799068
Colon,Female,pm,,,0,0.30000001,50.00128555297852,47.690079,52.312492
Colon,Female,pm,,,0,0.34999999,50.41601943969727,48.099838,52.732201
Colon,Female,pm,,,0,0.40000001,50.76291275024414,48.441387,53.084438
Colon,Female,pm,,,0,0.44999999,51.05868911743164,48.731499,53.38588
Colon,Female,pm,,,0,0.5,51.3145866394043,48.981468,53.647705
Colon,Female,pm,,,0,0.55000001,51.53848266601563,49.19923,53.877735
Colon,Female,pm,,,0,0.60000002,51.73610687255859,49.390556,54.081657
Colon,Female,pm,,,0,0.64999998,51.91172409057617,49.55975,54.263699
Colon,Female,pm,,,0,0.69999999,52.06860733032227,49.710125,54.42709
Colon,Female,pm,,,0,0.75,52.20930862426758,49.844254,54.574364
Colon,Female,pm,,,0,0.80000001,52.33582305908203,49.964157,54.707489
Colon,Female,pm,,,0,0.85000002,52.44969940185547,50.071396,54.828003
Colon,Female,pm,,,0,0.89999998,52.55221176147461,50.167255,54.937168
Colon,Female,pm,,,0,0.94999999,52.64442825317383,50.252808,55.036049
Colon,Female,pm,,,0,1.0,52.72724533081055,50.328964,55.125526
Colon,Female,pm,,,0,1.05,52.80051803588867,50.395443,55.205593
Colon,Female,pm,,,0,1.1,52.86589813232422,50.454037,55.27776
Colon,Female,pm,,,0,1.15,52.9239616394043,50.505325,55.342598
Colon,Female,pm,,,0,1.2,52.9752082824707,50.549805,55.400612
Colon,Female,pm,,,0,1.25,53.02008819580078,50.587936,55.45224
Colon,Female,pm,,,0,1.3,53.05899429321289,50.620117,55.497871
Colon,Female,pm,,,0,1.35,53.0922737121582,50.646687,55.537861
Colon,Female,pm,,,0,1.4,53.1202507019043,50.66798,55.572521
Colon,Female,pm,,,0,1.45,53.14320755004883,50.68428,55.602135
Colon,Female,pm,,,0,1.5,53.16152191162109,50.695969,55.627075
Colon,Female,pm,,,0,1.55,53.17558670043945,50.703445,55.647728
Colon,Female,pm,,,0,1.6,53.18575668334961,50.707069,55.664444
Colon,Female,pm,,,0,1.65,53.19235229492188,50.707169,55.677536
Colon,Female,pm,,,0,1.7,53.19564437866211,50.704018,55.687271
Colon,Female,pm,,,0,1.75,53.19589233398438,50.69788,55.693905
Colon,Female,pm,,,0,1.8,53.19331359863281,50.688972,55.697655
Colon,Female,pm,,,0,1.85,53.18811416625977,50.677509,55.698719
Colon,Female,pm,,,0,1.9,53.18047714233398,50.66367,55.697285
Colon,Female,pm,,,0,1.95,53.17056655883789,50.647625,55.693508
Colon,Female,pm,,,0,2.0,53.15853500366211,50.629524,55.687546
Colon,Female,pm,,,0,2.05,53.14400482177734,50.608814,55.679195
Colon,Female,pm,,,0,2.0999999,53.12765884399414,50.586353,55.668964
Colon,Female,pm,,,0,2.1500001,53.10960388183594,50.562252,55.656956
Colon,Female,pm,,,0,2.2,53.08994674682617,50.536613,55.64328
Colon,Female,pm,,,0,2.25,53.06878280639648,50.509533,55.628033
Colon,Female,pm,,,0,2.3,53.04620742797852,50.481113,55.611301
Colon,Female,pm,,,0,2.3499999,53.02229690551758,50.45142,55.593174
Colon,Female,pm,,,0,2.4000001,52.99711990356445,50.420528,55.573711
Colon,Female,pm,,,0,2.45,52.97072982788086,50.388485,55.552975
Colon,Female,pm,,,0,2.5,52.94318389892578,50.35535,55.531017
Colon,Female,pm,,,0,2.55,52.91452789306641,50.321163,55.507893
Colon,Female,pm,,,0,2.5999999,52.88480758666992,50.285973,55.483643
Colon,Female,pm,,,0,2.6500001,52.85406494140625,50.249813,55.458317
Colon,Female,pm,,,0,2.7,52.82234191894531,50.212734,55.43195
Colon,Female,pm,,,0,2.75,52.7896728515625,50.174763,55.404583
Colon,Female,pm,,,0,2.8,52.75609588623047,50.135937,55.376255
Colon,Female,pm,,,0,2.8499999,52.72164154052734,50.096283,55.347
Colon,Female,pm,,,0,2.9000001,52.68634033203125,50.055836,55.316845
Colon,Female,pm,,,0,2.95,52.65022659301758,50.014626,55.285828
Colon,Female,pm,,,0,3.0,52.61331939697266,49.972668,55.253971
Colon,Female,pm,,,0,3.05,52.57538986206055,49.929527,55.221252
Colon,Female,pm,,,0,3.0999999,52.5367431640625,49.885715,55.187771
Colon,Female,pm,,,0,3.1500001,52.49740219116211,49.841255,55.153549
Colon,Female,pm,,,0,3.2,52.45738983154297,49.796162,55.118618
Colon,Female,pm,,,0,3.25,52.41672897338867,49.750465,55.082993
Colon,Female,pm,,,0,3.3,52.37543869018555,49.704182,55.046696
Colon,Female,pm,,,0,3.3499999,52.33353424072266,49.657322,55.009747
Colon,Female,pm,,,0,3.4000001,52.29103469848633,49.609905,54.972164
Colon,Female,pm,,,0,3.45,52.24795532226563,49.561947,54.933964
Colon,Female,pm,,,0,3.5,52.20431900024414,49.51347,54.895168
Colon,Female,pm,,,0,3.55,52.16012954711914,49.464474,54.855785
Colon,Female,pm,,,0,3.5999999,52.11541366577148,49.414986,54.815842
Colon,Female,pm,,,0,3.6500001,52.0701789855957,49.365017,54.775341
Colon,Female,pm,,,0,3.7,52.02443695068359,49.314571,54.734303
Colon,Female,pm,,,0,3.75,51.97821044921875,49.263676,54.692745
Colon,Female,pm,,,0,3.8,51.93149948120117,49.21233,54.650669
Colon,Female,pm,,,0,3.8499999,51.88432693481445,49.160553,54.608101
Colon,Female,pm,,,0,3.9000001,51.83669662475586,49.108345,54.565048
Colon,Female,pm,,,0,3.95,51.78862380981445,49.055729,54.521519
Colon,Female,pm,,,0,4.0,51.74011993408203,49.002712,54.477528
Colon,Female,pm,,,0,4.0500002,51.69105529785156,48.948929,54.433182
Colon,Female,pm,,,0,4.0999999,51.64159393310547,48.894775,54.388412
Colon,Female,pm,,,0,4.1500001,51.59173965454102,48.84026,54.34322
Colon,Female,pm,,,0,4.1999998,51.54150772094727,48.785389,54.297626
Colon,Female,pm,,,0,4.25,51.49089813232422,48.730171,54.251625
Colon,Female,pm,,,0,4.3000002,51.43992614746094,48.674614,54.205238
Colon,Female,pm,,,0,4.3499999,51.38859939575195,48.618729,54.15847
Colon,Female,pm,,,0,4.4000001,51.33692169189453,48.562515,54.111328
Colon,Female,pm,,,0,4.4499998,51.28490447998047,48.505989,54.06382
Colon,Female,pm,,,0,4.5,51.23255157470703,48.44915,54.015953
Colon,Female,pm,,,0,4.5500002,51.17987442016602,48.39201,53.967739
Colon,Female,pm,,,0,4.5999999,51.12687683105469,48.334572,53.919182
Colon,Female,pm,,,0,4.6500001,51.07356643676758,48.276844,53.870289
Colon,Female,pm,,,0,4.6999998,51.01995086669922,48.218834,53.821068
Colon,Female,pm,,,0,4.75,50.96603775024414,48.160545,53.77153
Colon,Female,pm,,,0,4.8000002,50.91183090209961,48.101986,53.721676
Colon,Female,pm,,,0,4.8499999,50.85733795166016,48.043159,53.671516
Colon,Female,pm,,,0,4.9000001,50.80256652832031,47.984077,53.621056
Colon,Female,pm,,,0,4.9499998,50.74751663208008,47.924736,53.570297
Colon,Female,pm,,,0,5.0,50.69219970703125,47.865147,53.519253
Colon,Female,pm,,,1,0.0,0.0,0.0,0.0
Colon,Female,pm,,,1,0.050000001,36.26947402954102,33.206715,39.332233
Colon,Female,pm,,,1,0.1,38.15574645996094,35.026081,41.285412
Colon,Female,pm,,,1,0.15000001,39.44876861572266,36.273636,42.623901
Colon,Female,pm,,,1,0.2,40.46505737304688,37.254662,43.675453
Colon,Female,pm,,,1,0.25,41.31407928466797,38.07468,44.553478
Colon,Female,pm,,,1,0.30000001,42.04816436767578,38.784096,45.312233
Colon,Female,pm,,,1,0.34999999,42.69688034057617,39.411377,45.982384
Colon,Female,pm,,,1,0.40000001,43.27879333496094,39.974373,46.583214
Colon,Female,pm,,,1,0.44999999,43.80643844604492,40.485134,47.127743
Colon,Female,pm,,,1,0.5,44.28873825073242,40.952232,47.625244
Colon,Female,pm,,,1,0.55000001,44.73231887817383,41.382023,48.082615
Colon,Female,pm,,,1,0.60000002,45.14227294921875,41.779392,48.505154
Colon,Female,pm,,,1,0.64999998,45.52260208129883,42.148178,48.897026
Colon,Female,pm,,,1,0.69999999,45.87654495239258,42.491486,49.261604
Colon,Female,pm,,,1,0.75,46.20674896240234,42.811848,49.60165
Colon,Female,pm,,,1,0.80000001,46.51544189453125,43.111401,49.919483
Colon,Female,pm,,,1,0.85000002,46.80450820922852,43.391945,50.217072
Colon,Female,pm,,,1,0.89999998,47.0755729675293,43.655037,50.496109
Colon,Female,pm,,,1,0.94999999,47.33003234863281,43.902016,50.758049
Colon,Female,pm,,,1,1.0,47.56912231445313,44.13406,51.004185
Colon,Female,pm,,,1,1.05,47.79352188110352,44.351776,51.235268
Colon,Female,pm,,,1,1.1,48.00460052490234,44.556522,51.452679
Colon,Female,pm,,,1,1.15,48.20320510864258,44.749115,51.657295
Colon,Female,pm,,,1,1.2,48.39010238647461,44.930283,51.849922
Colon,Female,pm,,,1,1.25,48.56597900390625,45.100693,52.031265
Colon,Female,pm,,,1,1.3,48.7314567565918,45.260937,52.201977
Colon,Female,pm,,,1,1.35,48.88710021972656,45.41156,52.36264
Colon,Female,pm,,,1,1.4,49.03342437744141,45.553059,52.51379
Colon,Female,pm,,,1,1.45,49.17090225219727,45.68589,52.655914
Colon,Female,pm,,,1,1.5,49.30004119873047,45.810543,52.789539
Colon,Female,pm,,,1,1.55,49.42137145996094,45.92754,52.915203
Colon,Female,pm,,,1,1.6,49.53536224365234,46.037334,53.03339
Colon,Female,pm,,,1,1.65,49.6424446105957,46.14035,53.144539
Colon,Female,pm,,,1,1.7,49.74301147460938,46.236973,53.24905
Colon,Female,pm,,,1,1.75,49.83741760253906,46.327545,53.34729
Colon,Female,pm,,,1,1.8,49.92599105834961,46.412392,53.43959
Colon,Female,pm,,,1,1.85,50.0090446472168,46.491814,53.526276
Colon,Female,pm,,,1,1.9,50.08684539794922,46.566074,53.607616
Colon,Female,pm,,,1,1.95,50.15966415405273,46.635437,53.683891
Colon,Female,pm,,,1,2.0,50.22772979736328,46.700127,53.755333
Colon,Female,pm,,,1,2.05,50.29092788696289,46.759983,53.821873
Colon,Female,pm,,,1,2.0999999,50.34981918334961,46.815601,53.884037
Colon,Female,pm,,,1,2.1500001,50.40459442138672,46.867165,53.942024
Colon,Female,pm,,,1,2.2,50.4554443359375,46.914867,53.996021
Colon,Female,pm,,,1,2.25,50.50252914428711,46.958862,54.046196
Colon,Female,pm,,,1,2.3,50.5460205078125,46.999317,54.092724
Colon,Female,pm,,,1,2.3499999,50.58606719970703,47.036381,54.135754
Colon,Female,pm,,,1,2.4000001,50.62281036376953,47.070183,54.175438
Colon,Female,pm,,,1,2.45,50.65638732910156,47.100868,54.211906
Colon,Female,pm,,,1,2.5,50.68692016601563,47.128551,54.245289
Colon,Female,pm,,,1,2.55,50.71453475952148,47.153355,54.275715
Colon,Female,pm,,,1,2.5999999,50.73933792114258,47.175381,54.303295
Colon,Female,pm,,,1,2.6500001,50.76143264770508,47.194736,54.328129
Colon,Female,pm,,,1,2.7,50.78092956542969,47.211525,54.350334
Colon,Female,pm,,,1,2.75,50.79791259765625,47.22583,54.369995
Colon,Female,pm,,,1,2.8,50.81247711181641,47.237747,54.387207
Colon,Female,pm,,,1,2.8499999,50.82470703125,47.247353,54.402061
Colon,Female,pm,,,1,2.9000001,50.83468246459961,47.254734,54.414631
Colon,Female,pm,,,1,2.95,50.84248352050781,47.25996,54.425007
Colon,Female,pm,,,1,3.0,50.84817886352539,47.263107,54.43325
Colon,Female,pm,,,1,3.05,50.85147857666016,47.263821,54.439137
Colon,Female,pm,,,1,3.0999999,50.85281753540039,47.262592,54.443043
Colon,Female,pm,,,1,3.1500001,50.85225677490234,47.25948,54.445034
Colon,Female,pm,,,1,3.2,50.84985733032227,47.254551,54.445164
Colon,Female,pm,,,1,3.25,50.84567260742188,47.247849,54.443497
Colon,Female,pm,,,1,3.3,50.83976364135742,47.239441,54.440086
Colon,Female,pm,,,1,3.3499999,50.83218002319336,47.229374,54.434986
Colon,Female,pm,,,1,3.4000001,50.82297134399414,47.217693,54.428249
Colon,Female,pm,,,1,3.45,50.81218338012695,47.204449,54.419918
Colon,Female,pm,,,1,3.5,50.79986572265625,47.18969,54.410042
Colon,Female,pm,,,1,3.55,50.78606414794922,47.173454,54.398674
Colon,Female,pm,,,1,3.5999999,50.77081680297852,47.155785,54.385849
Colon,Female,pm,,,1,3.6500001,50.75416564941406,47.136726,54.371605
Colon,Female,pm,,,1,3.7,50.73615264892578,47.116314,54.355991
Colon,Female,pm,,,1,3.75,50.7168083190918,47.094578,54.339039
Colon,Female,pm,,,1,3.8,50.6961784362793,47.071568,54.320789
Colon,Female,pm,,,1,3.8499999,50.67429351806641,47.04731,54.301277
Colon,Female,pm,,,1,3.9000001,50.65118408203125,47.021839,54.280529
Colon,Female,pm,,,1,3.95,50.62688827514648,46.99519,54.258587
Colon,Female,pm,,,1,4.0,50.60143661499023,46.967392,54.235481
Colon,Female,pm,,,1,4.0500002,50.57450866699219,46.938057,54.21096
Colon,Female,pm,,,1,4.0999999,50.54648971557617,46.907639,54.185341
Colon,Female,pm,,,1,4.1500001,50.51740646362305,46.87616,54.158653
Colon,Female,pm,,,1,4.1999998,50.48728179931641,46.843651,54.130913
Colon,Female,pm,,,1,4.25,50.45615005493164,46.810139,54.102161
Colon,Female,pm,,,1,4.3000002,50.42403030395508,46.775642,54.072418
Colon,Female,pm,,,1,4.3499999,50.39095306396484,46.740196,54.04171
Colon,Female,pm,,,1,4.4000001,50.35693359375,46.703815,54.010052
Colon,Female,pm,,,1,4.4499998,50.32200241088867,46.666527,53.977478
Colon,Female,pm,,,1,4.5,50.28618240356445,46.628353,53.944012
Colon,Female,pm,,,1,4.5500002,50.24949264526367,46.589317,53.909668
Colon,Female,pm,,,1,4.5999999,50.21195220947266,46.549435,53.87447
Colon,Female,pm,,,1,4.6500001,50.17358779907227,46.508732,53.838444
Colon,Female,pm,,,1,4.6999998,50.13441467285156,46.467228,53.801601
Colon,Female,pm,,,1,4.75,50.09445190429688,46.424938,53.763966
Colon,Female,pm,,,1,4.8000002,50.0537223815918,46.381886,53.725559
Colon,Female,pm,,,1,4.8499999,50.01224517822266,46.338089,53.686401
Colon,Female,pm,,,1,4.9000001,49.97003173828125,46.293564,53.6465
Colon,Female,pm,,,1,4.9499998,49.92710494995117,46.248329,53.605881
Colon,Female,pm,,,1,5.0,49.88348388671875,46.2024,53.564568
Colon,Female,pm,,,2,0.0,0.0,0.0,0.0
Colon,Female,pm,,,2,0.050000001,55.92275619506836,53.092972,58.752541
Colon,Female,pm,,,2,0.1,58.36445617675781,55.563301,61.165611
Colon,Female,pm,,,2,0.15000001,59.64401245117188,56.868866,62.419159
Colon,Female,pm,,,2,0.2,60.43992614746094,57.686207,63.193645
Colon,Female,pm,,,2,0.25,60.97212219238281,58.235874,63.70837
Colon,Female,pm,,,2,0.30000001,61.33991622924805,58.617931,64.061897
Colon,Female,pm,,,2,0.34999999,61.5965690612793,58.886253,64.306885
Colon,Female,pm,,,2,0.40000001,61.77388000488281,59.073112,64.474648
Colon,Female,pm,,,2,0.44999999,61.89231109619141,59.199345,64.585281
Colon,Female,pm,,,2,0.5,61.96576690673828,59.279148,64.65239
Colon,Female,pm,,,2,0.55000001,62.00408935546875,59.322601,64.685577
Colon,Female,pm,,,2,0.60000002,62.01448822021484,59.337101,64.691879
Colon,Female,pm,,,2,0.64999998,62.00238800048828,59.328224,64.676552
Colon,Female,pm,,,2,0.69999999,61.97195053100586,59.300266,64.643631
Colon,Female,pm,,,2,0.75,61.92644119262695,59.256592,64.596291
Colon,Female,pm,,,2,0.80000001,61.86838531494141,59.199818,64.536949
Colon,Female,pm,,,2,0.85000002,61.79970932006836,59.131947,64.467476
Colon,Female,pm,,,2,0.89999998,61.72195434570313,59.054577,64.389328
Colon,Female,pm,,,2,0.94999999,61.63637924194336,58.969025,64.303734
Colon,Female,pm,,,2,1.0,61.54401016235352,58.876362,64.211662
Colon,Female,pm,,,2,1.05,61.4464111328125,58.778297,64.114525
Colon,Female,pm,,,2,1.1,61.34362411499023,58.674793,64.012459
Colon,Female,pm,,,2,1.15,61.23624801635742,58.566475,63.906021
Colon,Female,pm,,,2,1.2,61.12479400634766,58.453884,63.795704
Colon,Female,pm,,,2,1.25,61.00969314575195,58.337467,63.681919
Colon,Female,pm,,,2,1.3,60.89132308959961,58.217617,63.565029
Colon,Female,pm,,,2,1.35,60.77000427246094,58.094677,63.445332
Colon,Female,pm,,,2,1.4,60.64601516723633,57.968937,63.323093
Colon,Female,pm,,,2,1.45,60.51961517333984,57.840668,63.198563
Colon,Female,pm,,,2,1.5,60.39114379882813,57.710224,63.072063
Colon,Female,pm,,,2,1.55,60.26098251342773,57.577999,62.943966
Colon,Female,pm,,,2,1.6,60.12947082519531,57.44434,62.814602
Colon,Female,pm,,,2,1.65,59.99691390991211,57.30957,62.684258
Colon,Female,pm,,,2,1.7,59.86358261108398,57.173969,62.553196
Colon,Female,pm,,,2,1.75,59.72971725463867,57.037781,62.421654
Colon,Female,pm,,,2,1.8,59.59553909301758,56.901234,62.289845
Colon,Female,pm,,,2,1.85,59.46124267578125,56.764538,62.157948
Colon,Female,pm,,,2,1.9,59.32699966430664,56.627865,62.026134
Colon,Female,pm,,,2,1.95,59.19297409057617,56.491386,61.894562
Colon,Female,pm,,,2,2.0,59.05930709838867,56.355247,61.763367
Colon,Female,pm,,,2,2.05,58.92714309692383,56.220699,61.633587
Colon,Female,pm,,,2,2.0999999,58.79560089111328,56.086765,61.504436
Colon,Female,pm,,,2,2.1500001,58.66477584838867,55.953541,61.376011
Colon,Female,pm,,,2,2.2,58.53476715087891,55.821129,61.248405
Colon,Female,pm,,,2,2.25,58.40565490722656,55.689613,61.121696
Colon,Female,pm,,,2,2.3,58.27751922607422,55.559078,60.99596
Colon,Female,pm,,,2,2.3499999,58.15041732788086,55.429581,60.871254
Colon,Female,pm,,,2,2.4000001,58.02438735961914,55.301163,60.747612
Colon,Female,pm,,,2,2.45,57.89942932128906,55.173828,60.625031
Colon,Female,pm,,,2,2.5,57.77555847167969,55.047588,60.503529
Colon,Female,pm,,,2,2.55,57.65277862548828,54.922451,60.383106
Colon,Female,pm,,,2,2.5999999,57.53108978271484,54.798416,60.263763
Colon,Female,pm,,,2,2.6500001,57.41048812866211,54.675484,60.145493
Colon,Female,pm,,,2,2.7,57.29097747802734,54.553654,60.028301
Colon,Female,pm,,,2,2.75,57.17255020141602,54.432922,59.912178
Colon,Female,pm,,,2,2.8,57.05520248413086,54.313286,59.797119
Colon,Female,pm,,,2,2.8499999,56.93893051147461,54.19474,59.683121
Colon,Female,pm,,,2,2.9000001,56.82372283935547,54.077274,59.570171
Colon,Female,pm,,,2,2.95,56.70957565307617,53.960884,59.458267
Colon,Female,pm,,,2,3.0,56.59647750854492,53.845558,59.347397
Colon,Female,pm,,,2,3.05,56.48569488525391,53.732666,59.238724
Colon,Female,pm,,,2,3.0999999,56.37595367431641,53.620827,59.131081
Colon,Female,pm,,,2,3.1500001,56.26723480224609,53.510029,59.024441
Colon,Female,pm,,,2,3.2,56.15953063964844,53.400257,58.918804
Colon,Female,pm,,,2,3.25,56.05282592773438,53.2915,58.814152
Colon,Female,pm,,,2,3.3,55.94711685180664,53.183754,58.71048
Colon,Female,pm,,,2,3.3499999,55.84238433837891,53.077,58.607769
Colon,Female,pm,,,2,3.4000001,55.73861694335938,52.971222,58.506012
Colon,Female,pm,,,2,3.45,55.63580322265625,52.866413,58.405193
Colon,Female,pm,,,2,3.5,55.53393173217773,52.762562,58.305302
Colon,Female,pm,,,2,3.55,55.43299102783203,52.659653,58.206329
Colon,Female,pm,,,2,3.5999999,55.33296585083008,52.557674,58.108257
Colon,Female,pm,,,2,3.6500001,55.23384094238281,52.456612,58.01107
Colon,Female,pm,,,2,3.7,55.13561248779297,52.356457,57.914768
Colon,Female,pm,,,2,3.75,55.03826522827148,52.257198,57.819332
Colon,Female,pm,,,2,3.8,54.94178009033203,52.158813,57.724747
Colon,Female,pm,,,2,3.8499999,54.84615707397461,52.061302,57.631012
Colon,Female,pm,,,2,3.9000001,54.75137329101563,51.964645,57.538101
Colon,Female,pm,,,2,3.95,54.65742111206055,51.868828,57.446014
Colon,Female,pm,,,2,4.0,54.56429290771484,51.773849,57.354736
Colon,Female,pm,,,2,4.0500002,54.47338485717773,51.68119,57.265579
Colon,Female,pm,,,2,4.0999999,54.38327789306641,51.589344,57.177212
Colon,Female,pm,,,2,4.1500001,54.29396057128906,51.498295,57.089626
Colon,Female,pm,,,2,4.1999998,54.20542144775391,51.408035,57.002808
Colon,Female,pm,,,2,4.25,54.11764526367188,51.318546,56.916744
Colon,Female,pm,,,2,4.3000002,54.0306282043457,51.229824,56.831432
Colon,Female,pm,,,2,4.3499999,53.94435501098633,51.141857,56.746853
Colon,Female,pm,,,2,4.4000001,53.85881423950195,51.054626,56.663002
Colon,Female,pm,,,2,4.4499998,53.77399826049805,50.968132,56.579865
Colon,Female,pm,,,2,4.5,53.68989181518555,50.882355,56.497429
Colon,Female,pm,,,2,4.5500002,53.60649108886719,50.797291,56.415691
Colon,Female,pm,,,2,4.5999999,53.52378463745117,50.712933,56.334637
Colon,Female,pm,,,2,4.6500001,53.44175720214844,50.629253,56.254261
Colon,Female,pm,,,2,4.6999998,53.36040878295898,50.546265,56.174553
Colon,Female,pm,,,2,4.75,53.27972030639648,50.463943,56.095497
Colon,Female,pm,,,2,4.8000002,53.19968414306641,50.382278,56.01709
Colon,Female,pm,,,2,4.8499999,53.12030029296875,50.301277,55.939323
Colon,Female,pm,,,2,4.9000001,53.04154968261719,50.220909,55.86219
Colon,Female,pm,,,2,4.9499998,52.96342468261719,50.141178,55.785671
Colon,Female,pm,,,2,5.0,52.88592147827148,50.062073,55.70977
Colon,Female,tce,,,0,0.0,0.0,0.0,0.0
Colon,Female,tce,,,0,0.050000001,0.005540375119541,0.0053250669,0.0057556834
Colon,Female,tce,,,0,0.1,0.0097585219363601,0.009359749,0.010157295
Colon,Female,tce,,,0,0.15000001,0.0132123228046651,0.012656568,0.013768078
Colon,Female,tce,,,0,0.2,0.0161329898917235,0.015440436,0.016825544
Colon,Female,tce,,,0,0.25,0.018654944033142,0.017841324,0.019468565
Colon,Female,tce,,,0,0.30000001,0.0208658584324976,0.019943736,0.021787981
Colon,Female,tce,,,0,0.34999999,0.0228268994601396,0.021806531,0.023847269
Colon,Female,tce,,,0,0.40000001,0.0245827430463821,0.023472646,0.025692839
Colon,Female,tce,,,0,0.44999999,0.0261671316345406,0.024974504,0.027359759
Colon,Female,tce,,,0,0.5,0.0276062314036582,0.026337232,0.02887523
Colon,Female,tce,,,0,0.55000001,0.0289207595429752,0.027580723,0.030260796
Colon,Female,tce,,,0,0.60000002,0.0301274096082112,0.028721007,0.031533815
Colon,Female,tce,,,0,0.64999998,0.0312398300010997,0.029771183,0.032708477
Colon,Female,tce,,,0,0.69999999,0.0322693256400767,0.030742109,0.033796541
Colon,Female,tce,,,0,0.75,0.0332253690822322,0.031642877,0.034807861
Colon,Female,tce,,,0,0.80000001,0.0341166881068773,0.03248186,0.035751514
Colon,Female,tce,,,0,0.85000002,0.0349516478478501,0.033267073,0.036636222
Colon,Female,tce,,,0,0.89999998,0.0357372380131763,0.03400521,0.037469264
Colon,Female,tce,,,0,0.94999999,0.0364792694707158,0.034701839,0.038256701
Colon,Female,tce,,,0,1.0,0.0371826074740691,0.035361614,0.039003599
Colon,Female,tce,,,0,1.05,0.0378451225885532,0.035982486,0.039707761
Colon,Female,tce,,,0,1.1,0.0384763972864014,0.036573634,0.040379159
Colon,Female,tce,,,0,1.15,0.0390794277429673,0.037137937,0.041020919
Colon,Female,tce,,,0,1.2,0.0396567973313776,0.037677862,0.041635733
Colon,Female,tce,,,0,1.25,0.0402107359239665,0.038195547,0.042225923
Colon,Female,tce,,,0,1.3,0.0407431866609628,0.038692854,0.04279352
Colon,Female,tce,,,0,1.35,0.0412558477661546,0.039171405,0.043340292
Colon,Female,tce,,,0,1.4,0.0417502067995207,0.039632626,0.043867789
Colon,Female,tce,,,0,1.45,0.042227541376133,0.040077738,0.044377346
Colon,Female,tce,,,0,1.5,0.042688501003162,0.040507369,0.044869632
Colon,Female,tce,,,0,1.55,0.0431333877687801,0.040921815,0.04534496
Colon,Female,tce,,,0,1.6,0.0435625298817593,0.041321389,0.045803674
Colon,Female,tce,,,0,1.65,0.0439762780485937,0.041706432,0.046246126
Colon,Female,tce,,,0,1.7,0.0443750056963531,0.042077303,0.046672709
Colon,Female,tce,,,0,1.75,0.0447590955108135,0.042434372,0.047083817
Colon,Female,tce,,,0,1.8,0.0451289416451471,0.042778019,0.047479864
Colon,Female,tce,,,0,1.85,0.0454849430137001,0.043108627,0.047861259
Colon,Female,tce,,,0,1.9,0.0458274978761243,0.043426581,0.048228417
Colon,Female,tce,,,0,1.95,0.0461570072326446,0.043732259,0.048581757
Colon,Female,tce,,,0,2.0,0.0464738662770854,0.044026043,0.048921689
Colon,Female,tce,,,0,2.05,0.0467706199075835,0.044300735,0.049240507
Colon,Female,tce,,,0,2.0999999,0.0470554628227817,0.044564232,0.049546693
Colon,Female,tce,,,0,2.1500001,0.0473287816000035,0.044816915,0.049840648
Colon,Female,tce,,,0,2.2,0.0475909512102097,0.04505913,0.050122771
Colon,Female,tce,,,0,2.25,0.0478423421953677,0.045291238,0.050393444
Colon,Female,tce,,,0,2.3,0.0480833149150154,0.045513581,0.050653048
Colon,Female,tce,,,0,2.3499999,0.0483142328900434,0.045726504,0.050901964
Colon,Female,tce,,,0,2.4000001,0.04853554205056,0.045930427,0.051140659
Colon,Female,tce,,,0,2.45,0.0487477019154061,0.046125788,0.051369615
Colon,Female,tce,,,0,2.5,0.0489511459136169,0.046313003,0.051589292
Colon,Female,tce,,,0,2.55,0.0491462792308621,0.046492446,0.051800113
Colon,Female,tce,,,0,2.5999999,0.0493334820386009,0.046664484,0.052002478
Colon,Female,tce,,,0,2.6500001,0.0495131122805569,0.046829451,0.052196771
Colon,Female,tce,,,0,2.7,0.0496855040486854,0.046987668,0.052383341
Colon,Female,tce,,,0,2.75,0.0498509743237372,0.047139432,0.052562516
Colon,Female,tce,,,0,2.8,0.0500098209737104,0.047285024,0.052734621
Colon,Female,tce,,,0,2.8499999,0.0501623249571718,0.047424708,0.052899942
Colon,Female,tce,,,0,2.9000001,0.0503087522199448,0.047558736,0.05305877
Colon,Female,tce,,,0,2.95,0.0504493520392958,0.047687344,0.053211361
Colon,Female,tce,,,0,3.0,0.0505843622251861,0.047810756,0.053357966
Colon,Female,tce,,,0,3.05,0.0507052397869493,0.0479207,0.053489782
Colon,Female,tce,,,0,3.0999999,0.0508209731506384,0.048025865,0.05361608
Colon,Female,tce,,,0,3.1500001,0.0509317663912846,0.048126444,0.053737089
Colon,Female,tce,,,0,3.2,0.0510378115995431,0.048222616,0.053853005
Colon,Female,tce,,,0,3.25,0.0511392927217857,0.04831456,0.053964026
Colon,Female,tce,,,0,3.3,0.0512363840437021,0.048402436,0.054070331
Colon,Female,tce,,,0,3.3499999,0.0513292513018341,0.048486397,0.054172102
Colon,Female,tce,,,0,3.4000001,0.051418052625792,0.048566598,0.054269508
Colon,Female,tce,,,0,3.45,0.0515029373526875,0.048643176,0.054362699
Colon,Female,tce,,,0,3.5,0.0515840490192767,0.048716262,0.054451834
Colon,Female,tce,,,0,3.55,0.0516615240693025,0.048785992,0.054537058
Colon,Female,tce,,,0,3.5999999,0.051735492675943,0.048852481,0.054618504
Colon,Female,tce,,,0,3.6500001,0.0518060794323197,0.048915848,0.05469631
Colon,Female,tce,,,0,3.7,0.0518734023578198,0.048976209,0.054770596
Colon,Female,tce,,,0,3.75,0.0519375752299195,0.04903366,0.054841489
Colon,Female,tce,,,0,3.8,0.0519987065141886,0.04908831,0.054909103
Colon,Female,tce,,,0,3.8499999,0.0520568999809449,0.049140256,0.054973543
Colon,Female,tce,,,0,3.9000001,0.0521122552165725,0.04918959,0.055034921
Colon,Female,tce,,,0,3.95,0.0521648668185732,0.049236398,0.055093333
Colon,Female,tce,,,0,4.0,0.0522148262004519,0.04928077,0.055148885
Colon,Female,tce,,,0,4.0500002,0.0522528386484478,0.049313691,0.055191986
Colon,Female,tce,,,0,4.0999999,0.052288404305829,0.049344365,0.055232443
Colon,Female,tce,,,0,4.1500001,0.0523216050144501,0.04937287,0.055270337
Colon,Female,tce,,,0,4.1999998,0.0523525180284337,0.049399279,0.055305757
Colon,Female,tce,,,0,4.25,0.0523812187137622,0.049423657,0.055338778
Colon,Female,tce,,,0,4.3000002,0.0524077785829968,0.049446076,0.055369478
Colon,Female,tce,,,0,4.3499999,0.0524322664156668,0.049466599,0.055397931
Colon,Female,tce,,,0,4.4000001,0.052454749002479,0.049485289,0.05542421
Colon,Female,tce,,,0,4.4499998,0.0524752896857944,0.049502201,0.055448379
Colon,Female,tce,,,0,4.5,0.0524939501979199,0.049517393,0.055470508
Colon,Female,tce,,,0,4.5500002,0.0525107893566141,0.049530923,0.055490654
Colon,Female,tce,,,0,4.5999999,0.0525258638378174,0.049542844,0.055508882
Colon,Female,tce,,,0,4.6500001,0.0525392286296201,0.049553204,0.055525251
Colon,Female,tce,,,0,4.6999998,0.0525509361618313,0.049562056,0.055539817
Colon,Female,tce,,,0,4.75,0.0525610374180144,0.049569443,0.055552632
Colon,Female,tce,,,0,4.8000002,0.0525695811993626,0.049575411,0.055563752
Colon,Female,tce,,,0,4.8499999,0.052576614607088,0.049580004,0.055573225
Colon,Female,tce,,,0,4.9000001,0.0525821832530746,0.049583264,0.0555811
Colon,Female,tce,,,0,4.9499998,0.0525863308974247,0.049585234,0.055587426
Colon,Female,tce,,,0,5.0,0.0525890999437621,0.049585953,0.055592246
Colon,Female,tce,,,1,0.0,0.0,0.0,0.0
Colon,Female,tce,,,1,0.050000001,0.004209742901812,0.00402067,0.0043988158
Colon,Female,tce,,,1,0.1,0.0073287994673573,0.0069803577,0.0076772412
Colon,Female,tce,,,1,0.15000001,0.0099311281126546,0.0094403205,0.010421935
Colon,Female,tce,,,1,0.2,0.012182823743417,0.011562216,0.012803432
Colon,Female,tce,,,1,0.25,0.014172030401087,0.013431646,0.014912415
Colon,Female,tce,,,1,0.30000001,0.015954127416542,0.015102305,0.016805951
Colon,Female,tce,,,1,0.34999999,0.0175672279291615,0.016611097,0.018523358
Colon,Female,tce,,,1,0.40000001,0.0190391386924324,0.017984917,0.020093359
Colon,Female,tce,,,1,0.44999999,0.0203909847401207,0.019244174,0.021537796
Colon,Female,tce,,,1,0.5,0.0216393130329405,0.020404831,0.022873795
Colon,Female,tce,,,1,0.55000001,0.0227973870042604,0.021479677,0.024115097
Colon,Female,tce,,,1,0.60000002,0.0238760413065551,0.022479147,0.025272936
Colon,Female,tce,,,1,0.64999998,0.0248842615306907,0.023411885,0.026356639
Colon,Female,tce,,,1,0.69999999,0.0258296002077983,0.024285149,0.027374052
Colon,Female,tce,,,1,0.75,0.0267184796045272,0.025105104,0.028331855
Colon,Female,tce,,,1,0.80000001,0.0275570471179924,0.02587763,0.029236464
Colon,Female,tce,,,1,0.85000002,0.0283514498847194,0.02660859,0.030094309
Colon,Female,tce,,,1,0.89999998,0.0291068757611173,0.027302921,0.030910831
Colon,Female,tce,,,1,0.94999999,0.0298276663876923,0.02796475,0.031690583
Colon,Female,tce,,,1,1.0,0.0305174776965079,0.028597558,0.032437399
Colon,Female,tce,,,1,1.05,0.0311776268970051,0.029202616,0.03315264
Colon,Female,tce,,,1,1.1,0.0318124793284851,0.029784048,0.03384091
Colon,Female,tce,,,1,1.15,0.0324243111075648,0.030344017,0.034504604
Colon,Female,tce,,,1,1.2,0.0330150936143531,0.030884391,0.035145797
Colon,Female,tce,,,1,1.25,0.0335865329536263,0.031406786,0.035766277
Colon,Female,tce,,,1,1.3,0.034140121373639,0.031912617,0.036367625
Colon,Female,tce,,,1,1.35,0.0346771666439841,0.032403126,0.03695121
Colon,Female,tce,,,1,1.4,0.0351988161575213,0.03287939,0.037518241
Colon,Female,tce,,,1,1.45,0.0357060506528127,0.033342347,0.038069755
Colon,Female,tce,,,1,1.5,0.0361992643113748,0.033792365,0.038606163
Colon,Female,tce,,,1,1.55,0.0366785322495254,0.034229524,0.03912754
Colon,Female,tce,,,1,1.6,0.0371439743833794,0.034653939,0.039634008
Colon,Female,tce,,,1,1.65,0.0375957501974684,0.035065766,0.040125731
Colon,Female,tce,,,1,1.7,0.0380340584077252,0.0354652,0.040602919
Colon,Female,tce,,,1,1.75,0.0384591216276166,0.035852443,0.041065801
Colon,Female,tce,,,1,1.8,0.0388711881201107,0.036227737,0.041514639
Colon,Female,tce,,,1,1.85,0.0392705237635323,0.036591329,0.041949715
Colon,Female,tce,,,1,1.9,0.039657405309076,0.036943488,0.042371321
Colon,Female,tce,,,1,1.95,0.0400321235597556,0.037284482,0.042779766
Colon,Female,tce,,,1,2.0,0.0403949730926439,0.037614591,0.043175355
Colon,Female,tce,,,1,2.05,0.0407437535839682,0.037931755,0.043555755
Colon,Female,tce,,,1,2.0999999,0.0410812319649254,0.038238563,0.043923903
Colon,Female,tce,,,1,2.1500001,0.0414077170161087,0.038535304,0.04428013
Colon,Female,tce,,,1,2.2,0.0417235123878078,0.038822267,0.044624757
Colon,Female,tce,,,1,2.25,0.0420289246720979,0.039099734,0.044958115
Colon,Female,tce,,,1,2.3,0.042324256059286,0.039367989,0.045280524
Colon,Female,tce,,,1,2.3499999,0.0426098169896087,0.039627317,0.045592315
Colon,Female,tce,,,1,2.4000001,0.0428860026953694,0.039878093,0.045893911
Colon,Female,tce,,,1,2.45,0.0431532253148936,0.040120691,0.046185758
Colon,Female,tce,,,1,2.5,0.0434118768382075,0.040355481,0.046468273
Colon,Female,tce,,,1,2.55,0.0436623253305187,0.040582802,0.046741851
Colon,Female,tce,,,1,2.5999999,0.0439049179077752,0.040802974,0.047006864
Colon,Female,tce,,,1,2.6500001,0.0441399833349114,0.041016299,0.047263667
Colon,Female,tce,,,1,2.7,0.0443678289456118,0.041223072,0.047512587
Colon,Female,tce,,,1,2.75,0.0445887486174349,0.041423552,0.047753945
Colon,Female,tce,,,1,2.8,0.0448030194023543,0.041618001,0.047988039
Colon,Female,tce,,,1,2.8499999,0.0450109037195224,0.041806657,0.048215151
Colon,Female,tce,,,1,2.9000001,0.0452126512721299,0.041989759,0.048435546
Colon,Female,tce,,,1,2.95,0.0454084961207719,0.042167511,0.048649479
Colon,Female,tce,,,1,3.0,0.0455986632757127,0.04234013,0.048857197
Colon,Female,tce,,,1,3.05,0.045780231805067,0.042504869,0.049055595
Colon,Female,tce,,,1,3.0999999,0.0459565155855619,0.04266483,0.0492482
Colon,Female,tce,,,1,3.1500001,0.0461277089480611,0.042820197,0.049435221
Colon,Female,tce,,,1,3.2,0.0462939944936557,0.04297113,0.049616858
Colon,Female,tce,,,1,3.25,0.0464555485484611,0.043117799,0.049793299
Colon,Female,tce,,,1,3.3,0.0466125383929205,0.043260351,0.049964726
Colon,Female,tce,,,1,3.3499999,0.0467651235708064,0.043398939,0.05013131
Colon,Female,tce,,,1,3.4000001,0.0469134570333486,0.043533694,0.050293218
Colon,Female,tce,,,1,3.45,0.0470576827459248,0.043664753,0.050450612
Colon,Female,tce,,,1,3.5,0.0471979403177623,0.043792248,0.050603636
Colon,Female,tce,,,1,3.55,0.0473343625138259,0.043916292,0.050752435
Colon,Female,tce,,,1,3.5999999,0.0474670763084555,0.044037003,0.050897148
Colon,Female,tce,,,1,3.6500001,0.0475962038066937,0.044154499,0.051037911
Colon,Female,tce,,,1,3.7,0.0477218600919187,0.044268876,0.051174846
Colon,Female,tce,,,1,3.75,0.0478441571936926,0.044380244,0.051308073
Colon,Female,tce,,,1,3.8,0.0479632018651576,0.044488695,0.051437709
Colon,Female,tce,,,1,3.8499999,0.0480790964476916,0.044594321,0.05156387
Colon,Female,tce,,,1,3.9000001,0.0481919396272699,0.044697221,0.051686659
Colon,Female,tce,,,1,3.95,0.0483018245082293,0.044797469,0.051806178
Colon,Female,tce,,,1,4.0,0.0484088420395636,0.044895153,0.05192253
Colon,Female,tce,,,1,4.0500002,0.048509508084641,0.044987001,0.052032016
Colon,Female,tce,,,1,4.0999999,0.0486074635259897,0.045076426,0.0521385
Colon,Female,tce,,,1,4.1500001,0.048702790957355,0.045163501,0.052242082
Colon,Female,tce,,,1,4.1999998,0.0487955661686495,0.045248296,0.052342836
Colon,Female,tce,,,1,4.25,0.0488858655696452,0.045330882,0.052440848
Colon,Female,tce,,,1,4.3000002,0.048973760074317,0.045411322,0.052536197
Colon,Female,tce,,,1,4.3499999,0.0490593179894577,0.04548968,0.052628957
Colon,Female,tce,,,1,4.4000001,0.0491426074829774,0.045566015,0.052719202
Colon,Female,tce,,,1,4.4499998,0.0492236910430293,0.045640383,0.052807
Colon,Female,tce,,,1,4.5,0.0493026319457295,0.04571284,0.052892424
Colon,Female,tce,,,1,4.5500002,0.0493794888938038,0.045783445,0.052975535
Colon,Female,tce,,,1,4.5999999,0.0494543185246649,0.045852244,0.053056397
Colon,Female,tce,,,1,4.6500001,0.049527177555385,0.045919288,0.053135067
Colon,Female,tce,,,1,4.6999998,0.0495981179227066,0.045984626,0.053211611
Colon,Female,tce,,,1,4.75,0.0496671924280634,0.046048306,0.053286079
Colon,Female,tce,,,1,4.8000002,0.0497344500354708,0.046110369,0.053358529
Colon,Female,tce,,,1,4.8499999,0.0497999380546999,0.046170861,0.053429015
Colon,Female,tce,,,1,4.9000001,0.0498637040086415,0.046229824,0.053497583
Colon,Female,tce,,,1,4.9499998,0.049925791370559,0.046287294,0.053564288
Colon,Female,tce,,,1,5.0,0.0499862444957442,0.046343315,0.053629171
Colon,Female,tce,,,2,0.0,0.0,0.0,0.0
Colon,Female,tce,,,2,0.050000001,0.0099623751158321,0.0093449922,0.010579758
Colon,Female,tce,,,2,0.1,0.017833054181834,0.016670885,0.018995224
Colon,Female,tce,,,2,0.15000001,0.0241164950639728,0.022506718,0.025726272
Colon,Female,tce,,,2,0.2,0.0292603097179138,0.027280198,0.03124042
Colon,Female,tce,,,2,0.25,0.0335527075174459,0.031262841,0.035842571
Colon,Female,tce,,,2,0.30000001,0.0371886817077442,0.034637075,0.03974029
Colon,Female,tce,,,2,0.34999999,0.040306009901471,0.037531245,0.043080773
Colon,Female,tce,,,2,0.40000001,0.0430054282226394,0.04003894,0.045971919
Colon,Female,tce,,,2,0.44999999,0.045362609697815,0.042230308,0.048494913
Colon,Female,tce,,,2,0.5,0.0474356874033161,0.04415917,0.050712202
Colon,Female,tce,,,2,0.55000001,0.0492701490908255,0.045867596,0.052672703
Colon,Female,tce,,,2,0.60000002,0.0509021588127047,0.047388989,0.05441533
Colon,Female,tce,,,2,0.64999998,0.0523608605744791,0.04875027,0.055971451
Colon,Female,tce,,,2,0.69999999,0.0536700293493657,0.049973376,0.057366684
Colon,Female,tce,,,2,0.75,0.0548492745182419,0.051076401,0.058622148
Colon,Female,tce,,,2,0.80000001,0.0559158990699394,0.052075326,0.059756473
Colon,Female,tce,,,2,0.85000002,0.0568856390586581,0.052984688,0.06078659
Colon,Female,tce,,,2,0.89999998,0.0577714721639582,0.053816486,0.061726458
Colon,Female,tce,,,2,0.94999999,0.0585840918375313,0.054580603,0.062587582
Colon,Female,tce,,,2,1.0,0.0593323821893987,0.055285245,0.063379519
Colon,Female,tce,,,2,1.05,0.0600027597857178,0.055917796,0.064087726
Colon,Female,tce,,,2,1.1,0.060622144843517,0.056503177,0.064741112
Colon,Female,tce,,,2,1.15,0.0611959264606182,0.057046369,0.065345481
Colon,Female,tce,,,2,1.2,0.0617287218051257,0.057551634,0.065905809
Colon,Female,tce,,,2,1.25,0.0622245013506523,0.058022637,0.066426367
Colon,Female,tce,,,2,1.3,0.0626867066562107,0.05846256,0.066910855
Colon,Female,tce,,,2,1.35,0.0631183335155899,0.058874168,0.067362502
Colon,Female,tce,,,2,1.4,0.0635219999431351,0.059259873,0.067784131
Colon,Female,tce,,,2,1.45,0.0638999701435309,0.059621766,0.068178177
Colon,Female,tce,,,2,1.5,0.0642537421304141,0.059961218,0.068546265
Colon,Female,tce,,,2,1.55,0.0645843722721619,0.060279183,0.068889558
Colon,Female,tce,,,2,1.6,0.0648928809824361,0.06057658,0.069209181
Colon,Female,tce,,,2,1.65,0.0651802544427375,0.060854308,0.069506198
Colon,Female,tce,,,2,1.7,0.0654474466858339,0.061113227,0.069781661
Colon,Female,tce,,,2,1.75,0.0656953723549726,0.061354175,0.070036568
Colon,Female,tce,,,2,1.8,0.0659249104303692,0.061577953,0.070271865
Colon,Female,tce,,,2,1.85,0.066136901935975,0.061785325,0.070488475
Colon,Female,tce,,,2,1.9,0.0663321489322747,0.061977025,0.070687272
Colon,Female,tce,,,2,1.95,0.0665114186304271,0.06215376,0.070869081
Colon,Female,tce,,,2,2.0,0.0666754405970982,0.06231619,0.071034692
Colon,Female,tce,,,2,2.05,0.0667992968820227,0.062441085,0.071157508
Colon,Female,tce,,,2,2.0999999,0.0669092199160618,0.062552869,0.071265571
Colon,Female,tce,,,2,2.1500001,0.0670058548131489,0.062652141,0.071359567
Colon,Female,tce,,,2,2.2,0.0670898135594042,0.062739469,0.07144016
Colon,Female,tce,,,2,2.25,0.0671616792171433,0.062815376,0.071507983
Colon,Female,tce,,,2,2.3,0.0672220054557725,0.062880389,0.071563616
Colon,Female,tce,,,2,2.3499999,0.0672713321955288,0.062935002,0.071607664
Colon,Female,tce,,,2,2.4000001,0.0673102738471024,0.06297978,0.071640767
Colon,Female,tce,,,2,2.45,0.067339447385796,0.063015312,0.071663588
Colon,Female,tce,,,2,2.5,0.067359423952099,0.063042112,0.071676739
Colon,Female,tce,,,2,2.55,0.067370732091599,0.063060686,0.071680777
Colon,Female,tce,,,2,2.5999999,0.0673738618269003,0.063071497,0.071676232
Colon,Female,tce,,,2,2.6500001,0.0673692680696212,0.063074954,0.071663581
Colon,Female,tce,,,2,2.7,0.0673573738356674,0.06307146,0.071643285
Colon,Female,tce,,,2,2.75,0.0673385728830648,0.063061394,0.071615756
Colon,Female,tce,,,2,2.8,0.0673132322562978,0.063045084,0.071581386
Colon,Female,tce,,,2,2.8499999,0.0672816945247138,0.063022859,0.071540534
Colon,Female,tce,,,2,2.9000001,0.0672442796121783,0.062995009,0.071493544
Colon,Female,tce,,,2,2.95,0.0672012873644916,0.062961832,0.071440741
Colon,Female,tce,,,2,3.0,0.0671529981279812,0.06292358,0.071382411
Colon,Female,tce,,,2,3.05,0.0670721855045177,0.062854782,0.071289591
Colon,Female,tce,,,2,3.0999999,0.0669866957658928,0.062781475,0.071191914
Colon,Female,tce,,,2,3.1500001,0.0668967653692699,0.062703893,0.071089633
Colon,Female,tce,,,2,3.2,0.0668026179413303,0.062622249,0.070982985
Colon,Female,tce,,,2,3.25,0.0667044627523292,0.062536731,0.070872195
Colon,Female,tce,,,2,3.3,0.0666024973680172,0.062447533,0.070757464
Colon,Female,tce,,,2,3.3499999,0.0664969081049463,0.062354825,0.070638992
Colon,Female,tce,,,2,3.4000001,0.0663878703016895,0.06225878,0.070516959
Colon,Female,tce,,,2,3.45,0.0662755511468782,0.062159546,0.070391558
Colon,Female,tce,,,2,3.5,0.0661601072293598,0.062057279,0.070262939
Colon,Female,tce,,,2,3.55,0.0660416872183107,0.061952114,0.070131257
Colon,Female,tce,,,2,3.5999999,0.0659204319173913,0.061844189,0.069996677
Colon,Female,tce,,,2,3.6500001,0.0657964741881875,0.06173363,0.069859318
Colon,Female,tce,,,2,3.7,0.0656699418071272,0.061620552,0.069719329
Colon,Female,tce,,,2,3.75,0.065540954360411,0.061505072,0.069576837
Colon,Female,tce,,,2,3.8,0.0654096260044025,0.0613873,0.069431953
Colon,Female,tce,,,2,3.8499999,0.0652760652581196,0.061267339,0.069284789
Colon,Female,tce,,,2,3.9000001,0.0651403747002144,0.061145283,0.069135465
Colon,Female,tce,,,2,3.95,0.0650026538903216,0.061021231,0.068984076
Colon,Female,tce,,,2,4.0,0.0648629957856264,0.060895268,0.068830721
Colon,Female,tce,,,2,4.0500002,0.0646927957746343,0.060740542,0.068645045
Colon,Female,tce,,,2,4.0999999,0.0645210256852952,0.060584251,0.068457805
Colon,Female,tce,,,2,4.1500001,0.0643477648607564,0.060426462,0.068269067
Colon,Female,tce,,,2,4.1999998,0.0641730954210499,0.060267258,0.068078928
Colon,Female,tce,,,2,4.25,0.0639970892634029,0.06010671,0.06788747
Colon,Female,tce,,,2,4.3000002,0.0638198198896195,0.059944883,0.067694753
Colon,Female,tce,,,2,4.3499999,0.06364135765024,0.059781849,0.067500867
Colon,Female,tce,,,2,4.4000001,0.0634617647592065,0.059617665,0.067305863
Colon,Female,tce,,,2,4.4499998,0.0632811073976097,0.059452396,0.067109816
Colon,Female,tce,,,2,4.5,0.0630994421673204,0.059286095,0.066912793
Colon,Female,tce,,,2,4.5500002,0.062916828268378,0.059118818,0.066714838
Colon,Female,tce,,,2,4.5999999,0.062733322504759,0.058950625,0.066516019
Colon,Female,tce,,,2,4.6500001,0.0625489741187447,0.058781557,0.066316396
Colon,Female,tce,,,2,4.6999998,0.0623638371787203,0.058611669,0.066116005
Colon,Female,tce,,,2,4.75,0.0621779566270435,0.058441002,0.065914914
Colon,Female,tce,,,2,4.8000002,0.0619913807238112,0.058269605,0.065713152
Colon,Female,tce,,,2,4.8499999,0.0618041558771453,0.058097523,0.065510787
Colon,Female,tce,,,2,4.9000001,0.0616163213482108,0.057924796,0.065307848
Colon,Female,tce,,,2,4.9499998,0.0614279218503424,0.057751462,0.06510438
Colon,Female,tce,,,2,5.0,0.0612389933013166,0.057577558,0.064900428
Colon,Female,tde,,,0,0.0,0.0,0.0,0.0
Colon,Female,tde,,,0,0.050000001,0.0030780237305202,0.0030618852,0.0030941623
Colon,Female,tde,,,0,0.1,0.0052014888522084,0.0051749833,0.0052279942
Colon,Female,tde,,,0,0.15000001,0.0068736632649394,0.0068391189,0.0069082077
Colon,Female,tde,,,0,0.2,0.0082528360720141,0.0082117589,0.0082939137
Colon,Female,tde,,,0,0.25,0.0094221602791997,0.0093756439,0.0094686765
Colon,Female,tde,,,0,0.30000001,0.0104326609327609,0.010381548,0.010483773
Colon,Female,tde,,,0,0.34999999,0.0113184851039194,0.011263449,0.011373522
Colon,Female,tde,,,0,0.40000001,0.0121038263322663,0.012045417,0.012162236
Colon,Female,tde,,,0,0.44999999,0.012806537191495,0.012745216,0.012867859
Colon,Female,tde,,,0,0.5,0.0134402081775339,0.013376364,0.013504053
Colon,Female,tde,,,0,0.55000001,0.0140154385185344,0.013949404,0.014081473
Colon,Female,tde,,,0,0.60000002,0.0145406611679974,0.014472727,0.014608596
Colon,Female,tde,,,0,0.64999998,0.0150226959610199,0.014953112,0.01509228
Colon,Female,tde,,,0,0.69999999,0.0154671374039132,0.015396126,0.01553815
Colon,Female,tde,,,0,0.75,0.0158786330818958,0.015806388,0.015950879
Colon,Female,tde,,,0,0.80000001,0.0162614380931578,0.016188132,0.016334744
Colon,Female,tde,,,0,0.85000002,0.0166196131613565,0.016545396,0.01669383
Colon,Female,tde,,,0,0.89999998,0.0169565285682063,0.016881533,0.017031524
Colon,Female,tde,,,0,0.94999999,0.0172749669076567,0.017199311,0.017350623
Colon,Female,tde,,,0,1.0,0.0175772425717351,0.01750103,0.017653454
Colon,Female,tde,,,0,1.05,0.0178627013847458,0.017786035,0.017939368
Colon,Female,tde,,,0,1.1,0.0181355040341452,0.018058468,0.01821254
Colon,Female,tde,,,0,1.15,0.0183970469006999,0.018319722,0.018474372
Colon,Female,tde,,,0,1.2,0.0186485262611205,0.018570984,0.018726069
Colon,Female,tde,,,0,1.25,0.0188909684269991,0.018813277,0.01896866
Colon,Female,tde,,,0,1.3,0.0191252621439316,0.019047482,0.019203041
Colon,Female,tde,,,0,1.35,0.0193521794134636,0.019274371,0.019429987
Colon,Female,tde,,,0,1.4,0.0195723924146103,0.01949461,0.019650174
Colon,Female,tde,,,0,1.45,0.0197864706426868,0.019708768,0.019864174
Colon,Female,tde,,,0,1.5,0.0199946443250845,0.019917069,0.02007222
Colon,Female,tde,,,0,1.55,0.0201969558807219,0.020119557,0.020274354
Colon,Female,tde,,,0,1.6,0.0203934680487891,0.020316293,0.020470642
Colon,Female,tde,,,0,1.65,0.0205842616804264,0.020507358,0.020661166
Colon,Female,tde,,,0,1.7,0.020769434761633,0.020692844,0.020846026
Colon,Female,tde,,,0,1.75,0.0209490953210048,0.020872859,0.021025332
Colon,Female,tde,,,0,1.8,0.0211233617213812,0.02104752,0.021199204
Colon,Female,tde,,,0,1.85,0.0212923589471503,0.021216951,0.021367768
Colon,Female,tde,,,0,1.9,0.0214562155320439,0.021381278,0.021531153
Colon,Female,tde,,,0,1.95,0.0216150647631648,0.021540631,0.021689499
Colon,Female,tde,,,0,2.0,0.0217690402447622,0.021695144,0.021842936
Colon,Female,tde,,,0,2.05,0.0219148385760449,0.021841517,0.021988161
Colon,Female,tde,,,0,2.0999999,0.0220559974098215,0.021983277,0.022128716
Colon,Female,tde,,,0,2.1500001,0.0221926537873566,0.022120565,0.022264743
Colon,Female,tde,,,0,2.2,0.0223249412815456,0.02225351,0.022396373
Colon,Female,tde,,,0,2.25,0.0224529934226995,0.022382243,0.022523744
Colon,Female,tde,,,0,2.3,0.022576940682693,0.022506895,0.022646986
Colon,Female,tde,,,0,2.3499999,0.0226969173154016,0.022627598,0.022766238
Colon,Female,tde,,,0,2.4000001,0.022813103078415,0.022744529,0.022881677
Colon,Female,tde,,,0,2.45,0.0229256877161718,0.022857876,0.022993499
Colon,Female,tde,,,0,2.5,0.0230348501235428,0.022967821,0.023101879
Colon,Female,tde,,,0,2.55,0.0231407570148068,0.023074524,0.02320699
Colon,Female,tde,,,0,2.5999999,0.0232435644272725,0.023178143,0.023308985
Colon,Female,tde,,,0,2.6500001,0.0233434190405496,0.023278823,0.023408014
Colon,Female,tde,,,0,2.7,0.023440457055384,0.0233767,0.023504214
Colon,Female,tde,,,0,2.75,0.0235348077468765,0.023471899,0.023597717
Colon,Female,tde,,,0,2.8,0.0236265921798071,0.023564544,0.02368864
Colon,Female,tde,,,0,2.8499999,0.0237159242675301,0.023654744,0.023777105
Colon,Female,tde,,,0,2.9000001,0.0238029117057867,0.023742611,0.023863213
Colon,Female,tde,,,0,2.95,0.0238876548031741,0.023828238,0.023947071
Colon,Female,tde,,,0,3.0,0.0239702494061085,0.023911726,0.024028772
Colon,Female,tde,,,0,3.05,0.024046762773151,0.023989143,0.024104383
Colon,Female,tde,,,0,3.0999999,0.0241212896824287,0.024064578,0.024178002
Colon,Female,tde,,,0,3.1500001,0.0241939121625335,0.024138113,0.024249712
Colon,Female,tde,,,0,3.2,0.0242647068521171,0.024209823,0.024319589
Colon,Female,tde,,,0,3.25,0.0243337473638878,0.024279784,0.02438771
Colon,Female,tde,,,0,3.3,0.024401103154867,0.024348063,0.024454143
Colon,Female,tde,,,0,3.3499999,0.0244668401205488,0.024414726,0.024518955
Colon,Female,tde,,,0,3.4000001,0.0245310211219316,0.024479833,0.024582211
Colon,Female,tde,,,0,3.45,0.0245937049763367,0.024543442,0.024643969
Colon,Female,tde,,,0,3.5,0.0246549484851347,0.024605613,0.024704285
Colon,Female,tde,,,0,3.55,0.0247148053802189,0.024666395,0.024763215
Colon,Female,tde,,,0,3.5999999,0.0247733267984129,0.024725841,0.024820812
Colon,Female,tde,,,0,3.6500001,0.0248305617042166,0.024784001,0.024877124
Colon,Female,tde,,,0,3.7,0.0248865559462416,0.024840916,0.024932196
Colon,Female,tde,,,0,3.75,0.0249413540263315,0.024896633,0.024986075
Colon,Female,tde,,,0,3.8,0.0249949981248193,0.024951192,0.025038805
Colon,Female,tde,,,0,3.8499999,0.025047528490847,0.025004633,0.025090424
Colon,Female,tde,,,0,3.9000001,0.0250989837918498,0.025056995,0.025140973
Colon,Female,tde,,,0,3.95,0.0251494002367797,0.025108313,0.025190488
Colon,Female,tde,,,0,4.0,0.0251988131409146,0.025158621,0.025239006
Colon,Female,tde,,,0,4.0500002,0.0252427947785417,0.025203494,0.025282096
Colon,Female,tde,,,0,4.0999999,0.0252858391933831,0.025247423,0.025324255
Colon,Female,tde,,,0,4.1500001,0.0253279784952203,0.025290439,0.025365518
Colon,Female,tde,,,0,4.1999998,0.0253692418262403,0.02533257,0.025405914
Colon,Female,tde,,,0,4.25,0.0254096586453834,0.025373846,0.025445471
Colon,Female,tde,,,0,4.3000002,0.0254492560165877,0.025414292,0.025484219
Colon,Female,tde,,,0,4.3499999,0.0254880598845299,0.025453933,0.025522185
Colon,Female,tde,,,0,4.4000001,0.025526096206039,0.025492795,0.025559397
Colon,Female,tde,,,0,4.4499998,0.0255633884309481,0.025530901,0.025595875
Colon,Female,tde,,,0,4.5,0.0255999604550453,0.025568273,0.025631649
Colon,Female,tde,,,0,4.5500002,0.0256358341597575,0.025604932,0.025666738
Colon,Female,tde,,,0,4.5999999,0.0256710305534251,0.025640897,0.025701165
Colon,Female,tde,,,0,4.6500001,0.0257055707901423,0.025676189,0.025734952
Colon,Female,tde,,,0,4.6999998,0.0257394738752225,0.025710827,0.025768122
Colon,Female,tde,,,0,4.75,0.0257727593385735,0.025744827,0.02580069
Colon,Female,tde,,,0,4.8000002,0.0258054449914014,0.025778208,0.025832681
Colon,Female,tde,,,0,4.8499999,0.0258375479552794,0.025810985,0.025864111
Colon,Female,tde,,,0,4.9000001,0.0258690855864213,0.025843171,0.025895
Colon,Female,tde,,,0,4.9499998,0.0259000733758815,0.025874786,0.025925362
Colon,Female,tde,,,0,5.0,0.0259305273846901,0.025905838,0.025955217
Colon,Female,tde,,,1,0.0,0.0,0.0,0.0
Colon,Female,tde,,,1,0.050000001,0.0026828913444867,0.0026650382,0.0027007444
Colon,Female,tde,,,1,0.1,0.0045324414293875,0.0045025712,0.0045623113
Colon,Female,tde,,,1,0.15000001,0.0060134204733838,0.0059739859,0.0060528549
Colon,Female,tde,,,1,0.2,0.0072530370624645,0.0072057024,0.0073003718
Colon,Female,tde,,,1,0.25,0.0083169863759852,0.0082630012,0.0083709713
Colon,Female,tde,,,1,0.30000001,0.0092457098618727,0.0091860592,0.0093053598
Colon,Female,tde,,,1,0.34999999,0.0100665697149457,0.010002054,0.010131085
Colon,Female,tde,,,1,0.40000001,0.0107992290130202,0.010730511,0.010867948
Colon,Female,tde,,,1,0.44999999,0.0114584207306251,0.011386058,0.011530783
Colon,Female,tde,,,1,0.5,0.0120555345842905,0.011980003,0.012131067
Colon,Female,tde,,,1,0.55000001,0.0125995868963309,0.012521294,0.012677879
Colon,Female,tde,,,1,0.60000002,0.0130978537233216,0.013017155,0.013178553
Colon,Female,tde,,,1,0.64999998,0.0135562980358887,0.013473502,0.013639093
Colon,Female,tde,,,1,0.69999999,0.0139798723717386,0.013895253,0.014064493
Colon,Female,tde,,,1,0.75,0.0143727384908417,0.014286534,0.014458943
Colon,Female,tde,,,1,0.80000001,0.014738764652535,0.014651188,0.014826342
Colon,Female,tde,,,1,0.85000002,0.0150816927532403,0.014992928,0.015170457
Colon,Female,tde,,,1,0.89999998,0.0154046475781795,0.015314859,0.015494436
Colon,Female,tde,,,1,0.94999999,0.0157102218541644,0.015619554,0.01580089
Colon,Female,tde,,,1,1.0,0.0160005814070155,0.015909163,0.016091999
Colon,Female,tde,,,1,1.05,0.0162767406657677,0.016184695,0.016368786
Colon,Female,tde,,,1,1.1,0.0165410261202036,0.016448459,0.016633594
Colon,Female,tde,,,1,1.15,0.0167947544243592,0.016701763,0.016887747
Colon,Female,tde,,,1,1.2,0.0170390564935501,0.016945731,0.017132381
Colon,Female,tde,,,1,1.25,0.0172749046856313,0.017181329,0.017368481
Colon,Female,tde,,,1,1.3,0.017503142726614,0.017409395,0.017596891
Colon,Female,tde,,,1,1.35,0.0177245047965632,0.017630659,0.01781835
Colon,Female,tde,,,1,1.4,0.0179396311048275,0.017845755,0.018033508
Colon,Female,tde,,,1,1.45,0.0181490639520368,0.018055223,0.018242905
Colon,Female,tde,,,1,1.5,0.0183530114419083,0.01825927,0.018446753
Colon,Female,tde,,,1,1.55,0.0185514980030584,0.018457916,0.01864508
Colon,Female,tde,,,1,1.6,0.01874457143184,0.01865121,0.018837932
Colon,Female,tde,,,1,1.65,0.018932300347759,0.018839216,0.019025384
Colon,Female,tde,,,1,1.7,0.0191147728392549,0.019022023,0.019207522
Colon,Female,tde,,,1,1.75,0.0192920891289478,0.019199725,0.019384453
Colon,Female,tde,,,1,1.8,0.0194643615390785,0.019372437,0.019556286
Colon,Female,tde,,,1,1.85,0.0196317105454421,0.019540275,0.019723147
Colon,Female,tde,,,1,1.9,0.0197942614790705,0.01970336,0.019885162
Colon,Female,tde,,,1,1.95,0.0199521454923684,0.019861825,0.020042466
Colon,Female,tde,,,1,2.0,0.0201054949562141,0.020015797,0.020195194
Colon,Female,tde,,,1,2.05,0.0202533416196589,0.020164311,0.020342372
Colon,Female,tde,,,1,2.0999999,0.0203969061188505,0.020308582,0.02048523
Colon,Female,tde,,,1,2.1500001,0.0205363244152366,0.020448742,0.020623906
Colon,Female,tde,,,1,2.2,0.0206717293302364,0.020584924,0.020758536
Colon,Female,tde,,,1,2.25,0.0208032539424614,0.020717258,0.020889251
Colon,Female,tde,,,1,2.3,0.0209310284269531,0.02084587,0.021016186
Colon,Female,tde,,,1,2.3499999,0.0210551862904343,0.020970896,0.021139478
Colon,Female,tde,,,1,2.4000001,0.0211759025119989,0.021092504,0.0212593
Colon,Female,tde,,,1,2.45,0.0212933603659621,0.021210881,0.021375841
Colon,Female,tde,,,1,2.5,0.0214077326706814,0.021326194,0.021489272
Colon,Female,tde,,,1,2.55,0.0215191803361965,0.021438604,0.021599757
Colon,Female,tde,,,1,2.5999999,0.021627853848237,0.02154826,0.021707449
Colon,Female,tde,,,1,2.6500001,0.0217338945837127,0.021655301,0.021812489
Colon,Female,tde,,,1,2.7,0.0218374335413223,0.021759858,0.021915009
Colon,Female,tde,,,1,2.75,0.0219385950475581,0.021862052,0.022015138
Colon,Female,tde,,,1,2.8,0.0220374953350566,0.021962002,0.022112988
Colon,Female,tde,,,1,2.8499999,0.0221342436129127,0.022059813,0.022208674
Colon,Female,tde,,,1,2.9000001,0.0222289430233064,0.022155587,0.022302298
Colon,Female,tde,,,1,2.95,0.0223216893110503,0.022249419,0.022393959
Colon,Female,tde,,,1,3.0,0.0224125739587073,0.022341402,0.022483746
Colon,Female,tde,,,1,3.05,0.0225003070788344,0.022430245,0.02257037
Colon,Female,tde,,,1,3.0999999,0.0225863328153652,0.022517389,0.022655277
Colon,Female,tde,,,1,3.1500001,0.0226707282627299,0.02260291,0.022738546
Colon,Female,tde,,,1,3.2,0.0227535650565908,0.02268688,0.022820249
Colon,Female,tde,,,1,3.25,0.0228349120678535,0.022769365,0.022900458
Colon,Female,tde,,,1,3.3,0.0229148340436701,0.022850432,0.022979237
Colon,Female,tde,,,1,3.3499999,0.0229933922518472,0.022930138,0.023056647
Colon,Female,tde,,,1,3.4000001,0.0230706450661974,0.023008542,0.023132747
Colon,Female,tde,,,1,3.45,0.0231466467027835,0.023085698,0.023207594
Colon,Female,tde,,,1,3.5,0.0232214496180857,0.023161659,0.023281241
Colon,Female,tde,,,1,3.55,0.0232951032041484,0.02323647,0.023353737
Colon,Female,tde,,,1,3.5999999,0.0233676543219096,0.023310181,0.023425128
Colon,Female,tde,,,1,3.6500001,0.0234391477899617,0.023382831,0.023495464
Colon,Female,tde,,,1,3.7,0.0235096251656861,0.023454467,0.023564784
Colon,Female,tde,,,1,3.75,0.023579126920323,0.023525126,0.023633128
Colon,Female,tde,,,1,3.8,0.0236476911915153,0.023594843,0.023700539
Colon,Female,tde,,,1,3.8499999,0.0237153542394288,0.023663659,0.02376705
Colon,Female,tde,,,1,3.9000001,0.0237821508683814,0.023731602,0.023832699
Colon,Female,tde,,,1,3.95,0.0238481132550901,0.023798708,0.023897517
Colon,Female,tde,,,1,4.0,0.0239132729511724,0.023865007,0.023961538
Colon,Female,tde,,,1,4.0500002,0.0239760625019015,0.023928931,0.024023194
Colon,Female,tde,,,1,4.0999999,0.0240380969796615,0.023992095,0.0240841
Colon,Female,tde,,,1,4.1500001,0.0240994047218033,0.024054524,0.024144286
Colon,Female,tde,,,1,4.1999998,0.0241600104353481,0.02411624,0.024203779
Colon,Female,tde,,,1,4.25,0.0242199399418772,0.024177274,0.024262605
Colon,Female,tde,,,1,4.3000002,0.0242792161770828,0.024237644,0.024320789
Colon,Female,tde,,,1,4.3499999,0.0243378610112489,0.02429737,0.024378352
Colon,Female,tde,,,1,4.4000001,0.0243958969540165,0.024356475,0.024435319
Colon,Female,tde,,,1,4.4499998,0.0244533433055681,0.024414979,0.024491709
Colon,Female,tde,,,1,4.5,0.0245102206339567,0.024472898,0.024547543
Colon,Female,tde,,,1,4.5500002,0.0245665469718132,0.024530251,0.024602843
Colon,Female,tde,,,1,4.5999999,0.0246223395267354,0.024587052,0.024657628
Colon,Female,tde,,,1,4.6500001,0.0246776162945861,0.024643319,0.024711914
Colon,Female,tde,,,1,4.6999998,0.024732392385597,0.024699066,0.024765719
Colon,Female,tde,,,1,4.75,0.0247866842786159,0.024754306,0.024819061
Colon,Female,tde,,,1,4.8000002,0.024840506186655,0.024809055,0.024871958
Colon,Female,tde,,,1,4.8499999,0.0248938716766118,0.024863319,0.024924424
Colon,Female,tde,,,1,4.9000001,0.0249467952065234,0.024917116,0.024976473
Colon,Female,tde,,,1,4.9499998,0.0249992886025129,0.024970453,0.025028124
Colon,Female,tde,,,1,5.0,0.0250513651245284,0.025023341,0.025079388
Colon,Female,tde,,,2,0.0,0.0,0.0,0.0
Colon,Female,tde,,,2,0.050000001,0.0043911404477425,0.0043616681,0.0044206125
Colon,Female,tde,,,2,0.1,0.0074248888735024,0.0073774606,0.0074723172
Colon,Female,tde,,,2,0.15000001,0.0097324499156646,0.0096722059,0.0097926939
Colon,Female,tde,,,2,0.2,0.011575400457285,0.011505497,0.011645305
Colon,Female,tde,,,2,0.25,0.0130949099171549,0.013017496,0.013172323
Colon,Female,tde,,,2,0.30000001,0.0143771750976315,0.014293813,0.014460538
Colon,Female,tde,,,2,0.34999999,0.0154788907905088,0.015390761,0.015567021
Colon,Female,tde,,,2,0.40000001,0.0164393063123872,0.016347332,0.016531281
Colon,Female,tde,,,2,0.44999999,0.0172866413897393,0.017191563,0.01738172
Colon,Female,tde,,,2,0.5,0.0180418002197264,0.017944222,0.018139377
Colon,Female,tde,,,2,0.55000001,0.0187206423943423,0.018621068,0.018820217
Colon,Female,tde,,,2,0.60000002,0.0193354455043442,0.019234302,0.01943659
Colon,Female,tde,,,2,0.64999998,0.0198958769445368,0.019793523,0.01999823
Colon,Female,tde,,,2,0.69999999,0.0204096646320491,0.020306416,0.020512912
Colon,Female,tde,,,2,0.75,0.0208830706622675,0.020779198,0.020986943
Colon,Female,tde,,,2,0.80000001,0.0213216356887628,0.021217376,0.021425895
Colon,Female,tde,,,2,0.85000002,0.021730479972167,0.021626038,0.021834921
Colon,Female,tde,,,2,0.89999998,0.0221137896360735,0.022009345,0.022218235
Colon,Female,tde,,,2,0.94999999,0.0224749782470403,0.022370687,0.022579269
Colon,Female,tde,,,2,1.0,0.0228168539171165,0.022712853,0.022920854
Colon,Female,tde,,,2,1.05,0.0231332173094306,0.023029668,0.023236766
Colon,Female,tde,,,2,1.1,0.0234343245764358,0.023331337,0.023537314
Colon,Female,tde,,,2,1.15,0.0237218370493469,0.023619507,0.023824168
Colon,Female,tde,,,2,1.2,0.0239971682159757,0.02389558,0.024098756
Colon,Female,tde,,,2,1.25,0.0242615236887163,0.024160758,0.02436229
Colon,Female,tde,,,2,1.3,0.0245159418237042,0.024416067,0.024615817
Colon,Female,tde,,,2,1.35,0.0247613203120516,0.0246624,0.024860242
Colon,Female,tde,,,2,1.4,0.0249984375754035,0.024900526,0.025096349
Colon,Female,tde,,,2,1.45,0.0252279534833318,0.025131103,0.025324803
Colon,Female,tde,,,2,1.5,0.0254501717853363,0.025354428,0.025545916
Colon,Female,tde,,,2,1.55,0.0256651946862908,0.025570599,0.025759788
Colon,Female,tde,,,2,1.6,0.0258731345839029,0.025779726,0.025966544
Colon,Female,tde,,,2,1.65,0.0260741129778766,0.025981924,0.026166303
Colon,Female,tde,,,2,1.7,0.0262682607461013,0.026177319,0.026359202
Colon,Female,tde,,,2,1.75,0.0264557118582444,0.026366044,0.026545379
Colon,Female,tde,,,2,1.8,0.0266366047514578,0.026548235,0.026724976
Colon,Female,tde,,,2,1.85,0.0268110793932313,0.026724026,0.026898133
Colon,Female,tde,,,2,1.9,0.0269792749606124,0.026893556,0.027064994
Colon,Female,tde,,,2,1.95,0.0271413318348014,0.02705696,0.027225703
Colon,Female,tde,,,2,2.0,0.0272973877188261,0.027214378,0.027380398
Colon,Female,tde,,,2,2.05,0.0274363789664587,0.027354768,0.027517989
Colon,Female,tde,,,2,2.0999999,0.0275695432151696,0.027489338,0.027649749
Colon,Female,tde,,,2,2.1500001,0.0276970210947049,0.027618226,0.027775817
Colon,Female,tde,,,2,2.2,0.0278189486752904,0.027741566,0.027896332
Colon,Female,tde,,,2,2.25,0.027935460988339,0.027859492,0.02801143
Colon,Female,tde,,,2,2.3,0.028046689492172,0.027972132,0.028121246
Colon,Female,tde,,,2,2.3499999,0.0281527709236262,0.028079623,0.028225917
Colon,Female,tde,,,2,2.4000001,0.0282539009203432,0.02818216,0.028325642
Colon,Female,tde,,,2,2.45,0.0283502907284845,0.028279951,0.028420631
Colon,Female,tde,,,2,2.5,0.0284421394365872,0.028373193,0.028511086
Colon,Female,tde,,,2,2.55,0.0285296330477643,0.028462073,0.028597195
Colon,Female,tde,,,2,2.5999999,0.0286129460485115,0.028546762,0.028679131
Colon,Female,tde,,,2,2.6500001,0.0286922427405426,0.028627424,0.028757062
Colon,Female,tde,,,2,2.7,0.0287676766122152,0.028704211,0.028831141
Colon,Female,tde,,,2,2.75,0.0288393933840055,0.02877727,0.028901517
Colon,Female,tde,,,2,2.8,0.0289075301790288,0.028846733,0.028968327
Colon,Female,tde,,,2,2.8499999,0.0289722165439855,0.028912732,0.029031701
Colon,Female,tde,,,2,2.9000001,0.0290335753071607,0.028975388,0.029091762
Colon,Female,tde,,,2,2.95,0.0290917219436666,0.029034816,0.029148629
Colon,Female,tde,,,2,3.0,0.0291467668020173,0.029091123,0.029202409
Colon,Female,tde,,,2,3.05,0.0291859943229508,0.029131616,0.029240374
Colon,Female,tde,,,2,3.0999999,0.0292223079578219,0.029169174,0.029275442
Colon,Female,tde,,,2,3.1500001,0.0292558061325882,0.029203895,0.029307716
Colon,Female,tde,,,2,3.2,0.0292865821119975,0.029235875,0.029337291
Colon,Female,tde,,,2,3.25,0.0293147252668705,0.029265199,0.029364252
Colon,Female,tde,,,2,3.3,0.0293403207062183,0.029291952,0.029388689
Colon,Female,tde,,,2,3.3499999,0.0293634497044157,0.029316217,0.029410683
Colon,Female,tde,,,2,3.4000001,0.0293841900344224,0.029338067,0.029430313
Colon,Female,tde,,,2,3.45,0.0294026158046092,0.02935758,0.029447651
Colon,Female,tde,,,2,3.5,0.0294187982554289,0.029374825,0.029462771
Colon,Female,tde,,,2,3.55,0.0294328055410992,0.029389868,0.029475745
Colon,Female,tde,,,2,3.5999999,0.0294447030082067,0.029402774,0.029486632
Colon,Female,tde,,,2,3.6500001,0.0294545533990638,0.029413607,0.0294955
Colon,Female,tde,,,2,3.7,0.029462416823037,0.029422423,0.02950241
Colon,Female,tde,,,2,3.75,0.0294683511766024,0.029429283,0.029507419
Colon,Female,tde,,,2,3.8,0.02947241207489,0.029434239,0.029510584
Colon,Female,tde,,,2,3.8499999,0.0294746530233375,0.029437348,0.029511958
Colon,Female,tde,,,2,3.9000001,0.0294751255274165,0.029438656,0.029511595
Colon,Female,tde,,,2,3.95,0.0294738791961318,0.029438213,0.029509544
Colon,Female,tde,,,2,4.0,0.0294709618522801,0.029436069,0.029505856
Colon,Female,tde,,,2,4.0500002,0.029452440425154,0.029418297,0.029486584
Colon,Female,tde,,,2,4.0999999,0.029432376449084,0.02939895,0.029465802
Colon,Female,tde,,,2,4.1500001,0.0294108145705153,0.02937807,0.029443558
Colon,Female,tde,,,2,4.1999998,0.0293877986707207,0.029355701,0.029419895
Colon,Female,tde,,,2,4.25,0.0293633702964289,0.029331885,0.029394856
Colon,Female,tde,,,2,4.3000002,0.0293375702306996,0.029306659,0.029368481
Colon,Female,tde,,,2,4.3499999,0.0293104379583625,0.029280066,0.029340809
Colon,Female,tde,,,2,4.4000001,0.029282010892053,0.029252142,0.02931188
Colon,Female,tde,,,2,4.4499998,0.0292523262718575,0.029222921,0.029281732
Colon,Female,tde,,,2,4.5,0.0292214190524006,0.02919244,0.029250396
Colon,Female,tde,,,2,4.5500002,0.0291893239055521,0.029160736,0.029217912
Colon,Female,tde,,,2,4.5999999,0.0291560744704043,0.02912784,0.02918431
Colon,Female,tde,,,2,4.6500001,0.0291217023965868,0.029093783,0.029149622
Colon,Female,tde,,,2,4.6999998,0.0290862396336752,0.029058598,0.029113881
Colon,Female,tde,,,2,4.75,0.0290497158509574,0.029022316,0.029077115
Colon,Female,tde,,,2,4.8000002,0.0290121608172763,0.028984968,0.029039355
Colon,Female,tde,,,2,4.8499999,0.0289736034672154,0.02894658,0.029000627
Colon,Female,tde,,,2,4.9000001,0.0289340707883041,0.028907184,0.028960958
Colon,Female,tde,,,2,4.9499998,0.0288935904510157,0.028866805,0.028920377
Colon,Female,tde,,,2,5.0,0.0288521878250257,0.028825471,0.028878903
Colon,Female,tie,,,0,0.0,0.0,0.0,0.0
Colon,Female,tie,,,0,0.050000001,0.0024623513890208,0.002241109,0.0026835937
Colon,Female,tie,,,0,0.1,0.0045570330841517,0.0041489224,0.0049651437
Colon,Female,tie,,,0,0.15000001,0.0063386595397257,0.0057710321,0.0069062873
Colon,Female,tie,,,0,0.2,0.0078801538197094,0.0071737114,0.0085865958
Colon,Female,tie,,,0,0.25,0.0092327837539423,0.008403616,0.010061951
Colon,Female,tie,,,0,0.30000001,0.0104331974997368,0.009494137,0.011372258
Colon,Female,tie,,,0,0.34999999,0.0115084143562202,0.010469924,0.012546905
Colon,Female,tie,,,0,0.40000001,0.0124789167141158,0.011349688,0.013608146
Colon,Female,tie,,,0,0.44999999,0.0133605944430456,0.012147966,0.014573223
Colon,Female,tie,,,0,0.5,0.0141660232261244,0.012876273,0.015455773
Colon,Female,tie,,,0,0.55000001,0.0149053210244408,0.013543887,0.016266754
Colon,Female,tie,,,0,0.60000002,0.0155867484402138,0.01415839,0.017015107
Colon,Female,tie,,,0,0.64999998,0.0162171340400798,0.014726053,0.017708214
Colon,Female,tie,,,0,0.69999999,0.0168021882361635,0.015252127,0.01835225
Colon,Female,tie,,,0,0.75,0.0173467360003364,0.01574105,0.018952422
Colon,Female,tie,,,0,0.80000001,0.0178552500137195,0.016196933,0.019513568
Colon,Female,tie,,,0,0.85000002,0.0183320346864936,0.016623722,0.020040348
Colon,Female,tie,,,0,0.89999998,0.0187807094449699,0.017024737,0.020536682
Colon,Female,tie,,,0,0.94999999,0.0192043025630591,0.017402757,0.021005848
Colon,Female,tie,,,0,1.0,0.019605364902334,0.017760124,0.021450605
Colon,Female,tie,,,0,1.05,0.0199824212038074,0.01809543,0.021869412
Colon,Female,tie,,,0,1.1,0.0203408932522562,0.018413702,0.022268085
Colon,Female,tie,,,0,1.15,0.0206823808422675,0.018716412,0.022648349
Colon,Female,tie,,,0,1.2,0.0210082710702571,0.019004833,0.023011709
Colon,Female,tie,,,0,1.25,0.0213197674969674,0.019280072,0.023359463
Colon,Female,tie,,,0,1.3,0.0216179245170312,0.019543102,0.023692748
Colon,Female,tie,,,0,1.35,0.0219036683526911,0.019794773,0.024012564
Colon,Female,tie,,,0,1.4,0.0221778143849105,0.020035837,0.024319792
Colon,Female,tie,,,0,1.45,0.0224410707334461,0.020266948,0.024615195
Colon,Female,tie,,,0,1.5,0.0226938566780775,0.020488497,0.024899216
Colon,Female,tie,,,0,1.55,0.0229364318880582,0.020700738,0.025172126
Colon,Female,tie,,,0,1.6,0.0231690618329702,0.020903924,0.0254342
Colon,Female,tie,,,0,1.65,0.0233920163681674,0.021098314,0.02568572
Colon,Female,tie,,,0,1.7,0.0236055709347202,0.021284167,0.025926976
Colon,Female,tie,,,0,1.75,0.0238100001898087,0.021461746,0.026158255
Colon,Female,tie,,,0,1.8,0.024005579923766,0.02163131,0.02637985
Colon,Female,tie,,,0,1.85,0.0241925840665498,0.021793116,0.026592052
Colon,Female,tie,,,0,1.9,0.0243712823440803,0.021947417,0.026795147
Colon,Female,tie,,,0,1.95,0.0245419424694798,0.022094466,0.026989419
Colon,Female,tie,,,0,2.0,0.0247048260323232,0.022234505,0.027175147
Colon,Female,tie,,,0,2.05,0.0248557813315387,0.022363637,0.027347926
Colon,Female,tie,,,0,2.0999999,0.0249994654129602,0.022486227,0.027512705
Colon,Female,tie,,,0,2.1500001,0.0251361278126469,0.022602506,0.027669748
Colon,Female,tie,,,0,2.2,0.0252660099286641,0.022712702,0.027819319
Colon,Female,tie,,,0,2.25,0.0253893487726683,0.022817029,0.027961668
Colon,Female,tie,,,0,2.3,0.0255063742323223,0.022915702,0.028097045
Colon,Female,tie,,,0,2.3499999,0.0256173155746419,0.023008933,0.028225698
Colon,Female,tie,,,0,2.4000001,0.025722438972145,0.023096962,0.028347915
Colon,Female,tie,,,0,2.45,0.0258220141992342,0.023180036,0.028463991
Colon,Female,tie,,,0,2.5,0.0259162957900742,0.023258386,0.028574204
Colon,Female,tie,,,0,2.55,0.0260055222160553,0.023332229,0.028678814
Colon,Female,tie,,,0,2.5999999,0.0260899176113284,0.023401769,0.028778067
Colon,Female,tie,,,0,2.6500001,0.0261696932400073,0.023467196,0.02887219
Colon,Female,tie,,,0,2.7,0.0262450469933014,0.02352869,0.028961403
Colon,Female,tie,,,0,2.75,0.0263161665768607,0.023586422,0.029045912
Colon,Female,tie,,,0,2.8,0.0263832287939032,0.023640551,0.029125907
Colon,Female,tie,,,0,2.8499999,0.0264464006896417,0.023691228,0.029201575
Colon,Female,tie,,,0,2.9000001,0.0265058405141581,0.023738595,0.029273085
Colon,Female,tie,,,0,2.95,0.0265616972361217,0.02378279,0.029340606
Colon,Female,tie,,,0,3.0,0.0266141128190776,0.023823937,0.029404288
Colon,Female,tie,,,0,3.05,0.0266584770137983,0.023857698,0.029459257
Colon,Female,tie,,,0,3.0999999,0.0266996834682096,0.023888666,0.029510699
Colon,Female,tie,,,0,3.1500001,0.0267378542287511,0.023916956,0.029558752
Colon,Female,tie,,,0,3.2,0.0267731047474259,0.02394267,0.029603539
Colon,Female,tie,,,0,3.25,0.0268055453578979,0.023965908,0.029645184
Colon,Female,tie,,,0,3.3,0.0268352808888351,0.023986762,0.0296838
Colon,Female,tie,,,0,3.3499999,0.0268624111812853,0.024005324,0.029719498
Colon,Female,tie,,,0,3.4000001,0.0268870315038603,0.024021678,0.029752385
Colon,Female,tie,,,0,3.45,0.0269092323763508,0.024035906,0.029782558
Colon,Female,tie,,,0,3.5,0.026929100534142,0.024048086,0.029810114
Colon,Female,tie,,,0,3.55,0.0269467186890837,0.024058294,0.029835144
Colon,Female,tie,,,0,3.5999999,0.0269621658775301,0.024066597,0.029857734
Colon,Female,tie,,,0,3.6500001,0.026975517728103,0.024073066,0.02987797
Colon,Female,tie,,,0,3.7,0.0269868464115781,0.024077764,0.02989593
Colon,Female,tie,,,0,3.75,0.0269962212035879,0.024080751,0.029911691
Colon,Female,tie,,,0,3.8,0.0270037083893693,0.024082091,0.029925326
Colon,Female,tie,,,0,3.8499999,0.0270093714900979,0.024081837,0.029936906
Colon,Female,tie,,,0,3.9000001,0.0270132714247227,0.024080046,0.029946497
Colon,Female,tie,,,0,3.95,0.0270154665817934,0.024076767,0.029954165
Colon,Female,tie,,,0,4.0,0.0270160130595374,0.024072053,0.029959973
Colon,Female,tie,,,0,4.0500002,0.0270100438699061,0.02406132,0.029958768
Colon,Female,tie,,,0,4.0999999,0.027002565112446,0.024049276,0.029955855
Colon,Female,tie,,,0,4.1500001,0.0269936265192298,0.024035966,0.029951287
Colon,Female,tie,,,0,4.1999998,0.0269832762021934,0.024021432,0.02994512
Colon,Female,tie,,,0,4.25,0.0269715600683788,0.024005715,0.029937405
Colon,Female,tie,,,0,4.3000002,0.0269585225664091,0.023988856,0.029928189
Colon,Female,tie,,,0,4.3499999,0.0269442065311369,0.023970891,0.029917521
Colon,Female,tie,,,0,4.4000001,0.0269286527964401,0.023951858,0.029905448
Colon,Female,tie,,,0,4.4499998,0.0269119012548462,0.023931792,0.029892011
Colon,Female,tie,,,0,4.5,0.0268939897428745,0.023910725,0.029877253
Colon,Female,tie,,,0,4.5500002,0.0268749551968566,0.023888692,0.029861217
Colon,Female,tie,,,0,4.5999999,0.0268548332843923,0.023865724,0.029843941
Colon,Female,tie,,,0,4.6500001,0.0268336578394778,0.02384185,0.029825464
Colon,Female,tie,,,0,4.6999998,0.0268114622866087,0.023817101,0.029805822
Colon,Female,tie,,,0,4.75,0.026788278079441,0.023791505,0.029785052
Colon,Female,tie,,,0,4.8000002,0.0267641362079612,0.023765087,0.029763186
Colon,Female,tie,,,0,4.8499999,0.0267390666518086,0.023737876,0.029740257
Colon,Female,tie,,,0,4.9000001,0.0267130976666533,0.023709895,0.029716302
Colon,Female,tie,,,0,4.9499998,0.0266862575215431,0.023681169,0.029691346
Colon,Female,tie,,,0,5.0,0.026658572559072,0.023651725,0.02966542
Colon,Female,tie,,,1,0.0,0.0,0.0,0.0
Colon,Female,tie,,,1,0.050000001,0.0015268515573253,0.0013300665,0.0017236366
Colon,Female,tie,,,1,0.1,0.0027963580379699,0.0024353734,0.0031573428
Colon,Female,tie,,,1,0.15000001,0.0039177076392708,0.0034106327,0.0044247825
Colon,Female,tie,,,1,0.2,0.0049297866809525,0.0042898888,0.0055696843
Colon,Female,tie,,,1,0.25,0.0058550440251018,0.0050928523,0.006617236
Colon,Female,tie,,,1,0.30000001,0.0067084175546692,0.0058326595,0.0075841756
Colon,Female,tie,,,1,0.34999999,0.0075006582142158,0.0065187756,0.008482541
Colon,Female,tie,,,1,0.40000001,0.0082399096794122,0.0071583753,0.0093214437
Colon,Female,tie,,,1,0.44999999,0.0089325640094956,0.0077570919,0.010108036
Colon,Female,tie,,,1,0.5,0.00958377844865,0.008319471,0.010848085
Colon,Female,tie,,,1,0.55000001,0.0101978001079295,0.0088492585,0.011546342
Colon,Female,tie,,,1,0.60000002,0.0107781875832335,0.0093495911,0.012206784
Colon,Female,tie,,,1,0.64999998,0.011327963494802,0.0098231323,0.012832795
Colon,Female,tie,,,1,0.69999999,0.0118497278360597,0.010272174,0.013427282
Colon,Female,tie,,,1,0.75,0.0123457411136855,0.010698708,0.013992774
Colon,Female,tie,,,1,0.80000001,0.0128182824654574,0.011104737,0.014531828
Colon,Female,tie,,,1,0.85000002,0.0132697571314791,0.011492367,0.015047147
Colon,Female,tie,,,1,0.89999998,0.0137022281829378,0.011863404,0.015541052
Colon,Female,tie,,,1,0.94999999,0.0141174445335279,0.012219379,0.016015509
Colon,Female,tie,,,1,1.0,0.0145168962894925,0.012561596,0.016472196
Colon,Female,tie,,,1,1.05,0.0149008862312374,0.012890311,0.016911462
Colon,Female,tie,,,1,1.1,0.0152714532082815,0.013207317,0.017335588
Colon,Female,tie,,,1,1.15,0.0156295566832056,0.013513455,0.017745659
Colon,Female,tie,,,1,1.2,0.015976037120803,0.013809459,0.018142615
Colon,Female,tie,,,1,1.25,0.0163116282679951,0.014095971,0.018527284
Colon,Female,tie,,,1,1.3,0.016636978647025,0.014373561,0.018900396
Colon,Female,tie,,,1,1.35,0.0169526618474209,0.01464273,0.019262593
Colon,Female,tie,,,1,1.4,0.0172591850526938,0.014903923,0.019614447
Colon,Female,tie,,,1,1.45,0.0175569867007759,0.015157522,0.019956451
Colon,Female,tie,,,1,1.5,0.0178462528694665,0.015403695,0.02028881
Colon,Female,tie,,,1,1.55,0.0181270342464671,0.015642494,0.020611575
Colon,Female,tie,,,1,1.6,0.0183994029515394,0.015873985,0.02092482
Colon,Female,tie,,,1,1.65,0.0186634498497094,0.016098257,0.021228643
Colon,Female,tie,,,1,1.7,0.0189192855684703,0.016315406,0.021523165
Colon,Female,tie,,,1,1.75,0.0191670324986688,0.016525546,0.021808518
Colon,Female,tie,,,1,1.8,0.0194068265810323,0.0167288,0.022084855
Colon,Female,tie,,,1,1.85,0.0196388132180902,0.016925294,0.022352332
Colon,Female,tie,,,1,1.9,0.0198631438300055,0.017115168,0.022611119
Colon,Female,tie,,,1,1.95,0.0200799780673873,0.017298562,0.022861395
Colon,Female,tie,,,1,2.0,0.0202894781364298,0.01747562,0.023103338
Colon,Female,tie,,,1,2.05,0.0204904119643093,0.017645249,0.023335576
Colon,Female,tie,,,1,2.0999999,0.0206843258460749,0.017808819,0.023559833
Colon,Female,tie,,,1,2.1500001,0.0208713926008721,0.017966483,0.023776302
Colon,Female,tie,,,1,2.2,0.0210517830575714,0.018118391,0.023985175
Colon,Female,tie,,,1,2.25,0.0212256707296365,0.018264694,0.024186647
Colon,Female,tie,,,1,2.3,0.0213932276323329,0.018405546,0.024380909
Colon,Female,tie,,,1,2.3499999,0.0215546306991744,0.018541098,0.024568165
Colon,Female,tie,,,1,2.4000001,0.0217101001833706,0.018671542,0.024748657
Colon,Female,tie,,,1,2.45,0.0218598649489314,0.018797079,0.02492265
Colon,Female,tie,,,1,2.5,0.0220041441675261,0.0189179,0.025090389
Colon,Female,tie,,,1,2.55,0.0221431449943222,0.019034181,0.025252109
Colon,Female,tie,,,1,2.5999999,0.0222770640595382,0.019146092,0.025408035
Colon,Female,tie,,,1,2.6500001,0.0224060887511986,0.0192538,0.025558377
Colon,Female,tie,,,1,2.7,0.0225303954042895,0.019357454,0.025703337
Colon,Female,tie,,,1,2.75,0.0226501535698769,0.019457202,0.025843104
Colon,Female,tie,,,1,2.8,0.0227655240672977,0.019553185,0.025977865
Colon,Female,tie,,,1,2.8499999,0.0228766601066097,0.019645531,0.02610779
Colon,Female,tie,,,1,2.9000001,0.0229837082488234,0.01973437,0.026233047
Colon,Female,tie,,,1,2.95,0.0230868068097216,0.019819822,0.026353791
Colon,Female,tie,,,1,3.0,0.0231860893170054,0.019902,0.026470179
Colon,Female,tie,,,1,3.05,0.0232799247262326,0.019979453,0.026580395
Colon,Female,tie,,,1,3.0999999,0.0233701827701966,0.020053839,0.026686525
Colon,Female,tie,,,1,3.1500001,0.0234569806853312,0.020125261,0.0267887
Colon,Female,tie,,,1,3.2,0.023540429437065,0.020193812,0.026887046
Colon,Female,tie,,,1,3.25,0.0236206364806076,0.020259587,0.026981687
Colon,Female,tie,,,1,3.3,0.0236977043492503,0.020322671,0.027072737
Colon,Female,tie,,,1,3.3499999,0.0237717313189593,0.020383153,0.027160309
Colon,Female,tie,,,1,3.4000001,0.0238428119671513,0.020441113,0.02724451
Colon,Female,tie,,,1,3.45,0.0239110360431413,0.020496627,0.027325444
Colon,Female,tie,,,1,3.5,0.0239764906996767,0.020549772,0.027403209
Colon,Female,tie,,,1,3.55,0.0240392593096775,0.020600619,0.0274779
Colon,Female,tie,,,1,3.5999999,0.0240994219865459,0.020649236,0.027549608
Colon,Female,tie,,,1,3.6500001,0.024157056016732,0.02069569,0.027618421
Colon,Female,tie,,,1,3.7,0.0242122349262326,0.020740045,0.027684424
Colon,Female,tie,,,1,3.75,0.0242650302733695,0.020782363,0.027747698
Colon,Female,tie,,,1,3.8,0.0243155106736423,0.020822702,0.02780832
Colon,Female,tie,,,1,3.8499999,0.0243637422082629,0.020861119,0.027866365
Colon,Female,tie,,,1,3.9000001,0.0244097887588885,0.02089767,0.027921908
Colon,Female,tie,,,1,3.95,0.0244537112531392,0.020932404,0.027975019
Colon,Female,tie,,,1,4.0,0.0244955690883912,0.020965377,0.028025761
Colon,Female,tie,,,1,4.0500002,0.0245334455827395,0.020994879,0.028072013
Colon,Female,tie,,,1,4.0999999,0.0245693665463282,0.021022713,0.028116021
Colon,Female,tie,,,1,4.1500001,0.0246033862355516,0.021048922,0.028157851
Colon,Female,tie,,,1,4.1999998,0.0246355557333015,0.021073552,0.028197559
Colon,Female,tie,,,1,4.25,0.0246659256277681,0.021096647,0.028235205
Colon,Female,tie,,,1,4.3000002,0.0246945438972342,0.021118246,0.028270843
Colon,Female,tie,,,1,4.3499999,0.0247214569782088,0.021138391,0.028304523
Colon,Female,tie,,,1,4.4000001,0.024746710528961,0.021157119,0.028336301
Colon,Female,tie,,,1,4.4499998,0.0247703477374612,0.02117447,0.028366227
Colon,Female,tie,,,1,4.5,0.0247924113117728,0.021190478,0.028394345
Colon,Female,tie,,,1,4.5500002,0.0248129419219906,0.021205178,0.028420705
Colon,Female,tie,,,1,4.5999999,0.0248319789979295,0.021218605,0.028445352
Colon,Female,tie,,,1,4.6500001,0.024849561260799,0.021230793,0.028468329
Colon,Female,tie,,,1,4.6999998,0.0248657255371096,0.021241771,0.028489681
Colon,Female,tie,,,1,4.75,0.0248805081494474,0.021251572,0.028509445
Colon,Female,tie,,,1,4.8000002,0.0248939438488158,0.021260224,0.028527664
Colon,Female,tie,,,1,4.8499999,0.0249060663780881,0.021267759,0.028544374
Colon,Female,tie,,,1,4.9000001,0.0249169088021181,0.021274202,0.028559616
Colon,Female,tie,,,1,4.9499998,0.024926502768046,0.021279583,0.028573424
Colon,Female,tie,,,1,5.0,0.0249348793712158,0.021283925,0.028585834
Colon,Female,tie,,,2,0.0,0.0,0.0,0.0
Colon,Female,tie,,,2,0.050000001,0.0055712346680896,0.0049461387,0.0061963308
Colon,Female,tie,,,2,0.1,0.0104081653083316,0.0092340354,0.011582295
Colon,Female,tie,,,2,0.15000001,0.0143840451483082,0.01275964,0.01600845
Colon,Female,tie,,,2,0.2,0.0176849092606289,0.015688453,0.019681364
Colon,Female,tie,,,2,0.25,0.020457797600291,0.018150497,0.022765098
Colon,Female,tie,,,2,0.30000001,0.0228115066101127,0.020241804,0.025381209
Colon,Female,tie,,,2,0.34999999,0.0248271191109622,0.022033907,0.02762033
Colon,Female,tie,,,2,0.40000001,0.0265661219102522,0.023581054,0.029551189
Colon,Female,tie,,,2,0.44999999,0.0280759683080757,0.024925124,0.031226814
Colon,Female,tie,,,2,0.5,0.0293938871835897,0.026098985,0.032688789
Colon,Female,tie,,,2,0.55000001,0.0305495066964832,0.027128814,0.0339702
Colon,Female,tie,,,2,0.60000002,0.0315667133083605,0.028035721,0.035097707
Colon,Female,tie,,,2,0.64999998,0.0324649836299423,0.028836936,0.03609303
Colon,Female,tie,,,2,0.69999999,0.0332603647173166,0.029546659,0.036974072
Colon,Female,tie,,,2,0.75,0.0339662038559744,0.03017671,0.037755698
Colon,Female,tie,,,2,0.80000001,0.0345942633811765,0.030737516,0.038451012
Colon,Female,tie,,,2,0.85000002,0.0351551590864911,0.031238496,0.039071824
Colon,Female,tie,,,2,0.89999998,0.0356576825278846,0.031687453,0.03962791
Colon,Female,tie,,,2,0.94999999,0.036109113590491,0.032090858,0.040127367
Colon,Female,tie,,,2,1.0,0.0365155282722822,0.032454107,0.04057695
Colon,Female,tie,,,2,1.05,0.0368695424762872,0.032770779,0.040968306
Colon,Female,tie,,,2,1.1,0.0371878202670812,0.033055544,0.041320097
Colon,Female,tie,,,2,1.15,0.0374740894112713,0.03331171,0.041636467
Colon,Female,tie,,,2,1.2,0.03773155358915,0.03354213,0.041920979
Colon,Female,tie,,,2,1.25,0.037962977661936,0.033749264,0.04217669
Colon,Female,tie,,,2,1.3,0.0381707648325065,0.033935253,0.04240628
Colon,Female,tie,,,2,1.35,0.0383570132035383,0.034101959,0.042612068
Colon,Female,tie,,,2,1.4,0.0385235623677315,0.034251023,0.042796101
Colon,Female,tie,,,2,1.45,0.038672016660199,0.034383878,0.042960156
Colon,Female,tie,,,2,1.5,0.0388035703450778,0.034501582,0.043105558
Colon,Female,tie,,,2,1.55,0.0389191775858712,0.034604993,0.043233365
Colon,Female,tie,,,2,1.6,0.0390197463985332,0.034694914,0.04334458
Colon,Female,tie,,,2,1.65,0.0391061414648609,0.034772117,0.043440163
Colon,Female,tie,,,2,1.7,0.0391791859397325,0.034837343,0.043521028
Colon,Female,tie,,,2,1.75,0.0392396604967283,0.034891289,0.043588035
Colon,Female,tie,,,2,1.8,0.0392883056789113,0.03493461,0.043641999
Colon,Female,tie,,,2,1.85,0.0393258225427437,0.03496794,0.043683704
Colon,Female,tie,,,2,1.9,0.0393528739716623,0.034991875,0.043713875
Colon,Female,tie,,,2,1.95,0.0393700867956258,0.035006966,0.043733206
Colon,Female,tie,,,2,2.0,0.0393780528782721,0.035013754,0.043742351
Colon,Female,tie,,,2,2.05,0.039362917915564,0.03500006,0.043725774
Colon,Female,tie,,,2,2.0999999,0.0393396767008922,0.034979079,0.043700274
Colon,Female,tie,,,2,2.1500001,0.039308833718444,0.034951262,0.043666404
Colon,Female,tie,,,2,2.2,0.0392708648841138,0.034917042,0.043624688
Colon,Female,tie,,,2,2.25,0.0392262182288042,0.034876812,0.043575626
Colon,Female,tie,,,2,2.3,0.0391753159636005,0.034830958,0.043519672
Colon,Female,tie,,,2,2.3499999,0.0391185612719026,0.034779843,0.043457281
Colon,Female,tie,,,2,2.4000001,0.0390563729267592,0.034723837,0.043388907
Colon,Female,tie,,,2,2.45,0.0389891566573114,0.034663312,0.043315001
Colon,Female,tie,,,2,2.5,0.0389172845155117,0.034598593,0.043235976
Colon,Female,tie,,,2,2.55,0.0388410990438347,0.034529999,0.043152202
Colon,Female,tie,,,2,2.5999999,0.0387609157783888,0.034457803,0.043064028
Colon,Female,tie,,,2,2.6500001,0.0386770253290786,0.034382273,0.042971779
Colon,Female,tie,,,2,2.7,0.0385896972234522,0.034303643,0.042875748
Colon,Female,tie,,,2,2.75,0.0384991794990593,0.034222148,0.042776212
Colon,Female,tie,,,2,2.8,0.038405702077269,0.034137983,0.04267342
Colon,Female,tie,,,2,2.8499999,0.0383094779807283,0.034051351,0.042567607
Colon,Female,tie,,,2,2.9000001,0.0382107043050177,0.033962417,0.042458992
Colon,Female,tie,,,2,2.95,0.038109565420825,0.033871356,0.042347774
Colon,Female,tie,,,2,3.0,0.0380062313259639,0.033778317,0.042234145
Colon,Female,tie,,,2,3.05,0.0378861911815669,0.033670537,0.042101845
Colon,Female,tie,,,2,3.0999999,0.0377643878080709,0.033561166,0.041967608
Colon,Female,tie,,,2,3.1500001,0.0376409592366817,0.033450328,0.04183159
Colon,Female,tie,,,2,3.2,0.0375160358293328,0.033338141,0.041693933
Colon,Female,tie,,,2,3.25,0.0373897374854587,0.033224709,0.041554768
Colon,Female,tie,,,2,3.3,0.0372621766617989,0.033110134,0.041414216
Colon,Female,tie,,,2,3.3499999,0.0371334584005306,0.032994516,0.041272398
Colon,Female,tie,,,2,3.4000001,0.0370036802672671,0.032877941,0.041129421
Colon,Female,tie,,,2,3.45,0.036872935342269,0.03276049,0.040985379
Colon,Female,tie,,,2,3.5,0.0367413089739309,0.032642242,0.040840376
Colon,Female,tie,,,2,3.55,0.0366088816772115,0.032523267,0.040694494
Colon,Female,tie,,,2,3.5999999,0.0364757289091846,0.032403637,0.040547822
Colon,Female,tie,,,2,3.6500001,0.0363419207891237,0.032283414,0.040400427
Colon,Female,tie,,,2,3.7,0.0362075249840902,0.032162655,0.040252391
Colon,Female,tie,,,2,3.75,0.0360726031838086,0.032041423,0.040103782
Colon,Female,tie,,,2,3.8,0.0359372139295125,0.031919766,0.039954662
Colon,Female,tie,,,2,3.8499999,0.0358014122347821,0.031797733,0.039805092
Colon,Female,tie,,,2,3.9000001,0.0356652491727979,0.031675372,0.039655127
Colon,Female,tie,,,2,3.95,0.0355287746941898,0.031552728,0.039504822
Colon,Female,tie,,,2,4.0,0.0353920339333463,0.031429842,0.039354227
Colon,Female,tie,,,2,4.0500002,0.0352403553494803,0.031293791,0.039186917
Colon,Female,tie,,,2,4.0999999,0.0350886492362113,0.031157712,0.039019588
Colon,Female,tie,,,2,4.1500001,0.0349369502902411,0.031021632,0.038852271
Colon,Female,tie,,,2,4.1999998,0.0347852967503293,0.030885587,0.038685005
Colon,Female,tie,,,2,4.25,0.034633718966974,0.030749604,0.038517833
Colon,Female,tie,,,2,4.3000002,0.0344822496589199,0.030613713,0.038350787
Colon,Female,tie,,,2,4.3499999,0.0343309196918775,0.030477943,0.038183898
Colon,Female,tie,,,2,4.4000001,0.0341797538671534,0.030342314,0.038017195
Colon,Female,tie,,,2,4.4499998,0.0340287811257522,0.030206855,0.037850708
Colon,Female,tie,,,2,4.5,0.0338780231149198,0.030071583,0.037684463
Colon,Female,tie,,,2,4.5500002,0.0337275043628259,0.029936522,0.037518486
Colon,Female,tie,,,2,4.5999999,0.0335772480343547,0.029801691,0.037352804
Colon,Female,tie,,,2,4.6500001,0.033427271722158,0.029667109,0.037187435
Colon,Female,tie,,,2,4.6999998,0.0332775975450451,0.029532794,0.037022401
Colon,Female,tie,,,2,4.75,0.0331282407760862,0.02939876,0.036857724
Colon,Female,tie,,,2,4.8000002,0.0329792199065349,0.029265024,0.036693417
Colon,Female,tie,,,2,4.8499999,0.0328305524099299,0.029131601,0.036529504
Colon,Female,tie,,,2,4.9000001,0.0326822505599067,0.028998503,0.036365997
Colon,Female,tie,,,2,4.9499998,0.0325343313993267,0.028865745,0.036202915
Colon,Female,tie,,,2,5.0,0.032386805476291,0.028733339,0.036040273
