site,sex,estimate,race,stage,agegroup,tt,PE,lci,uci
Corpus_and_uterus,Female,AD,,,0,0.0,0.0,0.0,0.0
Corpus_and_uterus,Female,AD,,,0,0.050000001,17.37024889018769,16.763342,17.977158
Corpus_and_uterus,Female,AD,,,0,0.1,34.64456306329473,33.520802,35.768326
Corpus_and_uterus,Female,AD,,,0,0.15000001,51.18309209084453,49.602566,52.763618
Corpus_and_uterus,Female,AD,,,0,0.2,67.0603970513007,65.069473,69.051323
Corpus_and_uterus,Female,AD,,,0,0.25,82.36089872176464,79.99749,84.724304
Corpus_and_uterus,Female,AD,,,0,0.30000001,97.1516198918962,94.447769,99.855469
Corpus_and_uterus,Female,AD,,,0,0.34999999,111.4832945553653,108.46665,114.49994
Corpus_and_uterus,Female,AD,,,0,0.40000001,125.3943035715198,122.08907,128.69954
Corpus_and_uterus,Female,AD,,,0,0.44999999,138.9139667836964,135.34155,142.48639
Corpus_and_uterus,Female,AD,,,0,0.5,152.0651148899765,148.24463,155.8856
Corpus_and_uterus,Female,AD,,,0,0.55000001,164.8658385936278,160.81447,168.91721
Corpus_and_uterus,Female,AD,,,0,0.60000002,177.3308139948597,173.06407,181.59756
Corpus_and_uterus,Female,AD,,,0,0.64999998,189.4722074381135,185.00418,193.94025
Corpus_and_uterus,Female,AD,,,0,0.69999999,201.3004011650116,196.64392,205.95689
Corpus_and_uterus,Female,AD,,,0,0.75,212.8243903191039,207.99118,217.65759
Corpus_and_uterus,Female,AD,,,0,0.80000001,224.0521931138949,219.05304,229.05135
Corpus_and_uterus,Female,AD,,,0,0.85000002,234.9910929732668,229.83588,240.1463
Corpus_and_uterus,Female,AD,,,0,0.89999998,245.6478135348481,240.34567,250.94995
Corpus_and_uterus,Female,AD,,,0,0.94999999,256.028343131906,250.58771,261.46899
Corpus_and_uterus,Female,AD,,,0,1.0,266.1373449850528,260.56604,271.70865
Corpus_and_uterus,Female,AD,,,0,1.05,275.9508311255715,270.25677,281.64487
Corpus_and_uterus,Female,AD,,,0,1.1,285.5001167127552,279.69012,291.31012
Corpus_and_uterus,Female,AD,,,0,1.15,294.7898741143085,288.87027,300.70947
Corpus_and_uterus,Female,AD,,,0,1.2,303.824919088348,297.80164,309.84821
Corpus_and_uterus,Female,AD,,,0,1.25,312.6100252687507,306.48859,318.73148
Corpus_and_uterus,Female,AD,,,0,1.3,321.1500666594027,314.93564,327.3645
Corpus_and_uterus,Female,AD,,,0,1.35,329.4499397972774,323.14737,335.75253
Corpus_and_uterus,Female,AD,,,0,1.4,337.5144962107115,331.1283,343.9007
Corpus_and_uterus,Female,AD,,,0,1.45,345.3486688920602,338.88309,351.81424
Corpus_and_uterus,Female,AD,,,0,1.5,352.9573081914841,346.41632,359.49829
Corpus_and_uterus,Female,AD,,,0,1.55,360.3453042915251,353.73267,366.95795
Corpus_and_uterus,Female,AD,,,0,1.6,367.5170986540937,360.83633,374.19788
Corpus_and_uterus,Female,AD,,,0,1.65,374.4749313445938,367.7294,381.22046
Corpus_and_uterus,Female,AD,,,0,1.7,381.2208187982111,374.41376,388.02786
Corpus_and_uterus,Female,AD,,,0,1.75,387.7571877764481,380.89175,394.62262
Corpus_and_uterus,Female,AD,,,0,1.8,394.0869116145602,387.16608,401.00775
Corpus_and_uterus,Female,AD,,,0,1.85,400.2131916893385,393.23984,407.18655
Corpus_and_uterus,Female,AD,,,0,1.9,406.1394565991604,399.11633,413.16257
Corpus_and_uterus,Female,AD,,,0,1.95,411.8694116994507,404.79916,418.93967
Corpus_and_uterus,Female,AD,,,0,2.0,417.406881219965,410.29202,424.52173
Corpus_and_uterus,Female,AD,,,0,2.05,422.7101280403626,415.55389,429.86636
Corpus_and_uterus,Female,AD,,,0,2.0999999,427.8280476666232,420.63272,435.02338
Corpus_and_uterus,Female,AD,,,0,2.1500001,432.7648831025018,425.53268,439.9971
Corpus_and_uterus,Female,AD,,,0,2.2,437.5248520153223,430.25787,444.79184
Corpus_and_uterus,Female,AD,,,0,2.25,442.1122660395474,434.81253,449.41199
Corpus_and_uterus,Female,AD,,,0,2.3,446.5314169094936,439.20087,453.86197
Corpus_and_uterus,Female,AD,,,0,2.3499999,450.7865842355333,443.42706,458.14612
Corpus_and_uterus,Female,AD,,,0,2.4000001,454.882040811657,447.49527,462.2688
Corpus_and_uterus,Female,AD,,,0,2.45,458.8221059515301,451.40979,466.23441
Corpus_and_uterus,Female,AD,,,0,2.5,462.6128180985374,455.17654,470.0491
Corpus_and_uterus,Female,AD,,,0,2.55,466.2610740797244,458.80228,473.71985
Corpus_and_uterus,Female,AD,,,0,2.5999999,469.7734220104407,462.29352,477.25333
Corpus_and_uterus,Female,AD,,,0,2.6500001,473.1560752330149,465.65634,480.65582
Corpus_and_uterus,Female,AD,,,0,2.7,476.414868763624,468.89651,483.93323
Corpus_and_uterus,Female,AD,,,0,2.75,479.555375226551,472.01953,487.09122
Corpus_and_uterus,Female,AD,,,0,2.8,482.5828578445235,475.03058,490.13513
Corpus_and_uterus,Female,AD,,,0,2.8499999,485.5023039085144,477.9346,493.07001
Corpus_and_uterus,Female,AD,,,0,2.9000001,488.3184539929999,480.7363,495.90063
Corpus_and_uterus,Female,AD,,,0,2.95,491.0357638039467,483.44,498.63153
Corpus_and_uterus,Female,AD,,,0,3.0,493.658498873744,486.04999,501.26703
Corpus_and_uterus,Female,AD,,,0,3.05,496.134366090308,488.51471,503.75403
Corpus_and_uterus,Female,AD,,,0,3.0999999,498.5231473839543,490.8931,506.1532
Corpus_and_uterus,Female,AD,,,0,3.1500001,500.8285177953806,493.18878,508.46823
Corpus_and_uterus,Female,AD,,,0,3.2,503.0539358001,495.40518,510.7027
Corpus_and_uterus,Female,AD,,,0,3.25,505.202719672415,497.54556,512.85986
Corpus_and_uterus,Female,AD,,,0,3.3,507.2780129272451,499.61307,514.94299
Corpus_and_uterus,Female,AD,,,0,3.3499999,509.2828046989547,501.6106,516.95502
Corpus_and_uterus,Female,AD,,,0,3.4000001,511.2199474481052,503.54102,518.89886
Corpus_and_uterus,Female,AD,,,0,3.45,513.0921284370328,505.40701,520.77728
Corpus_and_uterus,Female,AD,,,0,3.5,514.9019327375613,507.21106,522.59277
Corpus_and_uterus,Female,AD,,,0,3.55,516.6518131186442,508.95569,524.34796
Corpus_and_uterus,Female,AD,,,0,3.5999999,518.3441061523326,510.64313,526.0451
Corpus_and_uterus,Female,AD,,,0,3.6500001,519.9810461955328,512.27563,527.68646
Corpus_and_uterus,Female,AD,,,0,3.7,521.5647403590937,513.85529,529.27417
Corpus_and_uterus,Female,AD,,,0,3.75,523.0972208967589,515.38409,530.8103
Corpus_and_uterus,Female,AD,,,0,3.8,524.5804189703908,516.86401,532.29681
Corpus_and_uterus,Female,AD,,,0,3.8499999,526.0161775141639,518.29681,533.73553
Corpus_and_uterus,Female,AD,,,0,3.9000001,527.4062623943829,519.68427,535.1283
Corpus_and_uterus,Female,AD,,,0,3.95,528.7523404800914,521.02802,536.47668
Corpus_and_uterus,Female,AD,,,0,4.0,530.0560235120028,522.32965,537.78241
Corpus_and_uterus,Female,AD,,,0,4.0500002,531.2543119682547,523.5271,538.98151
Corpus_and_uterus,Female,AD,,,0,4.0999999,532.4130938877288,524.6853,540.14087
Corpus_and_uterus,Female,AD,,,0,4.1500001,533.5338067411816,525.80573,541.2619
Corpus_and_uterus,Female,AD,,,0,4.1999998,534.6177829111459,526.88965,542.34595
Corpus_and_uterus,Female,AD,,,0,4.25,535.6663383510146,527.93835,543.39435
Corpus_and_uterus,Female,AD,,,0,4.3000002,536.6807022611266,528.95313,544.40833
Corpus_and_uterus,Female,AD,,,0,4.3499999,537.6620523262171,529.93506,545.38904
Corpus_and_uterus,Female,AD,,,0,4.4000001,538.6115439268038,530.88538,546.33771
Corpus_and_uterus,Female,AD,,,0,4.4499998,539.5302478418014,531.80511,547.25537
Corpus_and_uterus,Female,AD,,,0,4.5,540.419225059544,532.69531,548.14313
Corpus_and_uterus,Female,AD,,,0,4.5500002,541.2794669042828,533.55695,549.00201
Corpus_and_uterus,Female,AD,,,0,4.5999999,542.1119246296412,534.39099,549.83289
Corpus_and_uterus,Female,AD,,,0,4.6500001,542.9175339647177,535.19836,550.63672
Corpus_and_uterus,Female,AD,,,0,4.6999998,543.6971620364556,535.97992,551.41443
Corpus_and_uterus,Female,AD,,,0,4.75,544.4516706294737,536.73651,552.16687
Corpus_and_uterus,Female,AD,,,0,4.8000002,545.181865181479,537.46893,552.89478
Corpus_and_uterus,Female,AD,,,0,4.8499999,545.8885197086969,538.17798,553.59906
Corpus_and_uterus,Female,AD,,,0,4.9000001,546.5723974730053,538.86438,554.2804
Corpus_and_uterus,Female,AD,,,0,4.9499998,547.2342057640681,539.52887,554.93951
Corpus_and_uterus,Female,AD,,,0,5.0,547.874649448716,540.17212,555.57715
Corpus_and_uterus,Female,AD,,,1,0.0,0.0,0.0,0.0
Corpus_and_uterus,Female,AD,,,1,0.050000001,12.92897033961746,12.450933,13.407008
Corpus_and_uterus,Female,AD,,,1,0.1,26.38437416776418,25.485193,27.283554
Corpus_and_uterus,Female,AD,,,1,0.15000001,39.46819910573343,38.189651,40.746746
Corpus_and_uterus,Female,AD,,,1,0.2,52.15320396316765,50.528843,53.777565
Corpus_and_uterus,Female,AD,,,1,0.25,64.4666004077734,62.524647,66.408554
Corpus_and_uterus,Female,AD,,,1,0.30000001,76.43898806292181,74.203804,78.674171
Corpus_and_uterus,Female,AD,,,1,0.34999999,88.09619478520989,85.589172,90.603218
Corpus_and_uterus,Female,AD,,,1,0.40000001,99.4587033365028,96.698845,102.21856
Corpus_and_uterus,Female,AD,,,1,0.44999999,110.5424846083247,107.54683,113.53814
Corpus_and_uterus,Female,AD,,,1,0.5,121.3600878722369,118.144,124.57617
Corpus_and_uterus,Female,AD,,,1,0.55000001,131.9214758278953,128.49892,135.34404
Corpus_and_uterus,Female,AD,,,1,0.60000002,142.2347377251454,138.61842,145.85106
Corpus_and_uterus,Female,AD,,,1,0.64999998,152.3065872565534,148.50815,156.10503
Corpus_and_uterus,Female,AD,,,1,0.69999999,162.1427927905107,158.17293,166.11266
Corpus_and_uterus,Female,AD,,,1,0.75,171.7483863355731,167.61693,175.87984
Corpus_and_uterus,Female,AD,,,1,0.80000001,181.1279171578875,176.84396,185.41188
Corpus_and_uterus,Female,AD,,,1,0.85000002,190.2855888917109,185.85753,194.71365
Corpus_and_uterus,Female,AD,,,1,0.89999998,199.2253566622069,194.66098,203.78973
Corpus_and_uterus,Female,AD,,,1,0.94999999,207.9507447417331,203.25731,212.64418
Corpus_and_uterus,Female,AD,,,1,1.0,216.4643231950709,211.64857,221.28008
Corpus_and_uterus,Female,AD,,,1,1.05,224.7545550139933,219.82312,229.68599
Corpus_and_uterus,Female,AD,,,1,1.1,232.8372742349925,227.79608,237.87846
Corpus_and_uterus,Female,AD,,,1,1.15,240.7153434040841,235.56996,245.86073
Corpus_and_uterus,Female,AD,,,1,1.2,248.3918288954091,243.14745,253.63622
Corpus_and_uterus,Female,AD,,,1,1.25,255.8698347819055,250.53134,261.20834
Corpus_and_uterus,Female,AD,,,1,1.3,263.1526163741165,257.72458,268.58066
Corpus_and_uterus,Female,AD,,,1,1.35,270.2435078810343,264.73026,275.75677
Corpus_and_uterus,Female,AD,,,1,1.4,277.1458591455393,271.55142,282.7403
Corpus_and_uterus,Female,AD,,,1,1.45,283.8631390827175,278.19135,289.53494
Corpus_and_uterus,Female,AD,,,1,1.5,290.3987911563777,284.6532,296.14438
Corpus_and_uterus,Female,AD,,,1,1.55,296.7563347497446,290.94034,302.57233
Corpus_and_uterus,Female,AD,,,1,1.6,302.9389553415102,297.05576,308.82217
Corpus_and_uterus,Female,AD,,,1,1.65,308.9480432115894,303.0007,314.89539
Corpus_and_uterus,Female,AD,,,1,1.7,314.7848264188881,308.77631,320.79337
Corpus_and_uterus,Female,AD,,,1,1.75,320.450890491654,314.38403,326.51773
Corpus_and_uterus,Female,AD,,,1,1.8,325.9482130407921,319.82581,332.07062
Corpus_and_uterus,Female,AD,,,1,1.85,331.2790639688802,325.10373,337.45441
Corpus_and_uterus,Female,AD,,,1,1.9,336.4459200073475,330.22021,342.67163
Corpus_and_uterus,Female,AD,,,1,1.95,341.4515097586106,335.17789,347.72513
Corpus_and_uterus,Female,AD,,,1,2.0,346.2986775830491,339.97946,352.61789
Corpus_and_uterus,Female,AD,,,1,2.05,350.9669822832797,344.60489,357.3291
Corpus_and_uterus,Female,AD,,,1,2.0999999,355.4823851019439,349.07953,361.88522
Corpus_and_uterus,Female,AD,,,1,2.1500001,359.8481170701693,353.40662,366.28961
Corpus_and_uterus,Female,AD,,,1,2.2,364.0674024650239,357.5892,370.54559
Corpus_and_uterus,Female,AD,,,1,2.25,368.1435647990493,361.63058,374.65652
Corpus_and_uterus,Female,AD,,,1,2.3,372.079926471915,365.534,378.62585
Corpus_and_uterus,Female,AD,,,1,2.3499999,375.8798157685657,369.30267,382.45694
Corpus_and_uterus,Female,AD,,,1,2.4000001,379.5465718050403,372.93988,386.15326
Corpus_and_uterus,Female,AD,,,1,2.45,383.0835879521393,376.44894,389.71823
Corpus_and_uterus,Female,AD,,,1,2.5,386.4957636656924,379.83469,393.15686
Corpus_and_uterus,Female,AD,,,1,2.55,389.7887628835805,383.10263,396.47488
Corpus_and_uterus,Female,AD,,,1,2.5999999,392.9679705884348,386.25815,399.6778
Corpus_and_uterus,Female,AD,,,1,2.6500001,396.0385036379303,389.30618,402.77081
Corpus_and_uterus,Female,AD,,,1,2.7,399.0051685586255,392.25156,405.75879
Corpus_and_uterus,Female,AD,,,1,2.75,401.8725643731252,395.09872,408.64639
Corpus_and_uterus,Female,AD,,,1,2.8,404.6450377512111,397.85202,411.43805
Corpus_and_uterus,Female,AD,,,1,2.8499999,407.3267113318541,400.51547,414.13794
Corpus_and_uterus,Female,AD,,,1,2.9000001,409.921508567037,403.09299,416.75003
Corpus_and_uterus,Female,AD,,,1,2.95,412.4331165966054,405.58817,419.27808
Corpus_and_uterus,Female,AD,,,1,3.0,414.8650717194452,408.00449,421.72565
Corpus_and_uterus,Female,AD,,,1,3.05,417.1897756962697,410.31485,424.0647
Corpus_and_uterus,Female,AD,,,1,3.0999999,419.4410296446647,412.55249,426.32959
Corpus_and_uterus,Female,AD,,,1,3.1500001,421.6218800915262,414.7204,428.52335
Corpus_and_uterus,Female,AD,,,1,3.2,423.7351923470171,416.82144,430.64896
Corpus_and_uterus,Female,AD,,,1,3.25,425.7837212402897,418.85831,432.70914
Corpus_and_uterus,Female,AD,,,1,3.3,427.7700770672266,420.83362,434.70654
Corpus_and_uterus,Female,AD,,,1,3.3499999,429.6967435489431,422.74979,436.64371
Corpus_and_uterus,Female,AD,,,1,3.4000001,431.5660935650662,424.60916,438.52301
Corpus_and_uterus,Female,AD,,,1,3.45,433.3803603116061,426.41397,440.34674
Corpus_and_uterus,Female,AD,,,1,3.5,435.1416969158001,428.16632,442.11707
Corpus_and_uterus,Female,AD,,,1,3.55,436.8521463038779,429.86826,443.83603
Corpus_and_uterus,Female,AD,,,1,3.5999999,438.5136556898315,431.5217,445.50562
Corpus_and_uterus,Female,AD,,,1,3.6500001,440.1280892827456,433.12845,447.12772
Corpus_and_uterus,Female,AD,,,1,3.7,441.6972025365733,434.69031,448.7041
Corpus_and_uterus,Female,AD,,,1,3.75,443.2226928606267,436.20892,450.23648
Corpus_and_uterus,Female,AD,,,1,3.8,444.7061728811818,437.68588,451.72647
Corpus_and_uterus,Female,AD,,,1,3.8499999,446.1491822705368,439.12271,453.17566
Corpus_and_uterus,Female,AD,,,1,3.9000001,447.5531981379871,440.5209,454.58551
Corpus_and_uterus,Female,AD,,,1,3.95,448.9196120055146,441.88181,455.95743
Corpus_and_uterus,Female,AD,,,1,4.0,450.2497733299178,443.20676,457.29279
Corpus_and_uterus,Female,AD,,,1,4.0500002,451.5090871242688,444.4617,458.55646
Corpus_and_uterus,Female,AD,,,1,4.0999999,452.7344685376372,445.68301,459.78592
Corpus_and_uterus,Female,AD,,,1,4.1500001,453.9271232664044,446.87186,460.98239
Corpus_and_uterus,Female,AD,,,1,4.1999998,455.0881599170555,448.02936,462.14697
Corpus_and_uterus,Female,AD,,,1,4.25,456.2186835809036,449.15659,463.28079
Corpus_and_uterus,Female,AD,,,1,4.3000002,457.319719959367,450.25458,464.38486
Corpus_and_uterus,Female,AD,,,1,4.3499999,458.3922521063463,451.32428,465.46021
Corpus_and_uterus,Female,AD,,,1,4.4000001,459.4372519820067,452.3667,466.50781
Corpus_and_uterus,Female,AD,,,1,4.4499998,460.4556115247681,453.38269,467.52853
Corpus_and_uterus,Female,AD,,,1,4.5,461.4482243260192,454.37314,468.52332
Corpus_and_uterus,Female,AD,,,1,4.5500002,462.4159188123776,455.33887,469.49298
Corpus_and_uterus,Female,AD,,,1,4.5999999,463.35949015788,456.28067,470.43832
Corpus_and_uterus,Female,AD,,,1,4.6500001,464.2797278254756,457.19934,471.36014
Corpus_and_uterus,Female,AD,,,1,4.6999998,465.1773546604986,458.09555,472.25916
Corpus_and_uterus,Female,AD,,,1,4.75,466.0530985802656,458.97009,473.13611
Corpus_and_uterus,Female,AD,,,1,4.8000002,466.9076334810866,459.82358,473.9917
Corpus_and_uterus,Female,AD,,,1,4.8499999,467.7416071305769,460.65668,474.82654
Corpus_and_uterus,Female,AD,,,1,4.9000001,468.5556653501772,461.47,475.64133
Corpus_and_uterus,Female,AD,,,1,4.9499998,469.3503979835682,462.26419,476.43661
Corpus_and_uterus,Female,AD,,,1,5.0,470.1264021399845,463.03976,477.21304
Corpus_and_uterus,Female,AD,,,2,0.0,0.0,0.0,0.0
Corpus_and_uterus,Female,AD,,,2,0.050000001,4.446700999660775,4.1157031,4.7776985
Corpus_and_uterus,Female,AD,,,2,0.1,8.269437067180396,7.6788712,8.8600035
Corpus_and_uterus,Female,AD,,,2,0.15000001,11.72727573514283,10.918919,12.535633
Corpus_and_uterus,Female,AD,,,2,0.2,14.92225938310924,13.926455,15.918064
Corpus_and_uterus,Female,AD,,,2,0.25,17.91171683546646,16.752174,19.07126
Corpus_and_uterus,Female,AD,,,2,0.30000001,20.73214272593196,19.428137,22.036148
Corpus_and_uterus,Female,AD,,,2,0.34999999,23.40849030582614,21.976101,24.840879
Corpus_and_uterus,Female,AD,,,2,0.40000001,25.95869084195831,24.411568,27.505814
Corpus_and_uterus,Female,AD,,,2,0.44999999,28.3961177763786,26.746004,30.04623
Corpus_and_uterus,Female,AD,,,2,0.5,30.73107130919594,28.988178,32.473965
Corpus_and_uterus,Female,AD,,,2,0.55000001,32.97169427054487,31.144966,34.798424
Corpus_and_uterus,Female,AD,,,2,0.60000002,35.12458552047445,33.221916,37.027252
Corpus_and_uterus,Female,AD,,,2,0.64999998,37.19520764637475,35.223606,39.166809
Corpus_and_uterus,Female,AD,,,2,0.69999999,39.18818289732089,37.153893,41.222473
Corpus_and_uterus,Female,AD,,,2,0.75,41.10748157519332,39.016094,43.198868
Corpus_and_uterus,Female,AD,,,2,0.80000001,42.95657884875264,40.813122,45.100037
Corpus_and_uterus,Female,AD,,,2,0.85000002,44.73855997213585,42.547565,46.929554
Corpus_and_uterus,Female,AD,,,2,0.89999998,46.45619830689645,44.22176,48.690636
Corpus_and_uterus,Female,AD,,,2,0.94999999,48.11196222831791,45.837795,50.386127
Corpus_and_uterus,Female,AD,,,2,1.0,49.70794870883073,47.397442,52.018456
Corpus_and_uterus,Female,AD,,,2,1.05,51.23168274277911,48.888672,53.574696
Corpus_and_uterus,Female,AD,,,2,1.1,52.69867481691665,50.326,55.07135
Corpus_and_uterus,Female,AD,,,2,1.15,54.11073782371415,51.711002,56.510475
Corpus_and_uterus,Female,AD,,,2,1.2,55.46962400821663,53.045208,57.894039
Corpus_and_uterus,Female,AD,,,2,1.25,56.77700559831509,54.330093,59.223915
Corpus_and_uterus,Female,AD,,,2,1.3,58.03450378506951,55.567108,60.5019
Corpus_and_uterus,Female,AD,,,2,1.35,59.24368323839532,56.757645,61.729721
Corpus_and_uterus,Female,AD,,,2,1.4,60.40604784286363,57.903065,62.909031
Corpus_and_uterus,Female,AD,,,2,1.45,61.52306374714146,59.004704,64.041428
Corpus_and_uterus,Female,AD,,,2,1.5,62.59613978867333,60.063843,65.128433
Corpus_and_uterus,Female,AD,,,2,1.55,63.62664860903908,61.081749,66.171547
Corpus_and_uterus,Female,AD,,,2,1.6,64.61584789341818,62.059574,67.172119
Corpus_and_uterus,Female,AD,,,2,1.65,65.56458885262285,62.998104,68.131073
Corpus_and_uterus,Female,AD,,,2,1.7,66.47366120735876,63.89806,69.049263
Corpus_and_uterus,Female,AD,,,2,1.75,67.34390752697112,64.760223,69.927589
Corpus_and_uterus,Female,AD,,,2,1.8,68.17622485487406,65.585434,70.767014
Corpus_and_uterus,Female,AD,,,2,1.85,68.97154596062751,66.374573,71.56852
Corpus_and_uterus,Female,AD,,,2,1.9,69.73082397864476,67.128532,72.333115
Corpus_and_uterus,Female,AD,,,2,1.95,70.45503689556566,67.848244,73.061829
Corpus_and_uterus,Female,AD,,,2,2.0,71.14516578001889,68.534637,73.755699
Corpus_and_uterus,Female,AD,,,2,2.05,71.77987383615415,69.167244,74.392502
Corpus_and_uterus,Female,AD,,,2,2.0999999,72.38213793180898,69.768089,74.996185
Corpus_and_uterus,Female,AD,,,2,2.1500001,72.95297117311435,70.338135,75.56781
Corpus_and_uterus,Female,AD,,,2,2.2,73.49336804419872,70.878349,76.108391
Corpus_and_uterus,Female,AD,,,2,2.25,74.00431771341658,71.389671,76.618965
Corpus_and_uterus,Female,AD,,,2,2.3,74.48679051973474,71.873047,77.100533
Corpus_and_uterus,Female,AD,,,2,2.3499999,74.94173875004238,72.329391,77.554085
Corpus_and_uterus,Female,AD,,,2,2.4000001,75.37009699994306,72.759613,77.980583
Corpus_and_uterus,Female,AD,,,2,2.45,75.77279209303168,73.164604,78.380981
Corpus_and_uterus,Female,AD,,,2,2.5,76.15096384063617,73.545471,78.756454
Corpus_and_uterus,Female,AD,,,2,2.55,76.5058458945611,73.903419,79.108269
Corpus_and_uterus,Female,AD,,,2,2.5999999,76.8386020921597,74.239586,79.437622
Corpus_and_uterus,Female,AD,,,2,2.6500001,77.1503295678702,74.555031,79.745628
Corpus_and_uterus,Female,AD,,,2,2.7,77.44205741830673,74.850761,80.033348
Corpus_and_uterus,Female,AD,,,2,2.75,77.71475980220772,75.127739,80.301781
Corpus_and_uterus,Female,AD,,,2,2.8,77.96935379080747,75.386841,80.551865
Corpus_and_uterus,Female,AD,,,2,2.8499999,78.20670451713626,75.628937,80.784477
Corpus_and_uterus,Female,AD,,,2,2.9000001,78.42762954845533,75.854805,81.00045
Corpus_and_uterus,Female,AD,,,2,2.95,78.63289787035731,76.065216,81.200584
Corpus_and_uterus,Female,AD,,,2,3.0,78.82323910080187,76.260872,81.385605
Corpus_and_uterus,Female,AD,,,2,3.05,78.97391236443411,76.417961,81.529861
Corpus_and_uterus,Female,AD,,,2,3.0999999,79.11094516633504,76.561554,81.660339
Corpus_and_uterus,Female,AD,,,2,3.1500001,79.2349663521449,76.692268,81.777664
Corpus_and_uterus,Female,AD,,,2,3.2,79.34656940392358,76.810692,81.882446
Corpus_and_uterus,Female,AD,,,2,3.25,79.4463180558228,76.917374,81.975266
Corpus_and_uterus,Female,AD,,,2,3.3,79.53474579921291,77.012833,82.056656
Corpus_and_uterus,Female,AD,,,2,3.3499999,79.61235830205942,77.09758,82.127136
Corpus_and_uterus,Female,AD,,,2,3.4000001,79.67963538123074,77.172081,82.187195
Corpus_and_uterus,Female,AD,,,2,3.45,79.73703133124565,77.236778,82.237282
Corpus_and_uterus,Female,AD,,,2,3.5,79.78497830348213,77.292107,82.277855
Corpus_and_uterus,Female,AD,,,2,3.55,79.82388633688598,77.338463,82.309311
Corpus_and_uterus,Female,AD,,,2,3.5999999,79.85414497364094,77.376228,82.332062
Corpus_and_uterus,Female,AD,,,2,3.6500001,79.87612453193127,77.405777,82.346474
Corpus_and_uterus,Female,AD,,,2,3.7,79.89017683609907,77.427452,82.352898
Corpus_and_uterus,Female,AD,,,2,3.75,79.8966368807528,77.441589,82.351685
Corpus_and_uterus,Female,AD,,,2,3.8,79.89582334509626,77.448486,82.343155
Corpus_and_uterus,Female,AD,,,2,3.8499999,79.88803962617229,77.448463,82.327614
Corpus_and_uterus,Female,AD,,,2,3.9000001,79.87357460572622,77.441795,82.305351
Corpus_and_uterus,Female,AD,,,2,3.95,79.85270375584483,77.428749,82.276657
Corpus_and_uterus,Female,AD,,,2,4.0,79.8256894709632,77.409599,82.241783
Corpus_and_uterus,Female,AD,,,2,4.0500002,79.7640753234663,77.356842,82.171303
Corpus_and_uterus,Female,AD,,,2,4.0999999,79.69688655152801,77.298538,82.095238
Corpus_and_uterus,Female,AD,,,2,4.1500001,79.62435502246,77.234894,82.013817
Corpus_and_uterus,Female,AD,,,2,4.1999998,79.54670462189586,77.166145,81.927261
Corpus_and_uterus,Female,AD,,,2,4.25,79.46414629353742,77.092506,81.835785
Corpus_and_uterus,Female,AD,,,2,4.3000002,79.37688362968069,77.01416,81.739609
Corpus_and_uterus,Female,AD,,,2,4.3499999,79.2851113497322,76.931313,81.638908
Corpus_and_uterus,Female,AD,,,2,4.4000001,79.18901294121967,76.844147,81.533882
Corpus_and_uterus,Female,AD,,,2,4.4499998,79.08876733008974,76.752831,81.424698
Corpus_and_uterus,Female,AD,,,2,4.5,78.98454197225462,76.657539,81.311546
Corpus_and_uterus,Female,AD,,,2,4.5500002,78.87649983745527,76.558426,81.194572
Corpus_and_uterus,Female,AD,,,2,4.5999999,78.76479707385943,76.455658,81.073936
Corpus_and_uterus,Female,AD,,,2,4.6500001,78.64957999603581,76.349365,80.949799
Corpus_and_uterus,Female,AD,,,2,4.6999998,78.53099295336455,76.239693,80.822289
Corpus_and_uterus,Female,AD,,,2,4.75,78.40916985553878,76.126785,80.691559
Corpus_and_uterus,Female,AD,,,2,4.8000002,78.28424230041648,76.010765,80.557724
Corpus_and_uterus,Female,AD,,,2,4.8499999,78.15633659044559,75.891754,80.420921
Corpus_and_uterus,Female,AD,,,2,4.9000001,78.0255702006646,75.769875,80.281265
Corpus_and_uterus,Female,AD,,,2,4.9499998,77.8920606317071,75.645241,80.138878
Corpus_and_uterus,Female,AD,,,2,5.0,77.75591567129464,75.517967,79.993866
Corpus_and_uterus,Female,ADa,,,0,0.0,0.0,0.0,0.0
Corpus_and_uterus,Female,ADa,,,0,0.050000001,2.679133195841914,2.6486022,2.7096641
Corpus_and_uterus,Female,ADa,,,0,0.1,6.428008615223519,6.3712869,6.4847307
Corpus_and_uterus,Female,ADa,,,0,0.15000001,10.54354586384107,10.460844,10.626248
Corpus_and_uterus,Female,ADa,,,0,0.2,14.94935533255655,14.841979,15.056732
Corpus_and_uterus,Female,ADa,,,0,0.25,19.61315410918748,19.482792,19.743515
Corpus_and_uterus,Female,ADa,,,0,0.30000001,24.50873367218875,24.357161,24.660307
Corpus_and_uterus,Female,ADa,,,0,0.34999999,29.60990166065249,29.438847,29.780958
Corpus_and_uterus,Female,ADa,,,0,0.40000001,34.89004797796098,34.701141,35.078953
Corpus_and_uterus,Female,ADa,,,0,0.44999999,40.32270093379397,40.117458,40.527943
Corpus_and_uterus,Female,ADa,,,0,0.5,45.88216897987861,45.66198,46.10236
Corpus_and_uterus,Female,ADa,,,0,0.55000001,51.54397303383079,51.310104,51.777843
Corpus_and_uterus,Female,ADa,,,0,0.60000002,57.285145697095,57.038746,57.531548
Corpus_and_uterus,Female,ADa,,,0,0.64999998,63.08437436066151,62.826481,63.342266
Corpus_and_uterus,Female,ADa,,,0,0.69999999,68.92208653509503,68.653641,69.190536
Corpus_and_uterus,Female,ADa,,,0,0.75,74.780400679302,74.502243,75.058556
Corpus_and_uterus,Female,ADa,,,0,0.80000001,80.6431034470385,80.355988,80.930214
Corpus_and_uterus,Female,ADa,,,0,0.85000002,86.49556582875718,86.200172,86.790955
Corpus_and_uterus,Female,ADa,,,0,0.89999998,92.324643781216,92.021576,92.627708
Corpus_and_uterus,Female,ADa,,,0,0.94999999,98.11845794089204,97.808258,98.428658
Corpus_and_uterus,Female,ADa,,,0,1.0,103.8659757096926,103.54912,104.18283
Corpus_and_uterus,Female,ADa,,,0,1.05,109.5453231707782,109.22227,109.86838
Corpus_and_uterus,Female,ADa,,,0,1.1,115.1587352111528,114.82986,115.48761
Corpus_and_uterus,Female,ADa,,,0,1.15,120.6985686167125,120.3642,121.03293
Corpus_and_uterus,Female,ADa,,,0,1.2,126.1582021972854,125.81864,126.49776
Corpus_and_uterus,Female,ADa,,,0,1.25,131.5318451473614,131.18735,131.87634
Corpus_and_uterus,Female,ADa,,,0,1.3,136.8145484744451,136.46533,137.16376
Corpus_and_uterus,Female,ADa,,,0,1.35,142.0020906882015,141.64835,142.35583
Corpus_and_uterus,Female,ADa,,,0,1.4,147.0908731023168,146.73277,147.44897
Corpus_and_uterus,Female,ADa,,,0,1.45,152.0779427382309,151.71562,152.44026
Corpus_and_uterus,Female,ADa,,,0,1.5,156.9608374088514,156.59442,157.32726
Corpus_and_uterus,Female,ADa,,,0,1.55,161.7376165428852,161.3672,162.10803
Corpus_and_uterus,Female,ADa,,,0,1.6,166.4067069698843,166.03238,166.78104
Corpus_and_uterus,Female,ADa,,,0,1.65,170.9665624741388,170.58838,171.34474
Corpus_and_uterus,Female,ADa,,,0,1.7,175.4160322858715,175.03409,175.79799
Corpus_and_uterus,Female,ADa,,,0,1.75,179.7543628581982,179.3687,180.14003
Corpus_and_uterus,Female,ADa,,,0,1.8,183.9812213433578,183.59189,184.37054
Corpus_and_uterus,Female,ADa,,,0,1.85,188.0966162851379,187.70367,188.48955
Corpus_and_uterus,Female,ADa,,,0,1.9,192.1008278295324,191.70433,192.49733
Corpus_and_uterus,Female,ADa,,,0,1.95,195.9944384658671,195.59442,196.39445
Corpus_and_uterus,Female,ADa,,,0,2.0,199.7782232087482,199.37473,200.18172
Corpus_and_uterus,Female,ADa,,,0,2.05,203.4303146151368,203.02342,203.8372
Corpus_and_uterus,Female,ADa,,,0,2.0999999,206.9740650728441,206.56383,207.38431
Corpus_and_uterus,Female,ADa,,,0,2.1500001,210.4108436558636,209.99728,210.8244
Corpus_and_uterus,Female,ADa,,,0,2.2,213.7420973735215,213.32527,214.15894
Corpus_and_uterus,Female,ADa,,,0,2.25,216.9694301859912,216.54936,217.3895
Corpus_and_uterus,Female,ADa,,,0,2.3,220.0945197067664,219.67125,220.51779
Corpus_and_uterus,Female,ADa,,,0,2.3499999,223.1191184505155,222.69269,223.54555
Corpus_and_uterus,Female,ADa,,,0,2.4000001,226.0450538234834,225.61549,226.47461
Corpus_and_uterus,Female,ADa,,,0,2.45,228.8742451233201,228.4416,229.30688
Corpus_and_uterus,Female,ADa,,,0,2.5,231.6097137899021,231.17403,232.04541
Corpus_and_uterus,Female,ADa,,,0,2.55,234.2550826462025,233.81638,234.69379
Corpus_and_uterus,Female,ADa,,,0,2.5999999,236.8138584649447,236.37218,237.25554
Corpus_and_uterus,Female,ADa,,,0,2.6500001,239.2894308794501,238.84482,239.73404
Corpus_and_uterus,Female,ADa,,,0,2.7,241.6850273699226,241.23752,242.13254
Corpus_and_uterus,Female,ADa,,,0,2.75,244.0037864215793,243.55341,244.45418
Corpus_and_uterus,Female,ADa,,,0,2.8,246.248712712478,245.79549,246.70193
Corpus_and_uterus,Female,ADa,,,0,2.8499999,248.4226922249261,247.96667,248.87871
Corpus_and_uterus,Female,ADa,,,0,2.9000001,250.5285054827017,250.06972,250.98729
Corpus_and_uterus,Female,ADa,,,0,2.95,252.5687912398676,252.10727,253.03032
Corpus_and_uterus,Female,ADa,,,0,3.0,254.5461103509412,254.08189,255.01033
Corpus_and_uterus,Female,ADa,,,0,3.05,256.4328613195065,255.96602,256.89969
Corpus_and_uterus,Female,ADa,,,0,3.0999999,258.2611108839403,257.79169,258.73053
Corpus_and_uterus,Female,ADa,,,0,3.1500001,260.0331354993407,259.56116,260.5051
Corpus_and_uterus,Female,ADa,,,0,3.2,261.7510920547974,261.27661,262.22559
Corpus_and_uterus,Female,ADa,,,0,3.25,263.4170722618787,262.94009,263.89404
Corpus_and_uterus,Female,ADa,,,0,3.3,265.03307223509,264.55365,265.51251
Corpus_and_uterus,Female,ADa,,,0,3.3499999,266.6010046244041,266.11917,267.08286
Corpus_and_uterus,Female,ADa,,,0,3.4000001,268.1227092205363,267.63849,268.60693
Corpus_and_uterus,Female,ADa,,,0,3.45,269.5999275080079,269.11334,270.08652
Corpus_and_uterus,Female,ADa,,,0,3.5,271.0343494380727,270.54544,271.52325
Corpus_and_uterus,Female,ADa,,,0,3.55,272.4275873339197,271.9364,272.91879
Corpus_and_uterus,Female,ADa,,,0,3.5999999,273.7811862837976,273.28772,274.27466
Corpus_and_uterus,Female,ADa,,,0,3.6500001,275.0966332409358,274.60095,275.59232
Corpus_and_uterus,Female,ADa,,,0,3.7,276.3753349205248,275.87747,276.8732
Corpus_and_uterus,Female,ADa,,,0,3.75,277.6186581179002,277.11862,278.11868
Corpus_and_uterus,Female,ADa,,,0,3.8,278.8279070285668,278.32574,279.33008
Corpus_and_uterus,Female,ADa,,,0,3.8499999,280.0043320873608,279.50006,280.50861
Corpus_and_uterus,Female,ADa,,,0,3.9000001,281.1491377259574,280.64279,281.65546
Corpus_and_uterus,Female,ADa,,,0,3.95,282.2634629595235,281.7551,282.77182
Corpus_and_uterus,Female,ADa,,,0,4.0,283.3484163032398,282.83804,283.8588
Corpus_and_uterus,Female,ADa,,,0,4.0500002,284.3695213653156,283.85724,284.88181
Corpus_and_uterus,Female,ADa,,,0,4.0999999,285.3631797232985,284.849,285.87735
Corpus_and_uterus,Female,ADa,,,0,4.1500001,286.3303944231909,285.81436,286.84644
Corpus_and_uterus,Female,ADa,,,0,4.1999998,287.2720914242635,286.75424,287.78995
Corpus_and_uterus,Female,ADa,,,0,4.25,288.189195186318,287.66956,288.70883
Corpus_and_uterus,Female,ADa,,,0,4.3000002,289.0825668651486,288.56116,289.60397
Corpus_and_uterus,Female,ADa,,,0,4.3499999,289.9530338695672,289.4299,290.47617
Corpus_and_uterus,Female,ADa,,,0,4.4000001,290.8014152691985,290.27658,291.32626
Corpus_and_uterus,Female,ADa,,,0,4.4499998,291.6284656609753,291.10196,292.155
Corpus_and_uterus,Female,ADa,,,0,4.5,292.4349413142611,291.90677,292.9631
Corpus_and_uterus,Female,ADa,,,0,4.5500002,293.2215457681432,292.69177,293.75134
Corpus_and_uterus,Female,ADa,,,0,4.5999999,293.9889556060133,293.45758,294.52032
Corpus_and_uterus,Female,ADa,,,0,4.6500001,294.7378427591453,294.20493,295.27078
Corpus_and_uterus,Female,ADa,,,0,4.6999998,295.4688248615267,294.93436,296.0033
Corpus_and_uterus,Female,ADa,,,0,4.75,296.1825235052339,295.64655,296.71851
Corpus_and_uterus,Female,ADa,,,0,4.8000002,296.87951605399,296.34207,297.41696
Corpus_and_uterus,Female,ADa,,,0,4.8499999,297.5603582671139,297.02145,298.09924
Corpus_and_uterus,Female,ADa,,,0,4.9000001,298.2256040085916,297.68527,298.76593
Corpus_and_uterus,Female,ADa,,,0,4.9499998,298.8757610697591,298.33405,299.41748
Corpus_and_uterus,Female,ADa,,,0,5.0,299.5113428082111,298.96826,300.05441
Corpus_and_uterus,Female,ADa,,,1,0.0,0.0,0.0,0.0
Corpus_and_uterus,Female,ADa,,,1,0.050000001,1.370932062096178,1.349189,1.392675
Corpus_and_uterus,Female,ADa,,,1,0.1,4.013373167695992,3.9667945,4.0599518
Corpus_and_uterus,Female,ADa,,,1,0.15000001,7.076197738404762,7.0047436,7.1476521
Corpus_and_uterus,Female,ADa,,,1,0.2,10.44374148013205,10.34885,10.538632
Corpus_and_uterus,Female,ADa,,,1,0.25,14.0676049871688,13.951048,14.184162
Corpus_and_uterus,Female,ADa,,,1,0.30000001,17.91510028263568,17.778671,18.051531
Corpus_and_uterus,Female,ADa,,,1,0.34999999,21.95828215084848,21.80369,22.112875
Corpus_and_uterus,Female,ADa,,,1,0.40000001,26.17124089361273,26.000074,26.342407
Corpus_and_uterus,Female,ADa,,,1,0.44999999,30.52948275783973,30.343199,30.715767
Corpus_and_uterus,Female,ADa,,,1,0.5,35.00991132213115,34.809837,35.209984
Corpus_and_uterus,Female,ADa,,,1,0.55000001,39.59088746174449,39.378231,39.803547
Corpus_and_uterus,Female,ADa,,,1,0.60000002,44.25230629271582,44.028152,44.47646
Corpus_and_uterus,Female,ADa,,,1,0.64999998,48.97561496660214,48.740948,49.210281
Corpus_and_uterus,Female,ADa,,,1,0.69999999,53.74382165505369,53.499523,53.988121
Corpus_and_uterus,Female,ADa,,,1,0.75,58.54141737978352,58.288284,58.794548
Corpus_and_uterus,Female,ADa,,,1,0.80000001,63.35433286541539,63.093079,63.615585
Corpus_and_uterus,Female,ADa,,,1,0.85000002,68.16985400252075,67.901123,68.438591
Corpus_and_uterus,Female,ADa,,,1,0.89999998,72.97652985547828,72.700882,73.252174
Corpus_and_uterus,Female,ADa,,,1,0.94999999,77.76398574324813,77.481941,78.046028
Corpus_and_uterus,Female,ADa,,,1,1.0,82.52257433893223,82.234589,82.810562
Corpus_and_uterus,Female,ADa,,,1,1.05,87.23808936229756,86.94458,87.531601
Corpus_and_uterus,Female,ADa,,,1,1.1,91.90781857327404,91.609146,92.206497
Corpus_and_uterus,Female,ADa,,,1,1.15,96.52495207343982,96.221428,96.828476
Corpus_and_uterus,Female,ADa,,,1,1.2,101.0835407281088,100.77545,101.39163
Corpus_and_uterus,Female,ADa,,,1,1.25,105.5783372065159,105.26593,105.89075
Corpus_and_uterus,Female,ADa,,,1,1.3,110.0048062815372,109.68829,110.32132
Corpus_and_uterus,Female,ADa,,,1,1.35,114.3590301704356,114.03859,114.67947
Corpus_and_uterus,Female,ADa,,,1,1.4,118.6376214613117,118.31342,118.96182
Corpus_and_uterus,Female,ADa,,,1,1.45,122.8377431331538,122.50991,123.16557
Corpus_and_uterus,Female,ADa,,,1,1.5,126.956979009237,126.62563,127.28832
Corpus_and_uterus,Female,ADa,,,1,1.55,130.9933603188395,130.6586,131.32813
Corpus_and_uterus,Female,ADa,,,1,1.6,134.9452445836923,134.60715,135.28334
Corpus_and_uterus,Female,ADa,,,1,1.65,138.8110606178705,138.4697,139.15244
Corpus_and_uterus,Female,ADa,,,1,1.7,142.5895808106403,142.24501,142.93416
Corpus_and_uterus,Female,ADa,,,1,1.75,146.2799077975142,145.93217,146.62764
Corpus_and_uterus,Female,ADa,,,1,1.8,149.8814971473534,149.53065,150.23233
Corpus_and_uterus,Female,ADa,,,1,1.85,153.3940924293469,153.04019,153.74799
Corpus_and_uterus,Female,ADa,,,1,1.9,156.8176677241155,156.46075,157.17459
Corpus_and_uterus,Female,ADa,,,1,1.95,160.1524556968924,159.79256,160.51236
Corpus_and_uterus,Female,ADa,,,1,2.0,163.3988552583135,163.036,163.76172
Corpus_and_uterus,Female,ADa,,,1,2.05,166.5462631339207,166.1805,166.91203
Corpus_and_uterus,Female,ADa,,,1,2.0999999,169.6062168846134,169.23758,169.97485
Corpus_and_uterus,Female,ADa,,,1,2.1500001,172.5796216357879,172.20815,172.95111
Corpus_and_uterus,Female,ADa,,,1,2.2,175.4674547421764,175.09315,175.84175
Corpus_and_uterus,Female,ADa,,,1,2.25,178.2708349158725,177.89374,178.64793
Corpus_and_uterus,Female,ADa,,,1,2.3,180.9909508028433,180.61108,181.37082
Corpus_and_uterus,Female,ADa,,,1,2.3499999,183.6290625367631,183.24644,184.01167
Corpus_and_uterus,Female,ADa,,,1,2.4000001,186.1865022434546,185.80116,186.57184
Corpus_and_uterus,Female,ADa,,,1,2.45,188.6646878047844,188.27666,189.05272
Corpus_and_uterus,Female,ADa,,,1,2.5,191.0659912079369,190.67529,191.4567
Corpus_and_uterus,Female,ADa,,,1,2.55,193.393312284179,192.99997,193.78665
Corpus_and_uterus,Female,ADa,,,1,2.5999999,195.6494646781765,195.25349,196.04543
Corpus_and_uterus,Female,ADa,,,1,2.6500001,197.8371743389174,197.43861,198.23575
Corpus_and_uterus,Female,ADa,,,1,2.7,199.9590388167489,199.55789,200.36018
Corpus_and_uterus,Female,ADa,,,1,2.75,202.017591061191,201.61389,202.4213
Corpus_and_uterus,Female,ADa,,,1,2.8,204.0152590307583,203.60902,204.42149
Corpus_and_uterus,Female,ADa,,,1,2.8499999,205.9543782665303,205.54562,206.36313
Corpus_and_uterus,Female,ADa,,,1,2.9000001,207.8372029765992,207.42596,208.24844
Corpus_and_uterus,Female,ADa,,,1,2.95,209.665872824488,209.25215,210.07959
Corpus_and_uterus,Female,ADa,,,1,3.0,211.4424693522127,211.02631,211.85863
Corpus_and_uterus,Female,ADa,,,1,3.05,213.1531010860961,212.73454,213.57166
Corpus_and_uterus,Female,ADa,,,1,3.0999999,214.8153197321704,214.39438,215.23625
Corpus_and_uterus,Female,ADa,,,1,3.1500001,216.4309764836175,216.00769,216.85426
Corpus_and_uterus,Female,ADa,,,1,3.2,218.0018247415047,217.57622,218.42744
Corpus_and_uterus,Female,ADa,,,1,3.25,219.5295690992631,219.10165,219.95749
Corpus_and_uterus,Female,ADa,,,1,3.3,221.0158370548692,220.58563,221.44604
Corpus_and_uterus,Female,ADa,,,1,3.3499999,222.4621895189912,222.02972,222.89465
Corpus_and_uterus,Female,ADa,,,1,3.4000001,223.8701300778027,223.43542,224.30482
Corpus_and_uterus,Female,ADa,,,1,3.45,225.2410808975086,224.80417,225.67799
Corpus_and_uterus,Female,ADa,,,1,3.5,226.5764255000967,226.13733,227.01552
Corpus_and_uterus,Female,ADa,,,1,3.55,227.8774841643953,227.43622,228.31874
Corpus_and_uterus,Female,ADa,,,1,3.5999999,229.1455230829578,228.70212,229.58893
Corpus_and_uterus,Female,ADa,,,1,3.6500001,230.3817624564705,229.93623,230.82729
Corpus_and_uterus,Female,ADa,,,1,3.7,231.5873552600528,231.13974,232.03497
Corpus_and_uterus,Female,ADa,,,1,3.75,232.76342471644,232.31374,233.2131
Corpus_and_uterus,Female,ADa,,,1,3.8,233.9110426039408,233.45932,234.36278
Corpus_and_uterus,Female,ADa,,,1,3.8499999,235.0312371790405,234.57748,235.48499
Corpus_and_uterus,Female,ADa,,,1,3.9000001,236.1250002051088,235.66925,236.58075
Corpus_and_uterus,Female,ADa,,,1,3.95,237.1932680155269,236.73555,237.65099
Corpus_and_uterus,Female,ADa,,,1,4.0,238.2369545231484,237.77728,238.69662
Corpus_and_uterus,Female,ADa,,,1,4.0500002,239.2378633414345,238.77631,239.69942
Corpus_and_uterus,Female,ADa,,,1,4.0999999,240.2157443763157,239.75233,240.67915
Corpus_and_uterus,Female,ADa,,,1,4.1500001,241.1714256196301,240.70618,241.63667
Corpus_and_uterus,Female,ADa,,,1,4.1999998,242.1056659881847,241.6386,242.57274
Corpus_and_uterus,Female,ADa,,,1,4.25,243.0192296657599,242.55037,243.48808
Corpus_and_uterus,Female,ADa,,,1,4.3000002,243.9128245547183,243.4422,244.38344
Corpus_and_uterus,Female,ADa,,,1,4.3499999,244.7871311360728,244.31477,245.25949
Corpus_and_uterus,Female,ADa,,,1,4.4000001,245.6428278431925,245.16875,246.1169
Corpus_and_uterus,Female,ADa,,,1,4.4499998,246.4805342995722,246.00476,246.9563
Corpus_and_uterus,Female,ADa,,,1,4.5,247.3008777410172,246.82344,247.77832
Corpus_and_uterus,Female,ADa,,,1,4.5500002,248.1044377207177,247.62537,248.58351
Corpus_and_uterus,Female,ADa,,,1,4.5999999,248.8917718083962,248.41107,249.37247
Corpus_and_uterus,Female,ADa,,,1,4.6500001,249.6634383613365,249.18115,250.14574
Corpus_and_uterus,Female,ADa,,,1,4.6999998,250.4199452580599,249.93608,250.90381
Corpus_and_uterus,Female,ADa,,,1,4.75,251.161809674764,250.67639,251.64722
Corpus_and_uterus,Female,ADa,,,1,4.8000002,251.8895080594544,251.40257,252.37645
Corpus_and_uterus,Female,ADa,,,1,4.8499999,252.6034991858708,252.11507,253.09193
Corpus_and_uterus,Female,ADa,,,1,4.9000001,253.3042447383307,252.81433,253.79416
Corpus_and_uterus,Female,ADa,,,1,4.9499998,253.9921626930004,253.50079,254.48354
Corpus_and_uterus,Female,ADa,,,1,5.0,254.6676814971684,254.17488,255.16049
Corpus_and_uterus,Female,ADa,,,2,0.0,0.0,0.0,0.0
Corpus_and_uterus,Female,ADa,,,2,0.050000001,1.31067069716255,1.2849896,1.3363518
Corpus_and_uterus,Female,ADa,,,2,0.1,2.418662926615301,2.3790348,2.4582913
Corpus_and_uterus,Female,ADa,,,2,0.15000001,3.472661498458795,3.4226325,3.5226905
Corpus_and_uterus,Female,ADa,,,2,0.2,4.512071366727545,4.4535556,4.5705872
Corpus_and_uterus,Female,ADa,,,2,0.25,5.553062816356437,5.4873176,5.6188078
Corpus_and_uterus,Female,ADa,,,2,0.30000001,6.602141663881754,6.5300927,6.6741905
Corpus_and_uterus,Female,ADa,,,2,0.34999999,7.661074732328137,7.5834513,7.738698
Corpus_and_uterus,Female,ADa,,,2,0.40000001,8.729169311704414,8.6465721,8.8117666
Corpus_and_uterus,Female,ADa,,,2,0.44999999,9.804451755582985,9.7173872,9.8915157
Corpus_and_uterus,Female,ADa,,,2,0.5,10.88432933118268,10.793233,10.975426
Corpus_and_uterus,Female,ADa,,,2,0.55000001,11.9659633993662,11.871213,12.060714
Corpus_and_uterus,Female,ADa,,,2,0.60000002,13.04649216388538,12.948417,13.144567
Corpus_and_uterus,Female,ADa,,,2,0.64999998,14.12315625954406,14.022042,14.22427
Corpus_and_uterus,Female,ADa,,,2,0.69999999,15.19337526719536,15.089476,15.297275
Corpus_and_uterus,Female,ADa,,,2,0.75,16.2547768061363,16.148312,16.361242
Corpus_and_uterus,Female,ADa,,,2,0.80000001,17.30521698935781,17.196379,17.414055
Corpus_and_uterus,Female,ADa,,,2,0.85000002,18.34278113414777,18.231741,18.453821
Corpus_and_uterus,Female,ADa,,,2,0.89999998,19.36577640006836,19.25268,19.478872
Corpus_and_uterus,Female,ADa,,,2,0.94999999,20.37269841299228,20.257675,20.48772
Corpus_and_uterus,Female,ADa,,,2,1.0,21.36216221996063,21.245327,21.478998
Corpus_and_uterus,Female,ADa,,,2,1.05,22.32648791839009,22.207979,22.444998
Corpus_and_uterus,Female,ADa,,,2,1.1,23.27063480057962,23.150539,23.39073
Corpus_and_uterus,Female,ADa,,,2,1.15,24.19377010252222,24.072165,24.315376
Corpus_and_uterus,Female,ADa,,,2,1.2,25.09522237723517,24.972172,25.218273
Corpus_and_uterus,Female,ADa,,,2,1.25,25.97444879825127,25.850012,26.098885
Corpus_and_uterus,Female,ADa,,,2,1.3,26.83103628711739,26.705265,26.956808
Corpus_and_uterus,Female,ADa,,,2,1.35,27.66468185120791,27.537619,27.791744
Corpus_and_uterus,Female,ADa,,,2,1.4,28.47517495041586,28.346859,28.603491
Corpus_and_uterus,Female,ADa,,,2,1.45,29.2624003801962,29.132866,29.391933
Corpus_and_uterus,Female,ADa,,,2,1.5,30.0263128908392,29.89559,30.157036
Corpus_and_uterus,Female,ADa,,,2,1.55,30.76694145022462,30.635057,30.898827
Corpus_and_uterus,Female,ADa,,,2,1.6,31.4843561108624,31.351334,31.617378
Corpus_and_uterus,Female,ADa,,,2,1.65,32.17858246181248,32.044445,32.312717
Corpus_and_uterus,Female,ADa,,,2,1.7,32.84969795728214,32.714474,32.984924
Corpus_and_uterus,Female,ADa,,,2,1.75,33.4978470614835,33.361557,33.634136
Corpus_and_uterus,Female,ADa,,,2,1.8,34.12324203142769,33.985912,34.260571
Corpus_and_uterus,Female,ADa,,,2,1.85,34.7261485330837,34.587807,34.864491
Corpus_and_uterus,Female,ADa,,,2,1.9,35.30687333367409,35.167542,35.446205
Corpus_and_uterus,Female,ADa,,,2,1.95,35.86576696560984,35.725475,36.006058
Corpus_and_uterus,Female,ADa,,,2,2.0,36.40320624114569,36.261978,36.544434
Corpus_and_uterus,Female,ADa,,,2,2.05,36.90790529784785,36.765823,37.049988
Corpus_and_uterus,Female,ADa,,,2,2.0999999,37.39170156813584,37.248795,37.534611
Corpus_and_uterus,Female,ADa,,,2,2.1500001,37.85505972648975,37.711353,37.998768
Corpus_and_uterus,Female,ADa,,,2,2.2,38.29845014044616,38.153973,38.442928
Corpus_and_uterus,Female,ADa,,,2,2.25,38.72235875572036,38.577137,38.86758
Corpus_and_uterus,Female,ADa,,,2,2.3,39.1272752208605,38.981335,39.273212
Corpus_and_uterus,Female,ADa,,,2,2.3499999,39.51369258002033,39.367065,39.66032
Corpus_and_uterus,Female,ADa,,,2,2.4000001,39.88210675757636,39.734818,40.029396
Corpus_and_uterus,Female,ADa,,,2,2.45,40.23301979645596,40.085098,40.380943
Corpus_and_uterus,Female,ADa,,,2,2.5,40.56708176999496,40.418552,40.715611
Corpus_and_uterus,Female,ADa,,,2,2.55,40.88501626802844,40.735909,41.034126
Corpus_and_uterus,Female,ADa,,,2,2.5999999,41.18751698001442,41.037853,41.337181
Corpus_and_uterus,Female,ADa,,,2,2.6500001,41.47524811644713,41.325054,41.625443
Corpus_and_uterus,Female,ADa,,,2,2.7,41.74884010291911,41.598141,41.89954
Corpus_and_uterus,Female,ADa,,,2,2.75,42.00889893878398,41.857716,42.160084
Corpus_and_uterus,Female,ADa,,,2,2.8,42.25600177961386,42.104359,42.407642
Corpus_and_uterus,Female,ADa,,,2,2.8499999,42.490699476278,42.338619,42.64278
Corpus_and_uterus,Female,ADa,,,2,2.9000001,42.71351872862267,42.561024,42.866013
Corpus_and_uterus,Female,ADa,,,2,2.95,42.92495899073792,42.772072,43.077847
Corpus_and_uterus,Female,ADa,,,2,3.0,43.12549991472417,42.97224,43.278759
Corpus_and_uterus,Female,ADa,,,2,3.05,43.30140542632159,43.147854,43.454956
Corpus_and_uterus,Female,ADa,,,2,3.0999999,43.46721712096296,43.313393,43.62104
Corpus_and_uterus,Female,ADa,,,2,3.1500001,43.6233605602996,43.469284,43.777435
Corpus_and_uterus,Female,ADa,,,2,3.2,43.77023951781977,43.615929,43.924549
Corpus_and_uterus,Female,ADa,,,2,3.25,43.90824137755245,43.753716,44.062767
Corpus_and_uterus,Female,ADa,,,2,3.3,44.03773500764595,43.883015,44.192455
Corpus_and_uterus,Female,ADa,,,2,3.3499999,44.15907238466587,44.004173,44.313972
Corpus_and_uterus,Female,ADa,,,2,3.4000001,44.27258993577955,44.117531,44.42765
Corpus_and_uterus,Female,ADa,,,2,3.45,44.37860719285931,44.223404,44.533813
Corpus_and_uterus,Female,ADa,,,2,3.5,44.47743078339295,44.322098,44.632763
Corpus_and_uterus,Female,ADa,,,2,3.55,44.56935294004689,44.41391,44.724796
Corpus_and_uterus,Female,ADa,,,2,3.5999999,44.65465273642754,44.499115,44.810192
Corpus_and_uterus,Female,ADa,,,2,3.6500001,44.73359709197207,44.577976,44.889217
Corpus_and_uterus,Female,ADa,,,2,3.7,44.80643990826122,44.650757,44.962124
Corpus_and_uterus,Female,ADa,,,2,3.75,44.87342490704626,44.71769,45.02916
Corpus_and_uterus,Female,ADa,,,2,3.8,44.93478464784427,44.779015,45.090557
Corpus_and_uterus,Female,ADa,,,2,3.8499999,44.9907414437353,44.834949,45.146534
Corpus_and_uterus,Female,ADa,,,2,3.9000001,45.04150808929476,44.885708,45.197311
Corpus_and_uterus,Female,ADa,,,2,3.95,45.08728738982035,44.931492,45.243084
Corpus_and_uterus,Female,ADa,,,2,4.0,45.12827406089287,44.972496,45.284054
Corpus_and_uterus,Female,ADa,,,2,4.0500002,45.14815777108181,44.992477,45.303841
Corpus_and_uterus,Female,ADa,,,2,4.0999999,45.16362080318048,45.008049,45.319195
Corpus_and_uterus,Female,ADa,,,2,4.1500001,45.17483831112584,45.019386,45.330292
Corpus_and_uterus,Female,ADa,,,2,4.1999998,45.18197744374553,45.026657,45.337299
Corpus_and_uterus,Female,ADa,,,2,4.25,45.18519856622997,45.030022,45.340374
Corpus_and_uterus,Female,ADa,,,2,4.3000002,45.18465502543184,45.029633,45.339676
Corpus_and_uterus,Female,ADa,,,2,4.3499999,45.18049383807269,45.025635,45.33535
Corpus_and_uterus,Female,ADa,,,2,4.4000001,45.17285571582556,45.018173,45.327538
Corpus_and_uterus,Female,ADa,,,2,4.4499998,45.16187571578121,45.007381,45.316372
Corpus_and_uterus,Female,ADa,,,2,4.5,45.14768293898527,44.993382,45.301983
Corpus_and_uterus,Female,ADa,,,2,4.5500002,45.1304014444664,44.976307,45.284496
Corpus_and_uterus,Female,ADa,,,2,4.5999999,45.11015031564146,44.956272,45.26403
Corpus_and_uterus,Female,ADa,,,2,4.6500001,45.08704318365814,44.933388,45.240696
Corpus_and_uterus,Female,ADa,,,2,4.6999998,45.06118987056572,44.907768,45.214611
Corpus_and_uterus,Female,ADa,,,2,4.75,45.03269484341598,44.879517,45.185875
Corpus_and_uterus,Female,ADa,,,2,4.8000002,45.0016590757564,44.848732,45.154587
Corpus_and_uterus,Female,ADa,,,2,4.8499999,44.96817960842791,44.81551,45.12085
Corpus_and_uterus,Female,ADa,,,2,4.9000001,44.93234866444594,44.779945,45.084751
Corpus_and_uterus,Female,ADa,,,2,4.9499998,44.89425611261742,44.74213,45.046383
Corpus_and_uterus,Female,ADa,,,2,5.0,44.85398690204192,44.702145,45.005833
Corpus_and_uterus,Female,ADb,,,0,0.0,0.0,0.0,0.0
Corpus_and_uterus,Female,ADb,,,0,0.050000001,15.59348763452437,14.95636,16.230616
Corpus_and_uterus,Female,ADb,,,0,0.1,30.2016925142297,29.009621,31.393764
Corpus_and_uterus,Female,ADb,,,0,0.15000001,43.69707164163889,42.009102,45.38504
Corpus_and_uterus,Female,ADb,,,0,0.2,56.19302569693358,54.056007,58.330044
Corpus_and_uterus,Female,ADb,,,0,0.25,67.79385431590279,65.246834,70.340874
Corpus_and_uterus,Female,ADb,,,0,0.30000001,78.58911391950355,75.665565,81.512665
Corpus_and_uterus,Female,ADb,,,0,0.34999999,88.6558795971311,85.38501,91.92675
Corpus_and_uterus,Female,ADb,,,0,0.40000001,98.06115012827468,94.468758,101.65354
Corpus_and_uterus,Female,ADb,,,0,0.44999999,106.863647925394,102.97275,110.75455
Corpus_and_uterus,Female,ADb,,,0,0.5,115.115263271798,110.94652,119.28401
Corpus_and_uterus,Female,ADb,,,0,0.55000001,122.8620942818419,118.43417,127.29002
Corpus_and_uterus,Female,ADb,,,0,0.60000002,130.1453163241212,125.47514,134.81549
Corpus_and_uterus,Female,ADb,,,0,0.64999998,137.0018500131042,132.10486,141.89885
Corpus_and_uterus,Female,ADb,,,0,0.69999999,143.4649505069173,138.35522,148.57468
Corpus_and_uterus,Female,ADb,,,0,0.75,149.5646208214106,144.25508,154.87416
Corpus_and_uterus,Female,ADb,,,0,0.80000001,155.3280333122911,149.83055,160.82552
Corpus_and_uterus,Female,ADb,,,0,0.85000002,160.7798507766059,155.10536,166.45433
Corpus_and_uterus,Female,ADb,,,0,0.89999998,165.942505683925,160.1011,171.78391
Corpus_and_uterus,Female,ADb,,,0,0.94999999,170.8366059005768,164.8376,176.8356
Corpus_and_uterus,Female,ADb,,,0,1.0,175.4811186155805,169.33315,181.62909
Corpus_and_uterus,Female,ADb,,,0,1.05,179.8754004983781,173.58716,186.16364
Corpus_and_uterus,Female,ADb,,,0,1.1,184.0525191796618,177.63145,190.47359
Corpus_and_uterus,Female,ADb,,,0,1.15,188.0270049281452,181.48003,194.57397
Corpus_and_uterus,Female,ADb,,,0,1.2,191.8122185138745,185.14577,198.47867
Corpus_and_uterus,Female,ADb,,,0,1.25,195.4203951292659,188.64046,202.20033
Corpus_and_uterus,Female,ADb,,,0,1.3,198.862814501036,191.97499,205.75064
Corpus_and_uterus,Female,ADb,,,0,1.35,202.1498657051075,195.15938,209.14035
Corpus_and_uterus,Female,ADb,,,0,1.4,205.291108615404,198.20285,212.37936
Corpus_and_uterus,Female,ADb,,,0,1.45,208.2954019610143,201.11395,215.47685
Corpus_and_uterus,Female,ADb,,,0,1.5,211.1709094279725,203.90056,218.44125
Corpus_and_uterus,Female,ADb,,,0,1.55,213.9252087093834,206.56999,221.28043
Corpus_and_uterus,Female,ADb,,,0,1.6,216.5644169119558,209.12813,224.0007
Corpus_and_uterus,Female,ADb,,,0,1.65,219.0918210383045,211.57816,226.60548
Corpus_and_uterus,Female,ADb,,,0,1.7,221.5103984078791,213.92294,229.09785
Corpus_and_uterus,Female,ADb,,,0,1.75,223.8232149516563,216.16544,231.48099
Corpus_and_uterus,Female,ADb,,,0,1.8,226.0334271827954,218.30867,233.75818
Corpus_and_uterus,Female,ADb,,,0,1.85,228.1442314959695,220.35574,235.93272
Corpus_and_uterus,Female,ADb,,,0,1.9,230.1588234988229,222.30971,238.00793
Corpus_and_uterus,Female,ADb,,,0,1.95,232.0804107147535,224.17369,239.98714
Corpus_and_uterus,Female,ADb,,,0,2.0,233.9121561334115,225.95073,241.87358
Corpus_and_uterus,Female,ADb,,,0,2.05,235.6323500095941,227.61992,243.64478
Corpus_and_uterus,Female,ADb,,,0,2.0999999,237.2686595168683,229.20793,245.32939
Corpus_and_uterus,Female,ADb,,,0,2.1500001,238.8241343308497,230.71767,246.9306
Corpus_and_uterus,Female,ADb,,,0,2.2,240.3017316162177,232.15201,248.45145
Corpus_and_uterus,Female,ADb,,,0,2.25,241.7043548339452,233.51376,249.89496
Corpus_and_uterus,Female,ADb,,,0,2.3,243.0348194702103,234.80562,251.26402
Corpus_and_uterus,Female,ADb,,,0,2.3499999,244.295857623444,236.03024,252.56146
Corpus_and_uterus,Female,ADb,,,0,2.4000001,245.4901257002674,237.1902,253.79005
Corpus_and_uterus,Female,ADb,,,0,2.45,246.6206576512059,238.28841,254.95291
Corpus_and_uterus,Female,ADb,,,0,2.5,247.6912473101568,239.32855,256.05396
Corpus_and_uterus,Female,ADb,,,0,2.55,248.7055042936749,240.3141,257.09689
Corpus_and_uterus,Female,ADb,,,0,2.5999999,249.6667694600453,241.24832,258.08521
Corpus_and_uterus,Female,ADb,,,0,2.6500001,250.578141888384,242.13419,259.02209
Corpus_and_uterus,Female,ADb,,,0,2.7,251.4424823912872,242.97447,259.91049
Corpus_and_uterus,Female,ADb,,,0,2.75,252.2624583327728,243.77174,260.75317
Corpus_and_uterus,Female,ADb,,,0,2.8,253.0405430768674,244.52841,261.55267
Corpus_and_uterus,Female,ADb,,,0,2.8499999,253.7790359558046,245.2467,262.31137
Corpus_and_uterus,Female,ADb,,,0,2.9000001,254.4800796340885,245.9287,263.03146
Corpus_and_uterus,Female,ADb,,,0,2.95,255.145659759793,246.57629,263.71503
Corpus_and_uterus,Female,ADb,,,0,3.0,255.7776367067301,247.1913,264.36398
Corpus_and_uterus,Female,ADb,,,0,3.05,256.3493174244152,247.74802,264.95062
Corpus_and_uterus,Female,ADb,,,0,3.0999999,256.8907031640915,248.27534,265.50607
Corpus_and_uterus,Female,ADb,,,0,3.1500001,257.4033162143686,248.77477,266.03186
Corpus_and_uterus,Female,ADb,,,0,3.2,257.8885729938689,249.24765,266.52951
Corpus_and_uterus,Female,ADb,,,0,3.25,258.3478061772039,249.69528,267.00034
Corpus_and_uterus,Female,ADb,,,0,3.3,258.7822616235413,250.11887,267.44565
Corpus_and_uterus,Female,ADb,,,0,3.3499999,259.1931071467881,250.51955,267.86667
Corpus_and_uterus,Female,ADb,,,0,3.4000001,259.5814400504065,250.89838,268.2645
Corpus_and_uterus,Female,ADb,,,0,3.45,259.948285088285,251.25636,268.6402
Corpus_and_uterus,Female,ADb,,,0,3.5,260.2946103952115,251.59442,268.99481
Corpus_and_uterus,Female,ADb,,,0,3.55,260.6213244130091,251.91345,269.32919
Corpus_and_uterus,Female,ADb,,,0,3.5999999,260.9292818715493,252.21426,269.64429
Corpus_and_uterus,Female,ADb,,,0,3.6500001,261.21928888041,252.49767,269.94092
Corpus_and_uterus,Female,ADb,,,0,3.7,261.492100936587,252.76436,270.21985
Corpus_and_uterus,Female,ADb,,,0,3.75,261.7484343980244,253.01506,270.48181
Corpus_and_uterus,Female,ADb,,,0,3.8,261.9889638050741,253.25041,270.72751
Corpus_and_uterus,Female,ADb,,,0,3.8499999,262.2143260133191,253.47104,270.95761
Corpus_and_uterus,Female,ADb,,,0,3.9000001,262.4251236657386,253.67752,271.17273
Corpus_and_uterus,Female,ADb,,,0,3.95,262.6219235532941,253.87039,271.37344
Corpus_and_uterus,Female,ADb,,,0,4.0,262.805264779756,254.05022,271.56033
Corpus_and_uterus,Female,ADb,,,0,4.0500002,262.9444170221047,254.18732,271.70151
Corpus_and_uterus,Female,ADb,,,0,4.0999999,263.0711535563518,254.31235,271.82996
Corpus_and_uterus,Female,ADb,,,0,4.1500001,263.1859375954415,254.42578,271.94611
Corpus_and_uterus,Female,ADb,,,0,4.1999998,263.2892038910251,254.52802,272.05038
Corpus_and_uterus,Female,ADb,,,0,4.25,263.3813689868354,254.61945,272.14328
Corpus_and_uterus,Female,ADb,,,0,4.3000002,263.4628254202156,254.70049,272.22516
Corpus_and_uterus,Female,ADb,,,0,4.3499999,263.5339464114592,254.77147,272.29642
Corpus_and_uterus,Female,ADb,,,0,4.4000001,263.5950886248555,254.83276,272.35742
Corpus_and_uterus,Female,ADb,,,0,4.4499998,263.646588761974,254.88467,272.40851
Corpus_and_uterus,Female,ADb,,,0,4.5,263.6887692697759,254.92754,272.45001
Corpus_and_uterus,Female,ADb,,,0,4.5500002,263.7219356298231,254.96162,272.48224
Corpus_and_uterus,Female,ADb,,,0,4.5999999,263.7463791126442,254.98724,272.50552
Corpus_and_uterus,Female,ADb,,,0,4.6500001,263.7623779243132,255.00464,272.52011
Corpus_and_uterus,Female,ADb,,,0,4.6999998,263.7701965544532,255.01408,272.52631
Corpus_and_uterus,Female,ADb,,,0,4.75,263.7700877366239,255.01582,272.52435
Corpus_and_uterus,Female,ADb,,,0,4.8000002,263.7622924109891,255.01007,272.5145
Corpus_and_uterus,Female,ADb,,,0,4.8499999,263.7470409148465,254.99709,272.49701
Corpus_and_uterus,Female,ADb,,,0,4.9000001,263.7245528124589,254.97705,272.47205
Corpus_and_uterus,Female,ADb,,,0,4.9499998,263.6950386436757,254.9502,272.43988
Corpus_and_uterus,Female,ADb,,,0,5.0,263.6586987409792,254.91669,272.40073
Corpus_and_uterus,Female,ADb,,,1,0.0,0.0,0.0,0.0
Corpus_and_uterus,Female,ADb,,,1,0.050000001,11.95575347708217,11.476105,12.435402
Corpus_and_uterus,Female,ADb,,,1,0.1,23.46181416308576,22.544477,24.379152
Corpus_and_uterus,Female,ADb,,,1,0.15000001,34.21310015278223,32.897034,35.529167
Corpus_and_uterus,Female,ADb,,,1,0.2,44.2459683306795,42.564217,45.927719
Corpus_and_uterus,Female,ADb,,,1,0.25,53.61685144910021,51.597996,55.635704
Corpus_and_uterus,Female,ADb,,,1,0.30000001,62.38137088556824,60.050522,64.712219
Corpus_and_uterus,Female,ADb,,,1,0.34999999,70.5907385018269,67.9702,73.211273
Corpus_and_uterus,Female,ADb,,,1,0.40000001,78.29132625859259,75.401085,81.181572
Corpus_and_uterus,Female,ADb,,,1,0.44999999,85.52490629729367,82.382973,88.666847
Corpus_and_uterus,Female,ADb,,,1,0.5,92.3291304042824,88.95182,95.706436
Corpus_and_uterus,Female,ADb,,,1,0.55000001,98.73795027691386,95.140129,102.33578
Corpus_and_uterus,Female,ADb,,,1,0.60000002,104.7820499158547,100.97728,108.58682
Corpus_and_uterus,Female,ADb,,,1,0.64999998,110.4892031729727,106.48991,114.48849
Corpus_and_uterus,Female,ADb,,,1,0.69999999,115.8846240050176,111.70223,120.06702
Corpus_and_uterus,Female,ADb,,,1,0.75,120.9912084464493,116.63623,125.34618
Corpus_and_uterus,Female,ADb,,,1,0.80000001,125.82980934741,121.31194,130.34767
Corpus_and_uterus,Female,ADb,,,1,0.85000002,130.4194457681942,125.74766,135.09123
Corpus_and_uterus,Female,ADb,,,1,0.89999998,134.7774904744305,129.96008,139.59489
Corpus_and_uterus,Female,ADb,,,1,0.94999999,138.9199725714988,133.96465,143.87529
Corpus_and_uterus,Female,ADb,,,1,1.0,142.861703117734,137.7756,147.9478
Corpus_and_uterus,Female,ADb,,,1,1.05,146.6071674093993,141.39726,151.81708
Corpus_and_uterus,Female,ADb,,,1,1.1,150.1774443459957,144.84991,155.50497
Corpus_and_uterus,Female,ADb,,,1,1.15,153.5839540313901,148.14458,159.02333
Corpus_and_uterus,Female,ADb,,,1,1.2,156.8372243408845,151.29138,162.38307
Corpus_and_uterus,Female,ADb,,,1,1.25,159.9469145857817,154.29964,165.59419
Corpus_and_uterus,Female,ADb,,,1,1.3,162.9219495474775,157.17795,168.66595
Corpus_and_uterus,Female,ADb,,,1,1.35,165.770564925439,159.93423,171.60689
Corpus_and_uterus,Female,ADb,,,1,1.4,168.5003510209268,162.57584,174.42487
Corpus_and_uterus,Female,ADb,,,1,1.45,171.1183555710761,165.10953,177.12718
Corpus_and_uterus,Female,ADb,,,1,1.5,173.6310817923678,167.54158,179.7206
Corpus_and_uterus,Female,ADb,,,1,1.55,176.0445769184839,169.87781,182.21133
Corpus_and_uterus,Female,ADb,,,1,1.6,178.3636931448781,172.12292,184.60446
Corpus_and_uterus,Female,ADb,,,1,1.65,180.5909278179827,174.2793,186.90256
Corpus_and_uterus,Female,ADb,,,1,1.7,182.7285326300963,176.34911,189.10796
Corpus_and_uterus,Female,ADb,,,1,1.75,184.7788457028204,178.33458,191.2231
Corpus_and_uterus,Female,ADb,,,1,1.8,186.7442952953213,180.23808,193.2505
Corpus_and_uterus,Female,ADb,,,1,1.85,188.627356527661,182.06198,195.19273
Corpus_and_uterus,Female,ADb,,,1,1.9,190.4305162908996,183.80865,197.05238
Corpus_and_uterus,Female,ADb,,,1,1.95,192.156285492203,185.48055,198.83203
Corpus_and_uterus,Female,ADb,,,1,2.0,193.8071491545365,187.08002,200.53427
Corpus_and_uterus,Female,ADb,,,1,2.05,195.37261126042,188.59697,202.14825
Corpus_and_uterus,Female,ADb,,,1,2.0999999,196.8678835299567,190.04605,203.68973
Corpus_and_uterus,Female,ADb,,,1,2.1500001,198.2953847418394,191.4296,205.16118
Corpus_and_uterus,Female,ADb,,,1,2.2,199.6574653156755,192.74988,206.56505
Corpus_and_uterus,Female,ADb,,,1,2.25,200.95644278037,194.00914,207.90375
Corpus_and_uterus,Female,ADb,,,1,2.3,202.1945700912222,195.20953,209.17961
Corpus_and_uterus,Female,ADb,,,1,2.3499999,203.3740394779857,196.35318,210.3949
Corpus_and_uterus,Female,ADb,,,1,2.4000001,204.4969890221793,197.44215,211.55183
Corpus_and_uterus,Female,ADb,,,1,2.45,205.5658937992325,198.47882,212.65297
Corpus_and_uterus,Female,ADb,,,1,2.5,206.5839023284139,199.46625,213.70155
Corpus_and_uterus,Female,ADb,,,1,2.55,207.5540173230624,200.40732,214.70071
Corpus_and_uterus,Female,ADb,,,1,2.5999999,208.4790213611729,201.30473,215.65331
Corpus_and_uterus,Female,ADb,,,1,2.6500001,209.3614993137509,202.16098,216.56201
Corpus_and_uterus,Female,ADb,,,1,2.7,210.2038383851242,202.97838,217.42931
Corpus_and_uterus,Female,ADb,,,1,2.75,211.0082685145126,203.75906,218.25748
Corpus_and_uterus,Female,ADb,,,1,2.8,211.7768591683574,204.50505,219.04868
Corpus_and_uterus,Female,ADb,,,1,2.8499999,212.5115362300286,205.21819,219.80489
Corpus_and_uterus,Female,ADb,,,1,2.9000001,213.2140967428836,205.90024,220.52797
Corpus_and_uterus,Female,ADb,,,1,2.95,213.8862061202192,206.55278,221.21964
Corpus_and_uterus,Female,ADb,,,1,3.0,214.5294277736637,207.17735,221.88152
Corpus_and_uterus,Female,ADb,,,1,3.05,215.1293156219226,207.75998,222.49866
Corpus_and_uterus,Female,ADb,,,1,3.0999999,215.7030510034033,208.31728,223.08882
Corpus_and_uterus,Female,ADb,,,1,3.1500001,216.2519151011781,208.85048,223.65335
Corpus_and_uterus,Female,ADb,,,1,3.2,216.7770994270911,209.36073,224.19347
Corpus_and_uterus,Female,ADb,,,1,3.25,217.2797276362925,209.84914,224.71033
Corpus_and_uterus,Female,ADb,,,1,3.3,217.7608505535935,210.3167,225.20502
Corpus_and_uterus,Female,ADb,,,1,3.3499999,218.2214539893513,210.76436,225.67854
Corpus_and_uterus,Female,ADb,,,1,3.4000001,218.662465513393,211.19304,226.1319
Corpus_and_uterus,Female,ADb,,,1,3.45,219.0847504679095,211.60356,226.56593
Corpus_and_uterus,Female,ADb,,,1,3.5,219.4891285579585,211.99673,226.98152
Corpus_and_uterus,Female,ADb,,,1,3.55,219.876369010802,212.37329,227.37946
Corpus_and_uterus,Female,ADb,,,1,3.5999999,220.247196092488,212.73393,227.76047
Corpus_and_uterus,Female,ADb,,,1,3.6500001,220.6022938662226,213.07932,228.12527
Corpus_and_uterus,Female,ADb,,,1,3.7,220.942302353564,213.41008,228.47453
Corpus_and_uterus,Female,ADb,,,1,3.75,221.2678303260567,213.72679,228.80887
Corpus_and_uterus,Female,ADb,,,1,3.8,221.5794508949907,214.03001,229.12889
Corpus_and_uterus,Female,ADb,,,1,3.8499999,221.8777054900505,214.32028,229.43513
Corpus_and_uterus,Female,ADb,,,1,3.9000001,222.1631072689046,214.59807,229.72813
Corpus_and_uterus,Female,ADb,,,1,3.95,222.4361376581433,214.86388,230.00841
Corpus_and_uterus,Female,ADb,,,1,4.0,222.697256295445,215.11812,230.2764
Corpus_and_uterus,Female,ADb,,,1,4.0500002,222.9291954187779,215.34412,230.51427
Corpus_and_uterus,Female,ADb,,,1,4.0999999,223.1500357773878,215.55936,230.74072
Corpus_and_uterus,Female,ADb,,,1,4.1500001,223.3601742601825,215.76421,230.95613
Corpus_and_uterus,Female,ADb,,,1,4.1999998,223.5599794238317,215.95903,231.16092
Corpus_and_uterus,Female,ADb,,,1,4.25,223.7498087729277,216.14418,231.35544
Corpus_and_uterus,Female,ADb,,,1,4.3000002,223.929996318446,216.31998,231.54001
Corpus_and_uterus,Female,ADb,,,1,4.3499999,224.1008597732548,216.48672,231.715
Corpus_and_uterus,Female,ADb,,,1,4.4000001,224.2627060180939,216.64471,231.88071
Corpus_and_uterus,Female,ADb,,,1,4.4499998,224.4158208331368,216.79424,232.03741
Corpus_and_uterus,Female,ADb,,,1,4.5,224.5604821196771,216.93555,232.18542
Corpus_and_uterus,Female,ADb,,,1,4.5500002,224.696950272379,217.06889,232.325
Corpus_and_uterus,Female,ADb,,,1,4.5999999,224.8254736613073,217.19455,232.45641
Corpus_and_uterus,Female,ADb,,,1,4.6500001,224.9462926573703,217.31271,232.57986
Corpus_and_uterus,Female,ADb,,,1,4.6999998,225.0596318898503,217.42363,232.69563
Corpus_and_uterus,Female,ADb,,,1,4.75,225.1657100860326,217.52748,232.80394
Corpus_and_uterus,Female,ADb,,,1,4.8000002,225.2647328982063,217.6245,232.90497
Corpus_and_uterus,Female,ADb,,,1,4.8499999,225.3568969851841,217.71484,232.99895
Corpus_and_uterus,Female,ADb,,,1,4.9000001,225.442392848329,217.79872,233.08606
Corpus_and_uterus,Female,ADb,,,1,4.9499998,225.5213993080731,217.8763,233.1665
Corpus_and_uterus,Female,ADb,,,1,5.0,225.5940904761006,217.94774,233.24043
Corpus_and_uterus,Female,ADb,,,2,0.0,0.0,0.0,0.0
Corpus_and_uterus,Female,ADb,,,2,0.050000001,3.737417571727502,3.3740997,4.1007352
Corpus_and_uterus,Female,ADb,,,2,0.1,6.910753397896002,6.2662759,7.5552311
Corpus_and_uterus,Female,ADb,,,2,0.15000001,9.711778251506052,8.8321428,10.591413
Corpus_and_uterus,Female,ADb,,,2,0.2,12.2219330716273,11.139897,13.303969
Corpus_and_uterus,Female,ADb,,,2,0.25,14.49145989661216,13.232321,15.750599
Corpus_and_uterus,Female,ADb,,,2,0.30000001,16.55581303845231,15.139993,17.971634
Corpus_and_uterus,Female,ADb,,,2,0.34999999,18.44192063761479,16.886385,19.997458
Corpus_and_uterus,Female,ADb,,,2,0.40000001,20.17120053740226,18.490322,21.852079
Corpus_and_uterus,Female,ADb,,,2,0.44999999,21.76121440017666,19.96735,23.555079
Corpus_and_uterus,Female,ADb,,,2,0.5,23.22668728885998,21.330582,25.122793
Corpus_and_uterus,Female,ADb,,,2,0.55000001,24.58016138150488,22.59124,26.569084
Corpus_and_uterus,Female,ADb,,,2,0.60000002,25.83245556096307,23.759045,27.905867
Corpus_and_uterus,Female,ADb,,,2,0.64999998,26.99299135192603,24.842495,29.143488
Corpus_and_uterus,Female,ADb,,,2,0.69999999,28.07004310503032,25.849075,30.291012
Corpus_and_uterus,Female,ADb,,,2,0.75,29.0709174187133,26.785412,31.356422
Corpus_and_uterus,Female,ADb,,,2,0.80000001,30.00210609240807,27.657408,32.346806
Corpus_and_uterus,Female,ADb,,,2,0.85000002,30.86940255742676,28.470341,33.268463
Corpus_and_uterus,Female,ADb,,,2,0.89999998,31.6779973285186,29.228951,34.127045
Corpus_and_uterus,Female,ADb,,,2,0.94999999,32.43258430000613,29.937529,34.927639
Corpus_and_uterus,Female,ADb,,,2,1.0,33.13742135255276,30.599974,35.67487
Corpus_and_uterus,Female,ADb,,,2,1.05,33.78701435850193,31.211323,36.362705
Corpus_and_uterus,Female,ADb,,,2,1.1,34.39387372273704,31.782972,37.004776
Corpus_and_uterus,Female,ADb,,,2,1.15,34.96118220550186,32.317848,37.604515
Corpus_and_uterus,Female,ADb,,,2,1.2,35.4918374982466,32.818619,38.165054
Corpus_and_uterus,Female,ADb,,,2,1.25,35.9884734875127,33.287712,38.689236
Corpus_and_uterus,Female,ADb,,,2,1.3,36.4534971584177,33.727345,39.179649
Corpus_and_uterus,Female,ADb,,,2,1.35,36.88910868417492,34.139549,39.638668
Corpus_and_uterus,Female,ADb,,,2,1.4,37.29731983296296,34.526184,40.068459
Corpus_and_uterus,Female,ADb,,,2,1.45,37.679979672034,34.888954,40.471004
Corpus_and_uterus,Female,ADb,,,2,1.5,38.03878314664718,35.229431,40.848133
Corpus_and_uterus,Female,ADb,,,2,1.55,38.37529193177118,35.549065,41.201519
Corpus_and_uterus,Female,ADb,,,2,1.6,38.69079827485835,35.849045,41.532551
Corpus_and_uterus,Female,ADb,,,2,1.65,38.98611450307278,36.130123,41.842106
Corpus_and_uterus,Female,ADb,,,2,1.7,39.2619875312169,36.392986,42.130989
Corpus_and_uterus,Female,ADb,,,2,1.75,39.5191656806367,36.638329,42.400002
Corpus_and_uterus,Female,ADb,,,2,1.8,39.75839679471294,36.86684,42.649952
Corpus_and_uterus,Female,ADb,,,2,1.85,39.9804208104113,37.079212,42.88163
Corpus_and_uterus,Female,ADb,,,2,1.9,40.18596420339207,37.276112,43.095818
Corpus_and_uterus,Female,ADb,,,2,1.95,40.37574034500055,37.458202,43.293278
Corpus_and_uterus,Female,ADb,,,2,2.0,40.55044307272726,37.626133,43.474754
Corpus_and_uterus,Female,ADb,,,2,2.05,40.69827351449745,37.769104,43.627445
Corpus_and_uterus,Female,ADb,,,2,2.0999999,40.8322996045349,37.899086,43.765511
Corpus_and_uterus,Female,ADb,,,2,2.1500001,40.95316588829925,38.016689,43.889641
Corpus_and_uterus,Female,ADb,,,2,2.2,41.06149198142901,38.122486,44.000496
Corpus_and_uterus,Female,ADb,,,2,2.25,41.15787574187053,38.217037,44.098717
Corpus_and_uterus,Female,ADb,,,2,2.3,41.24289085508362,38.300877,44.184906
Corpus_and_uterus,Female,ADb,,,2,2.3499999,41.31708757831693,38.374519,44.259659
Corpus_and_uterus,Female,ADb,,,2,2.4000001,41.3809938593093,38.438457,44.323532
Corpus_and_uterus,Female,ADb,,,2,2.45,41.43517715945834,38.493225,44.377129
Corpus_and_uterus,Female,ADb,,,2,2.5,41.4802896440637,38.539433,44.421146
Corpus_and_uterus,Female,ADb,,,2,2.55,41.51694422066246,38.577656,44.45623
Corpus_and_uterus,Female,ADb,,,2,2.5999999,41.54570447744707,38.608421,44.482986
Corpus_and_uterus,Female,ADb,,,2,2.6500001,41.56708927994988,38.632217,44.501961
Corpus_and_uterus,Female,ADb,,,2,2.7,41.58157645840524,38.649494,44.51366
Corpus_and_uterus,Female,ADb,,,2,2.75,41.58960707226218,38.66066,44.518555
Corpus_and_uterus,Female,ADb,,,2,2.8,41.59158826506842,38.666103,44.517075
Corpus_and_uterus,Female,ADb,,,2,2.8499999,41.58789635593524,38.666172,44.509621
Corpus_and_uterus,Female,ADb,,,2,2.9000001,41.57887946775757,38.661201,44.496559
Corpus_and_uterus,Female,ADb,,,2,2.95,41.56486014945229,38.651489,44.478233
Corpus_and_uterus,Female,ADb,,,2,3.0,41.54613730856578,38.637318,44.45496
Corpus_and_uterus,Female,ADb,,,2,3.05,41.50985636026077,38.606899,44.412811
Corpus_and_uterus,Female,ADb,,,2,3.0999999,41.4694515495772,38.572567,44.366337
Corpus_and_uterus,Female,ADb,,,2,3.1500001,41.42516543670716,38.534546,44.315784
Corpus_and_uterus,Female,ADb,,,2,3.2,41.37722432324233,38.493046,44.261402
Corpus_and_uterus,Female,ADb,,,2,3.25,41.32583835298762,38.448273,44.203403
Corpus_and_uterus,Female,ADb,,,2,3.3,41.27120358462821,38.400402,44.142002
Corpus_and_uterus,Female,ADb,,,2,3.3499999,41.21350292285033,38.349617,44.077389
Corpus_and_uterus,Female,ADb,,,2,3.4000001,41.15290685504005,38.296066,44.009747
Corpus_and_uterus,Female,ADb,,,2,3.45,41.08957556215545,38.239914,43.93924
Corpus_and_uterus,Female,ADb,,,2,3.5,41.02365804285826,38.18129,43.866028
Corpus_and_uterus,Female,ADb,,,2,3.55,40.95529404096428,38.120331,43.790257
Corpus_and_uterus,Female,ADb,,,2,3.5999999,40.88461448054045,38.057159,43.71207
Corpus_and_uterus,Female,ADb,,,2,3.6500001,40.81174176971086,37.991894,43.631592
Corpus_and_uterus,Female,ADb,,,2,3.7,40.73679180221105,37.924637,43.548946
Corpus_and_uterus,Female,ADb,,,2,3.75,40.65987242266051,37.855499,43.464245
Corpus_and_uterus,Female,ADb,,,2,3.8,40.58108531219789,37.784573,43.377598
Corpus_and_uterus,Female,ADb,,,2,3.8499999,40.50052611028322,37.711948,43.289104
Corpus_and_uterus,Female,ADb,,,2,3.9000001,40.41828444521391,37.637711,43.19886
Corpus_and_uterus,Female,ADb,,,2,3.95,40.33444590314116,37.561939,43.106953
Corpus_and_uterus,Female,ADb,,,2,4.0,40.24909003564689,37.484711,43.01347
Corpus_and_uterus,Female,ADb,,,2,4.0500002,40.1481009856895,37.39304,42.903164
Corpus_and_uterus,Female,ADb,,,2,4.0999999,40.04583027496312,37.300125,42.791534
Corpus_and_uterus,Female,ADb,,,2,4.1500001,39.94234415901626,37.206039,42.67865
Corpus_and_uterus,Female,ADb,,,2,4.1999998,39.83770905499408,37.11084,42.564579
Corpus_and_uterus,Female,ADb,,,2,4.25,39.73198389670138,37.014584,42.449387
Corpus_and_uterus,Female,ADb,,,2,4.3000002,39.62522732100818,36.917324,42.33313
Corpus_and_uterus,Female,ADb,,,2,4.3499999,39.51749493032747,36.819118,42.215874
Corpus_and_uterus,Female,ADb,,,2,4.4000001,39.40883636222841,36.720009,42.097664
Corpus_and_uterus,Female,ADb,,,2,4.4499998,39.29930268515515,36.620049,41.978558
Corpus_and_uterus,Female,ADb,,,2,4.5,39.18893827927891,36.519276,41.858601
Corpus_and_uterus,Female,ADb,,,2,4.5500002,39.07778828412593,36.417736,41.737839
Corpus_and_uterus,Female,ADb,,,2,4.5999999,38.9658956438812,36.315468,41.616322
Corpus_and_uterus,Female,ADb,,,2,4.6500001,38.85329800746286,36.212513,41.494083
Corpus_and_uterus,Female,ADb,,,2,4.6999998,38.7400353405595,36.108898,41.37117
Corpus_and_uterus,Female,ADb,,,2,4.75,38.62614145377797,36.004665,41.247616
Corpus_and_uterus,Female,ADb,,,2,4.8000002,38.51165165667234,35.899845,41.123455
Corpus_and_uterus,Female,ADb,,,2,4.8499999,38.39659964435218,35.794472,40.99873
Corpus_and_uterus,Female,ADb,,,2,4.9000001,38.28101427486341,35.688568,40.873463
Corpus_and_uterus,Female,ADb,,,2,4.9499998,38.16492735073211,35.582165,40.747688
Corpus_and_uterus,Female,ADb,,,2,5.0,38.04836488432591,35.475292,40.621437
Corpus_and_uterus,Female,pm,,,0,0.0,0.0,0.0,0.0
Corpus_and_uterus,Female,pm,,,0,0.050000001,84.57630920410156,83.989471,85.163147
Corpus_and_uterus,Female,pm,,,0,0.1,81.44583892822266,80.798042,82.093636
Corpus_and_uterus,Female,pm,,,0,0.15000001,79.40033721923828,78.719261,80.081413
Corpus_and_uterus,Female,pm,,,0,0.2,77.70762634277344,77.002098,78.413155
Corpus_and_uterus,Female,pm,,,0,0.25,76.18632507324219,75.460739,76.911911
Corpus_and_uterus,Female,pm,,,0,0.30000001,74.77269744873047,74.029915,75.51548
Corpus_and_uterus,Female,pm,,,0,0.34999999,73.44005584716797,72.682274,74.197838
Corpus_and_uterus,Female,pm,,,0,0.40000001,72.17572784423828,71.404778,72.946678
Corpus_and_uterus,Female,pm,,,0,0.44999999,70.97289276123047,70.190384,71.755402
Corpus_and_uterus,Female,pm,,,0,0.5,69.82728576660156,69.034653,70.619919
Corpus_and_uterus,Female,pm,,,0,0.55000001,68.73580932617188,67.934334,69.537285
Corpus_and_uterus,Female,pm,,,0,0.60000002,67.69588470458984,66.886734,68.505035
Corpus_and_uterus,Female,pm,,,0,0.64999998,66.70520782470703,65.889427,67.520988
Corpus_and_uterus,Female,pm,,,0,0.69999999,65.7615737915039,64.940102,66.583046
Corpus_and_uterus,Female,pm,,,0,0.75,64.86286163330078,64.036537,65.689186
Corpus_and_uterus,Female,pm,,,0,0.80000001,64.00700378417969,63.176586,64.837418
Corpus_and_uterus,Female,pm,,,0,0.85000002,63.19198226928711,62.35815,64.025818
Corpus_and_uterus,Female,pm,,,0,0.89999998,62.41584777832031,61.579201,63.252495
Corpus_and_uterus,Female,pm,,,0,0.94999999,61.67671966552734,60.837799,62.51564
Corpus_and_uterus,Female,pm,,,0,1.0,60.97279357910156,60.132076,61.813511
Corpus_and_uterus,Female,pm,,,0,1.05,60.30259323120117,59.460518,61.144669
Corpus_and_uterus,Female,pm,,,0,1.1,59.66420745849609,58.821148,60.507267
Corpus_and_uterus,Female,pm,,,0,1.15,59.05606842041016,58.21236,59.899776
Corpus_and_uterus,Female,pm,,,0,1.2,58.47667694091797,57.63261,59.320744
Corpus_and_uterus,Female,pm,,,0,1.25,57.92462158203125,57.080456,58.768787
Corpus_and_uterus,Female,pm,,,0,1.3,57.3985595703125,56.55452,58.242599
Corpus_and_uterus,Female,pm,,,0,1.35,56.897216796875,56.053505,57.740929
Corpus_and_uterus,Female,pm,,,0,1.4,56.41939163208008,55.57618,57.262604
Corpus_and_uterus,Female,pm,,,0,1.45,55.96393966674805,55.121376,56.806503
Corpus_and_uterus,Female,pm,,,0,1.5,55.5297966003418,54.688015,56.371578
Corpus_and_uterus,Female,pm,,,0,1.55,55.11593627929688,54.275047,55.956825
Corpus_and_uterus,Female,pm,,,0,1.6,54.72137069702148,53.881474,55.561268
Corpus_and_uterus,Female,pm,,,0,1.65,54.34498977661133,53.506161,55.183819
Corpus_and_uterus,Female,pm,,,0,1.7,53.98571395874023,53.148022,54.823406
Corpus_and_uterus,Female,pm,,,0,1.75,53.64254379272461,52.806042,54.479046
Corpus_and_uterus,Female,pm,,,0,1.8,53.31455612182617,52.479286,54.149826
Corpus_and_uterus,Female,pm,,,0,1.85,53.00089645385742,52.166893,53.8349
Corpus_and_uterus,Female,pm,,,0,1.9,52.70077133178711,51.868057,53.533485
Corpus_and_uterus,Female,pm,,,0,1.95,52.4134521484375,51.58205,53.244854
Corpus_and_uterus,Female,pm,,,0,2.0,52.13825225830078,51.30817,52.968334
Corpus_and_uterus,Female,pm,,,0,2.05,51.87474822998047,51.045994,52.703503
Corpus_and_uterus,Female,pm,,,0,2.0999999,51.62213897705078,50.794716,52.449562
Corpus_and_uterus,Female,pm,,,0,2.1500001,51.3798713684082,50.553776,52.205967
Corpus_and_uterus,Female,pm,,,0,2.2,51.14743804931641,50.322662,51.972214
Corpus_and_uterus,Female,pm,,,0,2.25,50.92435836791992,50.100891,51.747826
Corpus_and_uterus,Female,pm,,,0,2.3,50.71018218994141,49.888008,51.532356
Corpus_and_uterus,Female,pm,,,0,2.3499999,50.50448989868164,49.683598,51.325382
Corpus_and_uterus,Female,pm,,,0,2.4000001,50.306884765625,49.487255,51.126514
Corpus_and_uterus,Female,pm,,,0,2.45,50.11699676513672,49.298611,50.935383
Corpus_and_uterus,Female,pm,,,0,2.5,49.9344367980957,49.117271,50.751602
Corpus_and_uterus,Female,pm,,,0,2.55,49.75881576538086,48.942856,50.574776
Corpus_and_uterus,Female,pm,,,0,2.5999999,49.58977127075195,48.77499,50.404552
Corpus_and_uterus,Female,pm,,,0,2.6500001,49.42695617675781,48.613335,50.240578
Corpus_and_uterus,Female,pm,,,0,2.7,49.27005004882813,48.457565,50.082535
Corpus_and_uterus,Female,pm,,,0,2.75,49.11874771118164,48.307381,49.930115
Corpus_and_uterus,Female,pm,,,0,2.8,48.97275924682617,48.162483,49.783035
Corpus_and_uterus,Female,pm,,,0,2.8499999,48.83182144165039,48.022617,49.641026
Corpus_and_uterus,Female,pm,,,0,2.9000001,48.69567108154297,47.887516,49.503826
Corpus_and_uterus,Female,pm,,,0,2.95,48.5640754699707,47.75695,49.371201
Corpus_and_uterus,Female,pm,,,0,3.0,48.43680191040039,47.630684,49.24292
Corpus_and_uterus,Female,pm,,,0,3.05,48.31382751464844,47.508698,49.118958
Corpus_and_uterus,Female,pm,,,0,3.0999999,48.19475936889648,47.390594,48.998924
Corpus_and_uterus,Female,pm,,,0,3.1500001,48.07940673828125,47.276188,48.882626
Corpus_and_uterus,Female,pm,,,0,3.2,47.96759033203125,47.165298,48.769882
Corpus_and_uterus,Female,pm,,,0,3.25,47.85913467407227,47.057747,48.660522
Corpus_and_uterus,Female,pm,,,0,3.3,47.75387954711914,46.953381,48.554379
Corpus_and_uterus,Female,pm,,,0,3.3499999,47.65167617797852,46.852043,48.451309
Corpus_and_uterus,Female,pm,,,0,3.4000001,47.55237579345703,46.75359,48.351162
Corpus_and_uterus,Female,pm,,,0,3.45,47.45584487915039,46.65789,48.253799
Corpus_and_uterus,Female,pm,,,0,3.5,47.36194610595703,46.564804,48.159088
Corpus_and_uterus,Female,pm,,,0,3.55,47.27056503295898,46.474216,48.066914
Corpus_and_uterus,Female,pm,,,0,3.5999999,47.18157577514648,46.386005,47.977146
Corpus_and_uterus,Female,pm,,,0,3.6500001,47.09487152099609,46.30006,47.889683
Corpus_and_uterus,Female,pm,,,0,3.7,47.01034927368164,46.216286,47.804413
Corpus_and_uterus,Female,pm,,,0,3.75,46.92790603637695,46.134571,47.721241
Corpus_and_uterus,Female,pm,,,0,3.8,46.84744262695313,46.054821,47.640064
Corpus_and_uterus,Female,pm,,,0,3.8499999,46.76887512207031,45.976952,47.560799
Corpus_and_uterus,Female,pm,,,0,3.9000001,46.69211196899414,45.900871,47.483353
Corpus_and_uterus,Female,pm,,,0,3.95,46.6170768737793,45.826508,47.407646
Corpus_and_uterus,Female,pm,,,0,4.0,46.54368591308594,45.753773,47.333599
Corpus_and_uterus,Female,pm,,,0,4.0500002,46.47205352783203,45.682781,47.261326
Corpus_and_uterus,Female,pm,,,0,4.0999999,46.40192413330078,45.613277,47.190571
Corpus_and_uterus,Female,pm,,,0,4.1500001,46.33322525024414,45.545193,47.121258
Corpus_and_uterus,Female,pm,,,0,4.1999998,46.26589202880859,45.478462,47.053322
Corpus_and_uterus,Female,pm,,,0,4.25,46.19986724853516,45.413025,46.98671
Corpus_and_uterus,Female,pm,,,0,4.3000002,46.13509368896484,45.348827,46.92136
Corpus_and_uterus,Female,pm,,,0,4.3499999,46.07151031494141,45.285812,46.857208
Corpus_and_uterus,Female,pm,,,0,4.4000001,46.00906372070313,45.223919,46.794209
Corpus_and_uterus,Female,pm,,,0,4.4499998,45.94770812988281,45.163105,46.732311
Corpus_and_uterus,Female,pm,,,0,4.5,45.88739013671875,45.103317,46.671463
Corpus_and_uterus,Female,pm,,,0,4.5500002,45.82806777954102,45.044518,46.611618
Corpus_and_uterus,Female,pm,,,0,4.5999999,45.76969528198242,44.986656,46.552734
Corpus_and_uterus,Female,pm,,,0,4.6500001,45.71222686767578,44.929691,46.494762
Corpus_and_uterus,Female,pm,,,0,4.6999998,45.65562438964844,44.873577,46.437672
Corpus_and_uterus,Female,pm,,,0,4.75,45.59984970092773,44.818287,46.381413
Corpus_and_uterus,Female,pm,,,0,4.8000002,45.54486465454102,44.763775,46.325954
Corpus_and_uterus,Female,pm,,,0,4.8499999,45.49063491821289,44.710007,46.271263
Corpus_and_uterus,Female,pm,,,0,4.9000001,45.43712615966797,44.656956,46.217297
Corpus_and_uterus,Female,pm,,,0,4.9499998,45.38430404663086,44.60458,46.164028
Corpus_and_uterus,Female,pm,,,0,5.0,45.3321418762207,44.552856,46.111427
Corpus_and_uterus,Female,pm,,,1,0.0,0.0,0.0,0.0
Corpus_and_uterus,Female,pm,,,1,0.050000001,89.39643096923828,88.96698,89.825882
Corpus_and_uterus,Female,pm,,,1,0.1,84.78882598876953,84.230133,85.347519
Corpus_and_uterus,Female,pm,,,1,0.15000001,82.0711441040039,81.449089,82.693199
Corpus_and_uterus,Female,pm,,,1,0.2,79.97488403320312,79.310394,80.639374
Corpus_and_uterus,Female,pm,,,1,0.25,78.17845916748047,77.481476,78.875443
Corpus_and_uterus,Female,pm,,,1,0.30000001,76.56287384033203,75.839317,77.28643
Corpus_and_uterus,Female,pm,,,1,0.34999999,75.07465362548828,74.328644,75.820663
Corpus_and_uterus,Female,pm,,,1,0.40000001,73.68632507324219,72.921005,74.451645
Corpus_and_uterus,Female,pm,,,1,0.44999999,72.38212585449219,71.600044,73.164207
Corpus_and_uterus,Female,pm,,,1,0.5,71.15203857421875,70.355347,71.94873
Corpus_and_uterus,Female,pm,,,1,0.55000001,69.98905181884766,69.179596,70.798508
Corpus_and_uterus,Female,pm,,,1,0.60000002,68.88783264160156,68.06723,69.708435
Corpus_and_uterus,Female,pm,,,1,0.64999998,67.84406280517578,67.013733,68.674393
Corpus_and_uterus,Female,pm,,,1,0.69999999,66.85401916503906,66.015213,67.692825
Corpus_and_uterus,Female,pm,,,1,0.75,65.9144287109375,65.068268,66.76059
Corpus_and_uterus,Female,pm,,,1,0.80000001,65.02232360839844,64.1698,65.874847
Corpus_and_uterus,Female,pm,,,1,0.85000002,64.17498016357422,63.316975,65.032982
Corpus_and_uterus,Female,pm,,,1,0.89999998,63.36985778808594,62.507156,64.232559
Corpus_and_uterus,Female,pm,,,1,0.94999999,62.6046142578125,61.737911,63.471317
Corpus_and_uterus,Female,pm,,,1,1.0,61.87705612182617,61.006977,62.747135
Corpus_and_uterus,Female,pm,,,1,1.05,61.18517303466797,60.312271,62.058075
Corpus_and_uterus,Female,pm,,,1,1.1,60.52701568603516,59.651783,61.402248
Corpus_and_uterus,Female,pm,,,1,1.15,59.90079116821289,59.023666,60.777916
Corpus_and_uterus,Female,pm,,,1,1.2,59.30480575561523,58.426178,60.183434
Corpus_and_uterus,Female,pm,,,1,1.25,58.73748016357422,57.857693,59.617268
Corpus_and_uterus,Female,pm,,,1,1.3,58.19733428955078,57.316692,59.077976
Corpus_and_uterus,Female,pm,,,1,1.35,57.68296813964844,56.801746,58.56419
Corpus_and_uterus,Female,pm,,,1,1.4,57.19307327270508,56.311512,58.074635
Corpus_and_uterus,Female,pm,,,1,1.45,56.72642135620117,55.84473,57.608112
Corpus_and_uterus,Female,pm,,,1,1.5,56.2818489074707,55.400215,57.163483
Corpus_and_uterus,Female,pm,,,1,1.55,55.8582763671875,54.976864,56.739689
Corpus_and_uterus,Female,pm,,,1,1.6,55.45463943481445,54.573593,56.335686
Corpus_and_uterus,Female,pm,,,1,1.65,55.06977081298828,54.189213,55.950329
Corpus_and_uterus,Female,pm,,,1,1.7,54.70252227783203,53.822559,55.582485
Corpus_and_uterus,Female,pm,,,1,1.75,54.35184860229492,53.472572,55.231125
Corpus_and_uterus,Female,pm,,,1,1.8,54.01677703857422,53.138264,54.89529
Corpus_and_uterus,Female,pm,,,1,1.85,53.6964111328125,52.818729,54.574093
Corpus_and_uterus,Female,pm,,,1,1.9,53.38993453979492,52.513138,54.266731
Corpus_and_uterus,Female,pm,,,1,1.95,53.09657287597656,52.220703,53.972443
Corpus_and_uterus,Female,pm,,,1,2.0,52.81562805175781,51.940723,53.690533
Corpus_and_uterus,Female,pm,,,1,2.05,52.54645919799805,51.67255,53.420368
Corpus_and_uterus,Female,pm,,,1,2.0999999,52.28843307495117,51.415543,53.161324
Corpus_and_uterus,Female,pm,,,1,2.1500001,52.04098129272461,51.169128,52.912834
Corpus_and_uterus,Female,pm,,,1,2.2,51.80358123779297,50.932774,52.674389
Corpus_and_uterus,Female,pm,,,1,2.25,51.57572937011719,50.705978,52.44548
Corpus_and_uterus,Female,pm,,,1,2.3,51.35697174072266,50.488281,52.225662
Corpus_and_uterus,Female,pm,,,1,2.3499999,51.14686965942383,50.27924,52.0145
Corpus_and_uterus,Female,pm,,,1,2.4000001,50.94501876831055,50.078445,51.811592
Corpus_and_uterus,Female,pm,,,1,2.45,50.75103759765625,49.885517,51.616558
Corpus_and_uterus,Female,pm,,,1,2.5,50.56453323364258,49.700058,51.429008
Corpus_and_uterus,Female,pm,,,1,2.55,50.38509750366211,49.521656,51.248539
Corpus_and_uterus,Female,pm,,,1,2.5999999,50.21236419677734,49.349949,51.07478
Corpus_and_uterus,Female,pm,,,1,2.6500001,50.04597473144531,49.184574,50.907375
Corpus_and_uterus,Female,pm,,,1,2.7,49.88560104370117,49.025204,50.745998
Corpus_and_uterus,Female,pm,,,1,2.75,49.73093414306641,48.871529,50.59034
Corpus_and_uterus,Female,pm,,,1,2.8,49.58167266845703,48.723244,50.440102
Corpus_and_uterus,Female,pm,,,1,2.8499999,49.43754577636719,48.580078,50.295013
Corpus_and_uterus,Female,pm,,,1,2.9000001,49.29829406738281,48.441776,50.154812
Corpus_and_uterus,Female,pm,,,1,2.95,49.16366577148438,48.308083,50.019249
Corpus_and_uterus,Female,pm,,,1,3.0,49.0334358215332,48.178772,49.8881
Corpus_and_uterus,Female,pm,,,1,3.05,48.90740203857422,48.053642,49.761162
Corpus_and_uterus,Female,pm,,,1,3.0999999,48.78533554077148,47.932465,49.638206
Corpus_and_uterus,Female,pm,,,1,3.1500001,48.66704177856445,47.815041,49.519043
Corpus_and_uterus,Female,pm,,,1,3.2,48.55234527587891,47.701206,49.403484
Corpus_and_uterus,Female,pm,,,1,3.25,48.44105911254883,47.590763,49.291355
Corpus_and_uterus,Female,pm,,,1,3.3,48.33303070068359,47.483562,49.182499
Corpus_and_uterus,Female,pm,,,1,3.3499999,48.22809600830078,47.37944,49.076752
Corpus_and_uterus,Female,pm,,,1,3.4000001,48.12610626220703,47.278252,48.973961
Corpus_and_uterus,Female,pm,,,1,3.45,48.02692794799805,47.179859,48.873997
Corpus_and_uterus,Female,pm,,,1,3.5,47.93042755126953,47.084129,48.776726
Corpus_and_uterus,Female,pm,,,1,3.55,47.83647537231445,46.990932,48.682018
Corpus_and_uterus,Female,pm,,,1,3.5999999,47.74495315551758,46.900154,48.589752
Corpus_and_uterus,Female,pm,,,1,3.6500001,47.65574645996094,46.81168,48.499813
Corpus_and_uterus,Female,pm,,,1,3.7,47.56875228881836,46.725403,48.412102
Corpus_and_uterus,Female,pm,,,1,3.75,47.48386383056641,46.641216,48.326511
Corpus_and_uterus,Female,pm,,,1,3.8,47.4009895324707,46.559032,48.242947
Corpus_and_uterus,Female,pm,,,1,3.8499999,47.32003402709961,46.478756,48.161312
Corpus_and_uterus,Female,pm,,,1,3.9000001,47.24090957641602,46.400299,48.08152
Corpus_and_uterus,Female,pm,,,1,3.95,47.16353225708008,46.323578,48.003487
Corpus_and_uterus,Female,pm,,,1,4.0,47.08782196044922,46.248508,47.927135
Corpus_and_uterus,Female,pm,,,1,4.0500002,47.01372146606445,46.175037,47.852406
Corpus_and_uterus,Female,pm,,,1,4.0999999,46.94113922119141,46.103073,47.779205
Corpus_and_uterus,Female,pm,,,1,4.1500001,46.87001037597656,46.032555,47.707466
Corpus_and_uterus,Female,pm,,,1,4.1999998,46.80027008056641,45.963409,47.637131
Corpus_and_uterus,Female,pm,,,1,4.25,46.73185348510742,45.89558,47.568127
Corpus_and_uterus,Female,pm,,,1,4.3000002,46.66470336914063,45.82901,47.500397
Corpus_and_uterus,Female,pm,,,1,4.3499999,46.59876251220703,45.763634,47.433891
Corpus_and_uterus,Female,pm,,,1,4.4000001,46.53397750854492,45.699406,47.368549
Corpus_and_uterus,Female,pm,,,1,4.4499998,46.47029495239258,45.636272,47.304317
Corpus_and_uterus,Female,pm,,,1,4.5,46.40766525268555,45.574181,47.24115
Corpus_and_uterus,Female,pm,,,1,4.5500002,46.34604263305664,45.513088,47.178997
Corpus_and_uterus,Female,pm,,,1,4.5999999,46.28538513183594,45.45295,47.117821
Corpus_and_uterus,Female,pm,,,1,4.6500001,46.22564315795898,45.393723,47.057564
Corpus_and_uterus,Female,pm,,,1,4.6999998,46.16678237915039,45.335365,46.998199
Corpus_and_uterus,Female,pm,,,1,4.75,46.10875701904297,45.277836,46.939678
Corpus_and_uterus,Female,pm,,,1,4.8000002,46.05153274536133,45.2211,46.881966
Corpus_and_uterus,Female,pm,,,1,4.8499999,45.99507522583008,45.165123,46.825027
Corpus_and_uterus,Female,pm,,,1,4.9000001,45.93935012817383,45.109871,46.768829
Corpus_and_uterus,Female,pm,,,1,4.9499998,45.88431930541992,45.055305,46.713333
Corpus_and_uterus,Female,pm,,,1,5.0,45.8299560546875,45.0014,46.658512
Corpus_and_uterus,Female,pm,,,2,0.0,0.0,0.0,0.0
Corpus_and_uterus,Female,pm,,,2,0.050000001,70.52487182617188,68.131805,72.917938
Corpus_and_uterus,Female,pm,,,2,0.1,70.75178527832031,68.496788,73.006783
Corpus_and_uterus,Female,pm,,,2,0.15000001,70.38816833496094,68.19899,72.577347
Corpus_and_uterus,Female,pm,,,2,0.2,69.7628173828125,67.609283,71.916351
Corpus_and_uterus,Female,pm,,,2,0.25,68.99759674072266,66.864143,71.13105
Corpus_and_uterus,Female,pm,,,2,0.30000001,68.15504455566406,66.03302,70.277069
Corpus_and_uterus,Female,pm,,,2,0.34999999,67.2722396850586,65.156746,69.387733
Corpus_and_uterus,Female,pm,,,2,0.40000001,66.37284088134766,64.261169,68.484512
Corpus_and_uterus,Female,pm,,,2,0.44999999,65.47256469726562,63.363335,67.581795
Corpus_and_uterus,Female,pm,,,2,0.5,64.5820083618164,62.47467,66.689346
Corpus_and_uterus,Female,pm,,,2,0.55000001,63.7083740234375,61.602879,65.813873
Corpus_and_uterus,Female,pm,,,2,0.60000002,62.85652160644531,60.75312,64.959923
Corpus_and_uterus,Female,pm,,,2,0.64999998,62.02963638305664,59.928757,64.130516
Corpus_and_uterus,Female,pm,,,2,0.69999999,61.22970199584961,59.131859,63.327545
Corpus_and_uterus,Female,pm,,,2,0.75,60.45786285400391,58.363602,62.552124
Corpus_and_uterus,Female,pm,,,2,0.80000001,59.71463012695313,57.624496,61.804764
Corpus_and_uterus,Female,pm,,,2,0.85000002,59.00006484985352,56.914577,61.085552
Corpus_and_uterus,Female,pm,,,2,0.89999998,58.31389999389648,56.23354,60.39426
Corpus_and_uterus,Female,pm,,,2,0.94999999,57.65564727783203,55.580845,59.73045
Corpus_and_uterus,Female,pm,,,2,1.0,57.02465438842773,54.955799,59.09351
Corpus_and_uterus,Female,pm,,,2,1.05,56.4205436706543,54.358063,58.483025
Corpus_and_uterus,Female,pm,,,2,1.1,55.84208679199219,53.786266,57.897907
Corpus_and_uterus,Female,pm,,,2,1.15,55.28841400146484,53.239487,57.337341
Corpus_and_uterus,Female,pm,,,2,1.2,54.75862121582031,52.716778,56.800465
Corpus_and_uterus,Female,pm,,,2,1.25,54.25181579589844,52.217213,56.286419
Corpus_and_uterus,Female,pm,,,2,1.3,53.76709747314453,51.739849,55.794346
Corpus_and_uterus,Female,pm,,,2,1.35,53.30357360839844,51.28376,55.323387
Corpus_and_uterus,Female,pm,,,2,1.4,52.86038970947266,50.848064,54.872715
Corpus_and_uterus,Female,pm,,,2,1.45,52.43669891357422,50.431885,54.441513
Corpus_and_uterus,Female,pm,,,2,1.5,52.03168487548828,50.034386,54.028984
Corpus_and_uterus,Female,pm,,,2,1.55,51.64456558227539,49.654762,53.634369
Corpus_and_uterus,Female,pm,,,2,1.6,51.27455902099609,49.29221,53.256908
Corpus_and_uterus,Female,pm,,,2,1.65,50.9207878112793,48.945835,52.895741
Corpus_and_uterus,Female,pm,,,2,1.7,50.5823860168457,48.614754,52.550018
Corpus_and_uterus,Female,pm,,,2,1.75,50.2585334777832,48.298134,52.218933
Corpus_and_uterus,Female,pm,,,2,1.8,49.94847106933594,47.995201,51.901741
Corpus_and_uterus,Female,pm,,,2,1.85,49.65148544311523,47.705235,51.597736
Corpus_and_uterus,Female,pm,,,2,1.9,49.36690521240234,47.427555,51.306255
Corpus_and_uterus,Female,pm,,,2,1.95,49.0941047668457,47.161526,51.026684
Corpus_and_uterus,Female,pm,,,2,2.0,48.83249664306641,46.906563,50.75843
Corpus_and_uterus,Female,pm,,,2,2.05,48.58181762695313,46.662479,50.501156
Corpus_and_uterus,Female,pm,,,2,2.0999999,48.34125900268555,46.428379,50.254139
Corpus_and_uterus,Female,pm,,,2,2.1500001,48.11032485961914,46.203762,50.016888
Corpus_and_uterus,Female,pm,,,2,2.2,47.8885612487793,45.988178,49.788944
Corpus_and_uterus,Female,pm,,,2,2.25,47.67554092407227,45.781193,49.569889
Corpus_and_uterus,Female,pm,,,2,2.3,47.47085189819336,45.582401,49.359303
Corpus_and_uterus,Female,pm,,,2,2.3499999,47.27411651611328,45.391422,49.156811
Corpus_and_uterus,Female,pm,,,2,2.4000001,47.0849723815918,45.207897,48.962048
Corpus_and_uterus,Female,pm,,,2,2.45,46.90307998657227,45.031487,48.774673
Corpus_and_uterus,Female,pm,,,2,2.5,46.72807693481445,44.861832,48.594322
Corpus_and_uterus,Female,pm,,,2,2.55,46.55961990356445,44.698593,48.420647
Corpus_and_uterus,Female,pm,,,2,2.5999999,46.39736175537109,44.541431,48.253292
Corpus_and_uterus,Female,pm,,,2,2.6500001,46.24099731445313,44.390038,48.091957
Corpus_and_uterus,Female,pm,,,2,2.7,46.09022521972656,44.244122,47.936329
Corpus_and_uterus,Female,pm,,,2,2.75,45.94475936889648,44.103397,47.786121
Corpus_and_uterus,Female,pm,,,2,2.8,45.80434417724609,43.967613,47.641075
Corpus_and_uterus,Female,pm,,,2,2.8499999,45.66872406005859,43.836517,47.500931
Corpus_and_uterus,Female,pm,,,2,2.9000001,45.53766632080078,43.709885,47.365448
Corpus_and_uterus,Female,pm,,,2,2.95,45.41094207763672,43.587486,47.234398
Corpus_and_uterus,Female,pm,,,2,3.0,45.2883415222168,43.469112,47.107571
Corpus_and_uterus,Female,pm,,,2,3.05,45.16998672485352,43.354988,46.984985
Corpus_and_uterus,Female,pm,,,2,3.0999999,45.05537033081055,43.244514,46.866226
Corpus_and_uterus,Female,pm,,,2,3.1500001,44.94430541992188,43.137501,46.75111
Corpus_and_uterus,Female,pm,,,2,3.2,44.83663177490234,43.033798,46.639465
Corpus_and_uterus,Female,pm,,,2,3.25,44.7321891784668,42.933247,46.531132
Corpus_and_uterus,Female,pm,,,2,3.3,44.63082122802734,42.835693,46.425949
Corpus_and_uterus,Female,pm,,,2,3.3499999,44.53239059448242,42.740997,46.323784
Corpus_and_uterus,Female,pm,,,2,3.4000001,44.4367561340332,42.649029,46.224483
Corpus_and_uterus,Female,pm,,,2,3.45,44.34379196166992,42.559658,46.127926
Corpus_and_uterus,Female,pm,,,2,3.5,44.25337600708008,42.472771,46.033981
Corpus_and_uterus,Female,pm,,,2,3.55,44.1653938293457,42.388252,45.942535
Corpus_and_uterus,Female,pm,,,2,3.5999999,44.07973098754883,42.305988,45.853474
Corpus_and_uterus,Female,pm,,,2,3.6500001,43.99628448486328,42.22588,45.766689
Corpus_and_uterus,Female,pm,,,2,3.7,43.91495895385742,42.147831,45.682087
Corpus_and_uterus,Female,pm,,,2,3.75,43.83565139770508,42.071747,45.599556
Corpus_and_uterus,Female,pm,,,2,3.8,43.75828170776367,41.997547,45.519016
Corpus_and_uterus,Female,pm,,,2,3.8499999,43.68275833129883,41.925137,45.44038
Corpus_and_uterus,Female,pm,,,2,3.9000001,43.6089973449707,41.854443,45.363552
Corpus_and_uterus,Female,pm,,,2,3.95,43.53693008422852,41.785389,45.288471
Corpus_and_uterus,Female,pm,,,2,4.0,43.46647644042969,41.717903,45.21505
Corpus_and_uterus,Female,pm,,,2,4.0500002,43.39788055419922,41.652317,45.143444
Corpus_and_uterus,Female,pm,,,2,4.0999999,43.33075714111328,41.588158,45.073357
Corpus_and_uterus,Female,pm,,,2,4.1500001,43.26504898071289,41.525368,45.00473
Corpus_and_uterus,Female,pm,,,2,4.1999998,43.20069122314453,41.46389,44.937492
Corpus_and_uterus,Female,pm,,,2,4.25,43.13762664794922,41.403664,44.87159
Corpus_and_uterus,Female,pm,,,2,4.3000002,43.07580184936523,41.344635,44.806969
Corpus_and_uterus,Female,pm,,,2,4.3499999,43.01515960693359,41.286751,44.743568
Corpus_and_uterus,Female,pm,,,2,4.4000001,42.95565414428711,41.229965,44.681343
Corpus_and_uterus,Female,pm,,,2,4.4499998,42.89723205566406,41.174229,44.620235
Corpus_and_uterus,Female,pm,,,2,4.5,42.83985137939453,41.119499,44.560204
Corpus_and_uterus,Female,pm,,,2,4.5500002,42.78346252441406,41.065727,44.501198
Corpus_and_uterus,Female,pm,,,2,4.5999999,42.72803115844727,41.012878,44.443184
Corpus_and_uterus,Female,pm,,,2,4.6500001,42.67351150512695,40.960911,44.386112
Corpus_and_uterus,Female,pm,,,2,4.6999998,42.61986541748047,40.909786,44.329945
Corpus_and_uterus,Female,pm,,,2,4.75,42.56705474853516,40.859463,44.274647
Corpus_and_uterus,Female,pm,,,2,4.8000002,42.51504898071289,40.809921,44.220177
Corpus_and_uterus,Female,pm,,,2,4.8499999,42.46380996704102,40.761116,44.166504
Corpus_and_uterus,Female,pm,,,2,4.9000001,42.41330337524414,40.713013,44.113594
Corpus_and_uterus,Female,pm,,,2,4.9499998,42.36350250244141,40.665592,44.061413
Corpus_and_uterus,Female,pm,,,2,5.0,42.31437301635742,40.618816,44.00993
Corpus_and_uterus,Female,tce,,,0,0.0,0.0,0.0,0.0
Corpus_and_uterus,Female,tce,,,0,0.050000001,0.0055816995148418,0.0053866776,0.0057767215
Corpus_and_uterus,Female,tce,,,0,0.1,0.0111325716784366,0.010771465,0.011493678
Corpus_and_uterus,Female,tce,,,0,0.15000001,0.016447009026621,0.015939128,0.01695489
Corpus_and_uterus,Female,tce,,,0,0.2,0.0215489707748395,0.020909213,0.022188729
Corpus_and_uterus,Female,tce,,,0,0.25,0.0264655844221609,0.025706135,0.027225034
Corpus_and_uterus,Female,tce,,,0,0.30000001,0.0312183868547224,0.030349541,0.032087233
Corpus_and_uterus,Female,tce,,,0,0.34999999,0.0358236807697189,0.034854323,0.036793038
Corpus_and_uterus,Female,tce,,,0,0.40000001,0.0402937993481748,0.039231703,0.041355893
Corpus_and_uterus,Female,tce,,,0,0.44999999,0.0446381641335785,0.043490216,0.045786113
Corpus_and_uterus,Female,tce,,,0,0.5,0.0488641114685015,0.047636449,0.050091773
Corpus_and_uterus,Female,tce,,,0,0.55000001,0.0529774545609344,0.051675599,0.054279309
Corpus_and_uterus,Female,tce,,,0,0.60000002,0.0569829093813816,0.055611849,0.058353972
Corpus_and_uterus,Female,tce,,,0,0.64999998,0.0608843854235583,0.059448641,0.062320128
Corpus_and_uterus,Female,tce,,,0,0.69999999,0.0646852188833585,0.063188918,0.066181518
Corpus_and_uterus,Female,tce,,,0,0.75,0.0683883002310745,0.066835217,0.069941387
Corpus_and_uterus,Female,tce,,,0,0.80000001,0.0719962060134623,0.070389792,0.073602617
Corpus_and_uterus,Female,tce,,,0,0.85000002,0.0755112766623608,0.073854715,0.077167839
Corpus_and_uterus,Female,tce,,,0,0.89999998,0.078935672729707,0.077231899,0.080639444
Corpus_and_uterus,Female,tce,,,0,0.94999999,0.0822713184871163,0.080523044,0.084019594
Corpus_and_uterus,Female,tce,,,0,1.0,0.0855197123987959,0.083729446,0.087309979
Corpus_and_uterus,Female,tce,,,0,1.05,0.0886731462485769,0.086843438,0.090502851
Corpus_and_uterus,Female,tce,,,0,1.1,0.0917416827483147,0.089874715,0.093608648
Corpus_and_uterus,Female,tce,,,0,1.15,0.0947268233015131,0.092824638,0.096629009
Corpus_and_uterus,Female,tce,,,0,1.2,0.0976301153882866,0.095694616,0.099565618
Corpus_and_uterus,Female,tce,,,0,1.25,0.1004530929526834,0.098486051,0.10242014
Corpus_and_uterus,Female,tce,,,0,1.3,0.1031973221913248,0.10120039,0.10519425
Corpus_and_uterus,Female,tce,,,0,1.35,0.1058643765415416,0.10383913,0.10788963
Corpus_and_uterus,Female,tce,,,0,1.4,0.1084558149777351,0.10640369,0.11050794
Corpus_and_uterus,Female,tce,,,0,1.45,0.1109732226516903,0.10889559,0.11305085
Corpus_and_uterus,Female,tce,,,0,1.5,0.1134181581592173,0.1113163,0.11552002
Corpus_and_uterus,Female,tce,,,0,1.55,0.1157921928957343,0.11366731,0.11791708
Corpus_and_uterus,Female,tce,,,0,1.6,0.1180967540662255,0.11594997,0.12024353
Corpus_and_uterus,Female,tce,,,0,1.65,0.120332561486052,0.11816497,0.12250015
Corpus_and_uterus,Female,tce,,,0,1.7,0.122500263109965,0.12031291,0.12468762
Corpus_and_uterus,Female,tce,,,0,1.75,0.1246006387456453,0.12239452,0.12680675
Corpus_and_uterus,Female,tce,,,0,1.8,0.1266346117013368,0.12441069,0.12885854
Corpus_and_uterus,Female,tce,,,0,1.85,0.1286032106970882,0.12636241,0.13084401
Corpus_and_uterus,Female,tce,,,0,1.9,0.1305075374675965,0.12825075,0.13276432
Corpus_and_uterus,Female,tce,,,0,1.95,0.1323487826797721,0.13007686,0.13462071
Corpus_and_uterus,Female,tce,,,0,2.0,0.1341281751992176,0.13184191,0.13641444
Corpus_and_uterus,Female,tce,,,0,2.05,0.1358323033548723,0.13353273,0.13813187
Corpus_and_uterus,Female,tce,,,0,2.0999999,0.1374768790702517,0.13516475,0.139789
Corpus_and_uterus,Female,tce,,,0,2.1500001,0.1390632657784389,0.13673928,0.14138724
Corpus_and_uterus,Female,tce,,,0,2.2,0.1405928187709904,0.13825767,0.14292796
Corpus_and_uterus,Female,tce,,,0,2.25,0.1420669235345589,0.13972126,0.14441259
Corpus_and_uterus,Female,tce,,,0,2.3,0.1434869591611483,0.14113139,0.14584254
Corpus_and_uterus,Female,tce,,,0,2.3499999,0.1448543008468937,0.14248942,0.1472192
Corpus_and_uterus,Female,tce,,,0,2.4000001,0.1461703215975762,0.14379668,0.14854395
Corpus_and_uterus,Female,tce,,,0,2.45,0.1474364093674583,0.14505456,0.14981826
Corpus_and_uterus,Female,tce,,,0,2.5,0.1486545045303784,0.14626496,0.15104406
Corpus_and_uterus,Female,tce,,,0,2.55,0.1498268232903999,0.14743005,0.1522236
Corpus_and_uterus,Female,tce,,,0,2.5999999,0.1509554697976995,0.1485519,0.15335904
Corpus_and_uterus,Female,tce,,,0,2.6500001,0.1520424406275754,0.1496325,0.15445238
Corpus_and_uterus,Female,tce,,,0,2.7,0.1530896107852262,0.15067369,0.15550554
Corpus_and_uterus,Female,tce,,,0,2.75,0.1540987709596886,0.15167722,0.15652032
Corpus_and_uterus,Female,tce,,,0,2.8,0.155071612417906,0.1526448,0.15749843
Corpus_and_uterus,Female,tce,,,0,2.8499999,0.1560097377598054,0.15357795,0.15844151
Corpus_and_uterus,Female,tce,,,0,2.9000001,0.156914670306234,0.15447824,0.1593511
Corpus_and_uterus,Female,tce,,,0,2.95,0.1577878418393145,0.15534705,0.16022864
Corpus_and_uterus,Female,tce,,,0,3.0,0.1586306230314088,0.15618573,0.16107552
Corpus_and_uterus,Female,tce,,,0,3.05,0.1594262101832609,0.15697774,0.16187468
Corpus_and_uterus,Female,tce,,,0,3.0999999,0.1601938134267205,0.15774201,0.16264562
Corpus_and_uterus,Female,tce,,,0,3.1500001,0.1609346136874616,0.15847969,0.16338953
Corpus_and_uterus,Female,tce,,,0,3.2,0.1616497223008033,0.15919189,0.16410755
Corpus_and_uterus,Female,tce,,,0,3.25,0.1623402055502619,0.15987968,0.16480073
Corpus_and_uterus,Female,tce,,,0,3.3,0.1630070735627394,0.16054404,0.16547011
Corpus_and_uterus,Female,tce,,,0,3.3499999,0.1636512868569905,0.16118592,0.16611665
Corpus_and_uterus,Female,tce,,,0,3.4000001,0.1642737620334528,0.16180624,0.16674128
Corpus_and_uterus,Female,tce,,,0,3.45,0.164875362608301,0.16240585,0.16734488
Corpus_and_uterus,Female,tce,,,0,3.5,0.1654569192601418,0.16298556,0.16792828
Corpus_and_uterus,Female,tce,,,0,3.55,0.1660192201538059,0.16354617,0.16849227
Corpus_and_uterus,Female,tce,,,0,3.5999999,0.1665630161157881,0.16408841,0.16903763
Corpus_and_uterus,Female,tce,,,0,3.6500001,0.1670890251270992,0.16461299,0.16956505
Corpus_and_uterus,Female,tce,,,0,3.7,0.1675979242799144,0.1651206,0.17007525
Corpus_and_uterus,Female,tce,,,0,3.75,0.1680903666120691,0.16561186,0.17056887
Corpus_and_uterus,Female,tce,,,0,3.8,0.1685669726768608,0.1660874,0.17104654
Corpus_and_uterus,Female,tce,,,0,3.8499999,0.1690283346767879,0.16654782,0.17150885
Corpus_and_uterus,Female,tce,,,0,3.9000001,0.1694750200496088,0.16699366,0.17195639
Corpus_and_uterus,Female,tce,,,0,3.95,0.1699075644216232,0.16742545,0.17238967
Corpus_and_uterus,Female,tce,,,0,4.0,0.1703264857043711,0.16784373,0.17280924
Corpus_and_uterus,Female,tce,,,0,4.0500002,0.1707115398355574,0.16822851,0.17319457
Corpus_and_uterus,Female,tce,,,0,4.0999999,0.1710838990641802,0.16860068,0.17356712
Corpus_and_uterus,Female,tce,,,0,4.1500001,0.1714440253024362,0.16896071,0.17392735
Corpus_and_uterus,Female,tce,,,0,4.1999998,0.1717923466938129,0.16930901,0.1742757
Corpus_and_uterus,Female,tce,,,0,4.25,0.1721292861025112,0.16964599,0.17461258
Corpus_and_uterus,Female,tce,,,0,4.3000002,0.1724552385157862,0.16997208,0.1749384
Corpus_and_uterus,Female,tce,,,0,4.3499999,0.1727705823670364,0.17028761,0.17525356
Corpus_and_uterus,Female,tce,,,0,4.4000001,0.1730756889224948,0.17059299,0.17555839
Corpus_and_uterus,Female,tce,,,0,4.4499998,0.1733709022627897,0.17088853,0.17585328
Corpus_and_uterus,Female,tce,,,0,4.5,0.1736565633224755,0.17117459,0.17613855
Corpus_and_uterus,Female,tce,,,0,4.5500002,0.1739329906504765,0.17145146,0.17641452
Corpus_and_uterus,Female,tce,,,0,4.5999999,0.1742004899195504,0.17171946,0.17668152
Corpus_and_uterus,Female,tce,,,0,4.6500001,0.1744593618138554,0.17197891,0.17693982
Corpus_and_uterus,Female,tce,,,0,4.6999998,0.1747098849731541,0.17223005,0.17718972
Corpus_and_uterus,Female,tce,,,0,4.75,0.174952336320525,0.17247316,0.17743151
Corpus_and_uterus,Female,tce,,,0,4.8000002,0.1751869746727117,0.17270853,0.17766543
Corpus_and_uterus,Female,tce,,,0,4.8499999,0.1754140487495813,0.17293637,0.17789173
Corpus_and_uterus,Female,tce,,,0,4.9000001,0.175633803815233,0.17315693,0.17811067
Corpus_and_uterus,Female,tce,,,0,4.9499998,0.1758464671478368,0.17337047,0.17832248
Corpus_and_uterus,Female,tce,,,0,5.0,0.1760522652470167,0.17357716,0.17852737
Corpus_and_uterus,Female,tce,,,1,0.0,0.0,0.0,0.0
Corpus_and_uterus,Female,tce,,,1,0.050000001,0.0048116748565752,0.0046337671,0.0049895826
Corpus_and_uterus,Female,tce,,,1,0.1,0.0098192683914269,0.0094846273,0.010153909
Corpus_and_uterus,Female,tce,,,1,0.15000001,0.0146885742857214,0.014212747,0.015164401
Corpus_and_uterus,Female,tce,,,1,0.2,0.0194094543964152,0.018804928,0.020013981
Corpus_and_uterus,Female,tce,,,1,0.25,0.0239920358793351,0.023269314,0.024714759
Corpus_and_uterus,Female,tce,,,1,0.30000001,0.0284477067595541,0.027615856,0.029279558
Corpus_and_uterus,Female,tce,,,1,0.34999999,0.0327860791906252,0.031853061,0.0337191
Corpus_and_uterus,Female,tce,,,1,0.40000001,0.0370147760835515,0.03598766,0.03804189
Corpus_and_uterus,Female,tce,,,1,0.44999999,0.0411397412014606,0.040024869,0.042254612
Corpus_and_uterus,Female,tce,,,1,0.5,0.0451656449096527,0.043968741,0.046362549
Corpus_and_uterus,Female,tce,,,1,0.55000001,0.0490961949489748,0.047822446,0.050369944
Corpus_and_uterus,Female,tce,,,1,0.60000002,0.0529344018329533,0.051588546,0.054280259
Corpus_and_uterus,Female,tce,,,1,0.64999998,0.0566827641446049,0.05526913,0.058096398
Corpus_and_uterus,Female,tce,,,1,0.69999999,0.0603434286529627,0.058865994,0.061820861
Corpus_and_uterus,Female,tce,,,1,0.75,0.0639182680817168,0.062380698,0.065455839
Corpus_and_uterus,Female,tce,,,1,0.80000001,0.0674089754960504,0.065814644,0.069003306
Corpus_and_uterus,Female,tce,,,1,0.85000002,0.0708171153300004,0.069169156,0.07246507
Corpus_and_uterus,Female,tce,,,1,0.89999998,0.0741441595318969,0.072445475,0.07584285
Corpus_and_uterus,Female,tce,,,1,0.94999999,0.0773914197029152,0.075644694,0.079138145
Corpus_and_uterus,Female,tce,,,1,1.0,0.0805598523241797,0.078767613,0.082352094
Corpus_and_uterus,Female,tce,,,1,1.05,0.0836451637566034,0.081809871,0.085480459
Corpus_and_uterus,Female,tce,,,1,1.1,0.0866532468310355,0.084777109,0.088529386
Corpus_and_uterus,Female,tce,,,1,1.15,0.0895851668790786,0.087670244,0.091500089
Corpus_and_uterus,Female,tce,,,1,1.2,0.0924420650894712,0.090490304,0.094393827
Corpus_and_uterus,Female,tce,,,1,1.25,0.0952250966810218,0.093238309,0.097211882
Corpus_and_uterus,Female,tce,,,1,1.3,0.097935473157468,0.095915362,0.099955581
Corpus_and_uterus,Female,tce,,,1,1.35,0.1005744353855729,0.098522611,0.10262626
Corpus_and_uterus,Female,tce,,,1,1.4,0.1031432300504427,0.1010612,0.10522527
Corpus_and_uterus,Female,tce,,,1,1.45,0.1056431481513649,0.10353231,0.10775398
Corpus_and_uterus,Female,tce,,,1,1.5,0.1080754712156225,0.10593718,0.11021376
Corpus_and_uterus,Female,tce,,,1,1.55,0.1104415090248398,0.10827702,0.112606
Corpus_and_uterus,Female,tce,,,1,1.6,0.1127424470939747,0.11055294,0.11493196
Corpus_and_uterus,Female,tce,,,1,1.65,0.1149788028327463,0.11276542,0.11719219
Corpus_and_uterus,Female,tce,,,1,1.7,0.1171510332783357,0.11491489,0.11938718
Corpus_and_uterus,Female,tce,,,1,1.75,0.1192597285045233,0.11700188,0.12151758
Corpus_and_uterus,Female,tce,,,1,1.8,0.1213056245034582,0.11902709,0.12358416
Corpus_and_uterus,Female,tce,,,1,1.85,0.12328956604722,0.12099134,0.12558779
Corpus_and_uterus,Female,tce,,,1,1.9,0.1252124748817817,0.1228955,0.12752944
Corpus_and_uterus,Female,tce,,,1,1.95,0.1270753664899928,0.12474056,0.12941018
Corpus_and_uterus,Female,tce,,,1,2.0,0.1288792994354482,0.12652753,0.13123107
Corpus_and_uterus,Female,tce,,,1,2.05,0.1306166662758763,0.12824893,0.1329844
Corpus_and_uterus,Female,tce,,,1,2.0999999,0.1322971288060826,0.12991424,0.13468003
Corpus_and_uterus,Female,tce,,,1,2.1500001,0.1339218894939223,0.13152461,0.13631918
Corpus_and_uterus,Female,tce,,,1,2.2,0.1354921482936449,0.13308121,0.13790308
Corpus_and_uterus,Female,tce,,,1,2.25,0.1370091420911981,0.13458526,0.13943303
Corpus_and_uterus,Female,tce,,,1,2.3,0.1384741073583606,0.13603796,0.14091025
Corpus_and_uterus,Female,tce,,,1,2.3499999,0.1398882827571886,0.13744052,0.14233604
Corpus_and_uterus,Female,tce,,,1,2.4000001,0.1412529109806626,0.13879415,0.14371167
Corpus_and_uterus,Female,tce,,,1,2.45,0.1425692549133381,0.14010009,0.14503841
Corpus_and_uterus,Female,tce,,,1,2.5,0.1438391379477829,0.14136013,0.14631814
Corpus_and_uterus,Female,tce,,,1,2.55,0.1450646679879347,0.14257635,0.147553
Corpus_and_uterus,Female,tce,,,1,2.5999999,0.1462478491211145,0.1437507,0.148745
Corpus_and_uterus,Female,tce,,,1,2.6500001,0.1473905856486529,0.14488508,0.1498961
Corpus_and_uterus,Female,tce,,,1,2.7,0.1484946663783497,0.14598122,0.15100811
Corpus_and_uterus,Female,tce,,,1,2.75,0.1495618028928639,0.14704084,0.15208277
Corpus_and_uterus,Female,tce,,,1,2.8,0.1505936128586569,0.14806551,0.15312172
Corpus_and_uterus,Female,tce,,,1,2.8499999,0.1515916305663767,0.14905675,0.15412651
Corpus_and_uterus,Female,tce,,,1,2.9000001,0.1525573161767909,0.15001599,0.15509863
Corpus_and_uterus,Female,tce,,,1,2.95,0.1534920419042074,0.15094461,0.15603948
Corpus_and_uterus,Female,tce,,,1,3.0,0.1543971238256216,0.15184388,0.15695037
Corpus_and_uterus,Female,tce,,,1,3.05,0.1552622909178525,0.1527037,0.15782088
Corpus_and_uterus,Female,tce,,,1,3.0999999,0.1561001226813043,0.15353647,0.15866378
Corpus_and_uterus,Female,tce,,,1,3.1500001,0.1569117529183201,0.15434328,0.15948023
Corpus_and_uterus,Female,tce,,,1,3.2,0.1576982479892136,0.15512522,0.16027129
Corpus_and_uterus,Female,tce,,,1,3.25,0.1584606331374357,0.15588325,0.16103801
Corpus_and_uterus,Female,tce,,,1,3.3,0.1591998798166083,0.15661839,0.16178137
Corpus_and_uterus,Female,tce,,,1,3.3499999,0.1599169123740019,0.15733151,0.1625023
Corpus_and_uterus,Female,tce,,,1,3.4000001,0.1606126139058676,0.15802351,0.16320172
Corpus_and_uterus,Female,tce,,,1,3.45,0.1612878155234856,0.15869519,0.16388044
Corpus_and_uterus,Female,tce,,,1,3.5,0.1619433185395609,0.15934736,0.16453929
Corpus_and_uterus,Female,tce,,,1,3.55,0.1625798832541414,0.15998074,0.16517903
Corpus_and_uterus,Female,tce,,,1,3.5999999,0.1631982343467925,0.16059609,0.16580038
Corpus_and_uterus,Female,tce,,,1,3.6500001,0.1637990656057855,0.16119407,0.16640407
Corpus_and_uterus,Female,tce,,,1,3.7,0.1643830303448356,0.16177532,0.16699073
Corpus_and_uterus,Female,tce,,,1,3.75,0.1649507602756333,0.16234049,0.16756102
Corpus_and_uterus,Female,tce,,,1,3.8,0.1655028555568224,0.16289017,0.16811554
Corpus_and_uterus,Female,tce,,,1,3.8499999,0.1660398891963293,0.16342491,0.16865487
Corpus_and_uterus,Female,tce,,,1,3.9000001,0.1665624109184917,0.16394526,0.16917957
Corpus_and_uterus,Female,tce,,,1,3.95,0.167070938595279,0.16445173,0.16969015
Corpus_and_uterus,Female,tce,,,1,4.0,0.1675659744435868,0.16494483,0.17018712
Corpus_and_uterus,Female,tce,,,1,4.0500002,0.1680346435148004,0.16541187,0.17065741
Corpus_and_uterus,Female,tce,,,1,4.0999999,0.1684906842343272,0.1658664,0.17111497
Corpus_and_uterus,Female,tce,,,1,4.1500001,0.1689345453168606,0.16630885,0.17156024
Corpus_and_uterus,Female,tce,,,1,4.1999998,0.1693666393438986,0.16673961,0.17199366
Corpus_and_uterus,Female,tce,,,1,4.25,0.1697873775887249,0.16715913,0.17241563
Corpus_and_uterus,Female,tce,,,1,4.3000002,0.1701971417787,0.16756776,0.17282653
Corpus_and_uterus,Female,tce,,,1,4.3499999,0.1705962977693883,0.16796587,0.17322673
Corpus_and_uterus,Female,tce,,,1,4.4000001,0.1709852072876838,0.16835381,0.1736166
Corpus_and_uterus,Female,tce,,,1,4.4499998,0.1713642022794076,0.16873193,0.17399648
Corpus_and_uterus,Female,tce,,,1,4.5,0.1717336153055524,0.16910054,0.1743667
Corpus_and_uterus,Female,tce,,,1,4.5500002,0.1720937546752429,0.16945994,0.17472757
Corpus_and_uterus,Female,tce,,,1,4.5999999,0.1724449163222479,0.16981044,0.17507939
Corpus_and_uterus,Female,tce,,,1,4.6500001,0.1727873940548849,0.17015234,0.17542244
Corpus_and_uterus,Female,tce,,,1,4.6999998,0.1731214568889091,0.17048588,0.17575704
Corpus_and_uterus,Female,tce,,,1,4.75,0.173447375727676,0.17081134,0.1760834
Corpus_and_uterus,Female,tce,,,1,4.8000002,0.1737654013699615,0.17112899,0.17640182
Corpus_and_uterus,Female,tce,,,1,4.8499999,0.1740757748904268,0.17143902,0.17671253
Corpus_and_uterus,Female,tce,,,1,4.9000001,0.1743787366394407,0.17174172,0.17701575
Corpus_and_uterus,Female,tce,,,1,4.9499998,0.1746745061345621,0.17203729,0.17731173
Corpus_and_uterus,Female,tce,,,1,5.0,0.1749633055973147,0.17232592,0.17760068
Corpus_and_uterus,Female,tce,,,2,0.0,0.0,0.0,0.0
Corpus_and_uterus,Female,tce,,,2,0.050000001,0.0104628258815548,0.0096840076,0.011241644
Corpus_and_uterus,Female,tce,,,2,0.1,0.0194574989816009,0.018067932,0.020847065
Corpus_and_uterus,Female,tce,,,2,0.15000001,0.027593589965042,0.025691573,0.029495606
Corpus_and_uterus,Female,tce,,,2,0.2,0.0351111985484923,0.03276813,0.037454266
Corpus_and_uterus,Female,tce,,,2,0.25,0.0421452160834505,0.039416879,0.044873554
Corpus_and_uterus,Female,tce,,,2,0.30000001,0.0487815122963105,0.045713264,0.05184976
Corpus_and_uterus,Female,tce,,,2,0.34999999,0.0550788007195909,0.051708475,0.058449127
Corpus_and_uterus,Female,tce,,,2,0.40000001,0.0610792725693137,0.057438981,0.064719565
Corpus_and_uterus,Female,tce,,,2,0.44999999,0.0668143947679497,0.062931776,0.07069701
Corpus_and_uterus,Female,tce,,,2,0.5,0.0723084030804611,0.06820748,0.076409332
Corpus_and_uterus,Female,tce,,,2,0.55000001,0.0775804571071644,0.073282272,0.08187864
Corpus_and_uterus,Female,tce,,,2,0.60000002,0.082646083577587,0.078169219,0.087122947
Corpus_and_uterus,Female,tce,,,2,0.64999998,0.0875181356385288,0.082879074,0.0921572
Corpus_and_uterus,Female,tce,,,2,0.69999999,0.0922074891701668,0.087420925,0.096994057
Corpus_and_uterus,Female,tce,,,2,0.75,0.0967234860592784,0.091802575,0.1016444
Corpus_and_uterus,Female,tce,,,2,0.80000001,0.1010743031735356,0.096030876,0.10611773
Corpus_and_uterus,Female,tce,,,2,0.85000002,0.1052671999344373,0.10011192,0.11042248
Corpus_and_uterus,Female,tce,,,2,0.89999998,0.1093087018985799,0.1040512,0.11456621
Corpus_and_uterus,Female,tce,,,2,0.94999999,0.1132046170078068,0.10785364,0.1185556
Corpus_and_uterus,Female,tce,,,2,1.0,0.1169598793148958,0.11152339,0.12239636
Corpus_and_uterus,Female,tce,,,2,1.05,0.1205451358653626,0.11503217,0.1260581
Corpus_and_uterus,Female,tce,,,2,1.1,0.1239968819221568,0.11841412,0.12957965
Corpus_and_uterus,Female,tce,,,2,1.15,0.1273193831146215,0.12167294,0.13296582
Corpus_and_uterus,Female,tce,,,2,1.2,0.1305167623722744,0.12481225,0.13622127
Corpus_and_uterus,Female,tce,,,2,1.25,0.1335929543489767,0.12783551,0.13935038
Corpus_and_uterus,Female,tce,,,2,1.3,0.1365517736119282,0.13074613,0.14235741
Corpus_and_uterus,Female,tce,,,2,1.35,0.1393969017374008,0.1335474,0.1452464
Corpus_and_uterus,Female,tce,,,2,1.4,0.1421318772773262,0.13624251,0.14802125
Corpus_and_uterus,Female,tce,,,2,1.45,0.144760149993274,0.1388346,0.1506857
Corpus_and_uterus,Female,tce,,,2,1.5,0.1472850347968784,0.1413267,0.15324338
Corpus_and_uterus,Female,tce,,,2,1.55,0.1497097614330331,0.14372176,0.15569776
Corpus_and_uterus,Female,tce,,,2,1.6,0.1520372891609839,0.14602253,0.15805206
Corpus_and_uterus,Female,tce,,,2,1.65,0.1542696208297008,0.14823084,0.16030841
Corpus_and_uterus,Female,tce,,,2,1.7,0.15640861460555,0.15034838,0.16246885
Corpus_and_uterus,Female,tce,,,2,1.75,0.1584562530046379,0.15237699,0.16453551
Corpus_and_uterus,Female,tce,,,2,1.8,0.1604146467173507,0.15431868,0.16651063
Corpus_and_uterus,Female,tce,,,2,1.85,0.1622859904955942,0.15617546,0.16839652
Corpus_and_uterus,Female,tce,,,2,1.9,0.1640725270085759,0.15794949,0.17019556
Corpus_and_uterus,Female,tce,,,2,1.95,0.165776557401331,0.15964292,0.1719102
Corpus_and_uterus,Female,tce,,,2,2.0,0.1674003900706327,0.16125797,0.17354281
Corpus_and_uterus,Female,tce,,,2,2.05,0.1688938207909509,0.16274646,0.17504118
Corpus_and_uterus,Female,tce,,,2,2.0999999,0.170310912780727,0.16416021,0.17646162
Corpus_and_uterus,Female,tce,,,2,2.1500001,0.1716540498190925,0.16550149,0.1778066
Corpus_and_uterus,Female,tce,,,2,2.2,0.1729255718687029,0.16677257,0.17907856
Corpus_and_uterus,Female,tce,,,2,2.25,0.1741278063845096,0.16797569,0.18027991
Corpus_and_uterus,Female,tce,,,2,2.3,0.175263036517023,0.16911305,0.18141302
Corpus_and_uterus,Female,tce,,,2,2.3499999,0.1763335029412762,0.1701868,0.1824802
Corpus_and_uterus,Female,tce,,,2,2.4000001,0.1773414047057483,0.17119908,0.18348372
Corpus_and_uterus,Female,tce,,,2,2.45,0.1782889225718393,0.172152,0.18442585
Corpus_and_uterus,Female,tce,,,2,2.5,0.1791787384485557,0.17304817,0.18530931
Corpus_and_uterus,Female,tce,,,2,2.55,0.1800137550460262,0.1738904,0.18613711
Corpus_and_uterus,Female,tce,,,2,2.5999999,0.1807967108050816,0.17468137,0.18691204
Corpus_and_uterus,Female,tce,,,2,2.6500001,0.1815301872185182,0.17542359,0.18763678
Corpus_and_uterus,Female,tce,,,2,2.7,0.1822166056901335,0.17611945,0.18831377
Corpus_and_uterus,Female,tce,,,2,2.75,0.1828582583581359,0.17677115,0.18894537
Corpus_and_uterus,Female,tce,,,2,2.8,0.183457303037194,0.17738082,0.1895338
Corpus_and_uterus,Female,tce,,,2,2.8499999,0.1840157753344382,0.17795043,0.19008112
Corpus_and_uterus,Female,tce,,,2,2.9000001,0.1845355989375419,0.17848189,0.19058929
Corpus_and_uterus,Female,tce,,,2,2.95,0.1850185832243701,0.17897697,0.1910602
Corpus_and_uterus,Female,tce,,,2,3.0,0.1854664449430633,0.17943734,0.19149555
Corpus_and_uterus,Female,tce,,,2,3.05,0.1858209702692567,0.17980696,0.19183497
Corpus_and_uterus,Female,tce,,,2,3.0999999,0.1861434003913766,0.18014483,0.19214197
Corpus_and_uterus,Female,tce,,,2,3.1500001,0.1864352149462233,0.18045241,0.19241802
Corpus_and_uterus,Female,tce,,,2,3.2,0.1866978103621732,0.18073104,0.19266458
Corpus_and_uterus,Female,tce,,,2,3.25,0.1869325130725242,0.18098205,0.19288297
Corpus_and_uterus,Female,tce,,,2,3.3,0.1871405783510892,0.18120667,0.19307448
Corpus_and_uterus,Female,tce,,,2,3.3499999,0.1873231960048456,0.18140607,0.19324031
Corpus_and_uterus,Female,tce,,,2,3.4000001,0.1874814950146606,0.18158136,0.19338162
Corpus_and_uterus,Female,tce,,,2,3.45,0.1876165443088132,0.18173359,0.19349949
Corpus_and_uterus,Female,tce,,,2,3.5,0.1877293607140756,0.18186377,0.19359495
Corpus_and_uterus,Female,tce,,,2,3.55,0.1878209090279671,0.18197285,0.19366898
Corpus_and_uterus,Female,tce,,,2,3.5999999,0.1878921058203316,0.18206172,0.1937225
Corpus_and_uterus,Female,tce,,,2,3.6500001,0.1879438224280736,0.18213125,0.1937564
Corpus_and_uterus,Female,tce,,,2,3.7,0.1879768866731742,0.18218225,0.19377153
Corpus_and_uterus,Female,tce,,,2,3.75,0.1879920867782419,0.1822155,0.19376868
Corpus_and_uterus,Female,tce,,,2,3.8,0.1879901725766972,0.18223174,0.19374861
Corpus_and_uterus,Female,tce,,,2,3.8499999,0.1879718579439348,0.18223168,0.19371204
Corpus_and_uterus,Female,tce,,,2,3.9000001,0.1879378226017087,0.18221599,0.19365966
Corpus_and_uterus,Female,tce,,,2,3.95,0.1878887147196349,0.18218531,0.19359213
Corpus_and_uterus,Female,tce,,,2,4.0,0.1878251516963841,0.18214023,0.19351007
Corpus_and_uterus,Female,tce,,,2,4.0500002,0.1876801772316855,0.1820161,0.19334425
Corpus_and_uterus,Female,tce,,,2,4.0999999,0.1875220860035953,0.18187891,0.19316527
Corpus_and_uterus,Female,tce,,,2,4.1500001,0.1873514235822589,0.18172917,0.19297369
Corpus_and_uterus,Female,tce,,,2,4.1999998,0.187168716757402,0.18156742,0.19277002
Corpus_and_uterus,Female,tce,,,2,4.25,0.1869744618671469,0.18139413,0.1925548
Corpus_and_uterus,Female,tce,,,2,4.3000002,0.18676913795219,0.18120979,0.19232848
Corpus_and_uterus,Female,tce,,,2,4.3499999,0.1865532031758405,0.18101487,0.19209154
Corpus_and_uterus,Female,tce,,,2,4.4000001,0.186327089273458,0.18080977,0.19184442
Corpus_and_uterus,Female,tce,,,2,4.4499998,0.1860912172472699,0.18059491,0.19158754
Corpus_and_uterus,Female,tce,,,2,4.5,0.1858459811111874,0.18037069,0.19132128
Corpus_and_uterus,Female,tce,,,2,4.5500002,0.1855917643234242,0.18013749,0.19104604
Corpus_and_uterus,Female,tce,,,2,4.5999999,0.1853289342914339,0.17989565,0.19076221
Corpus_and_uterus,Female,tce,,,2,4.6500001,0.1850578352847901,0.17964555,0.19047011
Corpus_and_uterus,Female,tce,,,2,4.6999998,0.184778806949093,0.17938751,0.19017009
Corpus_and_uterus,Female,tce,,,2,4.75,0.1844921643659736,0.17912185,0.18986249
Corpus_and_uterus,Female,tce,,,2,4.8000002,0.1841982171774506,0.17884885,0.18954758
Corpus_and_uterus,Female,tce,,,2,4.8499999,0.1838972625657543,0.17856884,0.18922569
Corpus_and_uterus,Female,tce,,,2,4.9000001,0.1835895769427403,0.17828207,0.18889709
Corpus_and_uterus,Female,tce,,,2,4.9499998,0.1832754367804873,0.17798881,0.18856207
Corpus_and_uterus,Female,tce,,,2,5.0,0.1829550956971639,0.17768933,0.18822086
Corpus_and_uterus,Female,tde,,,0,0.0,0.0,0.0,0.0
Corpus_and_uterus,Female,tde,,,0,0.050000001,0.0008609039832397,0.00085109327,0.00087071472
Corpus_and_uterus,Female,tde,,,0,0.1,0.0020655554676168,0.0020473285,0.0020837823
Corpus_and_uterus,Female,tde,,,0,0.15000001,0.0033880288765556,0.0033614535,0.0034146041
Corpus_and_uterus,Female,tde,,,0,0.2,0.0048037774204873,0.0047692731,0.0048382813
Corpus_and_uterus,Female,tde,,,0,0.25,0.006302427412978,0.0062605375,0.0063443175
Corpus_and_uterus,Female,tde,,,0,0.30000001,0.0078755570926056,0.0078268507,0.0079242634
Corpus_and_uterus,Female,tde,,,0,0.34999999,0.0095147498909552,0.0094597833,0.0095697166
Corpus_and_uterus,Female,tde,,,0,0.40000001,0.0112114550057715,0.011150752,0.011272158
Corpus_and_uterus,Female,tde,,,0,0.44999999,0.012957166109831,0.012891214,0.013023118
Corpus_and_uterus,Female,tde,,,0,0.5,0.0147436275642283,0.014672873,0.014814382
Corpus_and_uterus,Female,tde,,,0,0.55000001,0.0165629733399199,0.016487822,0.016638124
Corpus_and_uterus,Female,tde,,,0,0.60000002,0.018407823167447,0.018328646,0.018487001
Corpus_and_uterus,Female,tde,,,0,0.64999998,0.0202713285220635,0.020188458,0.020354198
Corpus_and_uterus,Female,tde,,,0,0.69999999,0.022147200043411,0.022060938,0.022233462
Corpus_and_uterus,Female,tde,,,0,0.75,0.0240296917349942,0.02394031,0.024119074
Corpus_and_uterus,Female,tde,,,0,0.80000001,0.0259135936526473,0.025821334,0.026005853
Corpus_and_uterus,Female,tde,,,0,0.85000002,0.0277942049578269,0.027699284,0.027889125
Corpus_and_uterus,Female,tde,,,0,0.89999998,0.0296673019862519,0.029569916,0.029764688
Corpus_and_uterus,Female,tde,,,0,0.94999999,0.0315290674617262,0.031429388,0.031628747
Corpus_and_uterus,Female,tde,,,0,1.0,0.0333759562049141,0.03327414,0.033477772
Corpus_and_uterus,Female,tde,,,0,1.05,0.0352009393222295,0.03509713,0.035304748
Corpus_and_uterus,Female,tde,,,0,1.1,0.0370047349650234,0.036899056,0.037110414
Corpus_and_uterus,Female,tde,,,0,1.15,0.0387848870876326,0.038677443,0.038892329
Corpus_and_uterus,Female,tde,,,0,1.2,0.0405392680582536,0.040430155,0.040648382
Corpus_and_uterus,Female,tde,,,0,1.25,0.042266017078201,0.042155318,0.042376716
Corpus_and_uterus,Female,tde,,,0,1.3,0.0439635438542561,0.043851327,0.044075761
Corpus_and_uterus,Female,tde,,,0,1.35,0.0456304918663887,0.045516822,0.045744162
Corpus_and_uterus,Female,tde,,,0,1.4,0.0472657047243949,0.047150634,0.047380775
Corpus_and_uterus,Female,tde,,,0,1.45,0.0488682335277092,0.048751809,0.048984662
Corpus_and_uterus,Female,tde,,,0,1.5,0.0504372870851065,0.050319545,0.050555032
Corpus_and_uterus,Female,tde,,,0,1.55,0.0519722418196932,0.051853213,0.052091271
Corpus_and_uterus,Female,tde,,,0,1.6,0.0534725922139731,0.053352304,0.053592879
Corpus_and_uterus,Female,tde,,,0,1.65,0.0549378414119983,0.054816321,0.055059362
Corpus_and_uterus,Female,tde,,,0,1.7,0.0563676196291361,0.056244884,0.056490354
Corpus_and_uterus,Female,tde,,,0,1.75,0.0577616847230714,0.057637755,0.057885613
Corpus_and_uterus,Female,tde,,,0,1.8,0.0591199297375828,0.058994826,0.059245035
Corpus_and_uterus,Female,tde,,,0,1.85,0.0604423574181034,0.060316093,0.060568623
Corpus_and_uterus,Female,tde,,,0,1.9,0.0617290577858395,0.06160165,0.061856467
Corpus_and_uterus,Female,tde,,,0,1.95,0.0629802180160242,0.062851675,0.063108757
Corpus_and_uterus,Female,tde,,,0,2.0,0.0641960871493407,0.064066432,0.064325742
Corpus_and_uterus,Female,tde,,,0,2.05,0.0653696383724733,0.065238893,0.065500386
Corpus_and_uterus,Female,tde,,,0,2.0999999,0.066508375666081,0.066376552,0.066640198
Corpus_and_uterus,Female,tde,,,0,2.1500001,0.0676127389639665,0.067479849,0.067745626
Corpus_and_uterus,Female,tde,,,0,2.2,0.0686831932434195,0.068549253,0.068817139
Corpus_and_uterus,Female,tde,,,0,2.25,0.0697202539158069,0.069585271,0.069855236
Corpus_and_uterus,Female,tde,,,0,2.3,0.0707244600600149,0.070588447,0.070860475
Corpus_and_uterus,Female,tde,,,0,2.3499999,0.0716963748234304,0.071559347,0.071833402
Corpus_and_uterus,Female,tde,,,0,2.4000001,0.0726365854188571,0.072498553,0.072774619
Corpus_and_uterus,Female,tde,,,0,2.45,0.0735457085871851,0.073406681,0.07368473
Corpus_and_uterus,Female,tde,,,0,2.5,0.0744247152281176,0.07428471,0.074564718
Corpus_and_uterus,Female,tde,,,0,2.55,0.0752747694878543,0.075133801,0.075415738
Corpus_and_uterus,Female,tde,,,0,2.5999999,0.0760969982213833,0.075955071,0.076238923
Corpus_and_uterus,Female,tde,,,0,2.6500001,0.0768924906424968,0.076749623,0.07703536
Corpus_and_uterus,Female,tde,,,0,2.7,0.0776622838592296,0.077518478,0.077806085
Corpus_and_uterus,Female,tde,,,0,2.75,0.0784073863822556,0.078262664,0.078552112
Corpus_and_uterus,Female,tde,,,0,2.8,0.0791287637250893,0.078983128,0.079274401
Corpus_and_uterus,Female,tde,,,0,2.8499999,0.0798273432599377,0.079680808,0.079973876
Corpus_and_uterus,Female,tde,,,0,2.9000001,0.0805040184713052,0.08035659,0.080651447
Corpus_and_uterus,Female,tde,,,0,2.95,0.0811596372878752,0.081011333,0.08130794
Corpus_and_uterus,Female,tde,,,0,3.0,0.0817950226063436,0.081645854,0.081944197
Corpus_and_uterus,Female,tde,,,0,3.05,0.0824013050512553,0.082251295,0.082551315
Corpus_and_uterus,Female,tde,,,0,3.0999999,0.0829887888444538,0.082837947,0.083139636
Corpus_and_uterus,Female,tde,,,0,3.1500001,0.0835582054946467,0.083406545,0.083709866
Corpus_and_uterus,Female,tde,,,0,3.2,0.0841102480895878,0.083957776,0.084262721
Corpus_and_uterus,Female,tde,,,0,3.25,0.0846455887730973,0.084492318,0.084798858
Corpus_and_uterus,Female,tde,,,0,3.3,0.0851648689701446,0.085010812,0.08531893
Corpus_and_uterus,Female,tde,,,0,3.3499999,0.0856687032854768,0.085513867,0.085823536
Corpus_and_uterus,Female,tde,,,0,3.4000001,0.0861576829114834,0.086002082,0.086313285
Corpus_and_uterus,Female,tde,,,0,3.45,0.0866323674511593,0.086476006,0.086788729
Corpus_and_uterus,Female,tde,,,0,3.5,0.0870932999479668,0.086936198,0.087250404
Corpus_and_uterus,Female,tde,,,0,3.55,0.0875409985006169,0.087383159,0.08769884
Corpus_and_uterus,Female,tde,,,0,3.5999999,0.0879759596027627,0.087817393,0.088134527
Corpus_and_uterus,Female,tde,,,0,3.6500001,0.0883986610671388,0.088239379,0.088557944
Corpus_and_uterus,Female,tde,,,0,3.7,0.0888095549230478,0.088649571,0.088969544
Corpus_and_uterus,Female,tde,,,0,3.75,0.0892090803720759,0.089048401,0.089369759
Corpus_and_uterus,Female,tde,,,0,3.8,0.0895976565001821,0.089436293,0.089759022
Corpus_and_uterus,Female,tde,,,0,3.8499999,0.0899756851180465,0.089813642,0.090137728
Corpus_and_uterus,Female,tde,,,0,3.9000001,0.0903435532538424,0.090180852,0.090506256
Corpus_and_uterus,Female,tde,,,0,3.95,0.090701626915014,0.090538271,0.090864986
Corpus_and_uterus,Female,tde,,,0,4.0,0.091050262308239,0.090886258,0.091214262
Corpus_and_uterus,Female,tde,,,0,4.0500002,0.091378380901451,0.091213763,0.091542996
Corpus_and_uterus,Female,tde,,,0,4.0999999,0.0916976798596717,0.091532454,0.091862902
Corpus_and_uterus,Female,tde,,,0,4.1500001,0.0920084814984547,0.091842666,0.092174299
Corpus_and_uterus,Female,tde,,,0,4.1999998,0.0923110833625526,0.092144676,0.092477486
Corpus_and_uterus,Female,tde,,,0,4.25,0.0926057825148836,0.092438802,0.092772759
Corpus_and_uterus,Female,tde,,,0,4.3000002,0.0928928556764616,0.092725307,0.093060404
Corpus_and_uterus,Female,tde,,,0,4.3499999,0.093172568724154,0.093004465,0.093340673
Corpus_and_uterus,Female,tde,,,0,4.4000001,0.0934451848551409,0.093276531,0.093613833
Corpus_and_uterus,Female,tde,,,0,4.4499998,0.0937109465491566,0.093541756,0.093880139
Corpus_and_uterus,Female,tde,,,0,4.5,0.0939700968233487,0.093800381,0.094139814
Corpus_and_uterus,Female,tde,,,0,4.5500002,0.0942228617506887,0.09405262,0.094393097
Corpus_and_uterus,Female,tde,,,0,4.5999999,0.0944694587422922,0.094298713,0.09464021
Corpus_and_uterus,Female,tde,,,0,4.6500001,0.0947101037143783,0.094538853,0.094881356
Corpus_and_uterus,Female,tde,,,0,4.6999998,0.094944995135452,0.094773255,0.095116735
Corpus_and_uterus,Female,tde,,,0,4.75,0.0951743327458978,0.095002107,0.095346563
Corpus_and_uterus,Female,tde,,,0,4.8000002,0.0953983020739042,0.095225602,0.095571004
Corpus_and_uterus,Female,tde,,,0,4.8499999,0.0956170817053708,0.095443912,0.095790252
Corpus_and_uterus,Female,tde,,,0,4.9000001,0.0958308496171567,0.095657222,0.096004471
Corpus_and_uterus,Female,tde,,,0,4.9499998,0.096039768981285,0.095865697,0.09621384
Corpus_and_uterus,Female,tde,,,0,5.0,0.0962440047584226,0.096069492,0.096418515
Corpus_and_uterus,Female,tde,,,1,0.0,0.0,0.0,0.0
Corpus_and_uterus,Female,tde,,,1,0.050000001,0.0005102091783015,0.00050211727,0.00051830109
Corpus_and_uterus,Female,tde,,,1,0.1,0.0014936260393361,0.0014762912,0.0015109609
Corpus_and_uterus,Female,tde,,,1,0.15000001,0.0026334937619668,0.0026069011,0.0026600864
Corpus_and_uterus,Female,tde,,,1,0.2,0.003886766460786,0.0038514514,0.0039220816
Corpus_and_uterus,Female,tde,,,1,0.25,0.0052354317034495,0.0051920535,0.0052788099
Corpus_and_uterus,Female,tde,,,1,0.30000001,0.0066673242585172,0.0066165505,0.0067180982
Corpus_and_uterus,Female,tde,,,1,0.34999999,0.0081720439712871,0.0081145102,0.0082295779
Corpus_and_uterus,Female,tde,,,1,0.40000001,0.0097399482298522,0.009676246,0.00980365
Corpus_and_uterus,Female,tde,,,1,0.44999999,0.0113619213836396,0.011292594,0.011431249
Corpus_and_uterus,Female,tde,,,1,0.5,0.0130293678162007,0.012954908,0.013103827
Corpus_and_uterus,Female,tde,,,1,0.55000001,0.0147342342619071,0.014655091,0.014813378
Corpus_and_uterus,Female,tde,,,1,0.60000002,0.0164690384416508,0.016385617,0.016552459
Corpus_and_uterus,Female,tde,,,1,0.64999998,0.0182268756853748,0.018139541,0.018314211
Corpus_and_uterus,Female,tde,,,1,0.69999999,0.0200014222757922,0.019910503,0.02009234
Corpus_and_uterus,Female,tde,,,1,0.75,0.0217869063564509,0.021692701,0.021881113
Corpus_and_uterus,Female,tde,,,1,0.80000001,0.0235780918739916,0.023480864,0.023675321
Corpus_and_uterus,Female,tde,,,1,0.85000002,0.0253702471166806,0.025270235,0.025470261
Corpus_and_uterus,Female,tde,,,1,0.89999998,0.0271591104784065,0.027056526,0.027261695
Corpus_and_uterus,Female,tde,,,1,0.94999999,0.0289408208943983,0.028835855,0.029045787
Corpus_and_uterus,Female,tde,,,1,1.0,0.030711787993648,0.03060461,0.030818967
Corpus_and_uterus,Female,tde,,,1,1.05,0.032466724734759,0.032357492,0.032575957
Corpus_and_uterus,Female,tde,,,1,1.1,0.0342046217243297,0.034093466,0.034315776
Corpus_and_uterus,Female,tde,,,1,1.15,0.0359229445751544,0.035809986,0.036035903
Corpus_and_uterus,Female,tde,,,1,1.2,0.0376194792438068,0.037504822,0.03773414
Corpus_and_uterus,Female,tde,,,1,1.25,0.039292272871796,0.039176006,0.039408538
Corpus_and_uterus,Female,tde,,,1,1.3,0.0409396376187336,0.040821843,0.041057434
Corpus_and_uterus,Female,tde,,,1,1.35,0.0425601154337312,0.042440861,0.042679369
Corpus_and_uterus,Female,tde,,,1,1.4,0.0441524456499113,0.044031788,0.044273101
Corpus_and_uterus,Female,tde,,,1,1.45,0.0457155724351149,0.045593567,0.045837577
Corpus_and_uterus,Female,tde,,,1,1.5,0.0472485965795449,0.047125284,0.047371913
Corpus_and_uterus,Female,tde,,,1,1.55,0.0487507853810344,0.048626199,0.048875373
Corpus_and_uterus,Female,tde,,,1,1.6,0.0502215275711546,0.0500957,0.050347358
Corpus_and_uterus,Female,tde,,,1,1.65,0.0516602384137962,0.051533192,0.051787283
Corpus_and_uterus,Female,tde,,,1,1.7,0.053066461038571,0.052938223,0.053194698
Corpus_and_uterus,Female,tde,,,1,1.75,0.0544398614802807,0.054310448,0.054569274
Corpus_and_uterus,Female,tde,,,1,1.8,0.0557802371222008,0.055649668,0.055910803
Corpus_and_uterus,Female,tde,,,1,1.85,0.0570874925304603,0.056955785,0.0572192
Corpus_and_uterus,Female,tde,,,1,1.9,0.0583616180588446,0.058228787,0.058494449
Corpus_and_uterus,Female,tde,,,1,1.95,0.0596027002965733,0.059468757,0.059736643
Corpus_and_uterus,Female,tde,,,1,2.0,0.0608108877031312,0.060675845,0.060945932
Corpus_and_uterus,Female,tde,,,1,2.05,0.0619822341399035,0.061846111,0.062118359
Corpus_and_uterus,Female,tde,,,1,2.0999999,0.0631210334516611,0.062983841,0.063258223
Corpus_and_uterus,Female,tde,,,1,2.1500001,0.0642276224919196,0.064089373,0.064365871
Corpus_and_uterus,Female,tde,,,1,2.2,0.0653023649952275,0.065163061,0.065441668
Corpus_and_uterus,Female,tde,,,1,2.25,0.0663456773040091,0.066205338,0.066486016
Corpus_and_uterus,Female,tde,,,1,2.3,0.067358001787437,0.067216627,0.067499377
Corpus_and_uterus,Female,tde,,,1,2.3499999,0.0683398074197109,0.068197414,0.068482205
Corpus_and_uterus,Female,tde,,,1,2.4000001,0.0692915899677911,0.069148183,0.069434993
Corpus_and_uterus,Female,tde,,,1,2.45,0.0702138771138014,0.07006947,0.070358284
Corpus_and_uterus,Female,tde,,,1,2.5,0.0711075516218597,0.070962146,0.071252957
Corpus_and_uterus,Female,tde,,,1,2.55,0.0719736926997317,0.071827307,0.072120078
Corpus_and_uterus,Female,tde,,,1,2.5999999,0.0728133474797829,0.072665982,0.072960712
Corpus_and_uterus,Female,tde,,,1,2.6500001,0.0736275304573567,0.073479198,0.073775865
Corpus_and_uterus,Female,tde,,,1,2.7,0.074417208342668,0.074267916,0.074566498
Corpus_and_uterus,Female,tde,,,1,2.75,0.0751833238039416,0.075033084,0.075333565
Corpus_and_uterus,Female,tde,,,1,2.8,0.075926780435712,0.075775594,0.076077968
Corpus_and_uterus,Female,tde,,,1,2.8499999,0.0766484474382324,0.076496325,0.07680057
Corpus_and_uterus,Female,tde,,,1,2.9000001,0.0773491637426867,0.077196114,0.077502213
Corpus_and_uterus,Female,tde,,,1,2.95,0.0780297256510934,0.077875756,0.078183696
Corpus_and_uterus,Female,tde,,,1,3.0,0.0786909078348391,0.078536026,0.078845792
Corpus_and_uterus,Female,tde,,,1,3.05,0.0793275404116472,0.079171769,0.079483315
Corpus_and_uterus,Female,tde,,,1,3.0999999,0.0799461554641498,0.079789497,0.080102809
Corpus_and_uterus,Female,tde,,,1,3.1500001,0.0805474419365901,0.080389909,0.080704972
Corpus_and_uterus,Female,tde,,,1,3.2,0.0811320523786768,0.080973655,0.081290446
Corpus_and_uterus,Female,tde,,,1,3.25,0.0817006211757585,0.081541367,0.081859879
Corpus_and_uterus,Female,tde,,,1,3.3,0.0822537540211646,0.082093649,0.08241386
Corpus_and_uterus,Female,tde,,,1,3.3499999,0.0827920318269413,0.082631089,0.082952976
Corpus_and_uterus,Female,tde,,,1,3.4000001,0.0833160141711212,0.083154239,0.083477795
Corpus_and_uterus,Female,tde,,,1,3.45,0.0838262303302972,0.083663628,0.08398883
Corpus_and_uterus,Female,tde,,,1,3.5,0.0843231951991428,0.084159777,0.084486611
Corpus_and_uterus,Female,tde,,,1,3.55,0.0848074001356142,0.084643178,0.084971622
Corpus_and_uterus,Female,tde,,,1,3.5999999,0.0852793163687971,0.0851143,0.085444339
Corpus_and_uterus,Female,tde,,,1,3.6500001,0.08573939801134,0.085573591,0.085905202
Corpus_and_uterus,Female,tde,,,1,3.7,0.0861880741570721,0.08602149,0.086354658
Corpus_and_uterus,Female,tde,,,1,3.75,0.0866257628271083,0.086458407,0.086793117
Corpus_and_uterus,Female,tde,,,1,3.8,0.087052862896889,0.086884744,0.087220982
Corpus_and_uterus,Female,tde,,,1,3.8499999,0.0874697570446745,0.087300889,0.087638624
Corpus_and_uterus,Female,tde,,,1,3.9000001,0.0878768143673646,0.087707199,0.088046424
Corpus_and_uterus,Female,tde,,,1,3.95,0.0882743833329091,0.088104039,0.088444732
Corpus_and_uterus,Female,tde,,,1,4.0,0.0886628040651836,0.08849173,0.088833876
Corpus_and_uterus,Female,tde,,,1,4.0500002,0.0890353045557999,0.088863529,0.089207076
Corpus_and_uterus,Female,tde,,,1,4.0999999,0.0893992349744383,0.089226767,0.0895717
Corpus_and_uterus,Female,tde,,,1,4.1500001,0.0897549034684146,0.08958175,0.089928053
Corpus_and_uterus,Female,tde,,,1,4.1999998,0.0901025924779251,0.089928769,0.09027642
Corpus_and_uterus,Female,tde,,,1,4.25,0.0904425864033345,0.090268098,0.090617076
Corpus_and_uterus,Female,tde,,,1,4.3000002,0.0907751486991881,0.090599999,0.090950295
Corpus_and_uterus,Female,tde,,,1,4.3499999,0.0911005326148391,0.09092474,0.091276325
Corpus_and_uterus,Female,tde,,,1,4.4000001,0.0914189906375856,0.091242559,0.091595426
Corpus_and_uterus,Female,tde,,,1,4.4499998,0.0917307533679093,0.091553688,0.091907814
Corpus_and_uterus,Female,tde,,,1,4.5,0.0920360542393068,0.091858372,0.092213735
Corpus_and_uterus,Female,tde,,,1,4.5500002,0.0923351089396047,0.092156813,0.092513405
Corpus_and_uterus,Female,tde,,,1,4.5999999,0.0926281249752126,0.092449225,0.092807025
Corpus_and_uterus,Female,tde,,,1,4.6500001,0.0929153101456407,0.09273582,0.093094803
Corpus_and_uterus,Female,tde,,,1,4.6999998,0.0931968534641086,0.093016773,0.093376927
Corpus_and_uterus,Female,tde,,,1,4.75,0.0934729474040804,0.093292296,0.093653597
Corpus_and_uterus,Female,tde,,,1,4.8000002,0.0937437692815237,0.093562551,0.093924992
Corpus_and_uterus,Female,tde,,,1,4.8499999,0.0940094898347119,0.09382771,0.094191268
Corpus_and_uterus,Female,tde,,,1,4.9000001,0.0942702808851249,0.094087951,0.094452612
Corpus_and_uterus,Female,tde,,,1,4.9499998,0.0945262979877188,0.094343431,0.094709165
Corpus_and_uterus,Female,tde,,,1,5.0,0.0947777005944058,0.0945943,0.094961107
Corpus_and_uterus,Female,tde,,,2,0.0,0.0,0.0,0.0
Corpus_and_uterus,Female,tde,,,2,0.050000001,0.0030839310521472,0.003023505,0.0031443571
Corpus_and_uterus,Female,tde,,,2,0.1,0.005690971592036,0.0055977288,0.0057842145
Corpus_and_uterus,Female,tde,,,2,0.15000001,0.0081709682316677,0.0080532525,0.0082886834
Corpus_and_uterus,Female,tde,,,2,0.2,0.0106166385099472,0.010478954,0.010754323
Corpus_and_uterus,Female,tde,,,2,0.25,0.0130660301561328,0.012911336,0.013220725
Corpus_and_uterus,Female,tde,,,2,0.30000001,0.0155344509738394,0.015364924,0.015703978
Corpus_and_uterus,Female,tde,,,2,0.34999999,0.0180260581937133,0.017843414,0.018208701
Corpus_and_uterus,Female,tde,,,2,0.40000001,0.0205392219098927,0.020344876,0.020733569
Corpus_and_uterus,Female,tde,,,2,0.44999999,0.0230692982484306,0.02286444,0.023274155
Corpus_and_uterus,Female,tde,,,2,0.5,0.0256101866616063,0.025395842,0.02582453
Corpus_and_uterus,Female,tde,,,2,0.55000001,0.0281552079985087,0.027932266,0.028378149
Corpus_and_uterus,Female,tde,,,2,0.60000002,0.0306976286209068,0.030466862,0.030928396
Corpus_and_uterus,Female,tde,,,2,0.64999998,0.0332309559048096,0.032993041,0.033468869
Corpus_and_uterus,Female,tde,,,2,0.69999999,0.0357491182757538,0.03550465,0.035993587
Corpus_and_uterus,Female,tde,,,2,0.75,0.0382465336614972,0.037996028,0.038497038
Corpus_and_uterus,Female,tde,,,2,0.80000001,0.0407181576220184,0.040462069,0.040974244
Corpus_and_uterus,Female,tde,,,2,0.85000002,0.0431594850215242,0.042898212,0.043420758
Corpus_and_uterus,Female,tde,,,2,0.89999998,0.0455665327060432,0.045300424,0.045832641
Corpus_and_uterus,Female,tde,,,2,0.94999999,0.0479357609717465,0.047665119,0.048206404
Corpus_and_uterus,Female,tde,,,2,1.0,0.0502639111057897,0.049989004,0.050538819
Corpus_and_uterus,Female,tde,,,2,1.05,0.0525329127491532,0.052254066,0.05281176
Corpus_and_uterus,Female,tde,,,2,1.1,0.0547544348248932,0.054471858,0.055037014
Corpus_and_uterus,Female,tde,,,2,1.15,0.0569265178882876,0.056640387,0.057212651
Corpus_and_uterus,Female,tde,,,2,1.2,0.0590475820640827,0.058758054,0.059337113
Corpus_and_uterus,Female,tde,,,2,1.25,0.0611163501135324,0.06082356,0.061409142
Corpus_and_uterus,Female,tde,,,2,1.3,0.063131850087335,0.062835917,0.063427784
Corpus_and_uterus,Female,tde,,,2,1.35,0.0650933690616657,0.064794399,0.065392338
Corpus_and_uterus,Female,tde,,,2,1.4,0.0670004116480373,0.066698492,0.067302331
Corpus_and_uterus,Female,tde,,,2,1.45,0.0688527067769323,0.068547919,0.069157496
Corpus_and_uterus,Female,tde,,,2,1.5,0.0706501479784452,0.070342563,0.070957728
Corpus_and_uterus,Female,tde,,,2,1.55,0.0723928034122932,0.07208249,0.072703123
Corpus_and_uterus,Female,tde,,,2,1.6,0.0740808379079115,0.073767848,0.074393831
Corpus_and_uterus,Female,tde,,,2,1.65,0.0757143116748529,0.075398698,0.076029927
Corpus_and_uterus,Female,tde,,,2,1.7,0.0772934069583109,0.076975226,0.07761158
Corpus_and_uterus,Female,tde,,,2,1.75,0.0788184636740789,0.078497782,0.079139143
Corpus_and_uterus,Female,tde,,,2,1.8,0.0802899812504181,0.079966851,0.080613106
Corpus_and_uterus,Female,tde,,,2,1.85,0.0817085847837264,0.081383072,0.082034096
Corpus_and_uterus,Female,tde,,,2,1.9,0.0830749960792331,0.082747161,0.083402835
Corpus_and_uterus,Female,tde,,,2,1.95,0.084390039919082,0.084059939,0.084720142
Corpus_and_uterus,Female,tde,,,2,2.0,0.0856546029203428,0.085322306,0.085986897
Corpus_and_uterus,Female,tde,,,2,2.05,0.0868421301125831,0.08650782,0.087176442
Corpus_and_uterus,Female,tde,,,2,2.0999999,0.0879804742779667,0.087644219,0.088316731
Corpus_and_uterus,Female,tde,,,2,2.1500001,0.0890707287682112,0.088732593,0.089408867
Corpus_and_uterus,Female,tde,,,2,2.2,0.0901140003304615,0.08977405,0.090453953
Corpus_and_uterus,Female,tde,,,2,2.25,0.0911114323664009,0.090769731,0.091453135
Corpus_and_uterus,Female,tde,,,2,2.3,0.09206417699026,0.09172079,0.092407562
Corpus_and_uterus,Female,tde,,,2,2.3499999,0.0929733943059302,0.09262839,0.093318403
Corpus_and_uterus,Female,tde,,,2,2.4000001,0.0938402511942973,0.093493693,0.094186813
Corpus_and_uterus,Female,tde,,,2,2.45,0.0946659289328376,0.094317876,0.095013984
Corpus_and_uterus,Female,tde,,,2,2.5,0.0954519571058705,0.095102482,0.095801435
Corpus_and_uterus,Female,tde,,,2,2.55,0.096200038277714,0.095849194,0.096550882
Corpus_and_uterus,Female,tde,,,2,2.5999999,0.0969118046588574,0.096559651,0.097263955
Corpus_and_uterus,Female,tde,,,2,2.6500001,0.0975888190975226,0.097235419,0.097942218
Corpus_and_uterus,Female,tde,,,2,2.7,0.0982325649480449,0.097877972,0.098587155
Corpus_and_uterus,Female,tde,,,2,2.75,0.0988444680912564,0.098488741,0.099200197
Corpus_and_uterus,Female,tde,,,2,2.8,0.0994258865402679,0.099069081,0.09978269
Corpus_and_uterus,Female,tde,,,2,2.8499999,0.0999781164147718,0.099620283,0.10033595
Corpus_and_uterus,Female,tde,,,2,2.9000001,0.1005023970085239,0.10014359,0.10086121
Corpus_and_uterus,Female,tde,,,2,2.95,0.1009999035076186,0.10064017,0.10135964
Corpus_and_uterus,Female,tde,,,2,3.0,0.1014717645052334,0.10111115,0.10183237
Corpus_and_uterus,Female,tde,,,2,3.05,0.101885659826639,0.10152436,0.10224696
Corpus_and_uterus,Female,tde,,,2,3.0999999,0.1022758049905011,0.10191387,0.10263775
Corpus_and_uterus,Female,tde,,,2,3.1500001,0.102643201318352,0.10228067,0.10300574
Corpus_and_uterus,Female,tde,,,2,3.2,0.1029887988654583,0.10262572,0.10335188
Corpus_and_uterus,Female,tde,,,2,3.25,0.1033135091236528,0.10294992,0.10367709
Corpus_and_uterus,Female,tde,,,2,3.3,0.1036182000179905,0.10325415,0.10398225
Corpus_and_uterus,Female,tde,,,2,3.3499999,0.1039036997286256,0.10353923,0.10426817
Corpus_and_uterus,Female,tde,,,2,3.4000001,0.1041707998488931,0.10380595,0.10453565
Corpus_and_uterus,Female,tde,,,2,3.45,0.1044202522184925,0.10405506,0.10478544
Corpus_and_uterus,Female,tde,,,2,3.5,0.1046527783138658,0.10428729,0.10501827
Corpus_and_uterus,Female,tde,,,2,3.55,0.1048690657412868,0.10450332,0.10523482
Corpus_and_uterus,Female,tde,,,2,3.5999999,0.1050697711445353,0.1047038,0.10543574
Corpus_and_uterus,Female,tde,,,2,3.6500001,0.105255522569346,0.10488936,0.10562169
Corpus_and_uterus,Female,tde,,,2,3.7,0.1054269174312028,0.1050606,0.10579324
Corpus_and_uterus,Female,tde,,,2,3.75,0.10558452919305,0.10521809,0.10595097
Corpus_and_uterus,Female,tde,,,2,3.8,0.1057289050537513,0.10536239,0.10609543
Corpus_and_uterus,Female,tde,,,2,3.8499999,0.1058605681029066,0.10549399,0.10622714
Corpus_and_uterus,Female,tde,,,2,3.9000001,0.1059800190336347,0.10561343,0.10634661
Corpus_and_uterus,Female,tde,,,2,3.95,0.1060877350348715,0.10572115,0.10645431
Corpus_and_uterus,Female,tde,,,2,4.0,0.1061841742609244,0.10581764,0.10655071
Corpus_and_uterus,Female,tde,,,2,4.0500002,0.106230959461369,0.10586465,0.10659727
Corpus_and_uterus,Female,tde,,,2,4.0999999,0.106267343066307,0.10590129,0.10663339
Corpus_and_uterus,Female,tde,,,2,4.1500001,0.106293737202649,0.10592797,0.10665951
Corpus_and_uterus,Female,tde,,,2,4.1999998,0.1063105351617542,0.10594507,0.106676
Corpus_and_uterus,Female,tde,,,2,4.25,0.1063181142734823,0.10595299,0.10668324
Corpus_and_uterus,Female,tde,,,2,4.3000002,0.1063168353539573,0.10595208,0.10668159
Corpus_and_uterus,Female,tde,,,2,4.3499999,0.1063070443248769,0.10594267,0.10667142
Corpus_and_uterus,Female,tde,,,2,4.4000001,0.1062890722725307,0.10592511,0.10665303
Corpus_and_uterus,Female,tde,,,2,4.4499998,0.1062632369783087,0.10589971,0.10662676
Corpus_and_uterus,Female,tde,,,2,4.5,0.1062298422093771,0.10586678,0.1065929
Corpus_and_uterus,Female,tde,,,2,4.5500002,0.1061891798693327,0.10582661,0.10655175
Corpus_and_uterus,Female,tde,,,2,4.5999999,0.1061415301544504,0.10577946,0.1065036
Corpus_and_uterus,Female,tde,,,2,4.6500001,0.1060871604321368,0.10572562,0.1064487
Corpus_and_uterus,Female,tde,,,2,4.6999998,0.1060263291072134,0.10566534,0.10638732
Corpus_and_uterus,Female,tde,,,2,4.75,0.1059592819845082,0.10559886,0.1063197
Corpus_and_uterus,Female,tde,,,2,4.8000002,0.1058862566488386,0.10552642,0.10624609
Corpus_and_uterus,Female,tde,,,2,4.8499999,0.1058074814315951,0.10544826,0.10616671
Corpus_and_uterus,Female,tde,,,2,4.9000001,0.1057231733281081,0.10536458,0.10608177
Corpus_and_uterus,Female,tde,,,2,4.9499998,0.105633543794394,0.1052756,0.10599149
Corpus_and_uterus,Female,tde,,,2,5.0,0.1055387927106869,0.10518152,0.10589607
Corpus_and_uterus,Female,tie,,,0,0.0,0.0,0.0,0.0
Corpus_and_uterus,Female,tie,,,0,0.050000001,0.0047207955316021,0.0045242575,0.0049173334
Corpus_and_uterus,Female,tie,,,0,0.1,0.0090670162108198,0.0087024607,0.0094315717
Corpus_and_uterus,Female,tie,,,0,0.15000001,0.0130589801500654,0.012545879,0.013572082
Corpus_and_uterus,Female,tie,,,0,0.2,0.0167451933543522,0.016098615,0.017391771
Corpus_and_uterus,Female,tie,,,0,0.25,0.0201631570091829,0.019395448,0.020930866
Corpus_and_uterus,Female,tie,,,0,0.30000001,0.0233428297621168,0.022464434,0.024221227
Corpus_and_uterus,Female,tie,,,0,0.34999999,0.0263089308787638,0.025328862,0.027288999
Corpus_and_uterus,Female,tie,,,0,0.40000001,0.0290823443424032,0.028008502,0.030156188
Corpus_and_uterus,Female,tie,,,0,0.44999999,0.0316809980237475,0.030520372,0.032841623
Corpus_and_uterus,Female,tie,,,0,0.5,0.0341204839042731,0.032879319,0.035361648
Corpus_and_uterus,Female,tie,,,0,0.55000001,0.0364144812210144,0.035098385,0.037730578
Corpus_and_uterus,Female,tie,,,0,0.60000002,0.0385750862139347,0.037189126,0.039961044
Corpus_and_uterus,Female,tie,,,0,0.64999998,0.0406130569014948,0.039161839,0.042064276
Corpus_and_uterus,Female,tie,,,0,0.69999999,0.0425380188399475,0.041025732,0.044050306
Corpus_and_uterus,Female,tie,,,0,0.75,0.0443586084960803,0.042789083,0.045928132
Corpus_and_uterus,Female,tie,,,0,0.80000001,0.046082612360815,0.044459365,0.047705859
Corpus_and_uterus,Female,tie,,,0,0.85000002,0.0477170717045339,0.046043336,0.049390808
Corpus_and_uterus,Female,tie,,,0,0.89999998,0.0492683707434551,0.047547124,0.050989617
Corpus_and_uterus,Female,tie,,,0,0.94999999,0.0507422510253901,0.048976246,0.052508254
Corpus_and_uterus,Female,tie,,,0,1.0,0.0521437561938818,0.050335549,0.053951964
Corpus_and_uterus,Female,tie,,,0,1.05,0.0534722069263474,0.051624376,0.055320039
Corpus_and_uterus,Female,tie,,,0,1.1,0.0547369477832913,0.05285171,0.056622189
Corpus_and_uterus,Female,tie,,,0,1.15,0.0559419362138805,0.054021355,0.057862516
Corpus_and_uterus,Female,tie,,,0,1.2,0.0570908473300329,0.055136852,0.059044842
Corpus_and_uterus,Female,tie,,,0,1.25,0.0581870758744824,0.056201465,0.060172688
Corpus_and_uterus,Female,tie,,,0,1.3,0.0592337783370686,0.057218231,0.061249327
Corpus_and_uterus,Female,tie,,,0,1.35,0.0602338846751529,0.058189973,0.062277798
Corpus_and_uterus,Female,tie,,,0,1.4,0.0611901102533402,0.059119307,0.063260913
Corpus_and_uterus,Female,tie,,,0,1.45,0.0621049891239812,0.060008671,0.06420131
Corpus_and_uterus,Female,tie,,,0,1.5,0.0629808710741108,0.060860328,0.065101415
Corpus_and_uterus,Female,tie,,,0,1.55,0.0638199510760411,0.061676394,0.065963507
Corpus_and_uterus,Female,tie,,,0,1.6,0.0646241618522524,0.062458735,0.06678959
Corpus_and_uterus,Female,tie,,,0,1.65,0.0653947200740537,0.063208513,0.067580931
Corpus_and_uterus,Female,tie,,,0,1.7,0.0661326434808289,0.063926704,0.06833858
Corpus_and_uterus,Female,tie,,,0,1.75,0.0668389540225739,0.064614296,0.069063611
Corpus_and_uterus,Female,tie,,,0,1.8,0.067514681963754,0.065272264,0.069757096
Corpus_and_uterus,Female,tie,,,0,1.85,0.0681608532789848,0.065901615,0.070420094
Corpus_and_uterus,Female,tie,,,0,1.9,0.0687784796817571,0.066503301,0.071053654
Corpus_and_uterus,Female,tie,,,0,1.95,0.0693685646637479,0.0670783,0.071658827
Corpus_and_uterus,Female,tie,,,0,2.0,0.0699320880498769,0.067627549,0.072236627
Corpus_and_uterus,Female,tie,,,0,2.05,0.0704626649823991,0.06814488,0.072780445
Corpus_and_uterus,Female,tie,,,0,2.0999999,0.0709685034041707,0.06863822,0.073298782
Corpus_and_uterus,Female,tie,,,0,2.1500001,0.0714505268144724,0.069108456,0.073792599
Corpus_and_uterus,Female,tie,,,0,2.2,0.071909625527571,0.069556445,0.074262805
Corpus_and_uterus,Female,tie,,,0,2.25,0.072346669618752,0.069983028,0.074710317
Corpus_and_uterus,Female,tie,,,0,2.3,0.0727624991011334,0.07038901,0.075135991
Corpus_and_uterus,Female,tie,,,0,2.3499999,0.0731579260234633,0.070775181,0.075540677
Corpus_and_uterus,Female,tie,,,0,2.4000001,0.0735337361787191,0.071142294,0.075925179
Corpus_and_uterus,Female,tie,,,0,2.45,0.0738907007802732,0.0714911,0.076290302
Corpus_and_uterus,Female,tie,,,0,2.5,0.0742297893022607,0.071822532,0.076637045
Corpus_and_uterus,Female,tie,,,0,2.55,0.0745520538025456,0.072137617,0.076966494
Corpus_and_uterus,Female,tie,,,0,2.5999999,0.0748584715763162,0.072437294,0.07727965
Corpus_and_uterus,Female,tie,,,0,2.6500001,0.0751499499850787,0.072722442,0.077577457
Corpus_and_uterus,Female,tie,,,0,2.7,0.0754273269259966,0.072993875,0.07786078
Corpus_and_uterus,Female,tie,,,0,2.75,0.0756913845774331,0.07325235,0.078130417
Corpus_and_uterus,Female,tie,,,0,2.8,0.0759428486928166,0.073498569,0.078387126
Corpus_and_uterus,Female,tie,,,0,2.8499999,0.0761823944998677,0.073733196,0.078631595
Corpus_and_uterus,Female,tie,,,0,2.9000001,0.0764106518349288,0.073956832,0.078864478
Corpus_and_uterus,Female,tie,,,0,2.95,0.0766282045514393,0.074170038,0.079086371
Corpus_and_uterus,Female,tie,,,0,3.0,0.0768356004250652,0.074373364,0.079297841
Corpus_and_uterus,Female,tie,,,0,3.05,0.0770249051320056,0.074559115,0.079490691
Corpus_and_uterus,Female,tie,,,0,3.0999999,0.0772050245822666,0.074735917,0.079674132
Corpus_and_uterus,Female,tie,,,0,3.1500001,0.0773764081928149,0.074904211,0.07984861
Corpus_and_uterus,Female,tie,,,0,3.2,0.0775394742112155,0.075064391,0.080014557
Corpus_and_uterus,Female,tie,,,0,3.25,0.0776946167771646,0.075216852,0.080172382
Corpus_and_uterus,Female,tie,,,0,3.3,0.0778422045925948,0.075361945,0.080322467
Corpus_and_uterus,Female,tie,,,0,3.3499999,0.0779825835715137,0.075500004,0.08046516
Corpus_and_uterus,Female,tie,,,0,3.4000001,0.0781160791219694,0.07563135,0.080600806
Corpus_and_uterus,Female,tie,,,0,3.45,0.0782429951571417,0.075756282,0.080729708
Corpus_and_uterus,Female,tie,,,0,3.5,0.078363619312175,0.075875066,0.080852173
Corpus_and_uterus,Female,tie,,,0,3.55,0.0784782216531891,0.07598798,0.080968469
Corpus_and_uterus,Female,tie,,,0,3.5999999,0.0785870565130254,0.076095261,0.081078857
Corpus_and_uterus,Female,tie,,,0,3.6500001,0.0786903640599605,0.07619714,0.08118359
Corpus_and_uterus,Female,tie,,,0,3.7,0.0787883693568666,0.076293848,0.081282891
Corpus_and_uterus,Female,tie,,,0,3.75,0.0788812862399932,0.076385587,0.081376985
Corpus_and_uterus,Female,tie,,,0,3.8,0.0789693161766787,0.076472551,0.081466086
Corpus_and_uterus,Female,tie,,,0,3.8499999,0.0790526495587414,0.076554924,0.081550375
Corpus_and_uterus,Female,tie,,,0,3.9000001,0.0791314667957665,0.076632887,0.081630044
Corpus_and_uterus,Female,tie,,,0,3.95,0.0792059375066092,0.076706603,0.081705272
Corpus_and_uterus,Female,tie,,,0,4.0,0.0792762233961321,0.076776229,0.081776224
Corpus_and_uterus,Female,tie,,,0,4.0500002,0.0793331589341064,0.076832883,0.081833437
Corpus_and_uterus,Female,tie,,,0,4.0999999,0.0793862192045085,0.076885745,0.081886694
Corpus_and_uterus,Female,tie,,,0,4.1500001,0.0794355438039815,0.076934956,0.081936136
Corpus_and_uterus,Female,tie,,,0,4.1999998,0.0794812633312603,0.076980636,0.08198189
Corpus_and_uterus,Female,tie,,,0,4.25,0.0795235035876275,0.077022918,0.08202409
Corpus_and_uterus,Female,tie,,,0,4.3000002,0.0795623828393246,0.077061906,0.082062855
Corpus_and_uterus,Female,tie,,,0,4.3499999,0.0795980136428824,0.077097721,0.082098305
Corpus_and_uterus,Female,tie,,,0,4.4000001,0.0796305040673539,0.077130459,0.082130551
Corpus_and_uterus,Female,tie,,,0,4.4499998,0.0796599557136331,0.077160224,0.082159691
Corpus_and_uterus,Female,tie,,,0,4.5,0.0796864664991268,0.077187106,0.082185827
Corpus_and_uterus,Female,tie,,,0,4.5500002,0.0797101288997877,0.077211201,0.082209058
Corpus_and_uterus,Female,tie,,,0,4.5999999,0.0797310311772583,0.077232592,0.082229473
Corpus_and_uterus,Female,tie,,,0,4.6500001,0.079749258099477,0.07725136,0.082247153
Corpus_and_uterus,Female,tie,,,0,4.6999998,0.079764889837702,0.077267587,0.082262188
Corpus_and_uterus,Female,tie,,,0,4.75,0.0797780035746272,0.077281356,0.082274653
Corpus_and_uterus,Female,tie,,,0,4.8000002,0.0797886725988075,0.077292718,0.082284622
Corpus_and_uterus,Female,tie,,,0,4.8499999,0.0797969670442105,0.077301763,0.082292177
Corpus_and_uterus,Female,tie,,,0,4.9000001,0.0798029541980763,0.077308543,0.08229737
Corpus_and_uterus,Female,tie,,,0,4.9499998,0.0798066981665518,0.077313118,0.082300276
Corpus_and_uterus,Female,tie,,,0,5.0,0.0798082604885941,0.077315561,0.082300954
Corpus_and_uterus,Female,tie,,,1,0.0,0.0,0.0,0.0
Corpus_and_uterus,Female,tie,,,1,0.050000001,0.0043014656782736,0.004123142,0.0044797896
Corpus_and_uterus,Female,tie,,,1,0.1,0.0083256423520909,0.0079891589,0.008662126
Corpus_and_uterus,Female,tie,,,1,0.15000001,0.0120550805237546,0.011575985,0.012534177
Corpus_and_uterus,Female,tie,,,1,0.2,0.0155226879356292,0.014913549,0.016131828
Corpus_and_uterus,Female,tie,,,1,0.25,0.0187566041758856,0.018028025,0.019485183
Corpus_and_uterus,Female,tie,,,1,0.30000001,0.0217803825010369,0.020941531,0.022619234
Corpus_and_uterus,Female,tie,,,1,0.34999999,0.0246140352193381,0.023672968,0.025555102
Corpus_and_uterus,Female,tie,,,1,0.40000001,0.0272748278536993,0.026238708,0.028310947
Corpus_and_uterus,Female,tie,,,1,0.44999999,0.029777819817821,0.02865307,0.03090257
Corpus_and_uterus,Female,tie,,,1,0.5,0.0321362770934521,0.030928696,0.033343859
Corpus_and_uterus,Female,tie,,,1,0.55000001,0.0343619606870676,0.033076812,0.035647109
Corpus_and_uterus,Female,tie,,,1,0.60000002,0.0364653633913024,0.035107445,0.037823282
Corpus_and_uterus,Female,tie,,,1,0.64999998,0.0384558884592301,0.037029594,0.039882183
Corpus_and_uterus,Female,tie,,,1,0.69999999,0.0403420063771705,0.038851365,0.041832648
Corpus_and_uterus,Female,tie,,,1,0.75,0.0421313617252659,0.040580086,0.043682639
Corpus_and_uterus,Female,tie,,,1,0.80000001,0.0438308836220589,0.042222399,0.045439366
Corpus_and_uterus,Female,tie,,,1,0.85000002,0.0454468682133198,0.043784346,0.047109388
Corpus_and_uterus,Female,tie,,,1,0.89999998,0.0469850490534904,0.045271426,0.048698671
Corpus_and_uterus,Female,tie,,,1,0.94999999,0.0484505988085169,0.046688609,0.050212588
Corpus_and_uterus,Female,tie,,,1,1.0,0.0498480643305317,0.048040252,0.051655877
Corpus_and_uterus,Female,tie,,,1,1.05,0.0511784390218443,0.049327303,0.053029574
Corpus_and_uterus,Female,tie,,,1,1.1,0.0524486251067058,0.050556395,0.054340854
Corpus_and_uterus,Female,tie,,,1,1.15,0.0536622223039242,0.051730994,0.055593453
Corpus_and_uterus,Female,tie,,,1,1.2,0.0548225858456645,0.052854314,0.056790859
Corpus_and_uterus,Female,tie,,,1,1.25,0.0559328238092258,0.053929348,0.0579363
Corpus_and_uterus,Female,tie,,,1,1.3,0.0569958355387344,0.054958876,0.059032794
Corpus_and_uterus,Female,tie,,,1,1.35,0.0580143199518417,0.055945497,0.060083143
Corpus_and_uterus,Female,tie,,,1,1.4,0.0589907844005313,0.05689162,0.061089948
Corpus_and_uterus,Female,tie,,,1,1.45,0.05992757571625,0.057799499,0.062055651
Corpus_and_uterus,Female,tie,,,1,1.5,0.0608268746360776,0.058671232,0.062982515
Corpus_and_uterus,Female,tie,,,1,1.55,0.0616907236438054,0.059508786,0.063872665
Corpus_and_uterus,Female,tie,,,1,1.6,0.0625209195228202,0.06031388,0.064727962
Corpus_and_uterus,Female,tie,,,1,1.65,0.0633185644189501,0.061087575,0.065549552
Corpus_and_uterus,Female,tie,,,1,1.7,0.0640845722397648,0.061830744,0.066338405
Corpus_and_uterus,Female,tie,,,1,1.75,0.0648198670242426,0.062544271,0.067095466
Corpus_and_uterus,Female,tie,,,1,1.8,0.0655253873812574,0.063229054,0.067821726
Corpus_and_uterus,Female,tie,,,1,1.85,0.0662020735167597,0.063885987,0.068518154
Corpus_and_uterus,Female,tie,,,1,1.9,0.0668508568229371,0.064515978,0.069185734
Corpus_and_uterus,Female,tie,,,1,1.95,0.0674726661934195,0.065119907,0.069825426
Corpus_and_uterus,Female,tie,,,1,2.0,0.0680684117323169,0.065698646,0.070438176
Corpus_and_uterus,Female,tie,,,1,2.05,0.0686344321359729,0.066248663,0.071020201
Corpus_and_uterus,Female,tie,,,1,2.0999999,0.0691760953544215,0.066775128,0.071577065
Corpus_and_uterus,Female,tie,,,1,2.1500001,0.0696942670020028,0.067278869,0.072109662
Corpus_and_uterus,Female,tie,,,1,2.2,0.0701897832984174,0.067760706,0.072618864
Corpus_and_uterus,Female,tie,,,1,2.25,0.070663464787189,0.068221413,0.073105522
Corpus_and_uterus,Female,tie,,,1,2.3,0.0711161055709236,0.068661749,0.07357046
Corpus_and_uterus,Female,tie,,,1,2.3499999,0.0715484753374777,0.069082476,0.074014477
Corpus_and_uterus,Female,tie,,,1,2.4000001,0.0719613210128715,0.069484293,0.074438348
Corpus_and_uterus,Female,tie,,,1,2.45,0.0723553777995367,0.069867916,0.07484284
Corpus_and_uterus,Female,tie,,,1,2.5,0.0727315863259232,0.070234247,0.075228922
Corpus_and_uterus,Female,tie,,,1,2.55,0.073090975288203,0.07058429,0.075597666
Corpus_and_uterus,Female,tie,,,1,2.5999999,0.0734345016413317,0.070918955,0.075950049
Corpus_and_uterus,Female,tie,,,1,2.6500001,0.0737630551912962,0.071239114,0.076287001
Corpus_and_uterus,Female,tie,,,1,2.7,0.0740774580356817,0.071545549,0.076609366
Corpus_and_uterus,Female,tie,,,1,2.75,0.0743784790889223,0.071839012,0.076917946
Corpus_and_uterus,Female,tie,,,1,2.8,0.0746668324229449,0.07212019,0.077213474
Corpus_and_uterus,Female,tie,,,1,2.8499999,0.0749431831281443,0.072389722,0.07749664
Corpus_and_uterus,Female,tie,,,1,2.9000001,0.0752081524341041,0.07264822,0.077768087
Corpus_and_uterus,Female,tie,,,1,2.95,0.075462316253114,0.072896227,0.078028403
Corpus_and_uterus,Female,tie,,,1,3.0,0.0757062159907824,0.073134273,0.078278154
Corpus_and_uterus,Female,tie,,,1,3.05,0.0759347505062053,0.073357426,0.078512073
Corpus_and_uterus,Female,tie,,,1,3.0999999,0.0761539672171545,0.073571533,0.078736402
Corpus_and_uterus,Female,tie,,,1,3.1500001,0.0763643109817301,0.073777027,0.078951597
Corpus_and_uterus,Female,tie,,,1,3.2,0.0765661956105368,0.073974304,0.07915809
Corpus_and_uterus,Female,tie,,,1,3.25,0.0767600119616772,0.074163735,0.07935629
Corpus_and_uterus,Female,tie,,,1,3.3,0.0769461257954437,0.074345686,0.079546563
Corpus_and_uterus,Female,tie,,,1,3.3499999,0.0771248805470606,0.074520491,0.079729274
Corpus_and_uterus,Female,tie,,,1,3.4000001,0.0772965997347464,0.07468845,0.07990475
Corpus_and_uterus,Female,tie,,,1,3.45,0.0774615851931884,0.074849866,0.080073304
Corpus_and_uterus,Female,tie,,,1,3.5,0.0776201233404181,0.075005017,0.080235228
Corpus_and_uterus,Female,tie,,,1,3.55,0.0777724831185272,0.075154155,0.080390811
Corpus_and_uterus,Female,tie,,,1,3.5999999,0.0779189179779954,0.075297527,0.080540307
Corpus_and_uterus,Female,tie,,,1,3.6500001,0.0780596675944456,0.075435378,0.080683962
Corpus_and_uterus,Female,tie,,,1,3.7,0.0781949561877635,0.075567909,0.080822006
Corpus_and_uterus,Female,tie,,,1,3.75,0.078324997448525,0.075695336,0.080954656
Corpus_and_uterus,Female,tie,,,1,3.8,0.0784499926599334,0.075817853,0.081082135
Corpus_and_uterus,Female,tie,,,1,3.8499999,0.0785701321516547,0.075935639,0.081204623
Corpus_and_uterus,Female,tie,,,1,3.9000001,0.0786855965511271,0.076048881,0.081322312
Corpus_and_uterus,Female,tie,,,1,3.95,0.0787965552623698,0.076157734,0.081435382
Corpus_and_uterus,Female,tie,,,1,4.0,0.0789031703784032,0.076262355,0.081543989
Corpus_and_uterus,Female,tie,,,1,4.0500002,0.0789993389590005,0.076356843,0.081641838
Corpus_and_uterus,Female,tie,,,1,4.0999999,0.0790914492598889,0.076447375,0.081735522
Corpus_and_uterus,Female,tie,,,1,4.1500001,0.0791796418484459,0.076534092,0.081825189
Corpus_and_uterus,Female,tie,,,1,4.1999998,0.0792640468659735,0.076617122,0.081910968
Corpus_and_uterus,Female,tie,,,1,4.25,0.0793447911853903,0.076696582,0.081992999
Corpus_and_uterus,Female,tie,,,1,4.3000002,0.079421993079512,0.076772593,0.082071394
Corpus_and_uterus,Female,tie,,,1,4.3499999,0.0794957651545492,0.076845258,0.082146272
Corpus_and_uterus,Female,tie,,,1,4.4000001,0.0795662166500982,0.076914683,0.082217745
Corpus_and_uterus,Female,tie,,,1,4.4499998,0.0796334489114983,0.076980978,0.082285918
Corpus_and_uterus,Female,tie,,,1,4.5,0.0796975610662456,0.077044226,0.082350902
Corpus_and_uterus,Female,tie,,,1,4.5500002,0.0797586457356382,0.077104516,0.082412772
Corpus_and_uterus,Female,tie,,,1,4.5999999,0.0798167913470353,0.077161945,0.082471639
Corpus_and_uterus,Female,tie,,,1,4.6500001,0.0798720839092442,0.077216588,0.082527578
Corpus_and_uterus,Female,tie,,,1,4.6999998,0.0799246034248005,0.077268533,0.082580678
Corpus_and_uterus,Female,tie,,,1,4.75,0.0799744283235957,0.077317841,0.082631014
Corpus_and_uterus,Female,tie,,,1,4.8000002,0.0800216320884378,0.077364594,0.082678668
Corpus_and_uterus,Female,tie,,,1,4.8499999,0.0800662850557149,0.077408865,0.082723707
Corpus_and_uterus,Female,tie,,,1,4.9000001,0.0801084557543158,0.077450708,0.082766205
Corpus_and_uterus,Female,tie,,,1,4.9499998,0.0801482081468433,0.077490188,0.08280623
Corpus_and_uterus,Female,tie,,,1,5.0,0.0801856050029088,0.077527367,0.08284384
Corpus_and_uterus,Female,tie,,,2,0.0,0.0,0.0,0.0
Corpus_and_uterus,Female,tie,,,2,0.050000001,0.0073788948294076,0.0065852143,0.0081725754
Corpus_and_uterus,Female,tie,,,2,0.1,0.0137665273895649,0.01235335,0.015179705
Corpus_and_uterus,Female,tie,,,2,0.15000001,0.0194226217333742,0.017490499,0.021354746
Corpus_and_uterus,Female,tie,,,2,0.2,0.0244945600385452,0.022116225,0.026872896
Corpus_and_uterus,Female,tie,,,2,0.25,0.0290791859273177,0.026311357,0.031847015
Corpus_and_uterus,Female,tie,,,2,0.30000001,0.0332470613224711,0.030135801,0.036358323
Corpus_and_uterus,Female,tie,,,2,0.34999999,0.0370527425258777,0.033636447,0.040469039
Corpus_and_uterus,Female,tie,,,2,0.40000001,0.0405400506594209,0.036851306,0.044228796
Corpus_and_uterus,Female,tie,,,2,0.44999999,0.0437450965195191,0.039811935,0.047678255
Corpus_and_uterus,Female,tie,,,2,0.5,0.0466982164188547,0.042545002,0.050851431
Corpus_and_uterus,Female,tie,,,2,0.55000001,0.0494252491086557,0.045073327,0.053777169
Corpus_and_uterus,Female,tie,,,2,0.60000002,0.0519484549566802,0.047416661,0.056480248
Corpus_and_uterus,Female,tie,,,2,0.64999998,0.0542871797337192,0.049592223,0.058982134
Corpus_and_uterus,Female,tie,,,2,0.69999999,0.056458370894413,0.051615153,0.061301589
Corpus_and_uterus,Female,tie,,,2,0.75,0.0584769523977813,0.053498805,0.063455097
Corpus_and_uterus,Female,tie,,,2,0.80000001,0.0603561455515172,0.055255052,0.06545724
Corpus_and_uterus,Female,tie,,,2,0.85000002,0.0621077149129131,0.056894474,0.067320958
Corpus_and_uterus,Female,tie,,,2,0.89999998,0.0637421691925367,0.058426537,0.0690578
Corpus_and_uterus,Female,tie,,,2,0.94999999,0.0652688560360603,0.059859686,0.070678025
Corpus_and_uterus,Female,tie,,,2,1.0,0.0666959682091061,0.061201319,0.07219062
Corpus_and_uterus,Female,tie,,,2,1.05,0.0680122231162095,0.06244123,0.073583215
Corpus_and_uterus,Female,tie,,,2,1.1,0.0692424470972636,0.063601866,0.074883029
Corpus_and_uterus,Female,tie,,,2,1.15,0.070392865226334,0.064688876,0.076096855
Corpus_and_uterus,Female,tie,,,2,1.2,0.0714691803081917,0.065707438,0.077230923
Corpus_and_uterus,Female,tie,,,2,1.25,0.0724766042354443,0.066662304,0.078290902
Corpus_and_uterus,Female,tie,,,2,1.3,0.0734199235245932,0.067557819,0.079282023
Corpus_and_uterus,Female,tie,,,2,1.35,0.0743035326757351,0.068398006,0.080209062
Corpus_and_uterus,Female,tie,,,2,1.4,0.0751314656292889,0.069186538,0.081076391
Corpus_and_uterus,Female,tie,,,2,1.45,0.0759074432163418,0.069926813,0.081888072
Corpus_and_uterus,Female,tie,,,2,1.5,0.0766348868184333,0.070621967,0.0826478
Corpus_and_uterus,Female,tie,,,2,1.55,0.0773169580207399,0.071274899,0.083359018
Corpus_and_uterus,Female,tie,,,2,1.6,0.0779564512530724,0.071888156,0.084024742
Corpus_and_uterus,Female,tie,,,2,1.65,0.0785553091548479,0.072463512,0.084647104
Corpus_and_uterus,Female,tie,,,2,1.7,0.0791152076472391,0.073002495,0.085227922
Corpus_and_uterus,Female,tie,,,2,1.75,0.0796377893305591,0.073506594,0.085768983
Corpus_and_uterus,Female,tie,,,2,1.8,0.0801246654669327,0.073977292,0.086272046
Corpus_and_uterus,Female,tie,,,2,1.85,0.0805774057118678,0.074416004,0.086738802
Corpus_and_uterus,Female,tie,,,2,1.9,0.0809975309293427,0.074824147,0.087170914
Corpus_and_uterus,Female,tie,,,2,1.95,0.081386517482249,0.075203061,0.087569974
Corpus_and_uterus,Female,tie,,,2,2.0,0.0817457871502899,0.075554058,0.087937519
Corpus_and_uterus,Female,tie,,,2,2.05,0.0820516906783678,0.075855546,0.088247836
Corpus_and_uterus,Female,tie,,,2,2.0999999,0.0823304385027603,0.076131471,0.088529408
Corpus_and_uterus,Female,tie,,,2,2.1500001,0.0825833210508814,0.076383017,0.088783629
Corpus_and_uterus,Female,tie,,,2,2.2,0.0828115715382414,0.076611325,0.089011818
Corpus_and_uterus,Female,tie,,,2,2.25,0.0830163740181087,0.076817498,0.089215249
Corpus_and_uterus,Female,tie,,,2,2.3,0.0831988595267629,0.077002577,0.089395143
Corpus_and_uterus,Female,tie,,,2,2.3499999,0.083360108635346,0.077167571,0.089552641
Corpus_and_uterus,Female,tie,,,2,2.4000001,0.0835011535114511,0.077313446,0.089688867
Corpus_and_uterus,Female,tie,,,2,2.45,0.0836229936390017,0.077441119,0.089804873
Corpus_and_uterus,Female,tie,,,2,2.5,0.0837267813426852,0.07755167,0.089901894
Corpus_and_uterus,Female,tie,,,2,2.55,0.0838137167683122,0.077646226,0.089981206
Corpus_and_uterus,Female,tie,,,2,2.5999999,0.0838849061462242,0.077725828,0.090043984
Corpus_and_uterus,Female,tie,,,2,2.6500001,0.0839413681209955,0.077791423,0.090091318
Corpus_and_uterus,Female,tie,,,2,2.7,0.0839840407420885,0.07784389,0.090124197
Corpus_and_uterus,Female,tie,,,2,2.75,0.0840137902668794,0.077884041,0.090143539
Corpus_and_uterus,Female,tie,,,2,2.8,0.0840314164969262,0.077912636,0.090150192
Corpus_and_uterus,Female,tie,,,2,2.8499999,0.0840376589196665,0.077930368,0.090144947
Corpus_and_uterus,Female,tie,,,2,2.9000001,0.084033201929018,0.077937879,0.090128526
Corpus_and_uterus,Female,tie,,,2,2.95,0.0840186797167516,0.077935763,0.0901016
Corpus_and_uterus,Female,tie,,,2,3.0,0.0839946804378299,0.077924579,0.090064779
Corpus_and_uterus,Female,tie,,,2,3.05,0.0839353104426177,0.077880621,0.089989997
Corpus_and_uterus,Female,tie,,,2,3.0999999,0.0838675954008755,0.077828653,0.089906536
Corpus_and_uterus,Female,tie,,,2,3.1500001,0.0837920136278713,0.077769123,0.089814901
Corpus_and_uterus,Female,tie,,,2,3.2,0.0837090114967149,0.077702455,0.089715563
Corpus_and_uterus,Female,tie,,,2,3.25,0.0836190039488714,0.077629045,0.08960896
Corpus_and_uterus,Female,tie,,,2,3.3,0.0835223783330987,0.077549256,0.089495502
Corpus_and_uterus,Female,tie,,,2,3.3499999,0.0834194962762201,0.077463433,0.089375563
Corpus_and_uterus,Female,tie,,,2,3.4000001,0.0833106951657675,0.077371888,0.089249499
Corpus_and_uterus,Female,tie,,,2,3.45,0.0831962920903207,0.077274933,0.089117654
Corpus_and_uterus,Female,tie,,,2,3.5,0.0830765824002098,0.077172838,0.088980325
Corpus_and_uterus,Female,tie,,,2,3.55,0.0829518432866803,0.077065878,0.08883781
Corpus_and_uterus,Female,tie,,,2,3.5999999,0.0828223346757962,0.07695429,0.088690385
Corpus_and_uterus,Female,tie,,,2,3.6500001,0.0826882998587275,0.076838307,0.088538297
Corpus_and_uterus,Female,tie,,,2,3.7,0.0825499692419714,0.076718152,0.08838179
Corpus_and_uterus,Female,tie,,,2,3.75,0.0824075575851919,0.076594025,0.088221088
Corpus_and_uterus,Female,tie,,,2,3.8,0.0822612675229459,0.076466128,0.088056408
Corpus_and_uterus,Female,tie,,,2,3.8499999,0.0821112898410282,0.076334633,0.087887943
Corpus_and_uterus,Female,tie,,,2,3.9000001,0.081957803568074,0.076199718,0.087715894
Corpus_and_uterus,Female,tie,,,2,3.95,0.0818009796847634,0.076061539,0.087540418
Corpus_and_uterus,Female,tie,,,2,4.0,0.0816409774354596,0.075920254,0.087361701
Corpus_and_uterus,Female,tie,,,2,4.0500002,0.0814492177703165,0.075749584,0.087148853
Corpus_and_uterus,Female,tie,,,2,4.0999999,0.0812547429372883,0.075576231,0.086933255
Corpus_and_uterus,Female,tie,,,2,4.1500001,0.0810576863796098,0.07540033,0.086715043
Corpus_and_uterus,Female,tie,,,2,4.1999998,0.0808581815956478,0.075222008,0.086494356
Corpus_and_uterus,Female,tie,,,2,4.25,0.0806563475936646,0.075041376,0.086271316
Corpus_and_uterus,Female,tie,,,2,4.3000002,0.0804523025982326,0.074858554,0.086046055
Corpus_and_uterus,Female,tie,,,2,4.3499999,0.0802461588509636,0.074673638,0.085818678
Corpus_and_uterus,Female,tie,,,2,4.4000001,0.0800380170009273,0.074486732,0.085589297
Corpus_and_uterus,Female,tie,,,2,4.4499998,0.0798279802689612,0.074297942,0.085358024
Corpus_and_uterus,Female,tie,,,2,4.5,0.0796161389018103,0.074107341,0.08512494
Corpus_and_uterus,Female,tie,,,2,4.5500002,0.0794025844540915,0.073915027,0.084890142
Corpus_and_uterus,Female,tie,,,2,4.5999999,0.0791874041369835,0.073721074,0.084653735
Corpus_and_uterus,Female,tie,,,2,4.6500001,0.0789706748526534,0.07352557,0.084415779
Corpus_and_uterus,Female,tie,,,2,4.6999998,0.0787524778418796,0.073328584,0.084176369
Corpus_and_uterus,Female,tie,,,2,4.75,0.0785328823814654,0.073130183,0.083935581
Corpus_and_uterus,Female,tie,,,2,4.8000002,0.078311960528612,0.07293044,0.083693482
Corpus_and_uterus,Female,tie,,,2,4.8499999,0.0780897811341593,0.072729416,0.083450146
Corpus_and_uterus,Female,tie,,,2,4.9000001,0.0778664036146322,0.072527178,0.083205625
Corpus_and_uterus,Female,tie,,,2,4.9499998,0.0776418929860934,0.072323784,0.082960002
Corpus_and_uterus,Female,tie,,,2,5.0,0.0774163029864771,0.072119281,0.082713328
