site,sex,estimate,race,stage,agegroup,tt,PE,lci,uci
Lung_and_bronchus,Female,AD,,,0,0.0,0.0,0.0,0.0
Lung_and_bronchus,Female,AD,,,0,0.050000001,10.16673771587747,9.4144039,10.919072
Lung_and_bronchus,Female,AD,,,0,0.1,24.73578258084734,23.253277,26.218288
Lung_and_bronchus,Female,AD,,,0,0.15000001,37.67931725266743,35.590424,39.768211
Lung_and_bronchus,Female,AD,,,0,0.2,48.62874394851065,46.037991,51.219498
Lung_and_bronchus,Female,AD,,,0,0.25,57.80709475902171,54.797863,60.816326
Lung_and_bronchus,Female,AD,,,0,0.30000001,65.5055447823126,62.144341,68.866745
Lung_and_bronchus,Female,AD,,,0,0.34999999,71.98496226952739,68.325363,75.644562
Lung_and_bronchus,Female,AD,,,0,0.40000001,77.46069800962243,73.546349,81.375046
Lung_and_bronchus,Female,AD,,,0,0.44999999,82.11012483628394,77.976814,86.243431
Lung_and_bronchus,Female,AD,,,0,0.5,86.0956550053387,81.772003,90.419312
Lung_and_bronchus,Female,AD,,,0,0.55000001,89.5481664468756,85.057076,94.039261
Lung_and_bronchus,Female,AD,,,0,0.60000002,92.56660015512716,87.926727,97.206474
Lung_and_bronchus,Female,AD,,,0,0.64999998,95.22680706656888,90.45359,100.00002
Lung_and_bronchus,Female,AD,,,0,0.69999999,97.58776064543042,92.694168,102.48135
Lung_and_bronchus,Female,AD,,,0,0.75,99.695901926979,94.692947,104.69886
Lung_and_bronchus,Female,AD,,,0,0.80000001,101.5882607784707,96.485428,106.69109
Lung_and_bronchus,Female,AD,,,0,0.85000002,103.2946957189592,98.10022,108.48917
Lung_and_bronchus,Female,AD,,,0,0.89999998,104.8394788997047,99.560616,110.11835
Lung_and_bronchus,Female,AD,,,0,0.94999999,106.2402470161468,100.88354,111.59696
Lung_and_bronchus,Female,AD,,,0,1.0,107.5089544614208,102.08052,112.93739
Lung_and_bronchus,Female,AD,,,0,1.05,108.6417161464534,103.14795,114.13548
Lung_and_bronchus,Female,AD,,,0,1.1,109.6624031447438,104.10867,115.21614
Lung_and_bronchus,Female,AD,,,0,1.15,110.5797526760194,104.97106,116.18844
Lung_and_bronchus,Female,AD,,,0,1.2,111.4017258661453,105.74277,117.06068
Lung_and_bronchus,Female,AD,,,0,1.25,112.135570204826,106.43073,117.84042
Lung_and_bronchus,Female,AD,,,0,1.3,112.7879049077351,107.04127,118.53455
Lung_and_bronchus,Female,AD,,,0,1.35,113.364777346829,107.58016,119.14939
Lung_and_bronchus,Female,AD,,,0,1.4,113.8717160526013,108.0527,119.69073
Lung_and_bronchus,Female,AD,,,0,1.45,114.3137900676761,108.46371,120.16387
Lung_and_bronchus,Female,AD,,,0,1.5,114.6956439673454,108.81761,120.57368
Lung_and_bronchus,Female,AD,,,0,1.55,115.0215456071409,109.11848,120.92461
Lung_and_bronchus,Female,AD,,,0,1.6,115.2954181164979,109.37003,121.2208
Lung_and_bronchus,Female,AD,,,0,1.65,115.5208705588582,109.57571,121.46603
Lung_and_bronchus,Female,AD,,,0,1.7,115.7012991007271,109.73875,121.66385
Lung_and_bronchus,Female,AD,,,0,1.75,115.8402790814127,109.86253,121.81802
Lung_and_bronchus,Female,AD,,,0,1.8,115.9412310845853,109.95032,121.93214
Lung_and_bronchus,Female,AD,,,0,1.85,116.007237240939,110.00503,122.00945
Lung_and_bronchus,Female,AD,,,0,1.9,116.0410801638902,110.0293,122.05285
Lung_and_bronchus,Female,AD,,,0,1.95,116.0452783207948,110.02555,122.06501
Lung_and_bronchus,Female,AD,,,0,2.0,116.0221152672418,109.99592,122.04832
Lung_and_bronchus,Female,AD,,,0,2.05,115.9571640885006,109.92659,121.98773
Lung_and_bronchus,Female,AD,,,0,2.0999999,115.8688604502254,109.8352,121.90253
Lung_and_bronchus,Female,AD,,,0,2.1500001,115.7589343761399,109.72337,121.7945
Lung_and_bronchus,Female,AD,,,0,2.2,115.6289681514254,109.59261,121.66533
Lung_and_bronchus,Female,AD,,,0,2.25,115.480408551836,109.44429,121.51653
Lung_and_bronchus,Female,AD,,,0,2.3,115.3145824041519,109.27966,121.3495
Lung_and_bronchus,Female,AD,,,0,2.3499999,115.1327080863348,109.09988,121.16553
Lung_and_bronchus,Female,AD,,,0,2.4000001,114.9359051538656,108.90602,120.96579
Lung_and_bronchus,Female,AD,,,0,2.45,114.7252075663741,108.69904,120.75137
Lung_and_bronchus,Female,AD,,,0,2.5,114.5015664058919,108.47986,120.52328
Lung_and_bronchus,Female,AD,,,0,2.55,114.2658610074925,108.24929,120.28243
Lung_and_bronchus,Female,AD,,,0,2.5999999,114.0189046964654,108.00812,120.02969
Lung_and_bronchus,Female,AD,,,0,2.6500001,113.7614494737836,107.75705,119.76585
Lung_and_bronchus,Female,AD,,,0,2.7,113.4941962945102,107.49675,119.49165
Lung_and_bronchus,Female,AD,,,0,2.75,113.2177924678904,107.22783,119.20776
Lung_and_bronchus,Female,AD,,,0,2.8,112.9328408097865,106.95085,118.91483
Lung_and_bronchus,Female,AD,,,0,2.8499999,112.6399022997164,106.66636,118.61344
Lung_and_bronchus,Female,AD,,,0,2.9000001,112.3394981122337,106.37484,118.30415
Lung_and_bronchus,Female,AD,,,0,2.95,112.0321185262101,106.07676,117.98748
Lung_and_bronchus,Female,AD,,,0,3.0,111.7182171702718,105.77254,117.66389
Lung_and_bronchus,Female,AD,,,0,3.05,111.3809895822988,105.44608,117.3159
Lung_and_bronchus,Female,AD,,,0,3.0999999,111.0381868322784,105.11437,116.96201
Lung_and_bronchus,Female,AD,,,0,3.1500001,110.6901820537746,104.77778,116.60258
Lung_and_bronchus,Female,AD,,,0,3.2,110.3373297725111,104.43664,116.23802
Lung_and_bronchus,Female,AD,,,0,3.25,109.9799577199371,104.09125,115.86867
Lung_and_bronchus,Female,AD,,,0,3.3,109.6183750649682,103.74191,115.49483
Lung_and_bronchus,Female,AD,,,0,3.3499999,109.2528722434372,103.3889,115.11684
Lung_and_bronchus,Female,AD,,,0,3.4000001,108.8837205400241,103.03247,114.73497
Lung_and_bronchus,Female,AD,,,0,3.45,108.5111803832333,102.67287,114.34949
Lung_and_bronchus,Female,AD,,,0,3.5,108.1354919154967,102.31032,113.96066
Lung_and_bronchus,Female,AD,,,0,3.55,107.7568830584012,101.94504,113.56873
Lung_and_bronchus,Female,AD,,,0,3.5999999,107.3755687165715,101.57723,113.17391
Lung_and_bronchus,Female,AD,,,0,3.6500001,106.9917498207956,101.20708,112.77641
Lung_and_bronchus,Female,AD,,,0,3.7,106.6056214701225,100.83479,112.37646
Lung_and_bronchus,Female,AD,,,0,3.75,106.2173626953472,100.4605,111.97422
Lung_and_bronchus,Female,AD,,,0,3.8,105.8271444571676,100.0844,111.56989
Lung_and_bronchus,Female,AD,,,0,3.8499999,105.4351284574864,99.706627,111.16364
Lung_and_bronchus,Female,AD,,,0,3.9000001,105.0414658462628,99.327324,110.75561
Lung_and_bronchus,Female,AD,,,0,3.95,104.6463052817467,98.94664,110.34597
Lung_and_bronchus,Female,AD,,,0,4.0,104.2497821704098,98.564697,109.93487
Lung_and_bronchus,Female,AD,,,0,4.0500002,103.8344888105257,98.164795,109.50418
Lung_and_bronchus,Female,AD,,,0,4.0999999,103.4182541399668,97.76403,109.07247
Lung_and_bronchus,Female,AD,,,0,4.1500001,103.0011876654039,97.362518,108.63985
Lung_and_bronchus,Female,AD,,,0,4.1999998,102.5834087587418,96.960365,108.20645
Lung_and_bronchus,Female,AD,,,0,4.25,102.1650151951103,96.557655,107.77238
Lung_and_bronchus,Female,AD,,,0,4.3000002,101.7461113535478,96.154503,107.33772
Lung_and_bronchus,Female,AD,,,0,4.3499999,101.326796592097,95.750984,106.9026
Lung_and_bronchus,Female,AD,,,0,4.4000001,100.9071535144426,95.347198,106.46711
Lung_and_bronchus,Female,AD,,,0,4.4499998,100.4872762362399,94.943214,106.03133
Lung_and_bronchus,Female,AD,,,0,4.5,100.0672386216438,94.539116,105.59536
Lung_and_bronchus,Female,AD,,,0,4.5500002,99.64712253986067,94.134972,105.15927
Lung_and_bronchus,Female,AD,,,0,4.5999999,99.22700607327964,93.730865,104.72314
Lung_and_bronchus,Female,AD,,,0,4.6500001,98.8069516980479,93.326851,104.28706
Lung_and_bronchus,Female,AD,,,0,4.6999998,98.38703451911216,92.922997,103.85107
Lung_and_bronchus,Female,AD,,,0,4.75,97.96731040459554,92.519356,103.41527
Lung_and_bronchus,Female,AD,,,0,4.8000002,97.5478441891687,92.11599,102.9797
Lung_and_bronchus,Female,AD,,,0,4.8499999,97.12869780653456,91.712967,102.54443
Lung_and_bronchus,Female,AD,,,0,4.9000001,96.70991845648086,91.310318,102.10952
Lung_and_bronchus,Female,AD,,,0,4.9499998,96.29156671617216,90.908112,101.67503
Lung_and_bronchus,Female,AD,,,0,5.0,95.87368472308005,90.506378,101.24099
Lung_and_bronchus,Female,AD,,,1,0.0,0.0,0.0,0.0
Lung_and_bronchus,Female,AD,,,1,0.050000001,0.2823127258227345,-0.26109931,0.82572478
Lung_and_bronchus,Female,AD,,,1,0.1,9.153314550311135,8.0424261,10.264203
Lung_and_bronchus,Female,AD,,,1,0.15000001,18.53468537821948,16.935301,20.134069
Lung_and_bronchus,Female,AD,,,1,0.2,27.08074589113872,25.067181,29.094311
Lung_and_bronchus,Female,AD,,,1,0.25,34.54927874190855,32.183937,36.914619
Lung_and_bronchus,Female,AD,,,1,0.30000001,40.98199884735016,38.316307,43.64769
Lung_and_bronchus,Female,AD,,,1,0.34999999,46.49461489792549,43.570969,49.418259
Lung_and_bronchus,Female,AD,,,1,0.40000001,51.21277928972745,48.066357,54.359203
Lung_and_bronchus,Female,AD,,,1,0.44999999,55.25466391922214,51.914711,58.59462
Lung_and_bronchus,Female,AD,,,1,0.5,58.73692972779901,55.227093,62.246769
Lung_and_bronchus,Female,AD,,,1,0.55000001,61.75844321674037,58.097824,65.41906
Lung_and_bronchus,Female,AD,,,1,0.60000002,64.39708841848176,60.601368,68.19281
Lung_and_bronchus,Female,AD,,,1,0.64999998,66.71454617412019,62.796783,70.632309
Lung_and_bronchus,Female,AD,,,1,0.69999999,68.76007067820143,64.731293,72.788849
Lung_and_bronchus,Female,AD,,,1,0.75,70.5733360426924,66.44297,74.703705
Lung_and_bronchus,Female,AD,,,1,0.80000001,72.18660392705601,67.962784,76.410423
Lung_and_bronchus,Female,AD,,,1,0.85000002,73.62634469047998,69.316193,77.936501
Lung_and_bronchus,Female,AD,,,1,0.89999998,74.91443500112553,70.524216,79.304649
Lung_and_bronchus,Female,AD,,,1,0.94999999,76.06784191967233,71.603249,80.532433
Lung_and_bronchus,Female,AD,,,1,1.0,77.09937881067401,72.56575,81.633011
Lung_and_bronchus,Female,AD,,,1,1.05,78.01488587951701,73.417542,82.612236
Lung_and_bronchus,Female,AD,,,1,1.1,78.82962908036541,74.173279,83.485977
Lung_and_bronchus,Female,AD,,,1,1.15,79.55256392987485,74.841629,84.263496
Lung_and_bronchus,Female,AD,,,1,1.2,80.19172433562665,75.430351,84.953094
Lung_and_bronchus,Female,AD,,,1,1.25,80.75432298897522,75.946396,85.562248
Lung_and_bronchus,Female,AD,,,1,1.3,81.2468597015702,76.396027,86.097694
Lung_and_bronchus,Female,AD,,,1,1.35,81.6751993519257,76.784874,86.565529
Lung_and_bronchus,Female,AD,,,1,1.4,82.04464141728386,77.118019,86.97126
Lung_and_bronchus,Female,AD,,,1,1.45,82.35998909876241,77.400078,87.319901
Lung_and_bronchus,Female,AD,,,1,1.5,82.62559654627569,77.635208,87.61599
Lung_and_bronchus,Female,AD,,,1,1.55,82.84542199142243,77.827194,87.863655
Lung_and_bronchus,Female,AD,,,1,1.6,83.0230667507359,77.979469,88.066666
Lung_and_bronchus,Female,AD,,,1,1.65,83.1618112248766,78.095169,88.228455
Lung_and_bronchus,Female,AD,,,1,1.7,83.26470070509345,78.177185,88.352219
Lung_and_bronchus,Female,AD,,,1,1.75,83.33484707331581,78.22847,88.441223
Lung_and_bronchus,Female,AD,,,1,1.8,83.37519030043597,78.251823,88.498558
Lung_and_bronchus,Female,AD,,,1,1.85,83.38836966603162,78.249748,88.526993
Lung_and_bronchus,Female,AD,,,1,1.9,83.3767589576147,78.224487,88.52903
Lung_and_bronchus,Female,AD,,,1,1.95,83.34249737310245,78.17807,88.50692
Lung_and_bronchus,Female,AD,,,1,2.0,83.28751649954756,78.112328,88.462708
Lung_and_bronchus,Female,AD,,,1,2.05,83.20731908855555,78.023033,88.391602
Lung_and_bronchus,Female,AD,,,1,2.0999999,83.10974647954549,77.917572,88.301918
Lung_and_bronchus,Female,AD,,,1,2.1500001,82.99623855685377,77.79731,88.195168
Lung_and_bronchus,Female,AD,,,1,2.2,82.8681057412108,77.663483,88.072731
Lung_and_bronchus,Female,AD,,,1,2.25,82.72653951087364,77.517204,87.935875
Lung_and_bronchus,Female,AD,,,1,2.3,82.57262663427514,77.359512,87.785744
Lung_and_bronchus,Female,AD,,,1,2.3499999,82.4073593776975,77.19133,87.62339
Lung_and_bronchus,Female,AD,,,1,2.4000001,82.23164411813696,77.013512,87.449776
Lung_and_bronchus,Female,AD,,,1,2.45,82.04631314112567,76.826851,87.265778
Lung_and_bronchus,Female,AD,,,1,2.5,81.85212706233915,76.63205,87.072205
Lung_and_bronchus,Female,AD,,,1,2.55,81.6497847653651,76.429764,86.869804
Lung_and_bronchus,Female,AD,,,1,2.5999999,81.43992849733434,76.220612,86.659248
Lung_and_bronchus,Female,AD,,,1,2.6500001,81.22314809474847,76.005127,86.44117
Lung_and_bronchus,Female,AD,,,1,2.7,80.99998986853336,75.783829,86.216148
Lung_and_bronchus,Female,AD,,,1,2.75,80.77095462293096,75.55719,85.984718
Lung_and_bronchus,Female,AD,,,1,2.8,80.53650555053935,75.325645,85.747368
Lung_and_bronchus,Female,AD,,,1,2.8499999,80.29707062010584,75.089584,85.504555
Lung_and_bronchus,Female,AD,,,1,2.9000001,80.0530444669464,74.84938,85.256706
Lung_and_bronchus,Female,AD,,,1,2.95,79.80479583097258,74.605377,85.004211
Lung_and_bronchus,Female,AD,,,1,3.0,79.55266306462283,74.357895,84.747437
Lung_and_bronchus,Female,AD,,,1,3.05,79.2902188661169,74.100876,84.479561
Lung_and_bronchus,Female,AD,,,1,3.0999999,79.0245433624358,73.840996,84.208092
Lung_and_bronchus,Female,AD,,,1,3.1500001,78.75590773674492,73.578484,83.933334
Lung_and_bronchus,Female,AD,,,1,3.2,78.48456783055462,73.313591,83.655548
Lung_and_bronchus,Female,AD,,,1,3.25,78.21075798640061,73.046532,83.374985
Lung_and_bronchus,Female,AD,,,1,3.3,77.93469755071555,72.777504,83.091888
Lung_and_bronchus,Female,AD,,,1,3.3499999,77.65659086699975,72.506706,82.806473
Lung_and_bronchus,Female,AD,,,1,3.4000001,77.37662709200538,72.234314,82.518944
Lung_and_bronchus,Female,AD,,,1,3.45,77.09498659893495,71.960487,82.229485
Lung_and_bronchus,Female,AD,,,1,3.5,76.81183392971991,71.685379,81.938293
Lung_and_bronchus,Female,AD,,,1,3.55,76.52732400816774,71.409134,81.645515
Lung_and_bronchus,Female,AD,,,1,3.5999999,76.2416016159998,71.131882,81.351318
Lung_and_bronchus,Female,AD,,,1,3.6500001,75.9548007622991,70.853752,81.055847
Lung_and_bronchus,Female,AD,,,1,3.7,75.66705083731233,70.574867,80.759239
Lung_and_bronchus,Female,AD,,,1,3.75,75.37846902905483,70.295319,80.461617
Lung_and_bronchus,Female,AD,,,1,3.8,75.08916636174615,70.015228,80.163109
Lung_and_bronchus,Female,AD,,,1,3.8499999,74.79924685749108,69.734673,79.863823
Lung_and_bronchus,Female,AD,,,1,3.9000001,74.5088066353602,69.453758,79.563858
Lung_and_bronchus,Female,AD,,,1,3.95,74.21793990070671,69.172554,79.263329
Lung_and_bronchus,Female,AD,,,1,4.0,73.92673104741516,68.891151,78.962311
Lung_and_bronchus,Female,AD,,,1,4.0500002,73.62847652551943,68.603241,78.653709
Lung_and_bronchus,Female,AD,,,1,4.0999999,73.33009714275909,68.315338,78.344856
Lung_and_bronchus,Female,AD,,,1,4.1500001,73.03165832709487,68.027489,78.035828
Lung_and_bronchus,Female,AD,,,1,4.1999998,72.73323255912965,67.739754,77.726707
Lung_and_bronchus,Female,AD,,,1,4.25,72.4348768871439,67.452202,77.417557
Lung_and_bronchus,Female,AD,,,1,4.3000002,72.13665310975443,67.164871,77.108437
Lung_and_bronchus,Female,AD,,,1,4.3499999,71.83861947385287,66.877831,76.799408
Lung_and_bronchus,Female,AD,,,1,4.4000001,71.54082237766306,66.59111,76.49054
Lung_and_bronchus,Female,AD,,,1,4.4499998,71.2433164692892,66.304764,76.18187
Lung_and_bronchus,Female,AD,,,1,4.5,70.94614212253373,66.018822,75.873459
Lung_and_bronchus,Female,AD,,,1,4.5500002,70.6493454844915,65.733337,75.565353
Lung_and_bronchus,Female,AD,,,1,4.5999999,70.35297011528974,65.448349,75.257591
Lung_and_bronchus,Female,AD,,,1,4.6500001,70.05704868102441,65.163872,74.950226
Lung_and_bronchus,Female,AD,,,1,4.6999998,69.76162287364946,64.879959,74.643288
Lung_and_bronchus,Female,AD,,,1,4.75,69.46672097139515,64.596626,74.336815
Lung_and_bronchus,Female,AD,,,1,4.8000002,69.17237769894007,64.313904,74.030853
Lung_and_bronchus,Female,AD,,,1,4.8499999,68.8786258694796,64.03183,73.725426
Lung_and_bronchus,Female,AD,,,1,4.9000001,68.58548811481057,63.750412,73.420563
Lung_and_bronchus,Female,AD,,,1,4.9499998,68.29299658401374,63.469688,73.116302
Lung_and_bronchus,Female,AD,,,1,5.0,68.00117067669169,63.189674,72.812668
Lung_and_bronchus,Female,AD,,,2,0.0,0.0,0.0,0.0
Lung_and_bronchus,Female,AD,,,2,0.050000001,10.17818057191027,9.6558256,10.700536
Lung_and_bronchus,Female,AD,,,2,0.1,15.94458256000223,14.97492,16.914246
Lung_and_bronchus,Female,AD,,,2,0.15000001,19.5050034148461,18.193579,20.816427
Lung_and_bronchus,Female,AD,,,2,0.2,21.88149076719176,20.305819,23.457163
Lung_and_bronchus,Female,AD,,,2,0.25,23.55608367440772,21.772896,25.339272
Lung_and_bronchus,Female,AD,,,2,0.30000001,24.78525492659014,22.836935,26.733576
Lung_and_bronchus,Female,AD,,,2,0.34999999,25.71718439952454,23.636076,27.798294
Lung_and_bronchus,Female,AD,,,2,0.40000001,26.44280887233353,24.254068,28.63155
Lung_and_bronchus,Female,AD,,,2,0.44999999,27.02173795703723,24.745165,29.298309
Lung_and_bronchus,Female,AD,,,2,0.5,27.49974499965867,25.150665,29.848825
Lung_and_bronchus,Female,AD,,,2,0.55000001,27.90865691902258,25.498999,30.318314
Lung_and_bronchus,Female,AD,,,2,0.60000002,28.26926029640373,25.808506,30.730015
Lung_and_bronchus,Female,AD,,,2,0.64999998,28.595435787729,26.091257,31.099613
Lung_and_bronchus,Female,AD,,,2,0.69999999,28.89662357489399,26.35533,31.437918
Lung_and_bronchus,Female,AD,,,2,0.75,29.17933386582823,26.60619,31.75248
Lung_and_bronchus,Female,AD,,,2,0.80000001,29.44810404625741,26.847559,32.048649
Lung_and_bronchus,Female,AD,,,2,0.85000002,29.70611713942702,27.08198,32.330254
Lung_and_bronchus,Female,AD,,,2,0.89999998,29.95558693031529,27.311153,32.600021
Lung_and_bronchus,Female,AD,,,2,0.94999999,30.19700642547366,27.53521,32.858803
Lung_and_bronchus,Female,AD,,,2,1.0,30.42934225676692,27.752869,33.105816
Lung_and_bronchus,Female,AD,,,2,1.05,30.64250915903426,27.954702,33.330315
Lung_and_bronchus,Female,AD,,,2,1.1,30.84519381269394,28.148319,33.542068
Lung_and_bronchus,Female,AD,,,2,1.15,31.03706751232102,28.333202,33.740932
Lung_and_bronchus,Female,AD,,,2,1.2,31.21796212749268,28.509007,33.926918
Lung_and_bronchus,Female,AD,,,2,1.25,31.38782986352498,28.675524,34.100136
Lung_and_bronchus,Female,AD,,,2,1.3,31.54671834041579,28.832653,34.260784
Lung_and_bronchus,Female,AD,,,2,1.35,31.69474752615332,28.980379,34.409115
Lung_and_bronchus,Female,AD,,,2,1.4,31.83209190408417,29.118752,34.545433
Lung_and_bronchus,Female,AD,,,2,1.45,31.95896960615272,29.247871,34.670067
Lung_and_bronchus,Female,AD,,,2,1.5,32.07562929414638,29.367886,34.783371
Lung_and_bronchus,Female,AD,,,2,1.55,32.18234399641534,29.478968,34.885719
Lung_and_bronchus,Female,AD,,,2,1.6,32.27940343536619,29.58132,34.977486
Lung_and_bronchus,Female,AD,,,2,1.65,32.36710811048414,29.675161,35.059055
Lung_and_bronchus,Female,AD,,,2,1.7,32.44578412755635,29.76074,35.130829
Lung_and_bronchus,Female,AD,,,2,1.75,32.51587278542632,29.838423,35.193321
Lung_and_bronchus,Female,AD,,,2,1.8,32.57783504734749,29.908598,35.24707
Lung_and_bronchus,Female,AD,,,2,1.85,32.63209646699676,29.97163,35.292564
Lung_and_bronchus,Female,AD,,,2,1.9,32.67905062903327,30.027855,35.330246
Lung_and_bronchus,Female,AD,,,2,1.95,32.71906339378495,30.077585,35.360542
Lung_and_bronchus,Female,AD,,,2,2.0,32.75247490774365,30.121117,35.383831
Lung_and_bronchus,Female,AD,,,2,2.05,32.76910926608616,30.149139,35.38908
Lung_and_bronchus,Female,AD,,,2,2.0999999,32.77978822847228,30.17152,35.388058
Lung_and_bronchus,Female,AD,,,2,2.1500001,32.78479395607559,30.188505,35.381084
Lung_and_bronchus,Female,AD,,,2,2.2,32.78439128723198,30.200331,35.368454
Lung_and_bronchus,Female,AD,,,2,2.25,32.77882937474698,30.207216,35.350441
Lung_and_bronchus,Female,AD,,,2,2.3,32.76834288855508,30.209372,35.327312
Lung_and_bronchus,Female,AD,,,2,2.3499999,32.7531532286763,30.206997,35.299309
Lung_and_bronchus,Female,AD,,,2,2.4000001,32.73346946926375,30.200279,35.266659
Lung_and_bronchus,Female,AD,,,2,2.45,32.70948969354589,30.189396,35.229584
Lung_and_bronchus,Female,AD,,,2,2.5,32.68140127129806,30.17452,35.188282
Lung_and_bronchus,Female,AD,,,2,2.55,32.64938197232783,30.155811,35.142952
Lung_and_bronchus,Female,AD,,,2,2.5999999,32.61360056820098,30.133425,35.093777
Lung_and_bronchus,Female,AD,,,2,2.6500001,32.57421725669684,30.107508,35.040928
Lung_and_bronchus,Female,AD,,,2,2.7,32.53138499399552,30.078201,34.98457
Lung_and_bronchus,Female,AD,,,2,2.75,32.48524888025906,30.045637,34.924858
Lung_and_bronchus,Female,AD,,,2,2.8,32.43594736325957,30.009947,34.861946
Lung_and_bronchus,Female,AD,,,2,2.8499999,32.38361248802363,29.971252,34.795975
Lung_and_bronchus,Female,AD,,,2,2.9000001,32.32837002011325,29.92967,34.72707
Lung_and_bronchus,Female,AD,,,2,2.95,32.27034087483526,29.885313,34.655369
Lung_and_bronchus,Female,AD,,,2,3.0,32.20963986890217,29.838287,34.58099
Lung_and_bronchus,Female,AD,,,2,3.05,32.13565253718332,29.778833,34.49247
Lung_and_bronchus,Female,AD,,,2,3.0999999,32.05928838551984,29.716982,34.401596
Lung_and_bronchus,Female,AD,,,2,3.1500001,31.98064928329109,29.65283,34.308468
Lung_and_bronchus,Female,AD,,,2,3.2,31.89983391344202,29.586472,34.213196
Lung_and_bronchus,Female,AD,,,2,3.25,31.81693575379785,29.517992,34.115879
Lung_and_bronchus,Female,AD,,,2,3.3,31.7320447824755,29.447483,34.016605
Lung_and_bronchus,Female,AD,,,2,3.3499999,31.64524730932578,29.375021,33.915474
Lung_and_bronchus,Female,AD,,,2,3.4000001,31.55662573676716,29.30069,33.812561
Lung_and_bronchus,Female,AD,,,2,3.45,31.46626043416597,29.224566,33.707954
Lung_and_bronchus,Female,AD,,,2,3.5,31.37422736579981,29.146719,33.601738
Lung_and_bronchus,Female,AD,,,2,3.55,31.28059992654352,29.067223,33.493977
Lung_and_bronchus,Female,AD,,,2,3.5999999,31.18544866761346,28.986143,33.384754
Lung_and_bronchus,Female,AD,,,2,3.6500001,31.08884096775262,28.903547,33.274136
Lung_and_bronchus,Female,AD,,,2,3.7,30.99084300991223,28.8195,33.162186
Lung_and_bronchus,Female,AD,,,2,3.75,30.89151713634249,28.734058,33.048977
Lung_and_bronchus,Female,AD,,,2,3.8,30.79092379718662,28.647284,32.934563
Lung_and_bronchus,Female,AD,,,2,3.8499999,30.6891211992874,28.559233,32.819012
Lung_and_bronchus,Female,AD,,,2,3.9000001,30.58616491262239,28.469959,32.70237
Lung_and_bronchus,Female,AD,,,2,3.95,30.48210993400176,28.379517,32.584705
Lung_and_bronchus,Female,AD,,,2,4.0,30.3770078303163,28.287954,32.466061
Lung_and_bronchus,Female,AD,,,2,4.0500002,30.25991052223344,28.185143,32.334679
Lung_and_bronchus,Female,AD,,,2,4.0999999,30.14197367772493,28.081404,32.202545
Lung_and_bronchus,Female,AD,,,2,4.1500001,30.0232419413702,27.976782,32.069702
Lung_and_bronchus,Female,AD,,,2,4.1999998,29.90376277307695,27.871326,31.936199
Lung_and_bronchus,Female,AD,,,2,4.25,29.78357746201073,27.765078,31.802078
Lung_and_bronchus,Female,AD,,,2,4.3000002,29.66272915152575,27.658077,31.667381
Lung_and_bronchus,Female,AD,,,2,4.3499999,29.54125951273852,27.550365,31.532152
Lung_and_bronchus,Female,AD,,,2,4.4000001,29.41920530105614,27.441982,31.396429
Lung_and_bronchus,Female,AD,,,2,4.4499998,29.29660653633744,27.332964,31.260248
Lung_and_bronchus,Female,AD,,,2,4.5,29.17349724715143,27.223347,31.123648
Lung_and_bronchus,Female,AD,,,2,4.5500002,29.04991369394185,27.113167,30.986662
Lung_and_bronchus,Female,AD,,,2,4.5999999,28.92589093124866,27.002457,30.849325
Lung_and_bronchus,Female,AD,,,2,4.6500001,28.8014592861241,26.891251,30.711668
Lung_and_bronchus,Female,AD,,,2,4.6999998,28.67665269216616,26.779579,30.573727
Lung_and_bronchus,Female,AD,,,2,4.75,28.55149924043604,26.667473,30.435526
Lung_and_bronchus,Female,AD,,,2,4.8000002,28.42602954306864,26.554962,30.297098
Lung_and_bronchus,Female,AD,,,2,4.8499999,28.30027321514694,26.442074,30.158472
Lung_and_bronchus,Female,AD,,,2,4.9000001,28.17425530049479,26.328838,30.019672
Lung_and_bronchus,Female,AD,,,2,4.9499998,28.04800470866451,26.215281,29.88073
Lung_and_bronchus,Female,AD,,,2,5.0,27.92154463584518,26.101425,29.741665
Lung_and_bronchus,Female,ADa,,,0,0.0,0.0,0.0,0.0
Lung_and_bronchus,Female,ADa,,,0,0.050000001,2.313527570179971,2.2656908,2.3613641
Lung_and_bronchus,Female,ADa,,,0,0.1,9.1411976737717,9.0823278,9.2000675
Lung_and_bronchus,Female,ADa,,,0,0.15000001,15.61531985968804,15.55587,15.674769
Lung_and_bronchus,Female,ADa,,,0,0.2,21.18849824434886,21.131647,21.24535
Lung_and_bronchus,Female,ADa,,,0,0.25,25.86970988725852,25.816059,25.923361
Lung_and_bronchus,Female,ADa,,,0,0.30000001,29.775673020922,29.724873,29.826473
Lung_and_bronchus,Female,ADa,,,0,0.34999999,33.03220722088702,32.983616,33.080799
Lung_and_bronchus,Female,ADa,,,0,0.40000001,35.75047225685694,35.703438,35.797508
Lung_and_bronchus,Female,ADa,,,0,0.44999999,38.02477530701674,37.978737,38.070812
Lung_and_bronchus,Female,ADa,,,0,0.5,39.9414049170158,39.895916,39.986897
Lung_and_bronchus,Female,ADa,,,0,0.55000001,41.57044444521648,41.525158,41.615734
Lung_and_bronchus,Female,ADa,,,0,0.60000002,42.9655347600924,42.920193,43.01088
Lung_and_bronchus,Female,ADa,,,0,0.64999998,44.16816647518613,44.12257,44.21376
Lung_and_bronchus,Female,ADa,,,0,0.69999999,45.2108093254883,45.16481,45.256809
Lung_and_bronchus,Female,ADa,,,0,0.75,46.11915942487917,46.072632,46.165688
Lung_and_bronchus,Female,ADa,,,0,0.80000001,46.91378162663727,46.866608,46.960957
Lung_and_bronchus,Female,ADa,,,0,0.85000002,47.6113051784132,47.563377,47.659233
Lung_and_bronchus,Female,ADa,,,0,0.89999998,48.2252867649994,48.176498,48.274075
Lung_and_bronchus,Female,ADa,,,0,0.94999999,48.76598776067556,48.716228,48.815746
Lung_and_bronchus,Female,ADa,,,0,1.0,49.24088093160833,49.190044,49.291718
Lung_and_bronchus,Female,ADa,,,0,1.05,49.65020811870897,49.598202,49.702217
Lung_and_bronchus,Female,ADa,,,0,1.1,50.00583615622349,49.95256,50.059113
Lung_and_bronchus,Female,ADa,,,0,1.15,50.31280571048922,50.258171,50.367439
Lung_and_bronchus,Female,ADa,,,0,1.2,50.57559109538045,50.519508,50.631672
Lung_and_bronchus,Female,ADa,,,0,1.25,50.79816905145697,50.740566,50.855774
Lung_and_bronchus,Female,ADa,,,0,1.3,50.98408670044773,50.924892,51.043282
Lung_and_bronchus,Female,ADa,,,0,1.35,51.1365132723879,51.075672,51.197353
Lung_and_bronchus,Female,ADa,,,0,1.4,51.25828572788703,51.195747,51.320824
Lung_and_bronchus,Female,ADa,,,0,1.45,51.35195102895648,51.287678,51.416225
Lung_and_bronchus,Female,ADa,,,0,1.5,51.41979830764126,51.35376,51.485836
Lung_and_bronchus,Female,ADa,,,0,1.55,51.46389055724046,51.396065,51.531715
Lung_and_bronchus,Female,ADa,,,0,1.6,51.48608978044126,51.416466,51.555714
Lung_and_bronchus,Female,ADa,,,0,1.65,51.48807983722759,51.416653,51.559505
Lung_and_bronchus,Female,ADa,,,0,1.7,51.47142078594129,51.398193,51.544647
Lung_and_bronchus,Female,ADa,,,0,1.75,51.43775425156241,51.362732,51.512779
Lung_and_bronchus,Female,ADa,,,0,1.8,51.38864244219462,51.311836,51.46545
Lung_and_bronchus,Female,ADa,,,0,1.85,51.32547961769842,51.246902,51.404057
Lung_and_bronchus,Female,ADa,,,0,1.9,51.24951338131223,51.169189,51.329838
Lung_and_bronchus,Female,ADa,,,0,1.95,51.16186165584213,51.079807,51.243916
Lung_and_bronchus,Female,ADa,,,0,2.0,51.06352971393517,50.979774,51.147285
Lung_and_bronchus,Female,ADa,,,0,2.05,50.94835055862336,50.86293,51.033768
Lung_and_bronchus,Female,ADa,,,0,2.0999999,50.82421960536044,50.737167,50.91127
Lung_and_bronchus,Female,ADa,,,0,2.1500001,50.69187777523871,50.603222,50.780533
Lung_and_bronchus,Female,ADa,,,0,2.2,50.55199835699386,50.461769,50.642227
Lung_and_bronchus,Female,ADa,,,0,2.25,50.40519091107831,50.313423,50.49696
Lung_and_bronchus,Female,ADa,,,0,2.3,50.25201048703411,50.158733,50.345287
Lung_and_bronchus,Female,ADa,,,0,2.3499999,50.09296290781458,49.998211,50.187714
Lung_and_bronchus,Female,ADa,,,0,2.4000001,49.92850915201802,49.832317,50.0247
Lung_and_bronchus,Female,ADa,,,0,2.45,49.75907307451962,49.661476,49.85667
Lung_and_bronchus,Female,ADa,,,0,2.5,49.5850407184189,49.486073,49.684006
Lung_and_bronchus,Female,ADa,,,0,2.55,49.4067669811061,49.306465,49.507069
Lung_and_bronchus,Female,ADa,,,0,2.5999999,49.22457798846835,49.122974,49.326183
Lung_and_bronchus,Female,ADa,,,0,2.6500001,49.03877299164037,48.935902,49.141647
Lung_and_bronchus,Female,ADa,,,0,2.7,48.84963040892671,48.745525,48.953735
Lung_and_bronchus,Female,ADa,,,0,2.75,48.65740471671461,48.552097,48.762711
Lung_and_bronchus,Female,ADa,,,0,2.8,48.46233194797833,48.355862,48.568806
Lung_and_bronchus,Female,ADa,,,0,2.8499999,48.26463057508886,48.157024,48.372234
Lung_and_bronchus,Female,ADa,,,0,2.9000001,48.06450212561208,47.955795,48.173206
Lung_and_bronchus,Female,ADa,,,0,2.95,47.86213642355301,47.752361,47.971909
Lung_and_bronchus,Female,ADa,,,0,3.0,47.65770713051347,47.546898,47.768517
Lung_and_bronchus,Female,ADa,,,0,3.05,47.44386979455703,47.332069,47.555668
Lung_and_bronchus,Female,ADa,,,0,3.0999999,47.22832515917935,47.11557,47.341084
Lung_and_bronchus,Female,ADa,,,0,3.1500001,47.01121484734017,46.89753,47.124901
Lung_and_bronchus,Female,ADa,,,0,3.2,46.79267413665639,46.678093,46.907257
Lung_and_bronchus,Female,ADa,,,0,3.25,46.57282650736624,46.457375,46.688278
Lung_and_bronchus,Female,ADa,,,0,3.3,46.35178846564577,46.235497,46.468079
Lung_and_bronchus,Female,ADa,,,0,3.3499999,46.12966913702098,46.012566,46.246773
Lung_and_bronchus,Female,ADa,,,0,3.4000001,45.90656976818855,45.788681,46.02446
Lung_and_bronchus,Female,ADa,,,0,3.45,45.6825885034973,45.563942,45.801235
Lung_and_bronchus,Female,ADa,,,0,3.5,45.45781447177205,45.338432,45.577194
Lung_and_bronchus,Female,ADa,,,0,3.55,45.23233246644054,45.112244,45.352421
Lung_and_bronchus,Female,ADa,,,0,3.5999999,45.00622227563781,44.885452,45.126991
Lung_and_bronchus,Female,ADa,,,0,3.6500001,44.779557958228,44.658131,44.900986
Lung_and_bronchus,Female,ADa,,,0,3.7,44.55241249742767,44.430355,44.674473
Lung_and_bronchus,Female,ADa,,,0,3.75,44.32485161565728,44.202183,44.447521
Lung_and_bronchus,Female,ADa,,,0,3.8,44.09693837099599,43.973682,44.220196
Lung_and_bronchus,Female,ADa,,,0,3.8499999,43.86873233056372,43.744911,43.992554
Lung_and_bronchus,Female,ADa,,,0,3.9000001,43.64028871327923,43.515923,43.764652
Lung_and_bronchus,Female,ADa,,,0,3.95,43.41166296223446,43.286777,43.536549
Lung_and_bronchus,Female,ADa,,,0,4.0,43.18290440569126,43.057518,43.308292
Lung_and_bronchus,Female,ADa,,,0,4.0500002,42.94632523568521,42.820473,43.072178
Lung_and_bronchus,Female,ADa,,,0,4.0999999,42.70977445051744,42.583481,42.836071
Lung_and_bronchus,Female,ADa,,,0,4.1500001,42.47329114786226,42.346573,42.60001
Lung_and_bronchus,Female,ADa,,,0,4.1999998,42.23692120049668,42.109795,42.364048
Lung_and_bronchus,Female,ADa,,,0,4.25,42.00069935073702,41.873184,42.128212
Lung_and_bronchus,Female,ADa,,,0,4.3000002,41.76466511738818,41.63678,41.892548
Lung_and_bronchus,Female,ADa,,,0,4.3499999,41.52885614108391,41.40062,41.657093
Lung_and_bronchus,Female,ADa,,,0,4.4000001,41.29330155350408,41.16473,41.421875
Lung_and_bronchus,Female,ADa,,,0,4.4499998,41.05803781344639,40.929146,41.186932
Lung_and_bronchus,Female,ADa,,,0,4.5,40.82309083021437,40.693893,40.95229
Lung_and_bronchus,Female,ADa,,,0,4.5500002,40.58849176291778,40.459007,40.717979
Lung_and_bronchus,Female,ADa,,,0,4.5999999,40.35427035560065,40.22451,40.484032
Lung_and_bronchus,Female,ADa,,,0,4.6500001,40.12044832660968,39.990429,40.250465
Lung_and_bronchus,Female,ADa,,,0,4.6999998,39.88705506565339,39.75679,40.017319
Lung_and_bronchus,Female,ADa,,,0,4.75,39.65410986179495,39.523613,39.784607
Lung_and_bronchus,Female,ADa,,,0,4.8000002,39.42163755607066,39.290924,39.552349
Lung_and_bronchus,Female,ADa,,,0,4.8499999,39.18966190157289,39.058743,39.32058
Lung_and_bronchus,Female,ADa,,,0,4.9000001,38.95819900102174,38.827087,39.08931
Lung_and_bronchus,Female,ADa,,,0,4.9499998,38.72727283140057,38.595982,38.858562
Lung_and_bronchus,Female,ADa,,,0,5.0,38.49689763338779,38.36544,38.628357
Lung_and_bronchus,Female,ADa,,,1,0.0,0.0,0.0,0.0
Lung_and_bronchus,Female,ADa,,,1,0.050000001,-4.224955695595014,-4.2655234,-4.1843882
Lung_and_bronchus,Female,ADa,,,1,0.1,-0.1252586225670598,-0.17314459,-0.077372655
Lung_and_bronchus,Female,ADa,,,1,0.15000001,5.123827190560462,5.0773931,5.1702614
Lung_and_bronchus,Female,ADa,,,1,0.2,10.14711011662658,10.104442,10.189778
Lung_and_bronchus,Female,ADa,,,1,0.25,14.60778086348654,14.568996,14.646565
Lung_and_bronchus,Female,ADa,,,1,0.30000001,18.45881664509534,18.423296,18.494337
Lung_and_bronchus,Female,ADa,,,1,0.34999999,21.7425264244672,21.709503,21.775549
Lung_and_bronchus,Female,ADa,,,1,0.40000001,24.52552623871668,24.494329,24.556723
Lung_and_bronchus,Female,ADa,,,1,0.44999999,26.87732072218006,26.84745,26.90719
Lung_and_bronchus,Female,ADa,,,1,0.5,28.86809152306341,28.839211,28.896973
Lung_and_bronchus,Female,ADa,,,1,0.55000001,30.55877763920381,30.530674,30.586882
Lung_and_bronchus,Female,ADa,,,1,0.60000002,31.99865579157421,31.971205,32.026108
Lung_and_bronchus,Female,ADa,,,1,0.64999998,33.22748539137967,33.200611,33.25436
Lung_and_bronchus,Female,ADa,,,1,0.69999999,34.27746278042076,34.251106,34.303822
Lung_and_bronchus,Female,ADa,,,1,0.75,35.17480984072756,35.148907,35.200714
Lung_and_bronchus,Female,ADa,,,1,0.80000001,35.94104070314268,35.915501,35.966583
Lung_and_bronchus,Female,ADa,,,1,0.85000002,36.59394042055601,36.568642,36.619236
Lung_and_bronchus,Female,ADa,,,1,0.89999998,37.14831680364125,37.123104,37.173527
Lung_and_bronchus,Female,ADa,,,1,0.94999999,37.61631971235272,37.591,37.64164
Lung_and_bronchus,Female,ADa,,,1,1.0,38.00793797880908,37.982292,38.033585
Lung_and_bronchus,Female,ADa,,,1,1.05,38.32928453232091,38.303074,38.355495
Lung_and_bronchus,Female,ADa,,,1,1.1,38.59036122009343,38.563347,38.617374
Lung_and_bronchus,Female,ADa,,,1,1.15,38.79776693186625,38.769714,38.825817
Lung_and_bronchus,Female,ADa,,,1,1.2,38.9572982993401,38.927998,38.986599
Lung_and_bronchus,Female,ADa,,,1,1.25,39.07405850245448,39.043316,39.104801
Lung_and_bronchus,Female,ADa,,,1,1.3,39.15255419974073,39.120205,39.184902
Lung_and_bronchus,Female,ADa,,,1,1.35,39.19677295617953,39.162685,39.230862
Lung_and_bronchus,Female,ADa,,,1,1.4,39.21025022315064,39.174313,39.246189
Lung_and_bronchus,Female,ADa,,,1,1.45,39.19612689851317,39.158253,39.234001
Lung_and_bronchus,Female,ADa,,,1,1.5,39.15719788501906,39.117329,39.197067
Lung_and_bronchus,Female,ADa,,,1,1.55,39.09595408215728,39.054043,39.137867
Lung_and_bronchus,Female,ADa,,,1,1.6,39.01461860574,38.970638,39.058598
Lung_and_bronchus,Female,ADa,,,1,1.65,38.91517915169527,38.869118,38.961243
Lung_and_bronchus,Female,ADa,,,1,1.7,38.79943874179276,38.751293,38.847588
Lung_and_bronchus,Female,ADa,,,1,1.75,38.66917730650425,38.618954,38.719402
Lung_and_bronchus,Female,ADa,,,1,1.8,38.52604262350656,38.473755,38.578331
Lung_and_bronchus,Female,ADa,,,1,1.85,38.3714960200009,38.317165,38.425827
Lung_and_bronchus,Female,ADa,,,1,1.9,38.20683670786684,38.150486,38.263187
Lung_and_bronchus,Female,ADa,,,1,1.95,38.03321928957632,37.97488,38.091557
Lung_and_bronchus,Female,ADa,,,1,2.0,37.85167428035095,37.791382,37.911968
Lung_and_bronchus,Female,ADa,,,1,2.05,37.66038099935258,37.598171,37.722591
Lung_and_bronchus,Female,ADa,,,1,2.0999999,37.46292509135571,37.398838,37.527012
Lung_and_bronchus,Female,ADa,,,1,2.1500001,37.26004246735158,37.194118,37.325966
Lung_and_bronchus,Female,ADa,,,1,2.2,37.05239539987497,36.984673,37.120117
Lung_and_bronchus,Female,ADa,,,1,2.25,36.84057538009358,36.771099,36.910053
Lung_and_bronchus,Female,ADa,,,1,2.3,36.62511454823323,36.553921,36.696308
Lung_and_bronchus,Female,ADa,,,1,2.3499999,36.40649138641436,36.333626,36.479355
Lung_and_bronchus,Female,ADa,,,1,2.4000001,36.18513549678221,36.110641,36.259628
Lung_and_bronchus,Female,ADa,,,1,2.45,35.96143697577816,35.885357,36.037518
Lung_and_bronchus,Female,ADa,,,1,2.5,35.7357446091778,35.658119,35.81337
Lung_and_bronchus,Female,ADa,,,1,2.55,35.50837408494021,35.429245,35.587502
Lung_and_bronchus,Female,ADa,,,1,2.5999999,35.2796104840761,35.19902,35.360199
Lung_and_bronchus,Female,ADa,,,1,2.6500001,35.04971031922867,34.967701,35.131721
Lung_and_bronchus,Female,ADa,,,1,2.7,34.81890870963093,34.735519,34.902298
Lung_and_bronchus,Female,ADa,,,1,2.75,34.58741527721202,34.502689,34.672142
Lung_and_bronchus,Female,ADa,,,1,2.8,34.35542073118881,34.269394,34.441448
Lung_and_bronchus,Female,ADa,,,1,2.8499999,34.12309773906907,34.035809,34.210384
Lung_and_bronchus,Female,ADa,,,1,2.9000001,33.89060157202778,33.80209,33.979111
Lung_and_bronchus,Female,ADa,,,1,2.95,33.65807610863578,33.568382,33.747772
Lung_and_bronchus,Female,ADa,,,1,3.0,33.42564858614867,33.334805,33.516491
Lung_and_bronchus,Female,ADa,,,1,3.05,33.19067086495988,33.098721,33.282619
Lung_and_bronchus,Female,ADa,,,1,3.0999999,32.95604756242551,32.863029,33.049065
Lung_and_bronchus,Female,ADa,,,1,3.1500001,32.72187320827834,32.627819,32.815926
Lung_and_bronchus,Female,ADa,,,1,3.2,32.48823664078805,32.393181,32.583294
Lung_and_bronchus,Female,ADa,,,1,3.25,32.25521513281706,32.159191,32.351238
Lung_and_bronchus,Female,ADa,,,1,3.3,32.02287960613126,31.92592,32.119839
Lung_and_bronchus,Female,ADa,,,1,3.3499999,31.79129418620994,31.69343,31.889158
Lung_and_bronchus,Female,ADa,,,1,3.4000001,31.56051571153273,31.461777,31.659254
Lung_and_bronchus,Female,ADa,,,1,3.45,31.33059868112719,31.231016,31.430182
Lung_and_bronchus,Female,ADa,,,1,3.5,31.10158914920737,31.001192,31.201986
Lung_and_bronchus,Female,ADa,,,1,3.55,30.87352958199403,30.772346,30.974712
Lung_and_bronchus,Female,ADa,,,1,3.5999999,30.64645816430743,30.544516,30.7484
Lung_and_bronchus,Female,ADa,,,1,3.6500001,30.42040809546154,30.317736,30.523081
Lung_and_bronchus,Female,ADa,,,1,3.7,30.19541223330577,30.092033,30.29879
Lung_and_bronchus,Female,ADa,,,1,3.75,29.97149693345989,29.867439,30.075554
Lung_and_bronchus,Female,ADa,,,1,3.8,29.748686645107,29.643974,29.853399
Lung_and_bronchus,Female,ADa,,,1,3.8499999,29.52700308492626,29.421661,29.632345
Lung_and_bronchus,Female,ADa,,,1,3.9000001,29.30646442001876,29.200518,29.412413
Lung_and_bronchus,Female,ADa,,,1,3.95,29.08708968028748,28.980558,29.193621
Lung_and_bronchus,Female,ADa,,,1,4.0,28.86889264164688,28.761801,28.975985
Lung_and_bronchus,Female,ADa,,,1,4.0500002,28.64926462584674,28.541643,28.756886
Lung_and_bronchus,Female,ADa,,,1,4.0999999,28.43087858768786,28.32275,28.539007
Lung_and_bronchus,Female,ADa,,,1,4.1500001,28.21373974875735,28.105124,28.322357
Lung_and_bronchus,Female,ADa,,,1,4.1999998,27.99786015049017,27.888777,28.106945
Lung_and_bronchus,Female,ADa,,,1,4.25,27.78324221257913,27.67371,27.892775
Lung_and_bronchus,Female,ADa,,,1,4.3000002,27.569893288456,27.459932,27.679853
Lung_and_bronchus,Female,ADa,,,1,4.3499999,27.35781953890773,27.247448,27.468191
Lung_and_bronchus,Female,ADa,,,1,4.4000001,27.14702001482033,27.036257,27.257784
Lung_and_bronchus,Female,ADa,,,1,4.4499998,26.93750087222043,26.826363,27.048639
Lung_and_bronchus,Female,ADa,,,1,4.5,26.72925937042282,26.617764,26.840755
Lung_and_bronchus,Female,ADa,,,1,4.5500002,26.52229796362815,26.41046,26.634136
Lung_and_bronchus,Female,ADa,,,1,4.5999999,26.31661831970769,26.204454,26.428782
Lung_and_bronchus,Female,ADa,,,1,4.6500001,26.11221555319048,25.999743,26.224689
Lung_and_bronchus,Female,ADa,,,1,4.6999998,25.90909198307213,25.796324,26.02186
Lung_and_bronchus,Female,ADa,,,1,4.75,25.70724159111126,25.594193,25.82029
Lung_and_bronchus,Female,ADa,,,1,4.8000002,25.50666366109283,25.393349,25.619978
Lung_and_bronchus,Female,ADa,,,1,4.8499999,25.30735695769135,25.19379,25.420923
Lung_and_bronchus,Female,ADa,,,1,4.9000001,25.10931412018522,24.995508,25.22312
Lung_and_bronchus,Female,ADa,,,1,4.9499998,24.91253497563264,24.798502,25.026567
Lung_and_bronchus,Female,ADa,,,1,5.0,24.71701146439341,24.602766,24.831257
Lung_and_bronchus,Female,ADa,,,2,0.0,0.0,0.0,0.0
Lung_and_bronchus,Female,ADa,,,2,0.050000001,6.783959024543982,6.7633767,6.8045416
Lung_and_bronchus,Female,ADa,,,2,0.1,9.546367991622986,9.5186853,9.5740499
Lung_and_bronchus,Female,ADa,,,2,0.15000001,10.74734833118438,10.717548,10.777149
Lung_and_bronchus,Female,ADa,,,2,0.2,11.25551803505775,11.225635,11.285401
Lung_and_bronchus,Female,ADa,,,2,0.25,11.43096007360552,11.401785,11.460135
Lung_and_bronchus,Female,ADa,,,2,0.30000001,11.44288120007744,11.414605,11.471157
Lung_and_bronchus,Female,ADa,,,2,0.34999999,11.37681092367313,11.349322,11.4043
Lung_and_bronchus,Female,ADa,,,2,0.40000001,11.27785904368488,11.250902,11.304816
Lung_and_bronchus,Female,ADa,,,2,0.44999999,11.17076744698471,11.144034,11.1975
Lung_and_bronchus,Female,ADa,,,2,0.5,11.07131321713337,11.044497,11.098129
Lung_and_bronchus,Female,ADa,,,2,0.55000001,10.98820885314257,10.961034,11.015384
Lung_and_bronchus,Female,ADa,,,2,0.60000002,10.92537823082574,10.897618,10.953138
Lung_and_bronchus,Female,ADa,,,2,0.64999998,10.88414352341758,10.855624,10.912663
Lung_and_bronchus,Female,ADa,,,2,0.69999999,10.86441298923199,10.835009,10.893817
Lung_and_bronchus,Female,ADa,,,2,0.75,10.86534099039463,10.834968,10.895715
Lung_and_bronchus,Female,ADa,,,2,0.80000001,10.88570024437871,10.854305,10.917095
Lung_and_bronchus,Female,ADa,,,2,0.85000002,10.92409397735543,10.89165,10.956538
Lung_and_bronchus,Female,ADa,,,2,0.89999998,10.97906175469529,10.94556,11.012563
Lung_and_bronchus,Female,ADa,,,2,0.94999999,11.0485174508957,11.013966,11.08307
Lung_and_bronchus,Female,ADa,,,2,1.0,11.12975356063072,11.094172,11.165336
Lung_and_bronchus,Female,ADa,,,2,1.05,11.21665168207642,11.180079,11.253223
Lung_and_bronchus,Female,ADa,,,2,1.1,11.31101686364656,11.273492,11.348542
Lung_and_bronchus,Female,ADa,,,2,1.15,11.41116753590211,11.372729,11.449606
Lung_and_bronchus,Female,ADa,,,2,1.2,11.51567442702003,11.476365,11.554984
Lung_and_bronchus,Female,ADa,,,2,1.25,11.62331807112105,11.58318,11.663455
Lung_and_bronchus,Female,ADa,,,2,1.3,11.73305783765551,11.692136,11.773979
Lung_and_bronchus,Female,ADa,,,2,1.35,11.84400456051605,11.802341,11.885668
Lung_and_bronchus,Female,ADa,,,2,1.4,11.95539776184802,11.913035,11.99776
Lung_and_bronchus,Female,ADa,,,2,1.45,12.06658923588111,12.023569,12.10961
Lung_and_bronchus,Female,ADa,,,2,1.5,12.17702560354684,12.133388,12.220664
Lung_and_bronchus,Female,ADa,,,2,1.55,12.28623721537656,12.24202,12.330455
Lung_and_bronchus,Female,ADa,,,2,1.6,12.39382632734817,12.349065,12.438587
Lung_and_bronchus,Female,ADa,,,2,1.65,12.49945692375439,12.454188,12.544725
Lung_and_bronchus,Female,ADa,,,2,1.7,12.6028578321268,12.557115,12.648602
Lung_and_bronchus,Female,ADa,,,2,1.75,12.70386595069789,12.65768,12.750052
Lung_and_bronchus,Female,ADa,,,2,1.8,12.8023740307957,12.755774,12.848973
Lung_and_bronchus,Female,ADa,,,2,1.85,12.89829604406606,12.851312,12.94528
Lung_and_bronchus,Female,ADa,,,2,1.9,12.99156376528822,12.944221,13.038907
Lung_and_bronchus,Female,ADa,,,2,1.95,13.08212602373698,13.034448,13.129804
Lung_and_bronchus,Female,ADa,,,2,2.0,13.1699448683857,13.121955,13.217935
Lung_and_bronchus,Female,ADa,,,2,2.05,13.2505644879887,13.202303,13.298826
Lung_and_bronchus,Female,ADa,,,2,2.0999999,13.32838258353081,13.279869,13.376896
Lung_and_bronchus,Female,ADa,,,2,2.1500001,13.4033957820065,13.35465,13.452142
Lung_and_bronchus,Female,ADa,,,2,2.2,13.47560775090955,13.426647,13.524569
Lung_and_bronchus,Female,ADa,,,2,2.25,13.54503024355034,13.495872,13.594189
Lung_and_bronchus,Female,ADa,,,2,2.3,13.61168068694968,13.562341,13.66102
Lung_and_bronchus,Female,ADa,,,2,2.3499999,13.67558169503707,13.626075,13.725088
Lung_and_bronchus,Female,ADa,,,2,2.4000001,13.73676060544642,13.687101,13.78642
Lung_and_bronchus,Female,ADa,,,2,2.45,13.79524766748216,13.745448,13.845047
Lung_and_bronchus,Female,ADa,,,2,2.5,13.85107721352296,13.80115,13.901004
Lung_and_bronchus,Female,ADa,,,2,2.55,13.9042859705188,13.854244,13.954329
Lung_and_bronchus,Female,ADa,,,2,2.5999999,13.95491291094044,13.904766,14.005059
Lung_and_bronchus,Female,ADa,,,2,2.6500001,14.00299908304675,13.952758,14.05324
Lung_and_bronchus,Female,ADa,,,2,2.7,14.04858636060334,13.998261,14.098911
Lung_and_bronchus,Female,ADa,,,2,2.75,14.0917185151684,14.041318,14.142118
Lung_and_bronchus,Female,ADa,,,2,2.8,14.1324400210147,14.081973,14.182906
Lung_and_bronchus,Female,ADa,,,2,2.8499999,14.17079605719152,14.120272,14.221321
Lung_and_bronchus,Female,ADa,,,2,2.9000001,14.20683246957299,14.156258,14.257407
Lung_and_bronchus,Female,ADa,,,2,2.95,14.24059491584126,14.189978,14.291213
Lung_and_bronchus,Female,ADa,,,2,3.0,14.27212973995472,14.221477,14.322783
Lung_and_bronchus,Female,ADa,,,2,3.05,14.29663021225502,14.245968,14.347293
Lung_and_bronchus,Female,ADa,,,2,3.0999999,14.3190029015106,14.268337,14.369668
Lung_and_bronchus,Female,ADa,,,2,3.1500001,14.33929521993917,14.288632,14.389957
Lung_and_bronchus,Female,ADa,,,2,3.2,14.3575539722284,14.3069,14.408208
Lung_and_bronchus,Female,ADa,,,2,3.25,14.3738258582357,14.323186,14.424465
Lung_and_bronchus,Female,ADa,,,2,3.3,14.38815700978125,14.337536,14.438778
Lung_and_bronchus,Female,ADa,,,2,3.3499999,14.40059303557268,14.349997,14.45119
Lung_and_bronchus,Female,ADa,,,2,3.4000001,14.41117901920114,14.360611,14.461747
Lung_and_bronchus,Female,ADa,,,2,3.45,14.4199592855673,14.369424,14.470495
Lung_and_bronchus,Female,ADa,,,2,3.5,14.42697766963693,14.376479,14.477476
Lung_and_bronchus,Female,ADa,,,2,3.55,14.43227727811876,14.38182,14.482735
Lung_and_bronchus,Female,ADa,,,2,3.5999999,14.43590052172476,14.385488,14.486314
Lung_and_bronchus,Female,ADa,,,2,3.6500001,14.43788910286219,14.387525,14.488254
Lung_and_bronchus,Female,ADa,,,2,3.7,14.43828397165396,14.387971,14.488597
Lung_and_bronchus,Female,ADa,,,2,3.75,14.43712537226145,14.386868,14.487384
Lung_and_bronchus,Female,ADa,,,2,3.8,14.43445279027367,14.384253,14.484653
Lung_and_bronchus,Female,ADa,,,2,3.8499999,14.43030496171815,14.380166,14.480444
Lung_and_bronchus,Female,ADa,,,2,3.9000001,14.42471984116054,14.374645,14.474794
Lung_and_bronchus,Female,ADa,,,2,3.95,14.41773471534378,14.367726,14.467743
Lung_and_bronchus,Female,ADa,,,2,4.0,14.40938604522557,14.359447,14.459325
Lung_and_bronchus,Female,ADa,,,2,4.0500002,14.3944723224148,14.344626,14.444319
Lung_and_bronchus,Female,ADa,,,2,4.0999999,14.37829413601662,14.328543,14.428045
Lung_and_bronchus,Female,ADa,,,2,4.1500001,14.3608863195534,14.311233,14.410541
Lung_and_bronchus,Female,ADa,,,2,4.1999998,14.34228358137261,14.292729,14.391838
Lung_and_bronchus,Female,ADa,,,2,4.25,14.32251918734187,14.273066,14.371972
Lung_and_bronchus,Female,ADa,,,2,4.3000002,14.30162618414084,14.252276,14.350976
Lung_and_bronchus,Female,ADa,,,2,4.3499999,14.27963692615231,14.230392,14.328882
Lung_and_bronchus,Female,ADa,,,2,4.4000001,14.25658240910997,14.207444,14.305721
Lung_and_bronchus,Female,ADa,,,2,4.4499998,14.23249377500622,14.183464,14.281524
Lung_and_bronchus,Female,ADa,,,2,4.5,14.20740056654995,14.158481,14.256321
Lung_and_bronchus,Female,ADa,,,2,4.5500002,14.18133232277899,14.132524,14.230141
Lung_and_bronchus,Female,ADa,,,2,4.5999999,14.1543179442217,14.105622,14.203013
Lung_and_bronchus,Female,ADa,,,2,4.6500001,14.12638489079978,14.077804,14.174966
Lung_and_bronchus,Female,ADa,,,2,4.6999998,14.09756101981441,14.049096,14.146026
Lung_and_bronchus,Female,ADa,,,2,4.75,14.06787246884937,14.019525,14.11622
Lung_and_bronchus,Female,ADa,,,2,4.8000002,14.03734557146259,13.989116,14.085575
Lung_and_bronchus,Female,ADa,,,2,4.8499999,14.00600608130594,13.957896,14.054116
Lung_and_bronchus,Female,ADa,,,2,4.9000001,13.97387825225621,13.925889,14.021868
Lung_and_bronchus,Female,ADa,,,2,4.9499998,13.94098696195567,13.89312,13.988854
Lung_and_bronchus,Female,ADa,,,2,5.0,13.90735527431389,13.859612,13.955099
Lung_and_bronchus,Female,ADb,,,0,0.0,0.0,0.0,0.0
Lung_and_bronchus,Female,ADb,,,0,0.050000001,7.975878073308976,7.1382098,8.8135462
Lung_and_bronchus,Female,ADb,,,0,0.1,16.49862265851505,14.78276,18.214485
Lung_and_bronchus,Female,ADb,,,0,0.15000001,23.82285325183636,21.361288,26.284418
Lung_and_bronchus,Female,ADb,,,0,0.2,29.99806540164042,26.913763,33.082367
Lung_and_bronchus,Female,ADb,,,0,0.25,35.20726299554769,31.602032,38.812496
Lung_and_bronchus,Female,ADb,,,0,0.30000001,39.62293958877331,35.579552,43.666328
Lung_and_bronchus,Female,ADb,,,0,0.34999999,43.38730622191031,38.973164,47.801449
Lung_and_bronchus,Female,ADb,,,0,0.40000001,46.61407458737085,41.884445,51.343704
Lung_and_bronchus,Female,ADb,,,0,0.44999999,49.39617545471697,44.396507,54.395844
Lung_and_bronchus,Female,ADb,,,0,0.5,51.82082953806412,46.587528,57.054131
Lung_and_bronchus,Female,ADb,,,0,0.55000001,53.95838238043132,48.520599,59.396164
Lung_and_bronchus,Female,ADb,,,0,0.60000002,55.86145505192349,50.242947,61.479961
Lung_and_bronchus,Female,ADb,,,0,0.64999998,57.57006309640724,51.790485,63.349644
Lung_and_bronchus,Female,ADb,,,0,0.69999999,59.11512329719892,53.190964,65.039284
Lung_and_bronchus,Female,ADb,,,0,0.75,60.52085875753937,54.466141,66.575577
Lung_and_bronchus,Female,ADb,,,0,0.80000001,61.80650485761805,55.633286,67.979729
Lung_and_bronchus,Female,ADb,,,0,0.85000002,62.98751895198109,56.706276,69.268761
Lung_and_bronchus,Female,ADb,,,0,0.89999998,64.07643289442422,57.696373,70.45649
Lung_and_bronchus,Female,ADb,,,0,0.94999999,65.08194666718714,58.611374,71.552521
Lung_and_bronchus,Female,ADb,,,0,1.0,66.00913526489876,59.455795,72.562477
Lung_and_bronchus,Female,ADb,,,0,1.05,66.85336294642912,60.225456,73.48127
Lung_and_bronchus,Female,ADb,,,0,1.1,67.62823430151343,60.932533,74.323936
Lung_and_bronchus,Female,ADb,,,0,1.15,68.3380373097325,61.580853,75.095222
Lung_and_bronchus,Female,ADb,,,0,1.2,68.98685200479736,62.174072,75.799629
Lung_and_bronchus,Female,ADb,,,0,1.25,69.57853324832377,62.715641,76.441429
Lung_and_bronchus,Female,ADb,,,0,1.3,70.11672332548528,63.20882,77.024628
Lung_and_bronchus,Female,ADb,,,0,1.35,70.60485151221087,63.656693,77.553009
Lung_and_bronchus,Female,ADb,,,0,1.4,71.04613816021674,64.062141,78.030136
Lung_and_bronchus,Female,ADb,,,0,1.45,71.4436109668327,64.427887,78.459335
Lung_and_bronchus,Female,ADb,,,0,1.5,71.80010574402036,64.756485,78.843727
Lung_and_bronchus,Female,ADb,,,0,1.55,72.11828294373595,65.050316,79.186249
Lung_and_bronchus,Female,ADb,,,0,1.6,72.40063414932888,65.31163,79.489632
Lung_and_bronchus,Female,ADb,,,0,1.65,72.64949012971078,65.542534,79.756447
Lung_and_bronchus,Female,ADb,,,0,1.7,72.86711075162953,65.745049,79.989174
Lung_and_bronchus,Female,ADb,,,0,1.75,73.05589832736905,65.921349,80.190453
Lung_and_bronchus,Female,ADb,,,0,1.8,73.21811504764082,66.073479,80.362755
Lung_and_bronchus,Female,ADb,,,0,1.85,73.35581139776627,66.203285,80.508339
Lung_and_bronchus,Female,ADb,,,0,1.9,73.4708488702463,66.312462,80.629234
Lung_and_bronchus,Female,ADb,,,0,1.95,73.5649225589616,66.402534,80.72731
Lung_and_bronchus,Female,ADb,,,0,2.0,73.63957682118917,66.474899,80.804253
Lung_and_bronchus,Female,ADb,,,0,2.05,73.68555650033068,66.521172,80.849945
Lung_and_bronchus,Female,ADb,,,0,2.0999999,73.71486269301249,66.552216,80.87751
Lung_and_bronchus,Female,ADb,,,0,2.1500001,73.7286833015421,66.569107,80.88826
Lung_and_bronchus,Female,ADb,,,0,2.2,73.72810807210499,66.572838,80.883377
Lung_and_bronchus,Female,ADb,,,0,2.25,73.71413855121864,66.564316,80.86396
Lung_and_bronchus,Female,ADb,,,0,2.3,73.68769624425977,66.544373,80.831024
Lung_and_bronchus,Female,ADb,,,0,2.3499999,73.64963026523401,66.513779,80.785484
Lung_and_bronchus,Female,ADb,,,0,2.4000001,73.60072380302745,66.473251,80.728195
Lung_and_bronchus,Female,ADb,,,0,2.45,73.5417011083307,66.423439,80.659966
Lung_and_bronchus,Female,ADb,,,0,2.5,73.4732314568746,66.36496,80.581505
Lung_and_bronchus,Female,ADb,,,0,2.55,73.39593484384909,66.29837,80.4935
Lung_and_bronchus,Female,ADb,,,0,2.5999999,73.31038609228676,66.22419,80.396584
Lung_and_bronchus,Female,ADb,,,0,2.6500001,73.21711827148624,66.142914,80.291321
Lung_and_bronchus,Female,ADb,,,0,2.7,73.116628008009,66.054993,80.178261
Lung_and_bronchus,Female,ADb,,,0,2.75,73.00937596638755,65.960838,80.057915
Lung_and_bronchus,Female,ADb,,,0,2.8,72.89579144244476,65.860847,79.93074
Lung_and_bronchus,Female,ADb,,,0,2.8499999,72.77627451385365,65.755379,79.797165
Lung_and_bronchus,Female,ADb,,,0,2.9000001,72.65119776655297,65.644783,79.657616
Lung_and_bronchus,Female,ADb,,,0,2.95,72.52091082657057,65.529366,79.512451
Lung_and_bronchus,Female,ADb,,,0,3.0,72.38573870516802,65.409431,79.362045
Lung_and_bronchus,Female,ADb,,,0,3.05,72.23501205668299,65.275261,79.194763
Lung_and_bronchus,Female,ADb,,,0,3.0999999,72.08008419182465,65.137192,79.02298
Lung_and_bronchus,Female,ADb,,,0,3.1500001,71.92122218069812,64.995461,78.846985
Lung_and_bronchus,Female,ADb,,,0,3.2,71.75867854001308,64.850311,78.667046
Lung_and_bronchus,Female,ADb,,,0,3.25,71.59268791554564,64.70195,78.483421
Lung_and_bronchus,Female,ADb,,,0,3.3,71.42347122046249,64.550591,78.296356
Lung_and_bronchus,Female,ADb,,,0,3.3499999,71.25123591879174,64.396408,78.106064
Lung_and_bronchus,Female,ADb,,,0,3.4000001,71.07617613113189,64.239586,77.912766
Lung_and_bronchus,Female,ADb,,,0,3.45,70.89847685713198,64.080299,77.71666
Lung_and_bronchus,Female,ADb,,,0,3.5,70.71830976574165,63.918697,77.517921
Lung_and_bronchus,Female,ADb,,,0,3.55,70.53583725833118,63.754936,77.316742
Lung_and_bronchus,Female,ADb,,,0,3.5999999,70.35121231929361,63.589153,77.113274
Lung_and_bronchus,Female,ADb,,,0,3.6500001,70.16457824766758,63.421478,76.907677
Lung_and_bronchus,Female,ADb,,,0,3.7,69.97607280468424,63.252041,76.700104
Lung_and_bronchus,Female,ADb,,,0,3.75,69.78582340748994,63.080956,76.490692
Lung_and_bronchus,Female,ADb,,,0,3.8,69.59395117436861,62.90834,76.279564
Lung_and_bronchus,Female,ADb,,,0,3.8499999,69.40057049711027,62.734291,76.066849
Lung_and_bronchus,Female,ADb,,,0,3.9000001,69.2057885331219,62.558914,75.852661
Lung_and_bronchus,Female,ADb,,,0,3.95,69.00970932063342,62.382301,75.637115
Lung_and_bronchus,Female,ADb,,,0,4.0,68.8124285703152,62.204544,75.420319
Lung_and_bronchus,Female,ADb,,,0,4.0500002,68.60300414165522,62.015621,75.190384
Lung_and_bronchus,Female,ADb,,,0,4.0999999,68.39267090172848,61.825825,74.959518
Lung_and_bronchus,Female,ADb,,,0,4.1500001,68.1815063333936,61.635216,74.727798
Lung_and_bronchus,Female,ADb,,,0,4.1999998,67.96959159849439,61.443874,74.495308
Lung_and_bronchus,Female,ADb,,,0,4.25,67.75699568848631,61.251862,74.262131
Lung_and_bronchus,Female,ADb,,,0,4.3000002,67.54378979339708,61.059246,74.028336
Lung_and_bronchus,Female,ADb,,,0,4.3499999,67.3300414892667,60.866089,73.793999
Lung_and_bronchus,Female,ADb,,,0,4.4000001,67.11580880584074,60.672443,73.559174
Lung_and_bronchus,Female,ADb,,,0,4.4499998,66.90115470282558,60.478371,73.323936
Lung_and_bronchus,Female,ADb,,,0,4.5,66.68613091075599,60.283916,73.088341
Lung_and_bronchus,Female,ADb,,,0,4.5500002,66.47079242151608,60.089134,72.852448
Lung_and_bronchus,Female,ADb,,,0,4.5999999,66.25519152065681,59.89407,72.61631
Lung_and_bronchus,Female,ADb,,,0,4.6500001,66.0393717554266,59.698769,72.379974
Lung_and_bronchus,Female,ADb,,,0,4.6999998,65.82338247340817,59.503269,72.143494
Lung_and_bronchus,Female,ADb,,,0,4.75,65.6072624906908,59.307613,71.906914
Lung_and_bronchus,Female,ADb,,,0,4.8000002,65.39105463022975,59.111839,71.670273
Lung_and_bronchus,Female,ADb,,,0,4.8499999,65.17479966224778,58.915985,71.433617
Lung_and_bronchus,Female,ADb,,,0,4.9000001,64.95853022241386,58.720081,71.196976
Lung_and_bronchus,Female,ADb,,,0,4.9499998,64.74228535127281,58.524166,70.960403
Lung_and_bronchus,Female,ADb,,,0,5.0,64.52609409225533,58.328266,70.723923
Lung_and_bronchus,Female,ADb,,,1,0.0,0.0,0.0,0.0
Lung_and_bronchus,Female,ADb,,,1,0.050000001,4.505716588970863,4.0006514,5.0107822
Lung_and_bronchus,Female,ADb,,,1,0.1,9.72329015817914,8.6185856,10.827995
Lung_and_bronchus,Female,ADb,,,1,0.15000001,14.37734342895249,12.734735,16.019953
Lung_and_bronchus,Female,ADb,,,1,0.2,18.40122097512716,16.293106,20.509336
Lung_and_bronchus,Female,ADb,,,1,0.25,21.86237829580369,19.354294,24.370462
Lung_and_bronchus,Female,ADb,,,1,0.30000001,24.84445689440952,21.992529,27.696386
Lung_and_bronchus,Female,ADb,,,1,0.34999999,27.42338464437961,24.274963,30.571806
Lung_and_bronchus,Female,ADb,,,1,0.40000001,29.66318235122748,26.258135,33.06823
Lung_and_bronchus,Female,ADb,,,1,0.44999999,31.61823563567623,27.990034,35.246437
Lung_and_bronchus,Female,ADb,,,1,0.5,33.34182173116506,29.5177,37.165943
Lung_and_bronchus,Female,ADb,,,1,0.55000001,34.8778630833234,30.879911,38.875813
Lung_and_bronchus,Female,ADb,,,1,0.60000002,36.25963321194763,32.106037,40.413231
Lung_and_bronchus,Female,ADb,,,1,0.64999998,37.51269959939646,33.218636,41.806763
Lung_and_bronchus,Female,ADb,,,1,0.69999999,38.65699046717782,34.235294,43.078686
Lung_and_bronchus,Female,ADb,,,1,0.75,39.70823593403782,35.169888,44.246586
Lung_and_bronchus,Female,ADb,,,1,0.80000001,40.67900763629132,36.033501,45.324512
Lung_and_bronchus,Female,ADb,,,1,0.85000002,41.57946405048961,36.835094,46.323833
Lung_and_bronchus,Female,ADb,,,1,0.89999998,42.41787936230298,37.581966,47.253792
Lung_and_bronchus,Female,ADb,,,1,0.94999999,43.19995885823766,38.279129,48.120789
Lung_and_bronchus,Female,ADb,,,1,1.0,43.92892108643889,38.929394,48.928448
Lung_and_bronchus,Female,ADb,,,1,1.05,44.60447056226235,39.532421,49.676517
Lung_and_bronchus,Female,ADb,,,1,1.1,45.23259974613234,40.093529,50.371674
Lung_and_bronchus,Female,ADb,,,1,1.15,45.81603739345451,40.615093,51.016979
Lung_and_bronchus,Female,ADb,,,1,1.2,46.35739197468445,41.099411,51.615372
Lung_and_bronchus,Female,ADb,,,1,1.25,46.85913701932009,41.548649,52.169628
Lung_and_bronchus,Female,ADb,,,1,1.3,47.32362011054852,41.964863,52.682377
Lung_and_bronchus,Female,ADb,,,1,1.35,47.75306051843927,42.350006,53.156116
Lung_and_bronchus,Female,ADb,,,1,1.4,48.14954992022206,42.705914,53.593185
Lung_and_bronchus,Female,ADb,,,1,1.45,48.51506374136216,43.034328,53.995796
Lung_and_bronchus,Female,ADb,,,1,1.5,48.85145855347639,43.336884,54.366032
Lung_and_bronchus,Female,ADb,,,1,1.55,49.16048369440762,43.615116,54.705849
Lung_and_bronchus,Female,ADb,,,1,1.6,49.44378385601431,43.87048,55.01709
Lung_and_bronchus,Female,ADb,,,1,1.65,49.70290287644184,44.104332,55.301472
Lung_and_bronchus,Female,ADb,,,1,1.7,49.93935079096366,44.318008,55.560692
Lung_and_bronchus,Female,ADb,,,1,1.75,50.15476288084153,44.512955,55.79657
Lung_and_bronchus,Female,ADb,,,1,1.8,50.35069000700616,44.690544,56.010834
Lung_and_bronchus,Female,ADb,,,1,1.85,50.52854219329504,44.852024,56.205059
Lung_and_bronchus,Female,ADb,,,1,1.9,50.6896027721275,44.998535,56.380672
Lung_and_bronchus,Female,ADb,,,1,1.95,50.83504456841786,45.131107,56.538982
Lung_and_bronchus,Female,ADb,,,1,2.0,50.96593850068678,45.250702,56.681175
Lung_and_bronchus,Female,ADb,,,1,2.05,51.07931469903474,45.354622,56.804008
Lung_and_bronchus,Female,ADb,,,1,2.0999999,51.18001527845456,45.447216,56.912815
Lung_and_bronchus,Female,ADb,,,1,2.1500001,51.26887057874376,45.529224,57.008518
Lung_and_bronchus,Female,ADb,,,1,2.2,51.34664347298326,45.601322,57.091965
Lung_and_bronchus,Female,ADb,,,1,2.25,51.41403822631969,45.664135,57.16394
Lung_and_bronchus,Female,ADb,,,1,2.3,51.47170437209331,45.718239,57.22517
Lung_and_bronchus,Female,ADb,,,1,2.3499999,51.52024217429232,45.764172,57.276314
Lung_and_bronchus,Female,ADb,,,1,2.4000001,51.56020727314535,45.802418,57.317993
Lung_and_bronchus,Female,ADb,,,1,2.45,51.59211396711146,45.833447,57.350784
Lung_and_bronchus,Female,ADb,,,1,2.5,51.61643994043573,45.857674,57.37521
Lung_and_bronchus,Female,ADb,,,1,2.55,51.63362868432978,45.875496,57.391762
Lung_and_bronchus,Female,ADb,,,1,2.5999999,51.64409260484376,45.88728,57.400906
Lung_and_bronchus,Female,ADb,,,1,2.6500001,51.6482156381918,45.893372,57.403061
Lung_and_bronchus,Female,ADb,,,1,2.7,51.64635555795144,45.894085,57.398628
Lung_and_bronchus,Female,ADb,,,1,2.75,51.63884621928764,45.889717,57.387974
Lung_and_bronchus,Female,ADb,,,1,2.8,51.62599937913524,45.88055,57.371449
Lung_and_bronchus,Female,ADb,,,1,2.8499999,51.60810647757808,45.86684,57.349373
Lung_and_bronchus,Female,ADb,,,1,2.9000001,51.58544010472554,45.848835,57.322044
Lung_and_bronchus,Female,ADb,,,1,2.95,51.55825589776919,45.826756,57.289757
Lung_and_bronchus,Female,ADb,,,1,3.0,51.52679320327604,45.800823,57.252766
Lung_and_bronchus,Female,ADb,,,1,3.05,51.48680509802125,45.767189,57.206421
Lung_and_bronchus,Female,ADb,,,1,3.0999999,51.44298805207995,45.730099,57.155876
Lung_and_bronchus,Female,ADb,,,1,3.1500001,51.39554097680968,45.689732,57.101349
Lung_and_bronchus,Female,ADb,,,1,3.2,51.34465163040772,45.646255,57.043049
Lung_and_bronchus,Female,ADb,,,1,3.25,51.29049610075674,45.599823,56.981167
Lung_and_bronchus,Female,ADb,,,1,3.3,51.2332404661181,45.550591,56.91589
Lung_and_bronchus,Female,ADb,,,1,3.3499999,51.17304128621277,45.498692,56.847389
Lung_and_bronchus,Female,ADb,,,1,3.4000001,51.11004594697329,45.444263,56.775829
Lung_and_bronchus,Female,ADb,,,1,3.45,51.04439447509424,45.387428,56.701363
Lung_and_bronchus,Female,ADb,,,1,3.5,50.97621828708384,45.3283,56.624134
Lung_and_bronchus,Female,ADb,,,1,3.55,50.90564188760607,45.266998,56.544285
Lung_and_bronchus,Female,ADb,,,1,3.5999999,50.83278304579721,45.203625,56.461941
Lung_and_bronchus,Female,ADb,,,1,3.6500001,50.7577528668819,45.138275,56.377228
Lung_and_bronchus,Female,ADb,,,1,3.7,50.68065763541779,45.071053,56.290264
Lung_and_bronchus,Female,ADb,,,1,3.75,50.60159703980355,45.002041,56.201153
Lung_and_bronchus,Female,ADb,,,1,3.8,50.52066593817869,44.931328,56.110004
Lung_and_bronchus,Female,ADb,,,1,3.8499999,50.43795432527213,44.858994,56.016914
Lung_and_bronchus,Female,ADb,,,1,3.9000001,50.3535472225775,44.785114,55.921982
Lung_and_bronchus,Female,ADb,,,1,3.95,50.26752657191105,44.709763,55.825291
Lung_and_bronchus,Female,ADb,,,1,4.0,50.17996907605789,44.633007,55.726929
Lung_and_bronchus,Female,ADb,,,1,4.0500002,50.08628600358827,44.550697,55.621876
Lung_and_bronchus,Female,ADb,,,1,4.0999999,49.99123381598383,44.467136,55.515331
Lung_and_bronchus,Female,ADb,,,1,4.1500001,49.89487734658587,44.382378,55.407375
Lung_and_bronchus,Female,ADb,,,1,4.1999998,49.79728188043077,44.29649,55.298077
Lung_and_bronchus,Female,ADb,,,1,4.25,49.6985059871015,44.209518,55.187496
Lung_and_bronchus,Female,ADb,,,1,4.3000002,49.59860817558229,44.121513,55.075703
Lung_and_bronchus,Female,ADb,,,1,4.3499999,49.49764430854384,44.032536,54.962753
Lung_and_bronchus,Female,ADb,,,1,4.4000001,49.39566481364272,43.942623,54.848709
Lung_and_bronchus,Female,ADb,,,1,4.4499998,49.29272158629783,43.851822,54.733624
Lung_and_bronchus,Female,ADb,,,1,4.5,49.1888603413222,43.760178,54.617546
Lung_and_bronchus,Female,ADb,,,1,4.5500002,49.0841275836035,43.667728,54.500526
Lung_and_bronchus,Female,ADb,,,1,4.5999999,48.97856781433825,43.574516,54.382622
Lung_and_bronchus,Female,ADb,,,1,4.6500001,48.87222058051861,43.480576,54.263866
Lung_and_bronchus,Female,ADb,,,1,4.6999998,48.76512764097833,43.385948,54.144306
Lung_and_bronchus,Female,ADb,,,1,4.75,48.65732494892882,43.290661,54.023987
Lung_and_bronchus,Female,ADb,,,1,4.8000002,48.54884987199125,43.194752,53.902946
Lung_and_bronchus,Female,ADb,,,1,4.8499999,48.43973824054501,43.098251,53.781223
Lung_and_bronchus,Female,ADb,,,1,4.9000001,48.33002127565146,43.00119,53.658852
Lung_and_bronchus,Female,ADb,,,1,4.9499998,48.21973296135229,42.903595,53.53587
Lung_and_bronchus,Female,ADb,,,1,5.0,48.10890174503584,42.805492,53.412308
Lung_and_bronchus,Female,ADb,,,2,0.0,0.0,0.0,0.0
Lung_and_bronchus,Female,ADb,,,2,0.050000001,3.57330051015758,2.9551513,4.1914496
Lung_and_bronchus,Female,ADb,,,2,0.1,6.953354413875516,5.7632513,8.1434574
Lung_and_bronchus,Female,ADb,,,2,0.15000001,9.67296095586302,8.0334406,11.312482
Lung_and_bronchus,Female,ADb,,,2,0.2,11.85720703415743,9.8644724,13.849941
Lung_and_bronchus,Female,ADb,,,2,0.25,13.62715754782326,11.353951,15.900365
Lung_and_bronchus,Female,ADb,,,2,0.30000001,15.07510537896741,12.576884,17.573326
Lung_and_bronchus,Female,ADb,,,2,0.34999999,16.26955931636485,13.589254,18.949865
Lung_and_bronchus,Female,ADb,,,2,0.40000001,17.26169971848543,14.433059,20.09034
Lung_and_bronchus,Female,ADb,,,2,0.44999999,18.09110797403275,15.140912,21.041304
Lung_and_bronchus,Female,ADb,,,2,0.5,18.79250431947767,15.741599,21.84341
Lung_and_bronchus,Female,ADb,,,2,0.55000001,19.39285475583046,16.257547,22.528162
Lung_and_bronchus,Female,ADb,,,2,0.60000002,19.91187630389379,16.705187,23.118565
Lung_and_bronchus,Female,ADb,,,2,0.64999998,20.36427477681593,17.096785,23.631765
Lung_and_bronchus,Female,ADb,,,2,0.69999999,20.76122259871482,17.441671,24.080774
Lung_and_bronchus,Female,ADb,,,2,0.75,21.11134659583212,17.747061,24.475634
Lung_and_bronchus,Female,ADb,,,2,0.80000001,21.42140973922193,18.018612,24.824207
Lung_and_bronchus,Female,ADb,,,2,0.85000002,21.69678573142846,18.260826,25.132746
Lung_and_bronchus,Female,ADb,,,2,0.89999998,21.94178954290231,18.477318,25.406261
Lung_and_bronchus,Female,ADb,,,2,0.94999999,22.15945906079696,18.670626,25.648293
Lung_and_bronchus,Female,ADb,,,2,1.0,22.35168553089164,18.84231,25.861061
Lung_and_bronchus,Female,ADb,,,2,1.05,22.51386504280538,18.988646,26.039083
Lung_and_bronchus,Female,ADb,,,2,1.1,22.65393409400883,19.116114,26.191755
Lung_and_bronchus,Female,ADb,,,2,1.15,22.77348049334637,19.226034,26.320927
Lung_and_bronchus,Female,ADb,,,2,1.2,22.87400194632175,19.319658,26.428345
Lung_and_bronchus,Female,ADb,,,2,1.25,22.95690369391082,19.398163,26.515644
Lung_and_bronchus,Female,ADb,,,2,1.3,23.02350211168334,19.46265,26.584354
Lung_and_bronchus,Female,ADb,,,2,1.35,23.07502682429151,19.514154,26.6359
Lung_and_bronchus,Female,ADb,,,2,1.4,23.11262426223715,19.55364,26.671608
Lung_and_bronchus,Female,ADb,,,2,1.45,23.13736261250364,19.582008,26.692717
Lung_and_bronchus,Female,ADb,,,2,1.5,23.15023546584365,19.600101,26.700371
Lung_and_bronchus,Female,ADb,,,2,1.55,23.152166735452,19.608698,26.695635
Lung_and_bronchus,Female,ADb,,,2,1.6,23.14401473914864,19.608528,26.679501
Lung_and_bronchus,Female,ADb,,,2,1.65,23.12657663186098,19.600269,26.652885
Lung_and_bronchus,Female,ADb,,,2,1.7,23.10061100427987,19.584564,26.616657
Lung_and_bronchus,Female,ADb,,,2,1.75,23.06689156274024,19.562077,26.571707
Lung_and_bronchus,Female,ADb,,,2,1.8,23.02613496184267,19.533419,26.51885
Lung_and_bronchus,Female,ADb,,,2,1.85,22.97898611263298,19.499144,26.458828
Lung_and_bronchus,Female,ADb,,,2,1.9,22.92602692791371,19.459751,26.392303
Lung_and_bronchus,Female,ADb,,,2,1.95,22.86778272483497,19.415689,26.319876
Lung_and_bronchus,Female,ADb,,,2,2.0,22.80472950995841,19.367371,26.242088
Lung_and_bronchus,Female,ADb,,,2,2.05,22.73026428845424,19.309359,26.151169
Lung_and_bronchus,Female,ADb,,,2,2.0999999,22.65187111259888,19.247841,26.055901
Lung_and_bronchus,Female,ADb,,,2,2.1500001,22.5699089412351,19.183126,25.956692
Lung_and_bronchus,Female,ADb,,,2,2.2,22.48470582810916,19.115499,25.85391
Lung_and_bronchus,Female,ADb,,,2,2.25,22.39655986472013,19.045219,25.7479
Lung_and_bronchus,Female,ADb,,,2,2.3,22.3057436324699,18.972523,25.638966
Lung_and_bronchus,Female,ADb,,,2,2.3499999,22.21250638886113,18.897623,25.52739
Lung_and_bronchus,Female,ADb,,,2,2.4000001,22.11707588473723,18.820721,25.413431
Lung_and_bronchus,Female,ADb,,,2,2.45,22.01966221787319,18.741999,25.297325
Lung_and_bronchus,Female,ADb,,,2,2.5,21.92045690170892,18.661623,25.179291
Lung_and_bronchus,Female,ADb,,,2,2.55,21.81963628198775,18.579748,25.059525
Lung_and_bronchus,Female,ADb,,,2,2.5999999,21.71736252139243,18.496515,24.93821
Lung_and_bronchus,Female,ADb,,,2,2.6500001,21.61378438685915,18.412056,24.815514
Lung_and_bronchus,Female,ADb,,,2,2.7,21.50904038282448,18.32649,24.691589
Lung_and_bronchus,Female,ADb,,,2,2.75,21.40325682096022,18.239931,24.566584
Lung_and_bronchus,Female,ADb,,,2,2.8,21.29655072063326,18.152479,24.440622
Lung_and_bronchus,Female,ADb,,,2,2.8499999,21.18903015622442,18.06423,24.313829
Lung_and_bronchus,Female,ADb,,,2,2.9000001,21.08079449589292,17.975273,24.186316
Lung_and_bronchus,Female,ADb,,,2,2.95,20.97193715307776,17.885689,24.058186
Lung_and_bronchus,Female,ADb,,,2,3.0,20.86254310791594,17.795553,23.929533
Lung_and_bronchus,Female,ADb,,,2,3.05,20.74589586643333,17.699301,23.792492
Lung_and_bronchus,Female,ADb,,,2,3.0999999,20.62894964735335,17.602699,23.655201
Lung_and_bronchus,Female,ADb,,,2,3.1500001,20.51177185101744,17.505808,23.517736
Lung_and_bronchus,Female,ADb,,,2,3.2,20.39442654638435,17.408686,23.380167
Lung_and_bronchus,Female,ADb,,,2,3.25,20.27697150876764,17.311384,23.242559
Lung_and_bronchus,Female,ADb,,,2,3.3,20.15946081034849,17.213951,23.104969
Lung_and_bronchus,Female,ADb,,,2,3.3499999,20.04194458721508,17.116434,22.967457
Lung_and_bronchus,Female,ADb,,,2,3.4000001,19.92446877669727,17.018871,22.830067
Lung_and_bronchus,Female,ADb,,,2,3.45,19.80707762994052,16.921303,22.692852
Lung_and_bronchus,Female,ADb,,,2,3.5,19.6898105998394,16.823767,22.555855
Lung_and_bronchus,Female,ADb,,,2,3.55,19.5727048106985,16.726295,22.419113
Lung_and_bronchus,Female,ADb,,,2,3.5999999,19.45579470772486,16.628922,22.282669
Lung_and_bronchus,Female,ADb,,,2,3.6500001,19.33911169399414,16.531672,22.146551
Lung_and_bronchus,Female,ADb,,,2,3.7,19.22268653220743,16.434576,22.010798
Lung_and_bronchus,Female,ADb,,,2,3.75,19.10654616936193,16.337656,21.875435
Lung_and_bronchus,Female,ADb,,,2,3.8,18.99071611392009,16.24094,21.740492
Lung_and_bronchus,Female,ADb,,,2,3.8499999,18.87522001752535,16.144445,21.605993
Lung_and_bronchus,Female,ADb,,,2,3.9000001,18.76007925484066,16.048195,21.471962
Lung_and_bronchus,Female,ADb,,,2,3.95,18.64531523622088,15.952209,21.338421
Lung_and_bronchus,Female,ADb,,,2,4.0,18.53094622268225,15.856502,21.205391
Lung_and_bronchus,Female,ADb,,,2,4.0500002,18.41033766349949,15.755532,21.065144
Lung_and_bronchus,Female,ADb,,,2,4.0999999,18.29025268402819,15.65495,20.925554
Lung_and_bronchus,Female,ADb,,,2,4.1500001,18.17070308905801,15.55477,20.786636
Lung_and_bronchus,Female,ADb,,,2,4.1999998,18.05170410086453,15.455003,20.648405
Lung_and_bronchus,Female,ADb,,,2,4.25,17.93326531539668,15.355659,20.510872
Lung_and_bronchus,Female,ADb,,,2,4.3000002,17.81539873041197,15.256752,20.374044
Lung_and_bronchus,Female,ADb,,,2,4.3499999,17.69811538228805,15.158292,20.23794
Lung_and_bronchus,Female,ADb,,,2,4.4000001,17.58142207636473,15.060285,20.10256
Lung_and_bronchus,Female,ADb,,,2,4.4499998,17.46532925942779,14.962742,19.967916
Lung_and_bronchus,Female,ADb,,,2,4.5,17.34984217020479,14.865668,19.834017
Lung_and_bronchus,Female,ADb,,,2,4.5500002,17.23496865313376,14.769072,19.700867
Lung_and_bronchus,Female,ADb,,,2,4.5999999,17.12071585665041,14.67296,19.568472
Lung_and_bronchus,Female,ADb,,,2,4.6500001,17.0070870336512,14.577337,19.436836
Lung_and_bronchus,Female,ADb,,,2,4.6999998,16.89408919390058,14.482209,19.305969
Lung_and_bronchus,Female,ADb,,,2,4.75,16.78172447249437,14.387581,19.175869
Lung_and_bronchus,Female,ADb,,,2,4.8000002,16.66999772325039,14.293456,19.046539
Lung_and_bronchus,Female,ADb,,,2,4.8499999,16.55891329106316,14.199839,18.917988
Lung_and_bronchus,Female,ADb,,,2,4.9000001,16.44847189162215,14.106732,18.790211
Lung_and_bronchus,Female,ADb,,,2,4.9499998,16.33867804032366,14.014141,18.663216
Lung_and_bronchus,Female,ADb,,,2,5.0,16.2295316531056,13.922065,18.536999
Lung_and_bronchus,Female,pm,,,0,0.0,0.0,0.0,0.0
Lung_and_bronchus,Female,pm,,,0,0.050000001,77.24414825439453,75.543526,78.944771
Lung_and_bronchus,Female,pm,,,0,0.1,63.04463958740234,60.838383,65.250893
Lung_and_bronchus,Female,pm,,,0,0.15000001,58.55731582641602,56.267464,60.847168
Lung_and_bronchus,Female,pm,,,0,0.2,56.42803573608398,54.112888,58.743183
Lung_and_bronchus,Female,pm,,,0,0.25,55.24821090698242,52.923695,57.572727
Lung_and_bronchus,Female,pm,,,0,0.30000001,54.54480361938477,52.216789,56.872818
Lung_and_bronchus,Female,pm,,,0,0.34999999,54.11235046386719,51.783417,56.441284
Lung_and_bronchus,Female,pm,,,0,0.40000001,53.84695434570313,51.518372,56.175537
Lung_and_bronchus,Female,pm,,,0,0.44999999,53.69051742553711,51.362968,56.018066
Lung_and_bronchus,Female,pm,,,0,0.5,53.60810470581055,51.28199,55.934219
Lung_and_bronchus,Female,pm,,,0,0.55000001,53.57756042480469,51.253128,55.901993
Lung_and_bronchus,Female,pm,,,0,0.60000002,53.58419418334961,51.261608,55.90678
Lung_and_bronchus,Female,pm,,,0,0.64999998,53.61792755126953,51.297302,55.938553
Lung_and_bronchus,Female,pm,,,0,0.69999999,53.67163848876953,51.353058,55.990219
Lung_and_bronchus,Female,pm,,,0,0.75,53.74016571044922,51.423683,56.056648
Lung_and_bronchus,Female,pm,,,0,0.80000001,53.81968307495117,51.505344,56.134022
Lung_and_bronchus,Female,pm,,,0,0.85000002,53.90731048583984,51.595142,56.219479
Lung_and_bronchus,Female,pm,,,0,0.89999998,54.00083160400391,51.690857,56.310806
Lung_and_bronchus,Female,pm,,,0,0.94999999,54.09838485717773,51.790611,56.406158
Lung_and_bronchus,Female,pm,,,0,1.0,54.19834518432617,51.892769,56.503922
Lung_and_bronchus,Female,pm,,,0,1.05,54.29912948608398,51.995682,56.602577
Lung_and_bronchus,Female,pm,,,0,1.1,54.40019989013672,52.098858,56.701542
Lung_and_bronchus,Female,pm,,,0,1.15,54.50088882446289,52.201622,56.800156
Lung_and_bronchus,Female,pm,,,0,1.2,54.60071182250977,52.303478,56.897945
Lung_and_bronchus,Female,pm,,,0,1.25,54.69932556152344,52.404091,56.99456
Lung_and_bronchus,Female,pm,,,0,1.3,54.79649353027344,52.503212,57.089775
Lung_and_bronchus,Female,pm,,,0,1.35,54.89206314086914,52.600689,57.183437
Lung_and_bronchus,Female,pm,,,0,1.4,54.98593902587891,52.696426,57.275452
Lung_and_bronchus,Female,pm,,,0,1.45,55.07807922363281,52.790386,57.365772
Lung_and_bronchus,Female,pm,,,0,1.5,55.16848373413086,52.882561,57.454407
Lung_and_bronchus,Female,pm,,,0,1.55,55.25717163085938,52.972973,57.54137
Lung_and_bronchus,Female,pm,,,0,1.6,55.34420013427734,53.06168,57.62672
Lung_and_bronchus,Female,pm,,,0,1.65,55.42963027954102,53.148746,57.710514
Lung_and_bronchus,Female,pm,,,0,1.7,55.51353073120117,53.234238,57.792824
Lung_and_bronchus,Female,pm,,,0,1.75,55.59597015380859,53.318226,57.873714
Lung_and_bronchus,Female,pm,,,0,1.8,55.6769905090332,53.400757,57.953224
Lung_and_bronchus,Female,pm,,,0,1.85,55.75665664672852,53.481895,58.031418
Lung_and_bronchus,Female,pm,,,0,1.9,55.83502578735352,53.561695,58.108356
Lung_and_bronchus,Female,pm,,,0,1.95,55.91215515136719,53.640221,58.18409
Lung_and_bronchus,Female,pm,,,0,2.0,55.98810577392578,53.717529,58.258682
Lung_and_bronchus,Female,pm,,,0,2.05,56.06278228759766,53.793472,58.332092
Lung_and_bronchus,Female,pm,,,0,2.0999999,56.13642883300781,53.868347,58.40451
Lung_and_bronchus,Female,pm,,,0,2.1500001,56.20910263061523,53.942223,58.475983
Lung_and_bronchus,Female,pm,,,0,2.2,56.28085327148438,54.015144,58.546562
Lung_and_bronchus,Female,pm,,,0,2.25,56.35173797607422,54.08717,58.616306
Lung_and_bronchus,Female,pm,,,0,2.3,56.42180633544922,54.158352,58.685261
Lung_and_bronchus,Female,pm,,,0,2.3499999,56.49111175537109,54.228741,58.753483
Lung_and_bronchus,Female,pm,,,0,2.4000001,56.5596923828125,54.298386,58.820999
Lung_and_bronchus,Female,pm,,,0,2.45,56.62760162353516,54.367332,58.887871
Lung_and_bronchus,Female,pm,,,0,2.5,56.69488143920898,54.435627,58.954136
Lung_and_bronchus,Female,pm,,,0,2.55,56.76156616210938,54.503304,59.019829
Lung_and_bronchus,Female,pm,,,0,2.5999999,56.82770538330078,54.570412,59.084999
Lung_and_bronchus,Female,pm,,,0,2.6500001,56.89332962036133,54.63699,59.14967
Lung_and_bronchus,Female,pm,,,0,2.7,56.95847702026367,54.703068,59.213886
Lung_and_bronchus,Female,pm,,,0,2.75,57.0231819152832,54.768688,59.277676
Lung_and_bronchus,Female,pm,,,0,2.8,57.08747482299805,54.833878,59.341072
Lung_and_bronchus,Female,pm,,,0,2.8499999,57.15139007568359,54.89867,59.40411
Lung_and_bronchus,Female,pm,,,0,2.9000001,57.21495819091797,54.963104,59.466812
Lung_and_bronchus,Female,pm,,,0,2.95,57.27820205688477,55.027199,59.529205
Lung_and_bronchus,Female,pm,,,0,3.0,57.34114837646484,55.090981,59.591316
Lung_and_bronchus,Female,pm,,,0,3.05,57.40398025512695,55.154564,59.653397
Lung_and_bronchus,Female,pm,,,0,3.0999999,57.46659088134766,55.217915,59.715267
Lung_and_bronchus,Female,pm,,,0,3.1500001,57.52901077270508,55.281067,59.776955
Lung_and_bronchus,Female,pm,,,0,3.2,57.59125900268555,55.344032,59.838486
Lung_and_bronchus,Female,pm,,,0,3.25,57.65335083007813,55.406834,59.899868
Lung_and_bronchus,Female,pm,,,0,3.3,57.71531295776367,55.469494,59.961132
Lung_and_bronchus,Female,pm,,,0,3.3499999,57.77715682983398,55.532028,60.022285
Lung_and_bronchus,Female,pm,,,0,3.4000001,57.83890533447266,55.594456,60.083355
Lung_and_bronchus,Female,pm,,,0,3.45,57.90056991577148,55.656796,60.144344
Lung_and_bronchus,Female,pm,,,0,3.5,57.9621696472168,55.719063,60.205276
Lung_and_bronchus,Female,pm,,,0,3.55,58.02371978759766,55.781273,60.266167
Lung_and_bronchus,Female,pm,,,0,3.5999999,58.08523178100586,55.843437,60.327026
Lung_and_bronchus,Female,pm,,,0,3.6500001,58.1467170715332,55.905571,60.387863
Lung_and_bronchus,Female,pm,,,0,3.7,58.20819473266602,55.96769,60.4487
Lung_and_bronchus,Female,pm,,,0,3.75,58.26967239379883,56.029804,60.509541
Lung_and_bronchus,Female,pm,,,0,3.8,58.3311653137207,56.09193,60.5704
Lung_and_bronchus,Female,pm,,,0,3.8499999,58.39267730712891,56.154076,60.631279
Lung_and_bronchus,Female,pm,,,0,3.9000001,58.45422744750977,56.216251,60.692204
Lung_and_bronchus,Female,pm,,,0,3.95,58.51581954956055,56.278465,60.753174
Lung_and_bronchus,Female,pm,,,0,4.0,58.57746505737305,56.340733,60.814198
Lung_and_bronchus,Female,pm,,,0,4.0500002,58.63963317871094,56.40345,60.875816
Lung_and_bronchus,Female,pm,,,0,4.0999999,58.70190048217773,56.466263,60.937538
Lung_and_bronchus,Female,pm,,,0,4.1500001,58.7642707824707,56.529182,60.999359
Lung_and_bronchus,Female,pm,,,0,4.1999998,58.82675170898438,56.592209,61.061295
Lung_and_bronchus,Female,pm,,,0,4.25,58.88935089111328,56.655354,61.123348
Lung_and_bronchus,Female,pm,,,0,4.3000002,58.95207595825195,56.718624,61.185528
Lung_and_bronchus,Female,pm,,,0,4.3499999,59.01493072509766,56.782028,61.247833
Lung_and_bronchus,Female,pm,,,0,4.4000001,59.07792282104492,56.845566,61.31028
Lung_and_bronchus,Female,pm,,,0,4.4499998,59.14105987548828,56.909256,61.372864
Lung_and_bronchus,Female,pm,,,0,4.5,59.20433807373047,56.973083,61.435593
Lung_and_bronchus,Female,pm,,,0,4.5500002,59.26777267456055,57.037071,61.498474
Lung_and_bronchus,Female,pm,,,0,4.5999999,59.33136367797852,57.101219,61.561508
Lung_and_bronchus,Female,pm,,,0,4.6500001,59.39511489868164,57.165531,61.624699
Lung_and_bronchus,Female,pm,,,0,4.6999998,59.45903396606445,57.230011,61.688057
Lung_and_bronchus,Female,pm,,,0,4.75,59.52312088012695,57.294666,61.751575
Lung_and_bronchus,Female,pm,,,0,4.8000002,59.58738327026367,57.359497,61.815269
Lung_and_bronchus,Female,pm,,,0,4.8499999,59.65182113647461,57.424507,61.879135
Lung_and_bronchus,Female,pm,,,0,4.9000001,59.71643829345703,57.489704,61.943172
Lung_and_bronchus,Female,pm,,,0,4.9499998,59.78124237060547,57.555088,62.007397
Lung_and_bronchus,Female,pm,,,0,5.0,59.84622955322266,57.620663,62.071796
Lung_and_bronchus,Female,pm,,,1,0.0,0.0,0.0,0.0
Lung_and_bronchus,Female,pm,,,1,0.050000001,1596.551635742188,-43791.625,46984.727
Lung_and_bronchus,Female,pm,,,1,0.1,101.3684539794922,100.77364,101.96327
Lung_and_bronchus,Female,pm,,,1,0.15000001,72.35546875,69.991516,74.719421
Lung_and_bronchus,Female,pm,,,1,0.2,62.53016662597656,59.749588,65.310745
Lung_and_bronchus,Female,pm,,,1,0.25,57.71899795532227,54.821644,60.616352
Lung_and_bronchus,Female,pm,,,1,0.30000001,54.95872116088867,52.021805,57.895638
Lung_and_bronchus,Female,pm,,,1,0.34999999,53.2364616394043,50.286095,56.186829
Lung_and_bronchus,Female,pm,,,1,0.40000001,52.11053466796875,49.156952,55.064117
Lung_and_bronchus,Female,pm,,,1,0.44999999,51.35737228393555,48.404911,54.309834
Lung_and_bronchus,Female,pm,,,1,0.5,50.85189056396484,47.902473,53.801308
Lung_and_bronchus,Female,pm,,,1,0.55000001,50.51886749267578,47.573349,53.464386
Lung_and_bronchus,Female,pm,,,1,0.60000002,50.31039810180664,47.369137,53.251659
Lung_and_bronchus,Female,pm,,,1,0.64999998,50.19454193115234,47.257675,53.131409
Lung_and_bronchus,Female,pm,,,1,0.69999999,50.14917373657227,47.216736,53.081612
Lung_and_bronchus,Female,pm,,,1,0.75,50.15850067138672,47.230495,53.086506
Lung_and_bronchus,Female,pm,,,1,0.80000001,50.2109260559082,47.287338,53.134514
Lung_and_bronchus,Female,pm,,,1,0.85000002,50.29776382446289,47.378597,53.21693
Lung_and_bronchus,Female,pm,,,1,0.89999998,50.41233825683594,47.497597,53.32708
Lung_and_bronchus,Female,pm,,,1,0.94999999,50.54898452758789,47.638691,53.459278
Lung_and_bronchus,Female,pm,,,1,1.0,50.70266723632813,47.796837,53.608498
Lung_and_bronchus,Female,pm,,,1,1.05,50.86926651000977,47.967907,53.770626
Lung_and_bronchus,Female,pm,,,1,1.1,51.04586791992188,48.148998,53.942738
Lung_and_bronchus,Female,pm,,,1,1.15,51.23002243041992,48.337666,54.122379
Lung_and_bronchus,Female,pm,,,1,1.2,51.41980361938477,48.531979,54.307629
Lung_and_bronchus,Female,pm,,,1,1.25,51.61366271972656,48.730389,54.496937
Lung_and_bronchus,Female,pm,,,1,1.3,51.81037902832031,48.931671,54.689087
Lung_and_bronchus,Female,pm,,,1,1.35,52.00896453857422,49.134838,54.883091
Lung_and_bronchus,Female,pm,,,1,1.4,52.20864105224609,49.339111,55.078171
Lung_and_bronchus,Female,pm,,,1,1.45,52.40877532958984,49.54385,55.273701
Lung_and_bronchus,Female,pm,,,1,1.5,52.60887908935547,49.748569,55.469189
Lung_and_bronchus,Female,pm,,,1,1.55,52.80855178833008,49.952858,55.664246
Lung_and_bronchus,Female,pm,,,1,1.6,53.00749588012695,50.156425,55.858566
Lung_and_bronchus,Female,pm,,,1,1.65,53.20547103881836,50.359024,56.051918
Lung_and_bronchus,Female,pm,,,1,1.7,53.40229415893555,50.560474,56.244114
Lung_and_bronchus,Female,pm,,,1,1.75,53.59783172607422,50.760635,56.435028
Lung_and_bronchus,Female,pm,,,1,1.8,53.79195785522461,50.959381,56.624535
Lung_and_bronchus,Female,pm,,,1,1.85,53.98459625244141,51.156643,56.81255
Lung_and_bronchus,Female,pm,,,1,1.9,54.17567443847656,51.352337,56.999012
Lung_and_bronchus,Female,pm,,,1,1.95,54.36515426635742,51.546436,57.183872
Lung_and_bronchus,Female,pm,,,1,2.0,54.55300521850586,51.738899,57.367111
Lung_and_bronchus,Female,pm,,,1,2.05,54.73910140991211,51.929588,57.548615
Lung_and_bronchus,Female,pm,,,1,2.0999999,54.92354965209961,52.118626,57.728474
Lung_and_bronchus,Female,pm,,,1,2.1500001,55.10634994506836,52.306011,57.906689
Lung_and_bronchus,Female,pm,,,1,2.2,55.28750610351563,52.491749,58.083263
Lung_and_bronchus,Female,pm,,,1,2.25,55.467041015625,52.675858,58.258224
Lung_and_bronchus,Female,pm,,,1,2.3,55.64496994018555,52.85836,58.43158
Lung_and_bronchus,Female,pm,,,1,2.3499999,55.82131195068359,53.039272,58.603352
Lung_and_bronchus,Female,pm,,,1,2.4000001,55.99609375,53.218616,58.773571
Lung_and_bronchus,Female,pm,,,1,2.45,56.16934585571289,53.396427,58.942265
Lung_and_bronchus,Female,pm,,,1,2.5,56.34109115600586,53.572727,59.109455
Lung_and_bronchus,Female,pm,,,1,2.55,56.51136779785156,53.747555,59.275181
Lung_and_bronchus,Female,pm,,,1,2.5999999,56.68020629882813,53.920937,59.439476
Lung_and_bronchus,Female,pm,,,1,2.6500001,56.84763336181641,54.092907,59.60236
Lung_and_bronchus,Female,pm,,,1,2.7,57.01368713378906,54.263496,59.763878
Lung_and_bronchus,Female,pm,,,1,2.75,57.17839813232422,54.432743,59.924053
Lung_and_bronchus,Female,pm,,,1,2.8,57.34180450439453,54.600677,60.082932
Lung_and_bronchus,Female,pm,,,1,2.8499999,57.50393295288086,54.767334,60.240532
Lung_and_bronchus,Female,pm,,,1,2.9000001,57.66481781005859,54.932739,60.396896
Lung_and_bronchus,Female,pm,,,1,2.95,57.82449340820313,55.096935,60.552052
Lung_and_bronchus,Female,pm,,,1,3.0,57.98299407958984,55.259949,60.706039
Lung_and_bronchus,Female,pm,,,1,3.05,58.1402702331543,55.421715,60.858826
Lung_and_bronchus,Female,pm,,,1,3.0999999,58.29644012451172,55.582371,61.010509
Lung_and_bronchus,Female,pm,,,1,3.1500001,58.45153045654297,55.741943,61.161118
Lung_and_bronchus,Female,pm,,,1,3.2,58.60557174682617,55.900467,61.310677
Lung_and_bronchus,Female,pm,,,1,3.25,58.75859451293945,56.057968,61.459221
Lung_and_bronchus,Female,pm,,,1,3.3,58.91062545776367,56.214478,61.606773
Lung_and_bronchus,Female,pm,,,1,3.3499999,59.06169128417969,56.370022,61.753361
Lung_and_bronchus,Female,pm,,,1,3.4000001,59.21182250976563,56.524628,61.899017
Lung_and_bronchus,Female,pm,,,1,3.45,59.36104202270508,56.678326,62.043758
Lung_and_bronchus,Female,pm,,,1,3.5,59.50937652587891,56.831135,62.187618
Lung_and_bronchus,Female,pm,,,1,3.55,59.65685272216797,56.983089,62.330616
Lung_and_bronchus,Female,pm,,,1,3.5999999,59.80349731445313,57.134209,62.472786
Lung_and_bronchus,Female,pm,,,1,3.6500001,59.9493293762207,57.284519,62.61414
Lung_and_bronchus,Female,pm,,,1,3.7,60.0943717956543,57.43404,62.754704
Lung_and_bronchus,Female,pm,,,1,3.75,60.23865127563477,57.582802,62.894501
Lung_and_bronchus,Female,pm,,,1,3.8,60.38218688964844,57.73082,63.033554
Lung_and_bronchus,Female,pm,,,1,3.8499999,60.52499771118164,57.878113,63.171883
Lung_and_bronchus,Female,pm,,,1,3.9000001,60.6671142578125,58.024719,63.309509
Lung_and_bronchus,Female,pm,,,1,3.95,60.80854797363281,58.170643,63.446453
Lung_and_bronchus,Female,pm,,,1,4.0,60.94931793212891,58.315907,63.582729
Lung_and_bronchus,Female,pm,,,1,4.0500002,61.08942413330078,58.460484,63.718365
Lung_and_bronchus,Female,pm,,,1,4.0999999,61.22890853881836,58.604443,63.853374
Lung_and_bronchus,Female,pm,,,1,4.1500001,61.36779403686523,58.747807,63.987782
Lung_and_bronchus,Female,pm,,,1,4.1999998,61.50609588623047,58.890591,64.121597
Lung_and_bronchus,Female,pm,,,1,4.25,61.64383316040039,59.032818,64.254845
Lung_and_bronchus,Female,pm,,,1,4.3000002,61.78102111816406,59.1745,64.387543
Lung_and_bronchus,Female,pm,,,1,4.3499999,61.91767120361328,59.315651,64.519691
Lung_and_bronchus,Female,pm,,,1,4.4000001,62.05380630493164,59.456291,64.651321
Lung_and_bronchus,Female,pm,,,1,4.4499998,62.18943405151367,59.596432,64.78244
Lung_and_bronchus,Female,pm,,,1,4.5,62.32457733154297,59.736092,64.913063
Lung_and_bronchus,Female,pm,,,1,4.5500002,62.45924377441406,59.875286,65.043205
Lung_and_bronchus,Female,pm,,,1,4.5999999,62.59345245361328,60.014027,65.172882
Lung_and_bronchus,Female,pm,,,1,4.6500001,62.72721099853516,60.152325,65.302094
Lung_and_bronchus,Female,pm,,,1,4.6999998,62.86053848266602,60.290199,65.430878
Lung_and_bronchus,Female,pm,,,1,4.75,62.99344253540039,60.427662,65.559227
Lung_and_bronchus,Female,pm,,,1,4.8000002,63.12594223022461,60.564728,65.687157
Lung_and_bronchus,Female,pm,,,1,4.8499999,63.25804138183594,60.701397,65.814682
Lung_and_bronchus,Female,pm,,,1,4.9000001,63.38975524902344,60.837696,65.941818
Lung_and_bronchus,Female,pm,,,1,4.9499998,63.52109909057617,60.973633,66.068565
Lung_and_bronchus,Female,pm,,,1,5.0,63.65208053588867,61.109215,66.194946
Lung_and_bronchus,Female,pm,,,2,0.0,0.0,0.0,0.0
Lung_and_bronchus,Female,pm,,,2,0.050000001,33.34801864624023,29.92914,36.766895
Lung_and_bronchus,Female,pm,,,2,0.1,40.12782669067383,36.499954,43.755699
Lung_and_bronchus,Female,pm,,,2,0.15000001,44.89953231811523,41.215023,48.584042
Lung_and_bronchus,Female,pm,,,2,0.2,48.56146621704102,44.882397,52.240536
Lung_and_bronchus,Female,pm,,,2,0.25,51.47342681884766,47.828537,55.118317
Lung_and_bronchus,Female,pm,,,2,0.30000001,53.83190155029297,50.234066,57.429737
Lung_and_bronchus,Female,pm,,,2,0.34999999,55.76183319091797,52.21558,59.308086
Lung_and_bronchus,Female,pm,,,2,0.40000001,57.34999465942383,53.855289,60.8447
Lung_and_bronchus,Female,pm,,,2,0.44999999,58.66006851196289,55.214401,62.105736
Lung_and_bronchus,Female,pm,,,2,0.5,59.74030685424805,56.339916,63.140697
Lung_and_bronchus,Female,pm,,,2,0.55000001,60.62795639038086,57.268524,63.987389
Lung_and_bronchus,Female,pm,,,2,0.60000002,61.35244369506836,58.029469,64.675415
Lung_and_bronchus,Female,pm,,,2,0.64999998,61.93748092651367,58.646523,65.228439
Lung_and_bronchus,Female,pm,,,2,0.69999999,62.40248107910156,59.139294,65.665672
Lung_and_bronchus,Female,pm,,,2,0.75,62.76357269287109,59.524174,66.002975
Lung_and_bronchus,Female,pm,,,2,0.80000001,63.0342903137207,59.81501,66.253571
Lung_and_bronchus,Female,pm,,,2,0.85000002,63.22611236572266,60.023609,66.428612
Lung_and_bronchus,Female,pm,,,2,0.89999998,63.34886932373047,60.16013,66.537605
Lung_and_bronchus,Female,pm,,,2,0.94999999,63.4118766784668,60.234226,66.589523
Lung_and_bronchus,Female,pm,,,2,1.0,63.42427062988281,60.25539,66.593155
Lung_and_bronchus,Female,pm,,,2,1.05,63.39512634277344,60.233189,66.55706
Lung_and_bronchus,Female,pm,,,2,1.1,63.32972717285156,60.173019,66.486435
Lung_and_bronchus,Female,pm,,,2,1.15,63.23374557495117,60.080807,66.386681
Lung_and_bronchus,Female,pm,,,2,1.2,63.11202239990234,59.961624,66.262421
Lung_and_bronchus,Female,pm,,,2,1.25,62.96871185302734,59.819817,66.117607
Lung_and_bronchus,Female,pm,,,2,1.3,62.80735778808594,59.659103,65.955612
Lung_and_bronchus,Female,pm,,,2,1.35,62.63101959228516,59.482689,65.77935
Lung_and_bronchus,Female,pm,,,2,1.4,62.44231033325195,59.293316,65.591309
Lung_and_bronchus,Female,pm,,,2,1.45,62.24349594116211,59.093357,65.393631
Lung_and_bronchus,Female,pm,,,2,1.5,62.03651809692383,58.884857,65.188179
Lung_and_bronchus,Female,pm,,,2,1.55,61.82305145263672,58.669559,64.97654
Lung_and_bronchus,Female,pm,,,2,1.6,61.60453796386719,58.448982,64.760094
Lung_and_bronchus,Female,pm,,,2,1.65,61.38222503662109,58.22443,64.540024
Lung_and_bronchus,Female,pm,,,2,1.7,61.15718078613281,57.997017,64.317345
Lung_and_bronchus,Female,pm,,,2,1.75,60.93026351928711,57.767643,64.092888
Lung_and_bronchus,Female,pm,,,2,1.8,60.70219421386719,57.53706,63.867329
Lung_and_bronchus,Female,pm,,,2,1.85,60.47359085083008,57.305923,63.641258
Lung_and_bronchus,Female,pm,,,2,1.9,60.24497985839844,57.074776,63.415184
Lung_and_bronchus,Female,pm,,,2,1.95,60.01680755615234,56.844082,63.189533
Lung_and_bronchus,Female,pm,,,2,2.0,59.78946685791016,56.614258,62.964676
Lung_and_bronchus,Female,pm,,,2,2.05,59.5638542175293,56.386326,62.741383
Lung_and_bronchus,Female,pm,,,2,2.0999999,59.33963012695313,56.159836,62.519424
Lung_and_bronchus,Female,pm,,,2,2.1500001,59.11703491210938,55.93504,62.29903
Lung_and_bronchus,Female,pm,,,2,2.2,58.89627075195313,55.712143,62.080399
Lung_and_bronchus,Female,pm,,,2,2.25,58.67750549316406,55.491322,61.863689
Lung_and_bronchus,Female,pm,,,2,2.3,58.46088027954102,55.27272,61.64904
Lung_and_bronchus,Female,pm,,,2,2.3499999,58.24651718139648,55.056465,61.436569
Lung_and_bronchus,Female,pm,,,2,2.4000001,58.03451156616211,54.842648,61.226376
Lung_and_bronchus,Female,pm,,,2,2.45,57.82493591308594,54.631348,61.018524
Lung_and_bronchus,Female,pm,,,2,2.5,57.61785888671875,54.422634,60.813084
Lung_and_bronchus,Female,pm,,,2,2.55,57.41332626342773,54.216553,60.6101
Lung_and_bronchus,Female,pm,,,2,2.5999999,57.21136856079102,54.01313,60.409607
Lung_and_bronchus,Female,pm,,,2,2.6500001,57.01201629638672,53.812397,60.211636
Lung_and_bronchus,Female,pm,,,2,2.7,56.81528472900391,53.614368,60.016201
Lung_and_bronchus,Female,pm,,,2,2.75,56.62117767333984,53.419048,59.823307
Lung_and_bronchus,Female,pm,,,2,2.8,56.4296989440918,53.226437,59.632961
Lung_and_bronchus,Female,pm,,,2,2.8499999,56.24084091186523,53.036526,59.445156
Lung_and_bronchus,Female,pm,,,2,2.9000001,56.05459594726563,52.849304,59.259888
Lung_and_bronchus,Female,pm,,,2,2.95,55.87094879150391,52.664753,59.077145
Lung_and_bronchus,Female,pm,,,2,3.0,55.68988037109375,52.482857,58.896904
Lung_and_bronchus,Female,pm,,,2,3.05,55.51162338256836,52.303947,58.719299
Lung_and_bronchus,Female,pm,,,2,3.0999999,55.33586883544922,52.127605,58.544132
Lung_and_bronchus,Female,pm,,,2,3.1500001,55.16259002685547,51.9538,58.37138
Lung_and_bronchus,Female,pm,,,2,3.2,54.99176025390625,51.782509,58.201012
Lung_and_bronchus,Female,pm,,,2,3.25,54.82334899902344,51.613697,58.033001
Lung_and_bronchus,Female,pm,,,2,3.3,54.65732955932617,51.44733,57.867329
Lung_and_bronchus,Female,pm,,,2,3.3499999,54.4936637878418,51.283375,57.703953
Lung_and_bronchus,Female,pm,,,2,3.4000001,54.33232116699219,51.121792,57.54285
Lung_and_bronchus,Female,pm,,,2,3.45,54.17326736450195,50.962555,57.38398
Lung_and_bronchus,Female,pm,,,2,3.5,54.0164680480957,50.805614,57.227322
Lung_and_bronchus,Female,pm,,,2,3.55,53.86189270019531,50.650951,57.072834
Lung_and_bronchus,Female,pm,,,2,3.5999999,53.70949935913086,50.498512,56.920486
Lung_and_bronchus,Female,pm,,,2,3.6500001,53.55925750732422,50.348267,56.770248
Lung_and_bronchus,Female,pm,,,2,3.7,53.41112899780273,50.200176,56.622082
Lung_and_bronchus,Female,pm,,,2,3.75,53.26508331298828,50.054211,56.475956
Lung_and_bronchus,Female,pm,,,2,3.8,53.12107849121094,49.91032,56.331837
Lung_and_bronchus,Female,pm,,,2,3.8499999,52.97908782958984,49.768482,56.189693
Lung_and_bronchus,Female,pm,,,2,3.9000001,52.83906936645508,49.628654,56.049484
Lung_and_bronchus,Female,pm,,,2,3.95,52.70099639892578,49.490799,55.911194
Lung_and_bronchus,Female,pm,,,2,4.0,52.56482696533203,49.354881,55.774773
Lung_and_bronchus,Female,pm,,,2,4.0500002,52.4305534362793,49.220978,55.640129
Lung_and_bronchus,Female,pm,,,2,4.0999999,52.29809951782227,49.088921,55.507278
Lung_and_bronchus,Female,pm,,,2,4.1500001,52.16743469238281,48.958675,55.376194
Lung_and_bronchus,Female,pm,,,2,4.1999998,52.03853225708008,48.830219,55.246845
Lung_and_bronchus,Female,pm,,,2,4.25,51.91135406494141,48.70351,55.119198
Lung_and_bronchus,Female,pm,,,2,4.3000002,51.78587341308594,48.578522,54.993225
Lung_and_bronchus,Female,pm,,,2,4.3499999,51.66205596923828,48.455215,54.868896
Lung_and_bronchus,Female,pm,,,2,4.4000001,51.53987884521484,48.333569,54.746189
Lung_and_bronchus,Female,pm,,,2,4.4499998,51.41930770874023,48.213543,54.625072
Lung_and_bronchus,Female,pm,,,2,4.5,51.30031585693359,48.095119,54.505512
Lung_and_bronchus,Female,pm,,,2,4.5500002,51.18287658691406,47.97826,54.387493
Lung_and_bronchus,Female,pm,,,2,4.5999999,51.06695938110352,47.862942,54.270977
Lung_and_bronchus,Female,pm,,,2,4.6500001,50.95253753662109,47.749134,54.155941
Lung_and_bronchus,Female,pm,,,2,4.6999998,50.8395881652832,47.63681,54.042366
Lung_and_bronchus,Female,pm,,,2,4.75,50.72807693481445,47.52594,53.930214
Lung_and_bronchus,Female,pm,,,2,4.8000002,50.61798858642578,47.4165,53.819477
Lung_and_bronchus,Female,pm,,,2,4.8499999,50.5092887878418,47.308464,53.710114
Lung_and_bronchus,Female,pm,,,2,4.9000001,50.40196228027344,47.201809,53.602116
Lung_and_bronchus,Female,pm,,,2,4.9499998,50.29597473144531,47.096504,53.495445
Lung_and_bronchus,Female,pm,,,2,5.0,50.19131088256836,46.992535,53.390087
Lung_and_bronchus,Female,tce,,,0,0.0,0.0,0.0,0.0
Lung_and_bronchus,Female,tce,,,0,0.050000001,0.0028915636279515,0.0026775892,0.003105538
Lung_and_bronchus,Female,tce,,,0,0.1,0.0070352055121864,0.0066135596,0.0074568512
Lung_and_bronchus,Female,tce,,,0,0.15000001,0.0107165293665152,0.010122418,0.01131064
Lung_and_bronchus,Female,tce,,,0,0.2,0.0138307007817152,0.013093853,0.014567548
Lung_and_bronchus,Female,tce,,,0,0.25,0.016441153230666,0.015585285,0.017297022
Lung_and_bronchus,Female,tce,,,0,0.30000001,0.0186307010188602,0.017674727,0.019586675
Lung_and_bronchus,Female,tce,,,0,0.34999999,0.0204735387569759,0.019432696,0.02151438
Lung_and_bronchus,Female,tce,,,0,0.40000001,0.0220309152473329,0.020917621,0.02314421
Lung_and_bronchus,Female,tce,,,0,0.44999999,0.0233532778260193,0.022177707,0.024528848
Lung_and_bronchus,Female,tce,,,0,0.5,0.0244868188297323,0.02325711,0.025716526
Lung_and_bronchus,Female,tce,,,0,0.55000001,0.0254687617880761,0.024191432,0.026746092
Lung_and_bronchus,Female,tce,,,0,0.60000002,0.0263272469155652,0.025007602,0.027646894
Lung_and_bronchus,Female,tce,,,0,0.64999998,0.0270838472885577,0.025726277,0.028441416
Lung_and_bronchus,Female,tce,,,0,0.69999999,0.0277553357922158,0.026363527,0.029147143
Lung_and_bronchus,Female,tce,,,0,0.75,0.0283549209121101,0.02693201,0.029777832
Lung_and_bronchus,Female,tce,,,0,0.80000001,0.0288931344648665,0.027441816,0.030344453
Lung_and_bronchus,Female,tce,,,0,0.85000002,0.0293784686345163,0.027901087,0.030855849
Lung_and_bronchus,Female,tce,,,0,0.89999998,0.0298178267632835,0.028316442,0.031319212
Lung_and_bronchus,Female,tce,,,0,0.94999999,0.030216224976151,0.0286927,0.031739749
Lung_and_bronchus,Female,tce,,,0,1.0,0.0305770632711664,0.029033139,0.032120988
Lung_and_bronchus,Female,tce,,,0,1.05,0.0308992366741904,0.029336732,0.03246174
Lung_and_bronchus,Female,tce,,,0,1.1,0.0311895344552741,0.029609973,0.032769095
Lung_and_bronchus,Female,tce,,,0,1.15,0.0314504416029634,0.029855251,0.033045631
Lung_and_bronchus,Female,tce,,,0,1.2,0.0316842223737615,0.030074736,0.033293709
Lung_and_bronchus,Female,tce,,,0,1.25,0.0318929380559801,0.0302704,0.033515476
Lung_and_bronchus,Female,tce,,,0,1.3,0.0320784712479337,0.030444046,0.033712897
Lung_and_bronchus,Female,tce,,,0,1.35,0.0322425419075168,0.030597316,0.033887766
Lung_and_bronchus,Female,tce,,,0,1.4,0.0323867224267922,0.030731712,0.034041733
Lung_and_bronchus,Female,tce,,,0,1.45,0.032512454512991,0.030848607,0.034176301
Lung_and_bronchus,Female,tce,,,0,1.5,0.0326210591488468,0.030949263,0.034292854
Lung_and_bronchus,Female,tce,,,0,1.55,0.0327137501726794,0.031034835,0.034392666
Lung_and_bronchus,Female,tce,,,0,1.6,0.0327916433778435,0.031106381,0.034476906
Lung_and_bronchus,Female,tce,,,0,1.65,0.0328557652328949,0.031164879,0.034546651
Lung_and_bronchus,Female,tce,,,0,1.7,0.0329070816554968,0.03121125,0.034602914
Lung_and_bronchus,Female,tce,,,0,1.75,0.032946609522586,0.031246455,0.034646764
Lung_and_bronchus,Female,tce,,,0,1.8,0.0329753216964122,0.03127142,0.034679223
Lung_and_bronchus,Female,tce,,,0,1.85,0.0329940947784241,0.031286981,0.03470121
Lung_and_bronchus,Female,tce,,,0,1.9,0.0330037201831315,0.031293888,0.034713551
Lung_and_bronchus,Female,tce,,,0,1.95,0.0330049141981781,0.031292818,0.034717012
Lung_and_bronchus,Female,tce,,,0,2.0,0.032998326298988,0.031284388,0.034712262
Lung_and_bronchus,Female,tce,,,0,2.05,0.0329798532674916,0.031264674,0.034695033
Lung_and_bronchus,Female,tce,,,0,2.0999999,0.032954738467072,0.031238679,0.034670796
Lung_and_bronchus,Female,tce,,,0,2.1500001,0.0329234739408816,0.031206874,0.034640074
Lung_and_bronchus,Female,tce,,,0,2.2,0.0328865097131472,0.031169685,0.034603335
Lung_and_bronchus,Female,tce,,,0,2.25,0.0328442572673026,0.031127499,0.034561016
Lung_and_bronchus,Female,tce,,,0,2.3,0.0327970939716018,0.031080678,0.034513511
Lung_and_bronchus,Female,tce,,,0,2.3499999,0.0327453663499246,0.031029547,0.034461185
Lung_and_bronchus,Female,tce,,,0,2.4000001,0.0326893928196432,0.030974409,0.034404378
Lung_and_bronchus,Female,tce,,,0,2.45,0.0326294674534626,0.030915542,0.034343395
Lung_and_bronchus,Female,tce,,,0,2.5,0.032565860752529,0.030853201,0.034278519
Lung_and_bronchus,Female,tce,,,0,2.55,0.0324988228121424,0.030787626,0.034210019
Lung_and_bronchus,Female,tce,,,0,2.5999999,0.0324285849534885,0.030719033,0.034138136
Lung_and_bronchus,Female,tce,,,0,2.6500001,0.0323553610562525,0.030647626,0.034063097
Lung_and_bronchus,Female,tce,,,0,2.7,0.0322793504819426,0.030573592,0.033985108
Lung_and_bronchus,Female,tce,,,0,2.75,0.0322007373344398,0.030497108,0.033904366
Lung_and_bronchus,Female,tce,,,0,2.8,0.0321196930630792,0.030418331,0.033821054
Lung_and_bronchus,Female,tce,,,0,2.8499999,0.0320363772183493,0.030337417,0.033735335
Lung_and_bronchus,Female,tce,,,0,2.9000001,0.0319509380296455,0.030254506,0.03364737
Lung_and_bronchus,Female,tce,,,0,2.95,0.031863514939195,0.030169725,0.033557303
Lung_and_bronchus,Female,tce,,,0,3.0,0.0317742369653787,0.030083202,0.033465274
Lung_and_bronchus,Female,tce,,,0,3.05,0.03167832468211,0.029990351,0.0333663
Lung_and_bronchus,Female,tce,,,0,3.0999999,0.0315808267441064,0.02989601,0.033265643
Lung_and_bronchus,Female,tce,,,0,3.1500001,0.0314818492758175,0.029800279,0.033163421
Lung_and_bronchus,Female,tce,,,0,3.2,0.0313814931093604,0.029703252,0.033059735
Lung_and_bronchus,Female,tce,,,0,3.25,0.0312798514561823,0.02960502,0.032954682
Lung_and_bronchus,Female,tce,,,0,3.3,0.0311770122482843,0.029505664,0.032848362
Lung_and_bronchus,Female,tce,,,0,3.3499999,0.0310730580897148,0.029405262,0.032740854
Lung_and_bronchus,Female,tce,,,0,3.4000001,0.0309680661376633,0.029303888,0.032632243
Lung_and_bronchus,Female,tce,,,0,3.45,0.0308621104616705,0.029201612,0.032522608
Lung_and_bronchus,Female,tce,,,0,3.5,0.0307552593616315,0.029098498,0.032412022
Lung_and_bronchus,Female,tce,,,0,3.55,0.0306475776616614,0.028994607,0.03230055
Lung_and_bronchus,Female,tce,,,0,3.5999999,0.0305391264836666,0.028889997,0.032188255
Lung_and_bronchus,Female,tce,,,0,3.6500001,0.0304299629751978,0.028784722,0.032075204
Lung_and_bronchus,Female,tce,,,0,3.7,0.0303201426251772,0.028678834,0.031961448
Lung_and_bronchus,Female,tce,,,0,3.75,0.0302097163524877,0.028572384,0.031847049
Lung_and_bronchus,Female,tce,,,0,3.8,0.0300987327807644,0.028465414,0.031732053
Lung_and_bronchus,Female,tce,,,0,3.8499999,0.0299872379003091,0.028357971,0.031616505
Lung_and_bronchus,Female,tce,,,0,3.9000001,0.0298752747003023,0.028250093,0.031500459
Lung_and_bronchus,Female,tce,,,0,3.95,0.0297628854612476,0.028141821,0.03138395
Lung_and_bronchus,Female,tce,,,0,4.0,0.0296501086946557,0.028033189,0.031267028
Lung_and_bronchus,Female,tce,,,0,4.0500002,0.0295319934045863,0.027919453,0.031144535
Lung_and_bronchus,Female,tce,,,0,4.0999999,0.029413610392482,0.02780547,0.03102175
Lung_and_bronchus,Female,tce,,,0,4.1500001,0.0292949908035847,0.027691273,0.030898707
Lung_and_bronchus,Female,tce,,,0,4.1999998,0.0291761685889481,0.027576895,0.030775443
Lung_and_bronchus,Female,tce,,,0,4.25,0.0290571715571986,0.02746236,0.030651983
Lung_and_bronchus,Female,tce,,,0,4.3000002,0.028938029395207,0.027347697,0.030528363
Lung_and_bronchus,Female,tce,,,0,4.3499999,0.0288187703618022,0.027232932,0.030404609
Lung_and_bronchus,Female,tce,,,0,4.4000001,0.0286994179506377,0.027118087,0.030280748
Lung_and_bronchus,Female,tce,,,0,4.4499998,0.0285799989295336,0.02700319,0.030156808
Lung_and_bronchus,Female,tce,,,0,4.5,0.0284605343064971,0.026888259,0.03003281
Lung_and_bronchus,Female,tce,,,0,4.5500002,0.0283410473662857,0.026773315,0.02990878
Lung_and_bronchus,Female,tce,,,0,4.5999999,0.0282215603166325,0.02665838,0.029784741
Lung_and_bronchus,Female,tce,,,0,4.6500001,0.0281020909266349,0.026543472,0.029660709
Lung_and_bronchus,Female,tce,,,0,4.6999998,0.0279826605571991,0.02642861,0.029536711
Lung_and_bronchus,Female,tce,,,0,4.75,0.0278632850980078,0.02631381,0.029412761
Lung_and_bronchus,Female,tce,,,0,4.8000002,0.0277439829889558,0.026199088,0.029288879
Lung_and_bronchus,Female,tce,,,0,4.8499999,0.027624771844862,0.02608446,0.029165084
Lung_and_bronchus,Female,tce,,,0,4.9000001,0.0275056650900117,0.025969943,0.029041387
Lung_and_bronchus,Female,tce,,,0,4.9499998,0.027386679953405,0.025855549,0.028917812
Lung_and_bronchus,Female,tce,,,0,5.0,0.0272678284195336,0.02574129,0.028794367
Lung_and_bronchus,Female,tce,,,1,0.0,0.0,0.0,0.0
Lung_and_bronchus,Female,tce,,,1,0.050000001,0.0001112781733633,-0.00010291657,0.00032547291
Lung_and_bronchus,Female,tce,,,1,0.1,0.0036079284786406,0.0031700535,0.0040458036
Lung_and_bronchus,Female,tce,,,1,0.15000001,0.007305749065124,0.0066753258,0.0079361722
Lung_and_bronchus,Female,tce,,,1,0.2,0.0106743184434918,0.0098806387,0.011467998
Lung_and_bronchus,Female,tce,,,1,0.25,0.0136181626889667,0.012685825,0.0145505
Lung_and_bronchus,Female,tce,,,1,0.30000001,0.0161537244175602,0.015102998,0.01720445
Lung_and_bronchus,Female,tce,,,1,0.34999999,0.0183266121000889,0.01717421,0.019479014
Lung_and_bronchus,Female,tce,,,1,0.40000001,0.0201863536814062,0.018946139,0.021426568
Lung_and_bronchus,Female,tce,,,1,0.44999999,0.0217795285452196,0.020463031,0.023096027
Lung_and_bronchus,Female,tce,,,1,0.5,0.0231521205076071,0.021768661,0.02453558
Lung_and_bronchus,Female,tce,,,1,0.55000001,0.024343099415349,0.022900207,0.025785992
Lung_and_bronchus,Female,tce,,,1,0.60000002,0.0253831645323144,0.02388702,0.026879311
Lung_and_bronchus,Female,tce,,,1,0.64999998,0.0262966283697754,0.024752378,0.027840879
Lung_and_bronchus,Female,tce,,,1,0.69999999,0.0271029052732367,0.025514897,0.028690914
Lung_and_bronchus,Female,tce,,,1,0.75,0.0278176334421334,0.026189581,0.029445685
Lung_and_bronchus,Female,tce,,,1,0.80000001,0.0284535293366401,0.026788643,0.030118415
Lung_and_bronchus,Female,tce,,,1,0.85000002,0.0290210266813087,0.02732211,0.030719943
Lung_and_bronchus,Female,tce,,,1,0.89999998,0.0295287485223198,0.027798273,0.031259224
Lung_and_bronchus,Female,tce,,,1,0.94999999,0.029983382703852,0.028223591,0.031743176
Lung_and_bronchus,Female,tce,,,1,1.0,0.0303899798228909,0.028602974,0.032176983
Lung_and_bronchus,Female,tce,,,1,1.05,0.030750841891808,0.028938722,0.03256296
Lung_and_bronchus,Female,tce,,,1,1.1,0.0310719862358555,0.029236609,0.032907363
Lung_and_bronchus,Female,tce,,,1,1.15,0.0313569428182399,0.02950005,0.033213835
Lung_and_bronchus,Female,tce,,,1,1.2,0.0316088783348943,0.029732106,0.033485651
Lung_and_bronchus,Female,tce,,,1,1.25,0.0318306357859579,0.029935515,0.033725757
Lung_and_bronchus,Female,tce,,,1,1.3,0.032024777178388,0.030112742,0.033936813
Lung_and_bronchus,Female,tce,,,1,1.35,0.0321936142498722,0.030266011,0.034121215
Lung_and_bronchus,Female,tce,,,1,1.4,0.0323392358759496,0.030397328,0.034281142
Lung_and_bronchus,Female,tce,,,1,1.45,0.0324635353168161,0.030508505,0.034418564
Lung_and_bronchus,Female,tce,,,1,1.5,0.0325682288317996,0.030601185,0.034535274
Lung_and_bronchus,Female,tce,,,1,1.55,0.0326548766225552,0.030676858,0.034632895
Lung_and_bronchus,Female,tce,,,1,1.6,0.0327248982068333,0.030736882,0.034712914
Lung_and_bronchus,Female,tce,,,1,1.65,0.0327795866081501,0.030782485,0.034776688
Lung_and_bronchus,Female,tce,,,1,1.7,0.0328201421778059,0.030814813,0.03482547
Lung_and_bronchus,Female,tce,,,1,1.75,0.0328477915149058,0.030835031,0.034860551
Lung_and_bronchus,Female,tce,,,1,1.8,0.0328636934570106,0.030844236,0.034883153
Lung_and_bronchus,Female,tce,,,1,1.85,0.0328688883192872,0.030843416,0.034894362
Lung_and_bronchus,Female,tce,,,1,1.9,0.0328643117688667,0.03083346,0.034895163
Lung_and_bronchus,Female,tce,,,1,1.95,0.0328508070055586,0.030815164,0.03488645
Lung_and_bronchus,Female,tce,,,1,2.0,0.0328291353959588,0.030789251,0.034869019
Lung_and_bronchus,Female,tce,,,1,2.05,0.0327975242761354,0.030754054,0.034840994
Lung_and_bronchus,Female,tce,,,1,2.0999999,0.0327590644381337,0.030712485,0.034805644
Lung_and_bronchus,Female,tce,,,1,2.1500001,0.0327143234358903,0.030665081,0.034763567
Lung_and_bronchus,Female,tce,,,1,2.2,0.0326638177931457,0.030612331,0.034715306
Lung_and_bronchus,Female,tce,,,1,2.25,0.0326080171505218,0.030554673,0.03466136
Lung_and_bronchus,Female,tce,,,1,2.3,0.0325473498755519,0.030492514,0.034602184
Lung_and_bronchus,Female,tce,,,1,2.3499999,0.0324822070862031,0.030426223,0.034538191
Lung_and_bronchus,Female,tce,,,1,2.4000001,0.0324129460457774,0.030356135,0.034469757
Lung_and_bronchus,Female,tce,,,1,2.45,0.0323398948132146,0.030282557,0.034397233
Lung_and_bronchus,Female,tce,,,1,2.5,0.032263353197611,0.030205773,0.034320932
Lung_and_bronchus,Female,tce,,,1,2.55,0.0321835966753508,0.030126041,0.034241151
Lung_and_bronchus,Female,tce,,,1,2.5999999,0.0321008783986339,0.030043598,0.034158159
Lung_and_bronchus,Female,tce,,,1,2.6500001,0.0320154308611544,0.029958662,0.034072198
Lung_and_bronchus,Female,tce,,,1,2.7,0.0319274694002891,0.029871436,0.033983503
Lung_and_bronchus,Female,tce,,,1,2.75,0.0318371914162124,0.029782102,0.033892281
Lung_and_bronchus,Female,tce,,,1,2.8,0.0317447794838547,0.029690834,0.033798724
Lung_and_bronchus,Female,tce,,,1,2.8499999,0.0316504022940898,0.029597785,0.033703018
Lung_and_bronchus,Female,tce,,,1,2.9000001,0.0315542153988752,0.029503105,0.033605326
Lung_and_bronchus,Female,tce,,,1,2.95,0.0314563641430715,0.029406929,0.033505801
Lung_and_bronchus,Female,tce,,,1,3.0,0.0313569818938207,0.029309379,0.033404585
Lung_and_bronchus,Female,tce,,,1,3.05,0.0312535352251151,0.029208073,0.033298999
Lung_and_bronchus,Female,tce,,,1,3.0999999,0.0311488148846811,0.029105633,0.033191998
Lung_and_bronchus,Female,tce,,,1,3.1500001,0.0310429277637938,0.029002162,0.033083696
Lung_and_bronchus,Female,tce,,,1,3.2,0.0309359747065647,0.028897749,0.032974202
Lung_and_bronchus,Female,tce,,,1,3.25,0.0308280480829328,0.028792484,0.032863613
Lung_and_bronchus,Female,tce,,,1,3.3,0.0307192343518784,0.028686443,0.032752026
Lung_and_bronchus,Female,tce,,,1,3.3499999,0.0306096140587307,0.028579704,0.032639522
Lung_and_bronchus,Female,tce,,,1,3.4000001,0.030499261762714,0.028472334,0.032526188
Lung_and_bronchus,Female,tce,,,1,3.45,0.0303882485608731,0.028364401,0.032412097
Lung_and_bronchus,Female,tce,,,1,3.5,0.0302766393100986,0.028255962,0.032297317
Lung_and_bronchus,Female,tce,,,1,3.55,0.0301644950761402,0.028147075,0.032181915
Lung_and_bronchus,Female,tce,,,1,3.5999999,0.0300518729270792,0.028037794,0.03206595
Lung_and_bronchus,Female,tce,,,1,3.6500001,0.0299388256847848,0.027928164,0.031949487
Lung_and_bronchus,Female,tce,,,1,3.7,0.029825404350537,0.027818237,0.031832572
Lung_and_bronchus,Female,tce,,,1,3.75,0.0297116551159066,0.02770805,0.031715263
Lung_and_bronchus,Female,tce,,,1,3.8,0.0295976217429036,0.027597645,0.031597599
Lung_and_bronchus,Female,tce,,,1,3.8499999,0.02948334523354,0.027487062,0.031479631
Lung_and_bronchus,Female,tce,,,1,3.9000001,0.0293688634747183,0.027376331,0.031361394
Lung_and_bronchus,Female,tce,,,1,3.95,0.0292542135990172,0.027265493,0.031242935
Lung_and_bronchus,Female,tce,,,1,4.0,0.0291394288716655,0.027154572,0.031124286
Lung_and_bronchus,Female,tce,,,1,4.0500002,0.0290218669789197,0.027041089,0.031002644
Lung_and_bronchus,Female,tce,,,1,4.0999999,0.0289042558702244,0.026927605,0.030880906
Lung_and_bronchus,Female,tce,,,1,4.1500001,0.0287866213350788,0.026814144,0.030759098
Lung_and_bronchus,Female,tce,,,1,4.1999998,0.028668991942897,0.026700731,0.030637253
Lung_and_bronchus,Female,tce,,,1,4.25,0.0285513901801908,0.026587386,0.030515393
Lung_and_bronchus,Female,tce,,,1,4.3000002,0.0284338404058945,0.026474131,0.030393548
Lung_and_bronchus,Female,tce,,,1,4.3499999,0.0283163655789723,0.026360989,0.030271742
Lung_and_bronchus,Female,tce,,,1,4.4000001,0.0281989839880423,0.026247973,0.030149994
Lung_and_bronchus,Female,tce,,,1,4.4499998,0.0280817171735471,0.026135106,0.030028328
Lung_and_bronchus,Female,tce,,,1,4.5,0.0279645810494811,0.026022399,0.029906763
Lung_and_bronchus,Female,tce,,,1,4.5500002,0.0278475938054756,0.025909871,0.029785318
Lung_and_bronchus,Female,tce,,,1,4.5999999,0.0277307726114663,0.025797535,0.02966401
Lung_and_bronchus,Female,tce,,,1,4.6500001,0.0276141303433284,0.025685405,0.029542856
Lung_and_bronchus,Female,tce,,,1,4.6999998,0.0274976834346274,0.025573496,0.029421872
Lung_and_bronchus,Female,tce,,,1,4.75,0.0273814430316891,0.025461813,0.029301072
Lung_and_bronchus,Female,tce,,,1,4.8000002,0.0272654228218132,0.025350375,0.029180469
Lung_and_bronchus,Female,tce,,,1,4.8499999,0.0271496357388568,0.02523919,0.029060081
Lung_and_bronchus,Female,tce,,,1,4.9000001,0.0270340907035122,0.025128266,0.028939914
Lung_and_bronchus,Female,tce,,,1,4.9499998,0.0269188003878652,0.025017615,0.028819986
Lung_and_bronchus,Female,tce,,,1,5.0,0.0268037724385856,0.024907243,0.028700301
Lung_and_bronchus,Female,tce,,,2,0.0,0.0,0.0,0.0
Lung_and_bronchus,Female,tce,,,2,0.050000001,0.010396507223606,0.0098629473,0.010930067
Lung_and_bronchus,Female,tce,,,2,0.1,0.0162866011848848,0.01529614,0.017277064
Lung_and_bronchus,Female,tce,,,2,0.15000001,0.0199233947036222,0.01858384,0.021262949
Lung_and_bronchus,Female,tce,,,2,0.2,0.0223508588020345,0.020741388,0.02396033
Lung_and_bronchus,Female,tce,,,2,0.25,0.0240613724968413,0.022239935,0.02588281
Lung_and_bronchus,Female,tce,,,2,0.30000001,0.025316910037375,0.023326797,0.027307024
Lung_and_bronchus,Female,tce,,,2,0.34999999,0.0262688298258678,0.024143079,0.02839458
Lung_and_bronchus,Female,tce,,,2,0.40000001,0.0270100192771538,0.02477433,0.02924571
Lung_and_bronchus,Female,tce,,,2,0.44999999,0.0276013666568307,0.025275961,0.029926773
Lung_and_bronchus,Female,tce,,,2,0.5,0.0280896271702336,0.025690157,0.030489096
Lung_and_bronchus,Female,tce,,,2,0.55000001,0.0285073104382252,0.026045965,0.030968657
Lung_and_bronchus,Female,tce,,,2,0.60000002,0.0288756489238035,0.026362112,0.031389188
Lung_and_bronchus,Female,tce,,,2,0.64999998,0.0292088210293452,0.026650928,0.031766716
Lung_and_bronchus,Female,tce,,,2,0.69999999,0.0295164694329867,0.026920663,0.032112274
Lung_and_bronchus,Female,tce,,,2,0.75,0.02980524398961,0.027176904,0.032433584
Lung_and_bronchus,Female,tce,,,2,0.80000001,0.0300797794139504,0.027423451,0.032736108
Lung_and_bronchus,Female,tce,,,2,0.85000002,0.0303433270065649,0.027662901,0.033023752
Lung_and_bronchus,Female,tce,,,2,0.89999998,0.0305981480391372,0.027896991,0.033299305
Lung_and_bronchus,Female,tce,,,2,0.94999999,0.0308447460934357,0.028125852,0.03356364
Lung_and_bronchus,Female,tce,,,2,1.0,0.0310820656351042,0.028348181,0.03381595
Lung_and_bronchus,Female,tce,,,2,1.05,0.0312998050654079,0.028554345,0.034045268
Lung_and_bronchus,Female,tce,,,2,1.1,0.0315068373980532,0.028752115,0.034261562
Lung_and_bronchus,Female,tce,,,2,1.15,0.0317028268767324,0.028940963,0.034464691
Lung_and_bronchus,Female,tce,,,2,1.2,0.0318876017645481,0.029120537,0.034654666
Lung_and_bronchus,Female,tce,,,2,1.25,0.0320611132415985,0.029290626,0.034831598
Lung_and_bronchus,Female,tce,,,2,1.3,0.0322234099493521,0.029451126,0.034995694
Lung_and_bronchus,Female,tce,,,2,1.35,0.0323746144291658,0.029602021,0.035147209
Lung_and_bronchus,Female,tce,,,2,1.4,0.032514904907134,0.02974336,0.035286449
Lung_and_bronchus,Female,tce,,,2,1.45,0.0326445041942315,0.029875252,0.035413757
Lung_and_bronchus,Female,tce,,,2,1.5,0.0327636662861557,0.029997841,0.035529491
Lung_and_bronchus,Female,tce,,,2,1.55,0.0328726700678399,0.030111305,0.035634033
Lung_and_bronchus,Female,tce,,,2,1.6,0.03297181147637,0.030215854,0.035727769
Lung_and_bronchus,Female,tce,,,2,1.65,0.0330613974570829,0.030311707,0.035811089
Lung_and_bronchus,Female,tce,,,2,1.7,0.033141761110885,0.030399121,0.035884399
Lung_and_bronchus,Female,tce,,,2,1.75,0.0332133532026827,0.03047847,0.035948236
Lung_and_bronchus,Female,tce,,,2,1.8,0.0332766445836032,0.030550152,0.036003139
Lung_and_bronchus,Female,tce,,,2,1.85,0.0333320699356454,0.030614536,0.036049604
Lung_and_bronchus,Female,tce,,,2,1.9,0.0333800312860401,0.030671965,0.036088098
Lung_and_bronchus,Female,tce,,,2,1.95,0.0334209023429877,0.030722763,0.03611904
Lung_and_bronchus,Female,tce,,,2,2.0,0.0334550305492786,0.030767228,0.036142834
Lung_and_bronchus,Female,tce,,,2,2.05,0.0334720217222536,0.030795854,0.03614819
Lung_and_bronchus,Female,tce,,,2,2.0999999,0.0334829297532914,0.030818712,0.036147147
Lung_and_bronchus,Female,tce,,,2,2.1500001,0.0334880428560527,0.030836063,0.036140025
Lung_and_bronchus,Female,tce,,,2,2.2,0.0334876315497774,0.030848142,0.03612712
Lung_and_bronchus,Female,tce,,,2,2.25,0.0334819503317129,0.030855175,0.036108725
Lung_and_bronchus,Female,tce,,,2,2.3,0.0334712389055721,0.030857377,0.036085099
Lung_and_bronchus,Female,tce,,,2,2.3499999,0.033455723420507,0.030854952,0.036056496
Lung_and_bronchus,Female,tce,,,2,2.4000001,0.0334356174354072,0.030848088,0.036023147
Lung_and_bronchus,Female,tce,,,2,2.45,0.0334111232824779,0.030836973,0.035985272
Lung_and_bronchus,Female,tce,,,2,2.5,0.033382432350662,0.030821778,0.035943087
Lung_and_bronchus,Female,tce,,,2,2.55,0.033349726223011,0.030802667,0.035896786
Lung_and_bronchus,Female,tce,,,2,2.5999999,0.0333131772913186,0.030779801,0.035846554
Lung_and_bronchus,Female,tce,,,2,2.6500001,0.0332729491896802,0.030753328,0.035792571
Lung_and_bronchus,Female,tce,,,2,2.7,0.0332291981552559,0.030723393,0.035735004
Lung_and_bronchus,Female,tce,,,2,2.75,0.0331820724006731,0.03069013,0.035674013
Lung_and_bronchus,Female,tce,,,2,2.8,0.0331317133434725,0.030653674,0.035609752
Lung_and_bronchus,Female,tce,,,2,2.8499999,0.033078255861107,0.030614149,0.035542361
Lung_and_bronchus,Female,tce,,,2,2.9000001,0.0330218284168675,0.030571675,0.035471983
Lung_and_bronchus,Female,tce,,,2,2.95,0.0329625545197501,0.030526366,0.035398744
Lung_and_bronchus,Female,tce,,,2,3.0,0.0329005514493383,0.030478332,0.03532277
Lung_and_bronchus,Female,tce,,,2,3.05,0.0328249770553456,0.030417604,0.03523235
Lung_and_bronchus,Female,tce,,,2,3.0999999,0.032746974857528,0.030354425,0.035139523
Lung_and_bronchus,Female,tce,,,2,3.1500001,0.0326666489104097,0.030288897,0.035044402
Lung_and_bronchus,Female,tce,,,2,3.2,0.0325841000137304,0.030221114,0.034947086
Lung_and_bronchus,Female,tce,,,2,3.25,0.0324994236504575,0.030151168,0.03484768
Lung_and_bronchus,Female,tce,,,2,3.3,0.0324127117287799,0.030079145,0.034746278
Lung_and_bronchus,Female,tce,,,2,3.3499999,0.0323240524099344,0.030005129,0.034642976
Lung_and_bronchus,Female,tce,,,2,3.4000001,0.0322335298639093,0.029929204,0.034537856
Lung_and_bronchus,Female,tce,,,2,3.45,0.0321412261840306,0.029851446,0.034431007
Lung_and_bronchus,Female,tce,,,2,3.5,0.0320472189640448,0.02977193,0.034322508
Lung_and_bronchus,Female,tce,,,2,3.55,0.0319515831731804,0.029690728,0.03421244
Lung_and_bronchus,Female,tce,,,2,3.5999999,0.0318543908760097,0.029607909,0.034100872
Lung_and_bronchus,Female,tce,,,2,3.6500001,0.0317557108965809,0.029523542,0.03398788
Lung_and_bronchus,Female,tce,,,2,3.7,0.0316556108374997,0.029437691,0.033873532
Lung_and_bronchus,Female,tce,,,2,3.75,0.0315541543782866,0.029350417,0.033757892
Lung_and_bronchus,Female,tce,,,2,3.8,0.0314514032657677,0.029261781,0.033641025
Lung_and_bronchus,Female,tce,,,2,3.8499999,0.0313474169553497,0.029171841,0.033522993
Lung_and_bronchus,Female,tce,,,2,3.9000001,0.0312422522090117,0.029080652,0.033403851
Lung_and_bronchus,Female,tce,,,2,3.95,0.0311359652032704,0.02898827,0.033283662
Lung_and_bronchus,Female,tce,,,2,4.0,0.0310286086111504,0.028894745,0.033162475
Lung_and_bronchus,Female,tce,,,2,4.0500002,0.0309089995119851,0.028789727,0.033028271
Lung_and_bronchus,Female,tce,,,2,4.0999999,0.030788532867952,0.028683763,0.032893304
Lung_and_bronchus,Female,tce,,,2,4.1500001,0.0306672542812769,0.028576897,0.03275761
Lung_and_bronchus,Female,tce,,,2,4.1999998,0.0305452122299049,0.028469179,0.032621246
Lung_and_bronchus,Female,tce,,,2,4.25,0.0304224488886729,0.028360652,0.032484248
Lung_and_bronchus,Female,tce,,,2,4.3000002,0.0302990083263797,0.028251356,0.032346662
Lung_and_bronchus,Female,tce,,,2,4.3499999,0.0301749331080068,0.028141335,0.032208532
Lung_and_bronchus,Female,tce,,,2,4.4000001,0.0300502607773812,0.028030625,0.032069895
Lung_and_bronchus,Female,tce,,,2,4.4499998,0.0299250322128064,0.027919268,0.031930797
Lung_and_bronchus,Female,tce,,,2,4.5,0.0297992821727799,0.027807301,0.031791262
Lung_and_bronchus,Female,tce,,,2,4.5500002,0.0296730476955485,0.027694756,0.03165134
Lung_and_bronchus,Female,tce,,,2,4.5999999,0.0295463645875879,0.027581673,0.031511057
Lung_and_bronchus,Female,tce,,,2,4.6500001,0.0294192638264802,0.02746808,0.031370446
Lung_and_bronchus,Female,tce,,,2,4.6999998,0.0292917800737141,0.027354013,0.031229546
Lung_and_bronchus,Female,tce,,,2,4.75,0.0291639420229173,0.027239501,0.031088382
Lung_and_bronchus,Female,tce,,,2,4.8000002,0.0290357809428688,0.027124578,0.030946985
Lung_and_bronchus,Female,tce,,,2,4.8499999,0.028907327083909,0.027009269,0.030805385
Lung_and_bronchus,Female,tce,,,2,4.9000001,0.0287786060270632,0.026893603,0.03066361
Lung_and_bronchus,Female,tce,,,2,4.9499998,0.0286496473020066,0.02677761,0.030521685
Lung_and_bronchus,Female,tce,,,2,5.0,0.0285204746024976,0.026661312,0.030379636
Lung_and_bronchus,Female,tde,,,0,0.0,0.0,0.0,0.0
Lung_and_bronchus,Female,tde,,,0,0.050000001,0.0006579998777531,0.00064439449,0.00067160529
Lung_and_bronchus,Female,tde,,,0,0.1,0.0025998855727451,0.0025831421,0.002616629
Lung_and_bronchus,Female,tde,,,0,0.15000001,0.004441217252471,0.0044243089,0.0044581257
Lung_and_bronchus,Female,tde,,,0,0.2,0.00602630780556,0.0060101384,0.0060424772
Lung_and_bronchus,Female,tde,,,0,0.25,0.0073577104343739,0.0073424513,0.0073729698
Lung_and_bronchus,Female,tde,,,0,0.30000001,0.0084686214507742,0.0084541729,0.0084830699
Lung_and_bronchus,Female,tde,,,0,0.34999999,0.0093948257169759,0.0093810055,0.0094086453
Lung_and_bronchus,Female,tde,,,0,0.40000001,0.0101679386396066,0.010154561,0.010181316
Lung_and_bronchus,Female,tde,,,0,0.44999999,0.0108147825105281,0.010801689,0.010827877
Lung_and_bronchus,Female,tde,,,0,0.5,0.0113598990093902,0.011346961,0.011372837
Lung_and_bronchus,Female,tde,,,0,0.55000001,0.0118232208319728,0.01181034,0.011836101
Lung_and_bronchus,Female,tde,,,0,0.60000002,0.0122200041979785,0.012207108,0.012232901
Lung_and_bronchus,Female,tde,,,0,0.64999998,0.0125620496232043,0.012549082,0.012575017
Lung_and_bronchus,Female,tde,,,0,0.69999999,0.01285859195833,0.01284551,0.012871674
Lung_and_bronchus,Female,tde,,,0,0.75,0.0131169395406369,0.013103706,0.013130173
Lung_and_bronchus,Female,tde,,,0,0.80000001,0.0133429413045043,0.013329525,0.013356358
Lung_and_bronchus,Female,tde,,,0,0.85000002,0.0135413268425521,0.013527696,0.013554958
Lung_and_bronchus,Female,tde,,,0,0.89999998,0.0137159518671785,0.013702076,0.013729828
Lung_and_bronchus,Female,tde,,,0,0.94999999,0.013869734857985,0.013855582,0.013883888
Lung_and_bronchus,Female,tde,,,0,1.0,0.0140048011750877,0.013990343,0.01401926
Lung_and_bronchus,Female,tde,,,0,1.05,0.0141212196014531,0.014106428,0.014136011
Lung_and_bronchus,Female,tde,,,0,1.1,0.0142223652321454,0.014207213,0.014237517
Lung_and_bronchus,Female,tde,,,0,1.15,0.0143096717037797,0.014294133,0.014325211
Lung_and_bronchus,Female,tde,,,0,1.2,0.0143844115743403,0.014368461,0.014400362
Lung_and_bronchus,Female,tde,,,0,1.25,0.0144477158849422,0.014431332,0.014464099
Lung_and_bronchus,Female,tde,,,0,1.3,0.0145005934870443,0.014483758,0.014517429
Lung_and_bronchus,Female,tde,,,0,1.35,0.0145439457543765,0.014526642,0.01456125
Lung_and_bronchus,Female,tde,,,0,1.4,0.0145785795585571,0.014560793,0.014596366
Lung_and_bronchus,Female,tde,,,0,1.45,0.0146052192915121,0.014586939,0.014623499
Lung_and_bronchus,Female,tde,,,0,1.5,0.0146245160146875,0.014605734,0.014643298
Lung_and_bronchus,Female,tde,,,0,1.55,0.0146370564724802,0.014617766,0.014656346
Lung_and_bronchus,Female,tde,,,0,1.6,0.0146433702447216,0.014623568,0.014663172
Lung_and_bronchus,Female,tde,,,0,1.65,0.0146439362449453,0.014623621,0.014664251
Lung_and_bronchus,Female,tde,,,0,1.7,0.0146391981757513,0.014618371,0.014660025
Lung_and_bronchus,Female,tde,,,0,1.75,0.0146296229384421,0.014608285,0.01465096
Lung_and_bronchus,Female,tde,,,0,1.8,0.0146156548470406,0.01459381,0.0146375
Lung_and_bronchus,Female,tde,,,0,1.85,0.0145976904487198,0.014575343,0.014620039
Lung_and_bronchus,Female,tde,,,0,1.9,0.0145760845794403,0.014553239,0.01459893
Lung_and_bronchus,Female,tde,,,0,1.95,0.0145511551922189,0.014527818,0.014574492
Lung_and_bronchus,Female,tde,,,0,2.0,0.014523188200778,0.014499367,0.01454701
Lung_and_bronchus,Female,tde,,,0,2.05,0.0144904296241818,0.014466136,0.014514724
Lung_and_bronchus,Female,tde,,,0,2.0999999,0.014455125029966,0.014430366,0.014479884
Lung_and_bronchus,Female,tde,,,0,2.1500001,0.0144174851465412,0.01439227,0.0144427
Lung_and_bronchus,Female,tde,,,0,2.2,0.0143777014667218,0.014352039,0.014403364
Lung_and_bronchus,Female,tde,,,0,2.25,0.0143359473580997,0.014309847,0.014362047
Lung_and_bronchus,Female,tde,,,0,2.3,0.0142923806845944,0.014265851,0.014318909
Lung_and_bronchus,Female,tde,,,0,2.3499999,0.0142471453093899,0.014220197,0.014274093
Lung_and_bronchus,Female,tde,,,0,2.4000001,0.0142003723413021,0.014173014,0.01422773
Lung_and_bronchus,Female,tde,,,0,2.45,0.014152182330637,0.014124425,0.014179939
Lung_and_bronchus,Female,tde,,,0,2.5,0.014102685073498,0.014074538,0.014130833
Lung_and_bronchus,Female,tde,,,0,2.55,0.0140519815077094,0.014023454,0.014080509
Lung_and_bronchus,Female,tde,,,0,2.5999999,0.0140001643880741,0.013971266,0.014029062
Lung_and_bronchus,Female,tde,,,0,2.6500001,0.0139473188258362,0.013918061,0.013976578
Lung_and_bronchus,Female,tde,,,0,2.7,0.0138935240070895,0.013863915,0.013923133
Lung_and_bronchus,Female,tde,,,0,2.75,0.0138388523085082,0.013808901,0.013868803
Lung_and_bronchus,Female,tde,,,0,2.8,0.0137833708611998,0.013753089,0.013813653
Lung_and_bronchus,Female,tde,,,0,2.8499999,0.0137271418017886,0.013696537,0.013757747
Lung_and_bronchus,Female,tde,,,0,2.9000001,0.0136702224475575,0.013639305,0.01370114
Lung_and_bronchus,Female,tde,,,0,2.95,0.0136126667871312,0.013581445,0.013643888
Lung_and_bronchus,Female,tde,,,0,3.0,0.0135545242123189,0.013523009,0.013586041
Lung_and_bronchus,Female,tde,,,0,3.05,0.0134937058573825,0.013461908,0.013525503
Lung_and_bronchus,Female,tde,,,0,3.0999999,0.013432401922406,0.013400332,0.013464471
Lung_and_bronchus,Female,tde,,,0,3.1500001,0.0133706526869568,0.013338319,0.013402986
Lung_and_bronchus,Female,tde,,,0,3.2,0.0133084966258977,0.013275907,0.013341085
Lung_and_bronchus,Female,tde,,,0,3.25,0.0132459688587503,0.013213133,0.013278805
Lung_and_bronchus,Female,tde,,,0,3.3,0.0131831025215147,0.013150028,0.013216178
Lung_and_bronchus,Female,tde,,,0,3.3499999,0.0131199286510298,0.013086623,0.013153234
Lung_and_bronchus,Female,tde,,,0,3.4000001,0.0130564760432847,0.013022946,0.013090005
Lung_and_bronchus,Female,tde,,,0,3.45,0.0129927726119162,0.012959028,0.013026518
Lung_and_bronchus,Female,tde,,,0,3.5,0.0129288437064199,0.01289489,0.012962797
Lung_and_bronchus,Female,tde,,,0,3.55,0.0128647134432425,0.012830559,0.012898868
Lung_and_bronchus,Female,tde,,,0,3.5999999,0.0128004045152554,0.012766056,0.012834753
Lung_and_bronchus,Female,tde,,,0,3.6500001,0.0127359379858442,0.012701402,0.012770473
Lung_and_bronchus,Female,tde,,,0,3.7,0.0126713346124652,0.01263662,0.01270605
Lung_and_bronchus,Female,tde,,,0,3.75,0.0126066130875021,0.012571724,0.012641502
Lung_and_bronchus,Female,tde,,,0,3.8,0.012541791345562,0.012506736,0.012576847
Lung_and_bronchus,Female,tde,,,0,3.8499999,0.0124768863283743,0.01244167,0.012512103
Lung_and_bronchus,Female,tde,,,0,3.9000001,0.0124119137409782,0.012376543,0.012447285
Lung_and_bronchus,Female,tde,,,0,3.95,0.0123468893521713,0.01231137,0.012382409
Lung_and_bronchus,Female,tde,,,0,4.0,0.0122818271916072,0.012246165,0.012317489
Lung_and_bronchus,Female,tde,,,0,4.0500002,0.0122145407382495,0.012178747,0.012250335
Lung_and_bronchus,Female,tde,,,0,4.0999999,0.0121472623579401,0.012111343,0.012183183
Lung_and_bronchus,Female,tde,,,0,4.1500001,0.0120800031706093,0.012043962,0.012116044
Lung_and_bronchus,Female,tde,,,0,4.1999998,0.0120127762231219,0.01197662,0.012048933
Lung_and_bronchus,Female,tde,,,0,4.25,0.0119455913966828,0.011909325,0.011981858
Lung_and_bronchus,Female,tde,,,0,4.3000002,0.0118784599309979,0.011842088,0.011914832
Lung_and_bronchus,Female,tde,,,0,4.3499999,0.0118113925315939,0.01177492,0.011847865
Lung_and_bronchus,Female,tde,,,0,4.4000001,0.0117443974839317,0.011707829,0.011780965
Lung_and_bronchus,Female,tde,,,0,4.4499998,0.0116774851574079,0.011640826,0.011714144
Lung_and_bronchus,Female,tde,,,0,4.5,0.0116106629209939,0.011573917,0.011647409
Lung_and_bronchus,Female,tde,,,0,4.5500002,0.0115439396367799,0.011507112,0.011580767
Lung_and_bronchus,Female,tde,,,0,4.5999999,0.0114773237643915,0.011440419,0.01151423
Lung_and_bronchus,Female,tde,,,0,4.6500001,0.0114108214808333,0.011373842,0.0114478
Lung_and_bronchus,Female,tde,,,0,4.6999998,0.0113444411449526,0.011307392,0.01138149
Lung_and_bronchus,Female,tde,,,0,4.75,0.0112781882428313,0.011241074,0.011315303
Lung_and_bronchus,Female,tde,,,0,4.8000002,0.0112120698396105,0.011174893,0.011249246
Lung_and_bronchus,Female,tde,,,0,4.8499999,0.0111460926910047,0.011108858,0.011183328
Lung_and_bronchus,Female,tde,,,0,4.9000001,0.0110802613768548,0.011042972,0.011117551
Lung_and_bronchus,Female,tde,,,0,4.9499998,0.011014582716553,0.010977242,0.011051923
Lung_and_bronchus,Female,tde,,,0,5.0,0.0109490607603493,0.010911672,0.010986449
Lung_and_bronchus,Female,tde,,,1,0.0,0.0,0.0,0.0
Lung_and_bronchus,Female,tde,,,1,0.050000001,-0.0016653353155676,-0.0016813257,-0.0016493449
Lung_and_bronchus,Female,tde,,,1,0.1,-4.93727325846e-05,-6.8247769e-05,-3.0497697e-05
Lung_and_bronchus,Female,tde,,,1,0.15000001,0.0020196402012457,0.0020013375,0.0020379429
Lung_and_bronchus,Female,tde,,,1,0.2,0.0039996492379293,0.0039828308,0.0040164678
Lung_and_bronchus,Female,tde,,,1,0.25,0.0057578954921114,0.0057426081,0.005773183
Lung_and_bronchus,Female,tde,,,1,0.30000001,0.0072758441644049,0.0072618434,0.007289845
Lung_and_bronchus,Female,tde,,,1,0.34999999,0.0085701720238341,0.0085571557,0.008583189
Lung_and_bronchus,Female,tde,,,1,0.40000001,0.0096671368698135,0.0096548405,0.0096794339
Lung_and_bronchus,Female,tde,,,1,0.44999999,0.0105941350895467,0.010582361,0.010605909
Lung_and_bronchus,Female,tde,,,1,0.5,0.0113788299263159,0.011367446,0.011390214
Lung_and_bronchus,Female,tde,,,1,0.55000001,0.0120452414817515,0.012034164,0.012056319
Lung_and_bronchus,Female,tde,,,1,0.60000002,0.012612792980518,0.012601973,0.012623614
Lung_and_bronchus,Female,tde,,,1,0.64999998,0.0130971562441386,0.013086563,0.01310775
Lung_and_bronchus,Female,tde,,,1,0.69999999,0.0135110219867642,0.013500633,0.013521411
Lung_and_bronchus,Female,tde,,,1,0.75,0.0138647259916151,0.013854515,0.013874937
Lung_and_bronchus,Female,tde,,,1,0.80000001,0.0141667484048651,0.014156681,0.014176816
Lung_and_bronchus,Female,tde,,,1,0.85000002,0.0144240994956863,0.014414128,0.01443407
Lung_and_bronchus,Female,tde,,,1,0.89999998,0.0146426160045886,0.014632679,0.014652553
Lung_and_bronchus,Female,tde,,,1,0.94999999,0.0148270869973799,0.014817107,0.014837067
Lung_and_bronchus,Female,tde,,,1,1.0,0.0149814497354391,0.014971341,0.014991559
Lung_and_bronchus,Female,tde,,,1,1.05,0.0151081137297283,0.015097782,0.015118445
Lung_and_bronchus,Female,tde,,,1,1.1,0.0152110213717357,0.015200373,0.015221669
Lung_and_bronchus,Female,tde,,,1,1.15,0.0152927737216658,0.015281716,0.015303831
Lung_and_bronchus,Female,tde,,,1,1.2,0.0153556556166102,0.015344106,0.015367205
Lung_and_bronchus,Female,tde,,,1,1.25,0.0154016785583186,0.015389561,0.015413797
Lung_and_bronchus,Female,tde,,,1,1.3,0.015432618919882,0.015419868,0.01544537
Lung_and_bronchus,Female,tde,,,1,1.35,0.015450048465187,0.015436611,0.015463485
Lung_and_bronchus,Female,tde,,,1,1.4,0.015455360750158,0.015441195,0.015469527
Lung_and_bronchus,Female,tde,,,1,1.45,0.0154497938110024,0.015434866,0.015464722
Lung_and_bronchus,Female,tde,,,1,1.5,0.0154344493043038,0.015418733,0.015450165
Lung_and_bronchus,Female,tde,,,1,1.55,0.0154103090587928,0.015393789,0.015426829
Lung_and_bronchus,Female,tde,,,1,1.6,0.0153782493518881,0.015360914,0.015395585
Lung_and_bronchus,Female,tde,,,1,1.65,0.0153390536664151,0.015320897,0.01535721
Lung_and_bronchus,Female,tde,,,1,1.7,0.0152934326928627,0.015274455,0.015312411
Lung_and_bronchus,Female,tde,,,1,1.75,0.0152420880199071,0.015222291,0.015261885
Lung_and_bronchus,Female,tde,,,1,1.8,0.0151856691460412,0.015165059,0.015206279
Lung_and_bronchus,Female,tde,,,1,1.85,0.0151247520772569,0.015103336,0.015146168
Lung_and_bronchus,Female,tde,,,1,1.9,0.0150598489191434,0.015037638,0.01508206
Lung_and_bronchus,Female,tde,,,1,1.95,0.014991414777129,0.01496842,0.01501441
Lung_and_bronchus,Female,tde,,,1,2.0,0.0149198558456252,0.01489609,0.014943621
Lung_and_bronchus,Female,tde,,,1,2.05,0.0148444544735328,0.014819934,0.014868975
Lung_and_bronchus,Female,tde,,,1,2.0999999,0.0147666240013227,0.014741363,0.014791884
Lung_and_bronchus,Female,tde,,,1,2.1500001,0.0146866545003357,0.014660669,0.014712639
Lung_and_bronchus,Female,tde,,,1,2.2,0.0146048070161115,0.014578113,0.0146315
Lung_and_bronchus,Female,tde,,,1,2.25,0.014521314694558,0.014493929,0.0145487
Lung_and_bronchus,Female,tde,,,1,2.3,0.0144363872874392,0.014408326,0.014464449
Lung_and_bronchus,Female,tde,,,1,2.3499999,0.0143502133963005,0.014321493,0.014378934
Lung_and_bronchus,Female,tde,,,1,2.4000001,0.0142629623558464,0.014233599,0.014292326
Lung_and_bronchus,Female,tde,,,1,2.45,0.0141747879289627,0.0141448,0.014204777
Lung_and_bronchus,Female,tde,,,1,2.5,0.0140858275952612,0.01405523,0.014116425
Lung_and_bronchus,Female,tde,,,1,2.55,0.0139962057883091,0.013965016,0.014027395
Lung_and_bronchus,Female,tde,,,1,2.5999999,0.0139060348774443,0.013874269,0.0139378
Lung_and_bronchus,Female,tde,,,1,2.6500001,0.013815415971316,0.013783091,0.013847741
Lung_and_bronchus,Female,tde,,,1,2.7,0.0137244417460113,0.013691572,0.013757311
Lung_and_bronchus,Female,tde,,,1,2.75,0.0136331948274387,0.013599798,0.013666592
Lung_and_bronchus,Female,tde,,,1,2.8,0.0135417503867516,0.013507841,0.013575659
Lung_and_bronchus,Female,tde,,,1,2.8499999,0.0134501764836693,0.013415771,0.013484582
Lung_and_bronchus,Female,tde,,,1,2.9000001,0.0133585343208624,0.013323647,0.013393422
Lung_and_bronchus,Female,tde,,,1,2.95,0.0132668806104201,0.013231526,0.013302236
Lung_and_bronchus,Female,tde,,,1,3.0,0.0131752655049857,0.013139458,0.013211073
Lung_and_bronchus,Female,tde,,,1,3.05,0.0130826451970674,0.013046402,0.013118888
Lung_and_bronchus,Female,tde,,,1,3.0999999,0.0129901645890523,0.012953499,0.01302683
Lung_and_bronchus,Female,tde,,,1,3.1500001,0.0128978609413789,0.012860788,0.012934933
Lung_and_bronchus,Female,tde,,,1,3.2,0.0128057692711029,0.012768301,0.012843237
Lung_and_bronchus,Female,tde,,,1,3.25,0.0127139200365854,0.01267607,0.012751769
Lung_and_bronchus,Female,tde,,,1,3.3,0.0126223411927991,0.012584123,0.012660559
Lung_and_bronchus,Female,tde,,,1,3.3499999,0.0125310580158495,0.012492483,0.012569633
Lung_and_bronchus,Female,tde,,,1,3.4000001,0.0124400929095518,0.012401174,0.012479013
Lung_and_bronchus,Female,tde,,,1,3.45,0.0123494673555881,0.012310215,0.012388719
Lung_and_bronchus,Female,tde,,,1,3.5,0.0122591995069797,0.012219626,0.012298773
Lung_and_bronchus,Female,tde,,,1,3.55,0.0121693061024809,0.012129423,0.012209189
Lung_and_bronchus,Female,tde,,,1,3.5999999,0.0120798021932627,0.01203962,0.012119984
Lung_and_bronchus,Female,tde,,,1,3.6500001,0.011990700865377,0.01195023,0.012031171
Lung_and_bronchus,Female,tde,,,1,3.7,0.0119020150702821,0.011861267,0.011942763
Lung_and_bronchus,Female,tde,,,1,3.75,0.0118137551964762,0.011772739,0.011854772
Lung_and_bronchus,Female,tde,,,1,3.8,0.0117259308810039,0.011684657,0.011767205
Lung_and_bronchus,Female,tde,,,1,3.8499999,0.0116385506838494,0.011597029,0.011680073
Lung_and_bronchus,Female,tde,,,1,3.9000001,0.0115516217658725,0.011509861,0.011593383
Lung_and_bronchus,Female,tde,,,1,3.95,0.0114651516280203,0.011423161,0.011507142
Lung_and_bronchus,Female,tde,,,1,4.0,0.0113791457002944,0.011336934,0.011421357
Lung_and_bronchus,Female,tde,,,1,4.0500002,0.0112925757295416,0.011250155,0.011334997
Lung_and_bronchus,Female,tde,,,1,4.0999999,0.0112064953045676,0.011163875,0.011249117
Lung_and_bronchus,Female,tde,,,1,4.1500001,0.0111209064835464,0.011078093,0.01116372
Lung_and_bronchus,Female,tde,,,1,4.1999998,0.0110358140128065,0.010992817,0.011078811
Lung_and_bronchus,Female,tde,,,1,4.25,0.0109512188461092,0.010908045,0.010994392
Lung_and_bronchus,Female,tde,,,1,4.3000002,0.0108671238819298,0.010823781,0.010910467
Lung_and_bronchus,Female,tde,,,1,4.3499999,0.0107835315486431,0.010740027,0.010827037
Lung_and_bronchus,Female,tde,,,1,4.4000001,0.0107004414721405,0.010656782,0.0107441
Lung_and_bronchus,Female,tde,,,1,4.4499998,0.0106178560789201,0.010574049,0.010661663
Lung_and_bronchus,Female,tde,,,1,4.5,0.0105357742886964,0.010491826,0.010579723
Lung_and_bronchus,Female,tde,,,1,4.5500002,0.0104541970688325,0.010410114,0.01049828
Lung_and_bronchus,Female,tde,,,1,4.5999999,0.0103731250767473,0.010328914,0.010417337
Lung_and_bronchus,Female,tde,,,1,4.6500001,0.0102925563867523,0.010248223,0.01033689
Lung_and_bronchus,Female,tde,,,1,4.6999998,0.0102124919129176,0.010168042,0.010256941
Lung_and_bronchus,Female,tde,,,1,4.75,0.0101329292830552,0.010088369,0.010177489
Lung_and_bronchus,Female,tde,,,1,4.8000002,0.0100538682148573,0.010009203,0.010098533
Lung_and_bronchus,Female,tde,,,1,4.8499999,0.0099753082213999,0.0099305436,0.010020073
Lung_and_bronchus,Female,tde,,,1,4.9000001,0.0098972464013342,0.0098523879,0.009942105
Lung_and_bronchus,Female,tde,,,1,4.9499998,0.009819682686493,0.0097747352,0.0098646302
Lung_and_bronchus,Female,tde,,,1,5.0,0.0097426139000368,0.0096975816,0.0097876461
Lung_and_bronchus,Female,tde,,,2,0.0,0.0,0.0,0.0
Lung_and_bronchus,Female,tde,,,2,0.050000001,0.0069294780638856,0.006908454,0.0069505023
Lung_and_bronchus,Female,tde,,,2,0.1,0.0097511419730572,0.0097228661,0.0097794179
Lung_and_bronchus,Female,tde,,,2,0.15000001,0.010977883892936,0.010947444,0.011008323
Lung_and_bronchus,Female,tde,,,2,0.2,0.0114969540705391,0.01146643,0.011527479
Lung_and_bronchus,Female,tde,,,2,0.25,0.0116761594214561,0.011646358,0.011705961
Lung_and_bronchus,Female,tde,,,2,0.30000001,0.0116883362615704,0.011659454,0.011717219
Lung_and_bronchus,Female,tde,,,2,0.34999999,0.0116208487473679,0.011592771,0.011648927
Lung_and_bronchus,Female,tde,,,2,0.40000001,0.0115197743040703,0.011492238,0.011547309
Lung_and_bronchus,Female,tde,,,2,0.44999999,0.011410385543396,0.011383079,0.011437692
Lung_and_bronchus,Female,tde,,,2,0.5,0.0113087979745999,0.011281407,0.01133619
Lung_and_bronchus,Female,tde,,,2,0.55000001,0.0112239109838024,0.011196153,0.011251668
Lung_and_bronchus,Female,tde,,,2,0.60000002,0.0111597326157566,0.011131377,0.011188088
Lung_and_bronchus,Female,tde,,,2,0.64999998,0.0111176134049209,0.011088482,0.011146745
Lung_and_bronchus,Female,tde,,,2,0.69999999,0.0110974596417079,0.011067425,0.011127494
Lung_and_bronchus,Female,tde,,,2,0.75,0.0110984075489221,0.011067383,0.011129432
Lung_and_bronchus,Female,tde,,,2,0.80000001,0.0111192035182621,0.011087135,0.011151272
Lung_and_bronchus,Female,tde,,,2,0.85000002,0.0111584208144591,0.011125281,0.011191561
Lung_and_bronchus,Female,tde,,,2,0.89999998,0.011214567675889,0.011180348,0.011248788
Lung_and_bronchus,Female,tde,,,2,0.94999999,0.0112855132286983,0.01125022,0.011320806
Lung_and_bronchus,Female,tde,,,2,1.0,0.0113684918903276,0.011332146,0.011404837
Lung_and_bronchus,Female,tde,,,2,1.05,0.0114572540164213,0.011419898,0.01149461
Lung_and_bronchus,Female,tde,,,2,1.1,0.0115536433745113,0.011515314,0.011591974
Lung_and_bronchus,Female,tde,,,2,1.15,0.0116559423247212,0.01161668,0.011695205
Lung_and_bronchus,Female,tde,,,2,1.2,0.0117626909366905,0.011722539,0.011802844
Lung_and_bronchus,Female,tde,,,2,1.25,0.0118726435864361,0.011831645,0.011913642
Lung_and_bronchus,Female,tde,,,2,1.3,0.011984737321405,0.011942938,0.012026537
Lung_and_bronchus,Female,tde,,,2,1.35,0.0120980639024679,0.012055507,0.01214062
Lung_and_bronchus,Female,tde,,,2,1.4,0.0122118465391706,0.012168576,0.012255117
Lung_and_bronchus,Female,tde,,,2,1.45,0.0123254231214311,0.01228148,0.012369365
Lung_and_bronchus,Female,tde,,,2,1.5,0.0124382283999457,0.012393654,0.012482802
Lung_and_bronchus,Female,tde,,,2,1.55,0.0125497826510486,0.012504616,0.012594949
Lung_and_bronchus,Female,tde,,,2,1.6,0.0126596795989255,0.012613959,0.012705401
Lung_and_bronchus,Female,tde,,,2,1.65,0.0127675760201781,0.012721336,0.012813816
Lung_and_bronchus,Female,tde,,,2,1.7,0.0128731949255636,0.012826471,0.01291992
Lung_and_bronchus,Female,tde,,,2,1.75,0.0129763697147067,0.012929193,0.013023547
Lung_and_bronchus,Female,tde,,,2,1.8,0.0130769908384021,0.013029392,0.01312459
Lung_and_bronchus,Female,tde,,,2,1.85,0.013174970422948,0.013126979,0.013222963
Lung_and_bronchus,Female,tde,,,2,1.9,0.0132702387796612,0.013221879,0.013318597
Lung_and_bronchus,Female,tde,,,2,1.95,0.0133627436401808,0.013314043,0.013411445
Lung_and_bronchus,Female,tde,,,2,2.0,0.0134524462394134,0.013403427,0.013501465
Lung_and_bronchus,Female,tde,,,2,2.05,0.013534795186914,0.013485498,0.013584092
Lung_and_bronchus,Female,tde,,,2,2.0999999,0.0136142825163746,0.013564728,0.013663837
Lung_and_bronchus,Female,tde,,,2,2.1500001,0.0136909047824377,0.013641113,0.013740696
Lung_and_bronchus,Female,tde,,,2,2.2,0.0137646657312661,0.013714655,0.013814677
Lung_and_bronchus,Female,tde,,,2,2.25,0.0138355773682843,0.013785365,0.01388579
Lung_and_bronchus,Female,tde,,,2,2.3,0.0139036574943306,0.013853259,0.013954055
Lung_and_bronchus,Female,tde,,,2,2.3499999,0.0139689292084137,0.013918361,0.014019498
Lung_and_bronchus,Female,tde,,,2,2.4000001,0.0140314204345725,0.013980696,0.014082145
Lung_and_bronchus,Female,tde,,,2,2.45,0.0140911620709727,0.014040294,0.01414203
Lung_and_bronchus,Female,tde,,,2,2.5,0.0141481891864382,0.014097191,0.014199187
Lung_and_bronchus,Female,tde,,,2,2.55,0.0142025392957292,0.014151424,0.014253655
Lung_and_bronchus,Female,tde,,,2,2.5999999,0.0142542522072935,0.01420303,0.014305474
Lung_and_bronchus,Female,tde,,,2,2.6500001,0.0143033698498945,0.014252052,0.014354688
Lung_and_bronchus,Female,tde,,,2,2.7,0.0143499349955089,0.01429853,0.01440134
Lung_and_bronchus,Female,tde,,,2,2.75,0.0143939923546153,0.014342511,0.014445473
Lung_and_bronchus,Female,tde,,,2,2.8,0.0144355873554799,0.014384038,0.014487136
Lung_and_bronchus,Female,tde,,,2,2.8499999,0.0144747661462631,0.014423158,0.014526375
Lung_and_bronchus,Female,tde,,,2,2.9000001,0.0145115755562544,0.014459915,0.014563235
Lung_and_bronchus,Female,tde,,,2,2.95,0.0145460622225141,0.014494359,0.014597766
Lung_and_bronchus,Female,tde,,,2,3.0,0.0145782734830999,0.014526534,0.014630013
Lung_and_bronchus,Female,tde,,,2,3.05,0.0146032995017926,0.01455155,0.014655049
Lung_and_bronchus,Female,tde,,,2,3.0999999,0.0146261520955165,0.0145744,0.014677905
Lung_and_bronchus,Female,tde,,,2,3.1500001,0.0146468796935029,0.01459513,0.014698629
Lung_and_bronchus,Female,tde,,,2,3.2,0.0146655301044213,0.01461379,0.014717271
Lung_and_bronchus,Female,tde,,,2,3.25,0.0146821510298628,0.014630425,0.014733877
Lung_and_bronchus,Female,tde,,,2,3.3,0.0146967895911964,0.014645083,0.014748496
Lung_and_bronchus,Female,tde,,,2,3.3499999,0.0147094923754573,0.01465781,0.014761174
Lung_and_bronchus,Female,tde,,,2,3.4000001,0.0147203054333006,0.014668653,0.014771959
Lung_and_bronchus,Female,tde,,,2,3.45,0.0147292740404159,0.014677654,0.014780894
Lung_and_bronchus,Female,tde,,,2,3.5,0.0147364429720501,0.014684862,0.014788025
Lung_and_bronchus,Female,tde,,,2,3.55,0.0147418562595697,0.014690316,0.014793396
Lung_and_bronchus,Female,tde,,,2,3.5999999,0.0147455572234165,0.014694063,0.014797051
Lung_and_bronchus,Female,tde,,,2,3.6500001,0.0147475884605335,0.014696144,0.014799033
Lung_and_bronchus,Female,tde,,,2,3.7,0.0147479917994423,0.0146966,0.014799384
Lung_and_bronchus,Female,tde,,,2,3.75,0.0147468083475603,0.014695472,0.014798145
Lung_and_bronchus,Female,tde,,,2,3.8,0.0147440784374604,0.014692802,0.014795355
Lung_and_bronchus,Female,tde,,,2,3.8499999,0.0147398416360757,0.014688627,0.014791057
Lung_and_bronchus,Female,tde,,,2,3.9000001,0.0147341367121149,0.014682988,0.014785286
Lung_and_bronchus,Female,tde,,,2,3.95,0.0147270017521387,0.014675921,0.014778083
Lung_and_bronchus,Female,tde,,,2,4.0,0.0147184739992088,0.014667463,0.014769484
Lung_and_bronchus,Female,tde,,,2,4.0500002,0.0147032403701888,0.014652325,0.014754156
Lung_and_bronchus,Female,tde,,,2,4.0999999,0.0146867151542561,0.014635897,0.014737533
Lung_and_bronchus,Female,tde,,,2,4.1500001,0.014668933932128,0.014618215,0.014719653
Lung_and_bronchus,Female,tde,,,2,4.1999998,0.0146499321566627,0.014599315,0.01470055
Lung_and_bronchus,Female,tde,,,2,4.25,0.014629743807295,0.01457923,0.014680258
Lung_and_bronchus,Female,tde,,,2,4.3000002,0.0146084026395717,0.014557994,0.014658812
Lung_and_bronchus,Female,tde,,,2,4.3499999,0.0145859417018921,0.01453564,0.014636243
Lung_and_bronchus,Female,tde,,,2,4.4000001,0.0145623926548621,0.0145122,0.014612585
Lung_and_bronchus,Female,tde,,,2,4.4499998,0.0145377873084844,0.014487705,0.014587869
Lung_and_bronchus,Female,tde,,,2,4.5,0.0145121558391725,0.014462186,0.014562125
Lung_and_bronchus,Female,tde,,,2,4.5500002,0.0144855284195904,0.014435673,0.014535384
Lung_and_bronchus,Female,tde,,,2,4.5999999,0.0144579345701958,0.014408194,0.014507675
Lung_and_bronchus,Female,tde,,,2,4.6500001,0.0144294023399386,0.014379779,0.014479025
Lung_and_bronchus,Female,tde,,,2,4.6999998,0.0143999601836714,0.014350455,0.014449465
Lung_and_bronchus,Female,tde,,,2,4.75,0.0143696347996419,0.01432025,0.01441902
Lung_and_bronchus,Female,tde,,,2,4.8000002,0.0143384530862742,0.014289189,0.014387717
Lung_and_bronchus,Female,tde,,,2,4.8499999,0.0143064413496484,0.0142573,0.014355583
Lung_and_bronchus,Female,tde,,,2,4.9000001,0.0142736243638982,0.014224606,0.014322643
Lung_and_bronchus,Female,tde,,,2,4.9499998,0.0142400275403021,0.014191134,0.014288922
Lung_and_bronchus,Female,tde,,,2,5.0,0.0142056744375014,0.014156906,0.014254442
Lung_and_bronchus,Female,tie,,,0,0.0,0.0,0.0,0.0
Lung_and_bronchus,Female,tie,,,0,0.050000001,0.0022335637501984,0.0020206582,0.0024464692
Lung_and_bronchus,Female,tie,,,0,0.1,0.0044353199394413,0.0040149819,0.0048556579
Lung_and_bronchus,Female,tie,,,0,0.15000001,0.0062753121140442,0.0056825108,0.0068681133
Lung_and_bronchus,Female,tie,,,0,0.2,0.0078043929761552,0.0070687933,0.0085399924
Lung_and_bronchus,Female,tie,,,0,0.25,0.0090834427962921,0.0082287602,0.0099381255
Lung_and_bronchus,Female,tie,,,0,0.30000001,0.010162079568086,0.0092072543,0.011116905
Lung_and_bronchus,Female,tie,,,0,0.34999999,0.0110787130400001,0.010039013,0.012118413
Lung_and_bronchus,Female,tie,,,0,0.40000001,0.0118629766077262,0.010750848,0.012975105
Lung_and_bronchus,Female,tie,,,0,0.44999999,0.0125384953154913,0.011364145,0.013712846
Lung_and_bronchus,Female,tie,,,0,0.5,0.0131269198203421,0.011898512,0.014355328
Lung_and_bronchus,Female,tie,,,0,0.55000001,0.0136455409561033,0.012369612,0.01492147
Lung_and_bronchus,Female,tie,,,0,0.60000002,0.0141072427175867,0.01278912,0.015425365
Lung_and_bronchus,Female,tie,,,0,0.64999998,0.0145217976653534,0.013165889,0.015877705
Lung_and_bronchus,Female,tie,,,0,0.69999999,0.0148967438338857,0.013506751,0.016286736
Lung_and_bronchus,Female,tie,,,0,0.75,0.0152379813714732,0.01381705,0.016658913
Lung_and_bronchus,Female,tie,,,0,0.80000001,0.0155501931603621,0.01410103,0.016999356
Lung_and_bronchus,Female,tie,,,0,0.85000002,0.0158371417919642,0.014362101,0.017312182
Lung_and_bronchus,Female,tie,,,0,0.89999998,0.016101874896105,0.014603024,0.017600724
Lung_and_bronchus,Female,tie,,,0,0.94999999,0.0163464901181659,0.014825699,0.017867282
Lung_and_bronchus,Female,tie,,,0,1.0,0.0165722620960786,0.015031274,0.01811325
Lung_and_bronchus,Female,tie,,,0,1.05,0.0167780170727372,0.015218654,0.01833738
Lung_and_bronchus,Female,tie,,,0,1.1,0.0169671692231287,0.015390957,0.018543381
Lung_and_bronchus,Female,tie,,,0,1.15,0.0171407698991837,0.015549135,0.018732404
Lung_and_bronchus,Female,tie,,,0,1.2,0.0172998107994213,0.015694087,0.018905535
Lung_and_bronchus,Female,tie,,,0,1.25,0.0174452221710379,0.015826654,0.019063791
Lung_and_bronchus,Female,tie,,,0,1.3,0.0175778777608894,0.015947625,0.019208131
Lung_and_bronchus,Female,tie,,,0,1.35,0.0176985961531403,0.016057743,0.019339448
Lung_and_bronchus,Female,tie,,,0,1.4,0.0178081428682351,0.016157703,0.019458583
Lung_and_bronchus,Female,tie,,,0,1.45,0.0179072352214789,0.016248154,0.019566316
Lung_and_bronchus,Female,tie,,,0,1.5,0.0179965431341593,0.016329702,0.019663384
Lung_and_bronchus,Female,tie,,,0,1.55,0.0180766937001993,0.016402919,0.01975047
Lung_and_bronchus,Female,tie,,,0,1.6,0.0181482731331218,0.016468331,0.019828213
Lung_and_bronchus,Female,tie,,,0,1.65,0.0182118289879495,0.016526442,0.019897217
Lung_and_bronchus,Female,tie,,,0,1.7,0.0182678834797455,0.016577721,0.019958047
Lung_and_bronchus,Female,tie,,,0,1.75,0.0183169865841439,0.016622668,0.020011306
Lung_and_bronchus,Female,tie,,,0,1.8,0.0183596668493717,0.016661763,0.02005757
Lung_and_bronchus,Female,tie,,,0,1.85,0.0183964043297044,0.016695445,0.020097364
Lung_and_bronchus,Female,tie,,,0,1.9,0.0184276356036912,0.016724108,0.020131163
Lung_and_bronchus,Female,tie,,,0,1.95,0.0184537590059592,0.016748114,0.020159405
Lung_and_bronchus,Female,tie,,,0,2.0,0.0184751380982101,0.016767794,0.020182483
Lung_and_bronchus,Female,tie,,,0,2.05,0.0184894236433098,0.016780972,0.020197874
Lung_and_bronchus,Female,tie,,,0,2.0999999,0.018499613437106,0.016790414,0.020208813
Lung_and_bronchus,Female,tie,,,0,2.1500001,0.0185059887943405,0.016796375,0.020215603
Lung_and_bronchus,Female,tie,,,0,2.2,0.0185088082464254,0.01679909,0.020218525
Lung_and_bronchus,Female,tie,,,0,2.25,0.0185083099092029,0.016798778,0.020217843
Lung_and_bronchus,Female,tie,,,0,2.3,0.0185047132870074,0.016795635,0.020213792
Lung_and_bronchus,Female,tie,,,0,2.3499999,0.0184982210405347,0.016789848,0.020206595
Lung_and_bronchus,Female,tie,,,0,2.4000001,0.0184890204783411,0.016781587,0.020196455
Lung_and_bronchus,Female,tie,,,0,2.45,0.0184772851228255,0.016771011,0.02018356
Lung_and_bronchus,Female,tie,,,0,2.5,0.018463175679031,0.016758263,0.020168088
Lung_and_bronchus,Female,tie,,,0,2.55,0.018446841304433,0.016743483,0.0201502
Lung_and_bronchus,Female,tie,,,0,2.5999999,0.0184284205654144,0.016726796,0.020130044
Lung_and_bronchus,Female,tie,,,0,2.6500001,0.0184080422304162,0.016708318,0.020107765
Lung_and_bronchus,Female,tie,,,0,2.7,0.0183858264748532,0.016688161,0.020083493
Lung_and_bronchus,Female,tie,,,0,2.75,0.0183618850259316,0.016666424,0.020057347
Lung_and_bronchus,Female,tie,,,0,2.8,0.0183363222018795,0.016643204,0.020029441
Lung_and_bronchus,Female,tie,,,0,2.8499999,0.0183092354165607,0.016618589,0.019999882
Lung_and_bronchus,Female,tie,,,0,2.9000001,0.018280715582088,0.016592663,0.019968769
Lung_and_bronchus,Female,tie,,,0,2.95,0.0182508481520639,0.016565502,0.019936195
Lung_and_bronchus,Female,tie,,,0,3.0,0.0182197127530599,0.01653718,0.019902244
Lung_and_bronchus,Female,tie,,,0,3.05,0.0181846188247275,0.016505204,0.019864032
Lung_and_bronchus,Female,tie,,,0,3.0999999,0.0181484248217005,0.01647222,0.019824628
Lung_and_bronchus,Female,tie,,,0,3.1500001,0.0181111965888608,0.01643829,0.019784104
Lung_and_bronchus,Female,tie,,,0,3.2,0.0180729964834626,0.016403466,0.019742526
Lung_and_bronchus,Female,tie,,,0,3.25,0.0180338825974319,0.016367808,0.019699957
Lung_and_bronchus,Female,tie,,,0,3.3,0.0179939097267697,0.01633136,0.019656461
Lung_and_bronchus,Female,tie,,,0,3.3499999,0.017953129438685,0.01629417,0.019612089
Lung_and_bronchus,Female,tie,,,0,3.4000001,0.0179115900943786,0.016256286,0.019566894
Lung_and_bronchus,Female,tie,,,0,3.45,0.0178693378497543,0.016217748,0.019520929
Lung_and_bronchus,Female,tie,,,0,3.5,0.0178264156552117,0.016178593,0.019474238
Lung_and_bronchus,Female,tie,,,0,3.55,0.017782864218419,0.016138861,0.019426867
Lung_and_bronchus,Female,tie,,,0,3.5999999,0.0177387219684112,0.016098589,0.019378856
Lung_and_bronchus,Female,tie,,,0,3.6500001,0.0176940249893537,0.016057804,0.019330246
Lung_and_bronchus,Female,tie,,,0,3.7,0.017648808012712,0.016016543,0.019281073
Lung_and_bronchus,Female,tie,,,0,3.75,0.0176031032649857,0.015974835,0.019231373
Lung_and_bronchus,Female,tie,,,0,3.8,0.0175569414352024,0.015932705,0.019181179
Lung_and_bronchus,Female,tie,,,0,3.8499999,0.0175103515719348,0.015890181,0.019130522
Lung_and_bronchus,Female,tie,,,0,3.9000001,0.0174633609593241,0.01584729,0.019079432
Lung_and_bronchus,Female,tie,,,0,3.95,0.0174159961090763,0.015804054,0.019027937
Lung_and_bronchus,Female,tie,,,0,4.0,0.0173682815030485,0.015760496,0.018976066
Lung_and_bronchus,Female,tie,,,0,4.0500002,0.0173174526663369,0.015714053,0.018920852
Lung_and_bronchus,Female,tie,,,0,4.0999999,0.017266348034542,0.015667357,0.018865339
Lung_and_bronchus,Female,tie,,,0,4.1500001,0.0172149876329754,0.015620423,0.018809551
Lung_and_bronchus,Female,tie,,,0,4.1999998,0.0171633923658262,0.015573273,0.018753512
Lung_and_bronchus,Female,tie,,,0,4.25,0.0171115801605157,0.015525924,0.018697236
Lung_and_bronchus,Female,tie,,,0,4.3000002,0.0170595694642091,0.015478392,0.018640747
Lung_and_bronchus,Female,tie,,,0,4.3499999,0.0170073778302084,0.015430693,0.018584063
Lung_and_bronchus,Female,tie,,,0,4.4000001,0.016955020466706,0.01538284,0.0185272
Lung_and_bronchus,Female,tie,,,0,4.4499998,0.0169025137721256,0.01533485,0.018470177
Lung_and_bronchus,Female,tie,,,0,4.5,0.0168498713855033,0.015286734,0.018413009
Lung_and_bronchus,Female,tie,,,0,4.5500002,0.0167971077295059,0.015238506,0.01835571
Lung_and_bronchus,Female,tie,,,0,4.5999999,0.0167442365522409,0.015190179,0.018298294
Lung_and_bronchus,Female,tie,,,0,4.6500001,0.0166912694458016,0.015141762,0.018240778
Lung_and_bronchus,Female,tie,,,0,4.6999998,0.0166382194122465,0.015093269,0.01818317
Lung_and_bronchus,Female,tie,,,0,4.75,0.0165850968551766,0.015044708,0.018125486
Lung_and_bronchus,Female,tie,,,0,4.8000002,0.0165319131493452,0.01499609,0.018067736
Lung_and_bronchus,Female,tie,,,0,4.8499999,0.0164786791538573,0.014947425,0.018009933
Lung_and_bronchus,Female,tie,,,0,4.9000001,0.0164254037131568,0.014898721,0.017952086
Lung_and_bronchus,Female,tie,,,0,4.9499998,0.016372097236852,0.014849988,0.017894207
Lung_and_bronchus,Female,tie,,,0,5.0,0.0163187676591843,0.014801233,0.017836303
Lung_and_bronchus,Female,tie,,,1,0.0,0.0,0.0,0.0
Lung_and_bronchus,Female,tie,,,1,0.050000001,0.0017766134889309,0.0015671167,0.0019861104
Lung_and_bronchus,Female,tie,,,1,0.1,0.0036573012112251,0.0032241074,0.0040904949
Lung_and_bronchus,Female,tie,,,1,0.15000001,0.0052861088638782,0.0046595242,0.0059126937
Lung_and_bronchus,Female,tie,,,1,0.2,0.0066746692055625,0.0058838902,0.0074654482
Lung_and_bronchus,Female,tie,,,1,0.25,0.0078602671968553,0.0069299978,0.0087905368
Lung_and_bronchus,Female,tie,,,1,0.30000001,0.0088778802531553,0.0078285458,0.0099272151
Lung_and_bronchus,Female,tie,,,1,0.34999999,0.0097564400762548,0.0086049102,0.010907969
Lung_and_bronchus,Female,tie,,,1,0.40000001,0.0105192168115927,0.0092794988,0.011758935
Lung_and_bronchus,Female,tie,,,1,0.44999999,0.0111853934556729,0.0098691378,0.012501649
Lung_and_bronchus,Female,tie,,,1,0.5,0.0117732905812911,0.010389923,0.013156658
Lung_and_bronchus,Female,tie,,,1,0.55000001,0.0122978579335974,0.010854997,0.013740718
Lung_and_bronchus,Female,tie,,,1,0.60000002,0.0127703715517964,0.011274273,0.01426647
Lung_and_bronchus,Female,tie,,,1,0.64999998,0.0131994721256368,0.011655346,0.014743598
Lung_and_bronchus,Female,tie,,,1,0.69999999,0.0135918832864725,0.012004131,0.015179636
Lung_and_bronchus,Female,tie,,,1,0.75,0.0139529074505182,0.012325288,0.015580527
Lung_and_bronchus,Female,tie,,,1,0.80000001,0.014286780931775,0.012622544,0.015951017
Lung_and_bronchus,Female,tie,,,1,0.85000002,0.0145969271856224,0.012898909,0.016294945
Lung_and_bronchus,Female,tie,,,1,0.89999998,0.0148861325177313,0.013156833,0.016615432
Lung_and_bronchus,Female,tie,,,1,0.94999999,0.015156295706472,0.013397982,0.01691461
Lung_and_bronchus,Female,tie,,,1,1.0,0.0154085300874517,0.013623324,0.017193737
Lung_and_bronchus,Female,tie,,,1,1.05,0.0156427281620797,0.013832741,0.017452715
Lung_and_bronchus,Female,tie,,,1,1.1,0.0158609648641199,0.014028066,0.017693864
Lung_and_bronchus,Female,tie,,,1,1.15,0.0160641690965742,0.014210108,0.017918231
Lung_and_bronchus,Female,tie,,,1,1.2,0.0162532227182841,0.014379637,0.018126808
Lung_and_bronchus,Female,tie,,,1,1.25,0.0164289572276392,0.014537383,0.018320531
Lung_and_bronchus,Female,tie,,,1,1.3,0.016592158258506,0.014684032,0.018500285
Lung_and_bronchus,Female,tie,,,1,1.35,0.0167435657846851,0.014820232,0.018666899
Lung_and_bronchus,Female,tie,,,1,1.4,0.0168838751257916,0.014946593,0.018821158
Lung_and_bronchus,Female,tie,,,1,1.45,0.0170137415058136,0.015063691,0.018963791
Lung_and_bronchus,Female,tie,,,1,1.5,0.0171337795274957,0.015172065,0.019095493
Lung_and_bronchus,Female,tie,,,1,1.55,0.0172445675637624,0.015272223,0.019216912
Lung_and_bronchus,Female,tie,,,1,1.6,0.0173466488549452,0.015364644,0.019328654
Lung_and_bronchus,Female,tie,,,1,1.65,0.0174405329417349,0.015449774,0.019431291
Lung_and_bronchus,Female,tie,,,1,1.7,0.0175267094849431,0.015528047,0.019525371
Lung_and_bronchus,Female,tie,,,1,1.75,0.0176057034949987,0.015599924,0.019611483
Lung_and_bronchus,Female,tie,,,1,1.8,0.0176780243109693,0.015665857,0.019690191
Lung_and_bronchus,Female,tie,,,1,1.85,0.0177441362420303,0.015726255,0.019762017
Lung_and_bronchus,Female,tie,,,1,1.9,0.0178044628497233,0.015781496,0.019827431
Lung_and_bronchus,Female,tie,,,1,1.95,0.0178593922284296,0.015831919,0.019886866
Lung_and_bronchus,Female,tie,,,1,2.0,0.0179092795503337,0.015877841,0.019940719
Lung_and_bronchus,Female,tie,,,1,2.05,0.0179530698026026,0.015918314,0.019987825
Lung_and_bronchus,Female,tie,,,1,2.0999999,0.017992440436811,0.015954837,0.020030044
Lung_and_bronchus,Female,tie,,,1,2.1500001,0.0180276689355546,0.015987655,0.020067684
Lung_and_bronchus,Female,tie,,,1,2.2,0.0180590107770342,0.016016994,0.020101028
Lung_and_bronchus,Female,tie,,,1,2.25,0.0180867024559638,0.016043067,0.020130338
Lung_and_bronchus,Female,tie,,,1,2.3,0.0181109625881126,0.016066065,0.02015586
Lung_and_bronchus,Female,tie,,,1,2.3499999,0.0181319936899025,0.016086169,0.020177819
Lung_and_bronchus,Female,tie,,,1,2.4000001,0.018149983689931,0.016103545,0.020196423
Lung_and_bronchus,Female,tie,,,1,2.45,0.018165106884252,0.016118348,0.020211866
Lung_and_bronchus,Female,tie,,,1,2.5,0.0181775256023498,0.016130723,0.020224327
Lung_and_bronchus,Female,tie,,,1,2.55,0.0181873908870416,0.016140806,0.020233976
Lung_and_bronchus,Female,tie,,,1,2.5999999,0.0181948435211896,0.016148718,0.020240968
Lung_and_bronchus,Female,tie,,,1,2.6500001,0.0182000148898384,0.01615458,0.02024545
Lung_and_bronchus,Female,tie,,,1,2.7,0.0182030276542777,0.016158499,0.020247556
Lung_and_bronchus,Female,tie,,,1,2.75,0.0182039965887738,0.016160578,0.020247417
Lung_and_bronchus,Female,tie,,,1,2.8,0.018203029097103,0.016160911,0.020245146
Lung_and_bronchus,Female,tie,,,1,2.8499999,0.0182002258104205,0.01615959,0.020240862
Lung_and_bronchus,Female,tie,,,1,2.9000001,0.0181956810780128,0.0161567,0.020234663
Lung_and_bronchus,Female,tie,,,1,2.95,0.0181894835326514,0.016152315,0.020226652
Lung_and_bronchus,Female,tie,,,1,3.0,0.018181716388835,0.016146515,0.020216918
Lung_and_bronchus,Female,tie,,,1,3.05,0.0181708900280477,0.016137956,0.020203823
Lung_and_bronchus,Female,tie,,,1,3.0999999,0.0181586502956288,0.016128119,0.020189181
Lung_and_bronchus,Female,tie,,,1,3.1500001,0.0181450668224149,0.016117068,0.020173065
Lung_and_bronchus,Female,tie,,,1,3.2,0.0181302054354618,0.016104858,0.020155553
Lung_and_bronchus,Female,tie,,,1,3.25,0.0181141280463475,0.016091548,0.020136708
Lung_and_bronchus,Female,tie,,,1,3.3,0.0180968931590793,0.016077187,0.020116599
Lung_and_bronchus,Female,tie,,,1,3.3499999,0.0180785560428812,0.016061828,0.020095285
Lung_and_bronchus,Female,tie,,,1,3.4000001,0.0180591688531622,0.016045514,0.020072823
Lung_and_bronchus,Female,tie,,,1,3.45,0.0180387812052849,0.016028292,0.02004927
Lung_and_bronchus,Female,tie,,,1,3.5,0.0180174398031189,0.016010202,0.020024676
Lung_and_bronchus,Female,tie,,,1,3.55,0.0179951889736593,0.015991287,0.019999091
Lung_and_bronchus,Female,tie,,,1,3.5999999,0.0179720707338165,0.015971581,0.019972561
Lung_and_bronchus,Female,tie,,,1,3.6500001,0.0179481248194078,0.015951121,0.019945128
Lung_and_bronchus,Female,tie,,,1,3.7,0.0179233892802549,0.015929943,0.019916836
Lung_and_bronchus,Female,tie,,,1,3.75,0.0178978999194304,0.015908075,0.019887723
Lung_and_bronchus,Female,tie,,,1,3.8,0.0178716908618995,0.015885552,0.019857829
Lung_and_bronchus,Female,tie,,,1,3.8499999,0.0178447945496906,0.015862402,0.019827189
Lung_and_bronchus,Female,tie,,,1,3.9000001,0.0178172417088457,0.015838649,0.019795835
Lung_and_bronchus,Female,tie,,,1,3.95,0.0177890619709969,0.015814323,0.019763799
Lung_and_bronchus,Female,tie,,,1,4.0,0.0177602831713711,0.015789451,0.019731116
Lung_and_bronchus,Female,tie,,,1,4.0500002,0.0177292912493782,0.015762575,0.019696008
Lung_and_bronchus,Female,tie,,,1,4.0999999,0.0176977605656567,0.015735205,0.019660316
Lung_and_bronchus,Female,tie,,,1,4.1500001,0.0176657148515324,0.015707362,0.019624067
Lung_and_bronchus,Female,tie,,,1,4.1999998,0.0176331779300904,0.015679067,0.019587288
Lung_and_bronchus,Female,tie,,,1,4.25,0.0176001713340816,0.015650341,0.019550001
Lung_and_bronchus,Female,tie,,,1,4.3000002,0.0175667165239647,0.015621201,0.019512232
Lung_and_bronchus,Female,tie,,,1,4.3499999,0.0175328340303292,0.015591668,0.019474
Lung_and_bronchus,Female,tie,,,1,4.4000001,0.0174985425159018,0.015561757,0.019435328
Lung_and_bronchus,Female,tie,,,1,4.4499998,0.017463861094627,0.015531486,0.019396236
Lung_and_bronchus,Female,tie,,,1,4.5,0.0174288067607847,0.01550087,0.019356744
Lung_and_bronchus,Female,tie,,,1,4.5500002,0.017393396736643,0.015469925,0.019316869
Lung_and_bronchus,Female,tie,,,1,4.5999999,0.0173576475347189,0.015438665,0.01927663
Lung_and_bronchus,Female,tie,,,1,4.6500001,0.0173215739565762,0.015407104,0.019236043
Lung_and_bronchus,Female,tie,,,1,4.6999998,0.0172851915217098,0.015375257,0.019195126
Lung_and_bronchus,Female,tie,,,1,4.75,0.0172485137486338,0.015343135,0.019153893
Lung_and_bronchus,Female,tie,,,1,4.8000002,0.0172115546069559,0.015310751,0.019112358
Lung_and_bronchus,Female,tie,,,1,4.8499999,0.0171743275174569,0.015278117,0.019070538
Lung_and_bronchus,Female,tie,,,1,4.9000001,0.017136844302178,0.015245244,0.019028446
Lung_and_bronchus,Female,tie,,,1,4.9499998,0.0170991177013722,0.015212143,0.018986093
Lung_and_bronchus,Female,tie,,,1,5.0,0.0170611585385488,0.015178825,0.018943492
Lung_and_bronchus,Female,tie,,,2,0.0,0.0,0.0,0.0
Lung_and_bronchus,Female,tie,,,2,0.050000001,0.0034670291597204,0.0029313639,0.0040026945
Lung_and_bronchus,Female,tie,,,2,0.1,0.0065354592118276,0.0055433786,0.00752754
Lung_and_bronchus,Female,tie,,,2,0.15000001,0.0089455108106861,0.0076054358,0.010285586
Lung_and_bronchus,Female,tie,,,2,0.2,0.0108539047314954,0.0092451265,0.012462683
Lung_and_bronchus,Female,tie,,,2,0.25,0.0123852130753853,0.010565642,0.014204784
Lung_and_bronchus,Female,tie,,,2,0.30000001,0.0136285737758046,0.011641415,0.015615732
Lung_and_bronchus,Female,tie,,,2,0.34999999,0.0146479810784999,0.012526178,0.016769784
Lung_and_bronchus,Female,tie,,,2,0.40000001,0.0154902449730834,0.013259402,0.017721087
Lung_and_bronchus,Female,tie,,,2,0.44999999,0.0161909811134347,0.01387124,0.018510722
Lung_and_bronchus,Female,tie,,,2,0.5,0.0167808291956337,0.014387771,0.019173887
Lung_and_bronchus,Female,tie,,,2,0.55000001,0.0172833994544229,0.014829152,0.019737646
Lung_and_bronchus,Female,tie,,,2,0.60000002,0.0177159163080469,0.015210113,0.02022172
Lung_and_bronchus,Female,tie,,,2,0.64999998,0.0180912076244243,0.015541642,0.020640774
Lung_and_bronchus,Female,tie,,,2,0.69999999,0.0184190097912789,0.015832087,0.021005932
Lung_and_bronchus,Female,tie,,,2,0.75,0.018706836440688,0.016087903,0.021325771
Lung_and_bronchus,Female,tie,,,2,0.80000001,0.0189605758956883,0.016314149,0.021607004
Lung_and_bronchus,Female,tie,,,2,0.85000002,0.0191849061921058,0.016514849,0.021854963
Lung_and_bronchus,Female,tie,,,2,0.89999998,0.0193835803632482,0.016693238,0.022073923
Lung_and_bronchus,Female,tie,,,2,0.94999999,0.0195592328647374,0.016851576,0.022266889
Lung_and_bronchus,Female,tie,,,2,1.0,0.0197135737447765,0.016991328,0.022435818
Lung_and_bronchus,Female,tie,,,2,1.05,0.0198425510489865,0.017109107,0.022575993
Lung_and_bronchus,Female,tie,,,2,1.1,0.0199531940235418,0.017210847,0.022695541
Lung_and_bronchus,Female,tie,,,2,1.15,0.0200468845520111,0.017297735,0.022796035
Lung_and_bronchus,Female,tie,,,2,1.2,0.0201249108278577,0.017370882,0.022878939
Lung_and_bronchus,Female,tie,,,2,1.25,0.0201884696551624,0.017431321,0.02294562
Lung_and_bronchus,Female,tie,,,2,1.3,0.0202386726279472,0.01748001,0.022997335
Lung_and_bronchus,Female,tie,,,2,1.35,0.020276550526698,0.017517846,0.023035254
Lung_and_bronchus,Female,tie,,,2,1.4,0.0203030583679634,0.017545655,0.023060462
Lung_and_bronchus,Female,tie,,,2,1.45,0.0203190810728004,0.017564205,0.023073956
Lung_and_bronchus,Female,tie,,,2,1.5,0.02032543788621,0.017574208,0.023076668
Lung_and_bronchus,Female,tie,,,2,1.55,0.0203228874167914,0.017576324,0.023069451
Lung_and_bronchus,Female,tie,,,2,1.6,0.0203121318774444,0.017571166,0.023053097
Lung_and_bronchus,Female,tie,,,2,1.65,0.0202938214369047,0.017559301,0.023028342
Lung_and_bronchus,Female,tie,,,2,1.7,0.0202685661853214,0.017541261,0.022995871
Lung_and_bronchus,Female,tie,,,2,1.75,0.020236983487976,0.017517587,0.022956381
Lung_and_bronchus,Female,tie,,,2,1.8,0.0201996537452011,0.017488787,0.02291052
Lung_and_bronchus,Female,tie,,,2,1.85,0.0201570995126974,0.017455319,0.02285888
Lung_and_bronchus,Female,tie,,,2,1.9,0.020109792506379,0.017417599,0.022801986
Lung_and_bronchus,Female,tie,,,2,1.95,0.0200581587028069,0.017376,0.022740318
Lung_and_bronchus,Female,tie,,,2,2.0,0.0200025843098651,0.017330861,0.022674307
Lung_and_bronchus,Female,tie,,,2,2.05,0.0199372265353396,0.017277218,0.022597235
Lung_and_bronchus,Female,tie,,,2,2.0999999,0.0198686472369168,0.017220665,0.022516629
Lung_and_bronchus,Female,tie,,,2,2.1500001,0.0197971380736151,0.017161459,0.022432819
Lung_and_bronchus,Female,tie,,,2,2.2,0.0197229658185112,0.017099833,0.0223461
Lung_and_bronchus,Female,tie,,,2,2.25,0.0196463729634287,0.017036004,0.022256741
Lung_and_bronchus,Female,tie,,,2,2.3,0.0195675814112414,0.016970169,0.022164993
Lung_and_bronchus,Female,tie,,,2,2.3499999,0.0194867942120933,0.016902506,0.022071082
Lung_and_bronchus,Female,tie,,,2,2.4000001,0.0194041970008348,0.016833182,0.021975212
Lung_and_bronchus,Female,tie,,,2,2.45,0.0193199612115052,0.016762346,0.021877576
Lung_and_bronchus,Female,tie,,,2,2.5,0.0192342431642238,0.016690141,0.021778345
Lung_and_bronchus,Female,tie,,,2,2.55,0.0191471869272818,0.016616691,0.021677682
Lung_and_bronchus,Female,tie,,,2,2.5999999,0.0190589250840251,0.016542116,0.021575734
Lung_and_bronchus,Female,tie,,,2,2.6500001,0.0189695793397856,0.016466526,0.021472633
Lung_and_bronchus,Female,tie,,,2,2.7,0.018879263159747,0.01639002,0.021368505
Lung_and_bronchus,Female,tie,,,2,2.75,0.0187880800460578,0.016312692,0.021263467
Lung_and_bronchus,Female,tie,,,2,2.8,0.0186961259879926,0.016234627,0.021157624
Lung_and_bronchus,Female,tie,,,2,2.8499999,0.0186034897148439,0.016155904,0.021051075
Lung_and_bronchus,Female,tie,,,2,2.9000001,0.0185102528606131,0.016076598,0.020943908
Lung_and_bronchus,Female,tie,,,2,2.95,0.018416492297236,0.015996777,0.020836208
Lung_and_bronchus,Female,tie,,,2,3.0,0.0183222779662383,0.015916502,0.020728054
Lung_and_bronchus,Female,tie,,,2,3.05,0.018221677553553,0.015830707,0.020612648
Lung_and_bronchus,Female,tie,,,2,3.0999999,0.0181208227620115,0.015744632,0.020497013
Lung_and_bronchus,Female,tie,,,2,3.1500001,0.0180197692169068,0.01565833,0.020381209
Lung_and_bronchus,Female,tie,,,2,3.2,0.0179185699093091,0.015571847,0.020265292
Lung_and_bronchus,Female,tie,,,2,3.25,0.0178172726205947,0.015485226,0.020149319
Lung_and_bronchus,Female,tie,,,2,3.3,0.0177159221375836,0.01539851,0.020033333
Lung_and_bronchus,Female,tie,,,2,3.3499999,0.0176145600344771,0.015311735,0.019917386
Lung_and_bronchus,Female,tie,,,2,3.4000001,0.0175132244306088,0.015224935,0.019801512
Lung_and_bronchus,Female,tie,,,2,3.45,0.0174119521436147,0.015138146,0.019685758
Lung_and_bronchus,Female,tie,,,2,3.5,0.0173107759919948,0.015051397,0.019570155
Lung_and_bronchus,Female,tie,,,2,3.55,0.0172097269136107,0.014964715,0.01945474
Lung_and_bronchus,Female,tie,,,2,3.5999999,0.0171088336525932,0.014878127,0.019339541
Lung_and_bronchus,Female,tie,,,2,3.6500001,0.0170081224360474,0.014791657,0.019224588
Lung_and_bronchus,Female,tie,,,2,3.7,0.0169076190380574,0.014705331,0.019109907
Lung_and_bronchus,Female,tie,,,2,3.75,0.0168073460307264,0.014619166,0.018995525
Lung_and_bronchus,Female,tie,,,2,3.8,0.0167073248283074,0.014533185,0.018881464
Lung_and_bronchus,Female,tie,,,2,3.8499999,0.016607575319274,0.014447405,0.018767746
Lung_and_bronchus,Female,tie,,,2,3.9000001,0.0165081154968967,0.014361843,0.018654387
Lung_and_bronchus,Female,tie,,,2,3.95,0.0164089634511317,0.014276516,0.018541412
Lung_and_bronchus,Female,tie,,,2,4.0,0.0163101346119416,0.014191437,0.018428832
Lung_and_bronchus,Female,tie,,,2,4.0500002,0.0162057591417963,0.014101564,0.018309955
Lung_and_bronchus,Female,tie,,,2,4.0999999,0.0161018177136959,0.014012035,0.0181916
Lung_and_bronchus,Female,tie,,,2,4.1500001,0.0159983203491489,0.013922861,0.018073779
Lung_and_bronchus,Female,tie,,,2,4.1999998,0.0158952800732424,0.013834055,0.017956506
Lung_and_bronchus,Female,tie,,,2,4.25,0.0157927050813779,0.013745622,0.017839788
Lung_and_bronchus,Female,tie,,,2,4.3000002,0.0156906056868079,0.013657575,0.017723637
Lung_and_bronchus,Female,tie,,,2,4.3499999,0.0155889914061146,0.01356992,0.017608061
Lung_and_bronchus,Female,tie,,,2,4.4000001,0.015487868122519,0.013482667,0.017493069
Lung_and_bronchus,Female,tie,,,2,4.4499998,0.015387244904322,0.013395822,0.017378669
Lung_and_bronchus,Female,tie,,,2,4.5,0.0152871263336073,0.013309389,0.017264863
Lung_and_bronchus,Female,tie,,,2,4.5500002,0.015187519275958,0.013223377,0.017151661
Lung_and_bronchus,Female,tie,,,2,4.5999999,0.0150884300173921,0.013137791,0.01703907
Lung_and_bronchus,Female,tie,,,2,4.6500001,0.0149898614865416,0.013052635,0.016927088
Lung_and_bronchus,Female,tie,,,2,4.6999998,0.0148918198900426,0.012967913,0.016815726
Lung_and_bronchus,Female,tie,,,2,4.75,0.0147943072232755,0.012883631,0.016704984
Lung_and_bronchus,Female,tie,,,2,4.8000002,0.0146973278565946,0.01279979,0.016594866
Lung_and_bronchus,Female,tie,,,2,4.8499999,0.0146008857342605,0.012716396,0.016485374
Lung_and_bronchus,Female,tie,,,2,4.9000001,0.014504981663165,0.012633449,0.016376514
Lung_and_bronchus,Female,tie,,,2,4.9499998,0.0144096197617045,0.012550956,0.016268283
Lung_and_bronchus,Female,tie,,,2,5.0,0.0143148001649962,0.012468914,0.016160687
