site,sex,estimate,race,stage,agegroup,tt,PE,lci,uci
Lung_and_bronchus,Male,AD,,,0,0.0,0.0,0.0,0.0
Lung_and_bronchus,Male,AD,,,0,0.050000001,24.84548702094619,23.891705,25.799271
Lung_and_bronchus,Male,AD,,,0,0.1,47.05047223168839,45.235374,48.86557
Lung_and_bronchus,Male,AD,,,0,0.15000001,63.88505114554113,61.380032,66.390068
Lung_and_bronchus,Male,AD,,,0,0.2,76.62418026111857,73.564728,79.683632
Lung_and_bronchus,Male,AD,,,0,0.25,86.33785722975995,82.828438,89.847275
Lung_and_bronchus,Male,AD,,,0,0.30000001,93.7972721570594,89.919189,97.675354
Lung_and_bronchus,Male,AD,,,0,0.34999999,99.55232093957966,95.369759,103.73489
Lung_and_bronchus,Male,AD,,,0,0.40000001,104.0032506003533,99.567436,108.43906
Lung_and_bronchus,Male,AD,,,0,0.44999999,107.469999887991,102.82113,112.11887
Lung_and_bronchus,Male,AD,,,0,0.5,110.1922299942978,105.36189,115.02257
Lung_and_bronchus,Male,AD,,,0,0.55000001,112.3392124657564,107.35276,117.32566
Lung_and_bronchus,Male,AD,,,0,0.60000002,114.033255824083,108.91145,119.15506
Lung_and_bronchus,Male,AD,,,0,0.64999998,115.3646493814027,110.12478,120.60452
Lung_and_bronchus,Male,AD,,,0,0.69999999,116.4013481587258,111.05801,121.74469
Lung_and_bronchus,Male,AD,,,0,0.75,117.1953851216399,111.76109,122.62968
Lung_and_bronchus,Male,AD,,,0,0.80000001,117.7868184159838,112.27245,123.30119
Lung_and_bronchus,Male,AD,,,0,0.85000002,118.2021002753629,112.61745,123.78674
Lung_and_bronchus,Male,AD,,,0,0.89999998,118.4602663500816,112.81436,124.10617
Lung_and_bronchus,Male,AD,,,0,0.94999999,118.5785604774446,112.8797,124.27743
Lung_and_bronchus,Male,AD,,,0,1.0,118.5726059151214,112.82838,124.31683
Lung_and_bronchus,Male,AD,,,0,1.05,118.4410893509189,112.65948,124.2227
Lung_and_bronchus,Male,AD,,,0,1.1,118.2119323786221,112.39929,124.02457
Lung_and_bronchus,Male,AD,,,0,1.15,117.8965539532601,112.05871,123.7344
Lung_and_bronchus,Male,AD,,,0,1.2,117.505181755148,111.64744,123.36293
Lung_and_bronchus,Male,AD,,,0,1.25,117.0469702657153,111.17416,122.91978
Lung_and_bronchus,Male,AD,,,0,1.3,116.5301001821108,110.64661,122.41359
Lung_and_bronchus,Male,AD,,,0,1.35,115.961878284751,110.07172,121.85204
Lung_and_bronchus,Male,AD,,,0,1.4,115.3488316817679,109.45564,121.24203
Lung_and_bronchus,Male,AD,,,0,1.45,114.6968203734307,108.80389,120.58975
Lung_and_bronchus,Male,AD,,,0,1.5,114.0115568978351,108.12186,119.90126
Lung_and_bronchus,Male,AD,,,0,1.55,113.2983297446769,107.41451,119.18215
Lung_and_bronchus,Male,AD,,,0,1.6,112.5616983363923,106.68612,118.43727
Lung_and_bronchus,Male,AD,,,0,1.65,111.8056013270882,105.9404,117.67081
Lung_and_bronchus,Male,AD,,,0,1.7,111.0334369323207,105.1805,116.88637
Lung_and_bronchus,Male,AD,,,0,1.75,110.2481549429112,104.4092,116.0871
Lung_and_bronchus,Male,AD,,,0,1.8,109.4523091526573,103.62887,115.27575
Lung_and_bronchus,Male,AD,,,0,1.85,108.6481177381584,102.84157,114.45467
Lung_and_bronchus,Male,AD,,,0,1.9,107.8375156137818,102.04909,113.62594
Lung_and_bronchus,Male,AD,,,0,1.95,107.0221804104679,101.25298,112.79137
Lung_and_bronchus,Male,AD,,,0,2.0,106.2035814754188,100.45461,111.95255
Lung_and_bronchus,Male,AD,,,0,2.05,105.3662334216294,99.639389,111.09308
Lung_and_bronchus,Male,AD,,,0,2.0999999,104.5281213800456,98.824181,110.23206
Lung_and_bronchus,Male,AD,,,0,2.1500001,103.6902220577906,98.009888,109.37055
Lung_and_bronchus,Male,AD,,,0,2.2,102.8533995761866,97.197304,108.50949
Lung_and_bronchus,Male,AD,,,0,2.25,102.0183971650338,96.3871,107.6497
Lung_and_bronchus,Male,AD,,,0,2.3,101.1858666952828,95.579857,106.79188
Lung_and_bronchus,Male,AD,,,0,2.3499999,100.356376414303,94.7761,105.93665
Lung_and_bronchus,Male,AD,,,0,2.4000001,99.53041719972066,93.976265,105.08457
Lung_and_bronchus,Male,AD,,,0,2.45,98.70842715344976,93.18074,104.23611
Lung_and_bronchus,Male,AD,,,0,2.5,97.89077568615198,92.389854,103.3917
Lung_and_bronchus,Male,AD,,,0,2.55,97.07778602917368,91.603889,102.55169
Lung_and_bronchus,Male,AD,,,0,2.5999999,96.26973718109411,90.82309,101.71638
Lung_and_bronchus,Male,AD,,,0,2.6500001,95.46686525572272,90.047661,100.88607
Lung_and_bronchus,Male,AD,,,0,2.7,94.6693833023578,89.277786,100.06098
Lung_and_bronchus,Male,AD,,,0,2.75,93.87746231678192,88.513611,99.24131
Lung_and_bronchus,Male,AD,,,0,2.8,93.09125008639536,87.755257,98.427246
Lung_and_bronchus,Male,AD,,,0,2.8499999,92.31087043947925,87.002823,97.618919
Lung_and_bronchus,Male,AD,,,0,2.9000001,91.53642229421712,86.256393,96.816452
Lung_and_bronchus,Male,AD,,,0,2.95,90.76799681241596,85.516029,96.019966
Lung_and_bronchus,Male,AD,,,0,3.0,90.00565737499824,84.781784,95.22953
Lung_and_bronchus,Male,AD,,,0,3.05,89.23282410780985,84.037987,94.427666
Lung_and_bronchus,Male,AD,,,0,3.0999999,88.4663470447299,83.300529,93.632164
Lung_and_bronchus,Male,AD,,,0,3.1500001,87.7062515839898,82.56942,92.843079
Lung_and_bronchus,Male,AD,,,0,3.2,86.95256347401096,81.844681,92.06044
Lung_and_bronchus,Male,AD,,,0,3.25,86.20528825773931,81.126305,91.284271
Lung_and_bronchus,Male,AD,,,0,3.3,85.46442686137857,80.414284,90.514572
Lung_and_bronchus,Male,AD,,,0,3.3499999,84.72997289997488,79.708595,89.75135
Lung_and_bronchus,Male,AD,,,0,3.4000001,84.0019100640875,79.009224,88.994598
Lung_and_bronchus,Male,AD,,,0,3.45,83.28022672845941,78.316139,88.244316
Lung_and_bronchus,Male,AD,,,0,3.5,82.5648957943456,77.629318,87.500481
Lung_and_bronchus,Male,AD,,,0,3.55,81.85588920726968,76.948715,86.763062
Lung_and_bronchus,Male,AD,,,0,3.5999999,81.15317500727338,76.2743,86.032051
Lung_and_bronchus,Male,AD,,,0,3.6500001,80.45671450332134,75.606026,85.307404
Lung_and_bronchus,Male,AD,,,0,3.7,79.76647595735972,74.943855,84.589096
Lung_and_bronchus,Male,AD,,,0,3.75,79.0824150437852,74.287743,83.87709
Lung_and_bronchus,Male,AD,,,0,3.8,78.40448850774624,73.637634,83.171341
Lung_and_bronchus,Male,AD,,,0,3.8499999,77.73265113811794,72.993492,82.471809
Lung_and_bronchus,Male,AD,,,0,3.9000001,77.06685288373365,72.355255,81.77845
Lung_and_bronchus,Male,AD,,,0,3.95,76.40705177144469,71.722878,81.091232
Lung_and_bronchus,Male,AD,,,0,4.0,75.75319507996096,71.096306,80.410088
Lung_and_bronchus,Male,AD,,,0,4.0500002,75.08911493731512,70.460205,79.718025
Lung_and_bronchus,Male,AD,,,0,4.0999999,74.43109274855556,69.830002,79.032181
Lung_and_bronchus,Male,AD,,,0,4.1500001,73.77906347582848,69.205635,78.352486
Lung_and_bronchus,Male,AD,,,0,4.1999998,73.13298646423527,68.587059,77.678909
Lung_and_bronchus,Male,AD,,,0,4.25,72.49279582613826,67.974205,77.011383
Lung_and_bronchus,Male,AD,,,0,4.3000002,71.85844383215613,67.367027,76.349861
Lung_and_bronchus,Male,AD,,,0,4.3499999,71.2298822821715,66.76548,75.69429
Lung_and_bronchus,Male,AD,,,0,4.4000001,70.60704486738337,66.169479,75.044609
Lung_and_bronchus,Male,AD,,,0,4.4499998,69.9898890798845,65.579002,74.40078
Lung_and_bronchus,Male,AD,,,0,4.5,69.37834876737975,64.993973,73.762726
Lung_and_bronchus,Male,AD,,,0,4.5500002,68.77237553597206,64.414337,73.130417
Lung_and_bronchus,Male,AD,,,0,4.5999999,68.17192091423954,63.840054,72.503784
Lung_and_bronchus,Male,AD,,,0,4.6500001,67.57691946629438,63.271057,71.882782
Lung_and_bronchus,Male,AD,,,0,4.6999998,66.98732879404997,62.707306,71.267349
Lung_and_bronchus,Male,AD,,,0,4.75,66.40308418191489,62.148731,70.65744
Lung_and_bronchus,Male,AD,,,0,4.8000002,65.82413812249115,61.595284,70.052994
Lung_and_bronchus,Male,AD,,,0,4.8499999,65.25044325333829,61.046925,69.453964
Lung_and_bronchus,Male,AD,,,0,4.9000001,64.68193619929548,60.503582,68.860291
Lung_and_bronchus,Male,AD,,,0,4.9499998,64.11857577227602,59.965221,68.271927
Lung_and_bronchus,Male,AD,,,0,5.0,63.56029961716536,59.431778,67.68882
Lung_and_bronchus,Male,AD,,,1,0.0,0.0,0.0,0.0
Lung_and_bronchus,Male,AD,,,1,0.050000001,17.734851408349,17.047129,18.422573
Lung_and_bronchus,Male,AD,,,1,0.1,37.04657871523224,35.71352,38.379639
Lung_and_bronchus,Male,AD,,,1,0.15000001,52.33096474753751,50.47126,54.19067
Lung_and_bronchus,Male,AD,,,1,0.2,64.08689969224753,61.798168,66.375633
Lung_and_bronchus,Male,AD,,,1,0.25,73.0945760410134,70.453644,75.735504
Lung_and_bronchus,Male,AD,,,1,0.30000001,79.99723610790619,77.064728,82.929749
Lung_and_bronchus,Male,AD,,,1,0.34999999,85.28214193321594,82.106407,88.457878
Lung_and_bronchus,Male,AD,,,1,0.40000001,89.31604192005716,85.935989,92.696098
Lung_and_bronchus,Male,AD,,,1,0.44999999,92.39616660745604,88.842514,95.949821
Lung_and_bronchus,Male,AD,,,1,0.5,94.74795213917764,91.044945,98.450958
Lung_and_bronchus,Male,AD,,,1,0.55000001,96.5331420814788,92.700333,100.36595
Lung_and_bronchus,Male,AD,,,1,0.60000002,97.8701647594752,93.923599,101.81673
Lung_and_bronchus,Male,AD,,,1,0.64999998,98.8474542326718,94.800529,102.89439
Lung_and_bronchus,Male,AD,,,1,0.69999999,99.53224774123623,95.396309,103.66819
Lung_and_bronchus,Male,AD,,,1,0.75,99.97650271140652,95.761299,104.19171
Lung_and_bronchus,Male,AD,,,1,0.80000001,100.2206892926354,95.9347,104.50668
Lung_and_bronchus,Male,AD,,,1,0.85000002,100.2935316209677,95.944427,104.64264
Lung_and_bronchus,Male,AD,,,1,0.89999998,100.2169483304006,95.811813,104.62209
Lung_and_bronchus,Male,AD,,,1,0.94999999,100.0102565679309,95.555626,104.46489
Lung_and_bronchus,Male,AD,,,1,1.0,99.69051678205892,95.192406,104.18863
Lung_and_bronchus,Male,AD,,,1,1.05,99.26389032861414,94.728294,103.79948
Lung_and_bronchus,Male,AD,,,1,1.1,98.75261862500976,94.184624,103.32061
Lung_and_bronchus,Male,AD,,,1,1.15,98.1684085844022,93.572685,102.76413
Lung_and_bronchus,Male,AD,,,1,1.2,97.52156093434157,92.902382,102.14074
Lung_and_bronchus,Male,AD,,,1,1.25,96.8211456132899,92.182434,101.45986
Lung_and_bronchus,Male,AD,,,1,1.3,96.07513731471602,91.420471,100.7298
Lung_and_bronchus,Male,AD,,,1,1.35,95.29054881699142,90.623215,99.957878
Lung_and_bronchus,Male,AD,,,1,1.4,94.47355119651296,89.796547,99.150551
Lung_and_bronchus,Male,AD,,,1,1.45,93.62959492465428,88.945663,98.31353
Lung_and_bronchus,Male,AD,,,1,1.5,92.76387326318286,88.075485,97.452263
Lung_and_bronchus,Male,AD,,,1,1.55,91.88111341474814,87.190498,96.571732
Lung_and_bronchus,Male,AD,,,1,1.6,90.98534742893868,86.29451,95.676186
Lung_and_bronchus,Male,AD,,,1,1.65,90.08002043908208,85.390778,94.769264
Lung_and_bronchus,Male,AD,,,1,1.7,89.16806600986297,84.482056,93.85408
Lung_and_bronchus,Male,AD,,,1,1.75,88.25199878565593,83.570702,92.933296
Lung_and_bronchus,Male,AD,,,1,1.8,87.33396247330836,82.658714,92.009209
Lung_and_bronchus,Male,AD,,,1,1.85,86.41578941309365,81.74781,91.083771
Lung_and_bronchus,Male,AD,,,1,1.9,85.4990519012797,80.839439,90.158661
Lung_and_bronchus,Male,AD,,,1,1.95,84.58508469448293,79.934845,89.235321
Lung_and_bronchus,Male,AD,,,1,2.0,83.67503454621942,79.03508,88.314995
Lung_and_bronchus,Male,AD,,,1,2.05,82.76210960973822,78.133743,87.390472
Lung_and_bronchus,Male,AD,,,1,2.0999999,81.85507730604468,77.239052,86.4711
Lung_and_bronchus,Male,AD,,,1,2.1500001,80.95463195717934,76.351631,85.557632
Lung_and_bronchus,Male,AD,,,1,2.2,80.0613711457604,75.472008,84.650734
Lung_and_bronchus,Male,AD,,,1,2.25,79.17578460130085,74.600624,83.750946
Lung_and_bronchus,Male,AD,,,1,2.3,78.29828401550367,73.737831,82.858734
Lung_and_bronchus,Male,AD,,,1,2.3499999,77.42920959946537,72.883934,81.974487
Lung_and_bronchus,Male,AD,,,1,2.4000001,76.56883538863849,72.039154,81.098518
Lung_and_bronchus,Male,AD,,,1,2.45,75.71739373399396,71.20369,80.231094
Lung_and_bronchus,Male,AD,,,1,2.5,74.87505772579311,70.377678,79.372437
Lung_and_bronchus,Male,AD,,,1,2.55,74.04196375996116,69.561226,78.522705
Lung_and_bronchus,Male,AD,,,1,2.5999999,73.21821273057003,68.754395,77.68203
Lung_and_bronchus,Male,AD,,,1,2.6500001,72.40387079876814,67.95723,76.850517
Lung_and_bronchus,Male,AD,,,1,2.7,71.59898891720354,67.169754,76.028229
Lung_and_bronchus,Male,AD,,,1,2.75,70.80358305623486,66.39196,75.21521
Lung_and_bronchus,Male,AD,,,1,2.8,70.01765286276486,65.623825,74.411476
Lung_and_bronchus,Male,AD,,,1,2.8499999,69.24118045118416,64.865318,73.617043
Lung_and_bronchus,Male,AD,,,1,2.9000001,68.47412913024527,64.116379,72.831879
Lung_and_bronchus,Male,AD,,,1,2.95,67.71646005925413,63.376945,72.055977
Lung_and_bronchus,Male,AD,,,1,3.0,66.9681121200963,62.646954,71.289268
Lung_and_bronchus,Male,AD,,,1,3.05,66.22220665010582,61.919991,70.524422
Lung_and_bronchus,Male,AD,,,1,3.0999999,65.48563514208467,61.202442,69.768829
Lung_and_bronchus,Male,AD,,,1,3.1500001,64.7583088945737,60.494209,69.022408
Lung_and_bronchus,Male,AD,,,1,3.2,64.04014364994214,59.795197,68.285088
Lung_and_bronchus,Male,AD,,,1,3.25,63.33103974232677,59.105289,67.556786
Lung_and_bronchus,Male,AD,,,1,3.3,62.63089685484988,58.424385,66.83741
Lung_and_bronchus,Male,AD,,,1,3.3499999,61.93961126921067,57.752361,66.126862
Lung_and_bronchus,Male,AD,,,1,3.4000001,61.25707328235876,57.089108,65.425041
Lung_and_bronchus,Male,AD,,,1,3.45,60.58318075499665,56.434509,64.73185
Lung_and_bronchus,Male,AD,,,1,3.5,59.91782008755899,55.788452,64.047188
Lung_and_bronchus,Male,AD,,,1,3.55,59.26087972120695,55.15081,63.370949
Lung_and_bronchus,Male,AD,,,1,3.5999999,58.61224724996714,54.521469,62.703026
Lung_and_bronchus,Male,AD,,,1,3.6500001,57.97180672598915,53.900303,62.043308
Lung_and_bronchus,Male,AD,,,1,3.7,57.33945113325331,53.287205,61.391697
Lung_and_bronchus,Male,AD,,,1,3.75,56.71506432541401,52.682053,60.748077
Lung_and_bronchus,Male,AD,,,1,3.8,56.09853350662388,52.084724,60.112343
Lung_and_bronchus,Male,AD,,,1,3.8499999,55.48974635591321,51.49511,59.484386
Lung_and_bronchus,Male,AD,,,1,3.9000001,54.88858835035103,50.913082,58.864094
Lung_and_bronchus,Male,AD,,,1,3.95,54.29495434334672,50.338539,58.251369
Lung_and_bronchus,Male,AD,,,1,4.0,53.7087314944481,49.771362,57.646099
Lung_and_bronchus,Male,AD,,,1,4.0500002,53.12397101488568,49.20607,57.04187
Lung_and_bronchus,Male,AD,,,1,4.0999999,52.54654112095182,48.648052,56.44503
Lung_and_bronchus,Male,AD,,,1,4.1500001,51.97632186106102,48.097183,55.855461
Lung_and_bronchus,Male,AD,,,1,4.1999998,51.41321649346582,47.553368,55.273067
Lung_and_bronchus,Male,AD,,,1,4.25,50.85710803273764,47.016483,54.697731
Lung_and_bronchus,Male,AD,,,1,4.3000002,50.30789705659322,46.486435,54.12936
Lung_and_bronchus,Male,AD,,,1,4.3499999,49.76548533581536,45.963112,53.567856
Lung_and_bronchus,Male,AD,,,1,4.4000001,49.22976064048385,45.446411,53.013111
Lung_and_bronchus,Male,AD,,,1,4.4499998,48.70063281273224,44.936234,52.465031
Lung_and_bronchus,Male,AD,,,1,4.5,48.17799290572771,44.432472,51.923515
Lung_and_bronchus,Male,AD,,,1,4.5500002,47.66174867493714,43.935028,51.38847
Lung_and_bronchus,Male,AD,,,1,4.5999999,47.15180917082625,43.443817,50.859802
Lung_and_bronchus,Male,AD,,,1,4.6500001,46.64807042535972,42.958729,50.337414
Lung_and_bronchus,Male,AD,,,1,4.6999998,46.15044934457865,42.479679,49.82122
Lung_and_bronchus,Male,AD,,,1,4.75,45.65884526714262,42.006565,49.311123
Lung_and_bronchus,Male,AD,,,1,4.8000002,45.17317332231619,41.539307,48.807041
Lung_and_bronchus,Male,AD,,,1,4.8499999,44.6933499277543,41.077816,48.308884
Lung_and_bronchus,Male,AD,,,1,4.9000001,44.21927930356446,40.621994,47.816566
Lung_and_bronchus,Male,AD,,,1,4.9499998,43.75088535272334,40.171764,47.330006
Lung_and_bronchus,Male,AD,,,1,5.0,43.28807547272413,39.727039,46.84911
Lung_and_bronchus,Male,AD,,,2,0.0,0.0,0.0,0.0
Lung_and_bronchus,Male,AD,,,2,0.050000001,7.099352583933594,6.6196427,7.5790625
Lung_and_bronchus,Male,AD,,,2,0.1,10.01129244388839,9.1217327,10.900852
Lung_and_bronchus,Male,AD,,,2,0.15000001,11.58099474405685,10.375628,12.786362
Lung_and_bronchus,Male,AD,,,2,0.2,12.58052997249982,11.129884,14.031177
Lung_and_bronchus,Male,AD,,,2,0.25,13.29935383673092,11.656004,14.942703
Lung_and_bronchus,Male,AD,,,2,0.30000001,13.86583474567402,12.069638,15.662031
Lung_and_bronchus,Male,AD,,,2,0.34999999,14.34314412895247,12.424869,16.261419
Lung_and_bronchus,Male,AD,,,2,0.40000001,14.76527235013154,12.748997,16.781548
Lung_and_bronchus,Male,AD,,,2,0.44999999,15.15535450838684,13.059692,17.251017
Lung_and_bronchus,Male,AD,,,2,0.5,15.52795857363421,13.367364,17.688553
Lung_and_bronchus,Male,AD,,,2,0.55000001,15.8908756633974,13.676836,18.104916
Lung_and_bronchus,Male,AD,,,2,0.60000002,16.24818906293726,13.990019,18.506359
Lung_and_bronchus,Male,AD,,,2,0.64999998,16.60191233264069,14.3073,18.896524
Lung_and_bronchus,Male,AD,,,2,0.69999999,16.95288804014575,14.62828,19.277496
Lung_and_bronchus,Male,AD,,,2,0.75,17.30129121306243,14.952168,19.650414
Lung_and_bronchus,Male,AD,,,2,0.80000001,17.6467903468191,15.277877,20.015703
Lung_and_bronchus,Male,AD,,,2,0.85000002,17.98718331443126,15.602689,20.371677
Lung_and_bronchus,Male,AD,,,2,0.89999998,18.31964771546285,15.92339,20.715906
Lung_and_bronchus,Male,AD,,,2,0.94999999,18.64216064765077,16.237597,21.046726
Lung_and_bronchus,Male,AD,,,2,1.0,18.95332692343828,16.543573,21.363081
Lung_and_bronchus,Male,AD,,,2,1.05,19.24573146082975,16.834553,21.65691
Lung_and_bronchus,Male,AD,,,2,1.1,19.52506095868915,17.114975,21.935148
Lung_and_bronchus,Male,AD,,,2,1.15,19.79105182282927,17.384314,22.19779
Lung_and_bronchus,Male,AD,,,2,1.2,20.04365129197515,17.642275,22.445028
Lung_and_bronchus,Male,AD,,,2,1.25,20.2829608205833,17.888742,22.677179
Lung_and_bronchus,Male,AD,,,2,1.3,20.50920044086081,18.123737,22.894663
Lung_and_bronchus,Male,AD,,,2,1.35,20.72267577064247,18.347387,23.097965
Lung_and_bronchus,Male,AD,,,2,1.4,20.9237524418391,18.559891,23.287615
Lung_and_bronchus,Male,AD,,,2,1.45,21.11284785539891,18.761517,23.464178
Lung_and_bronchus,Male,AD,,,2,1.5,21.29048796399309,18.952654,23.628323
Lung_and_bronchus,Male,AD,,,2,1.55,21.45723956600597,19.133734,23.780745
Lung_and_bronchus,Male,AD,,,2,1.6,21.61363442465216,19.30518,23.922091
Lung_and_bronchus,Male,AD,,,2,1.65,21.76016953797131,19.467384,24.052956
Lung_and_bronchus,Male,AD,,,2,1.7,21.89731223414304,19.620729,24.173895
Lung_and_bronchus,Male,AD,,,2,1.75,22.02549971929437,19.765577,24.285423
Lung_and_bronchus,Male,AD,,,2,1.8,22.1451435863595,19.902267,24.388021
Lung_and_bronchus,Male,AD,,,2,1.85,22.25663073340962,20.031128,24.482134
Lung_and_bronchus,Male,AD,,,2,1.9,22.36032448820777,20.152468,24.568182
Lung_and_bronchus,Male,AD,,,2,1.95,22.45656810377034,20.266584,24.646551
Lung_and_bronchus,Male,AD,,,2,2.0,22.54568432024831,20.373756,24.717611
Lung_and_bronchus,Male,AD,,,2,2.05,22.61902204368016,20.466208,24.771835
Lung_and_bronchus,Male,AD,,,2,2.0999999,22.68575699169998,20.552151,24.819363
Lung_and_bronchus,Male,AD,,,2,2.1500001,22.74617108209543,20.631838,24.860504
Lung_and_bronchus,Male,AD,,,2,2.2,22.80053030133564,20.705507,24.895554
Lung_and_bronchus,Male,AD,,,2,2.25,22.84908747321089,20.77339,24.924786
Lung_and_bronchus,Male,AD,,,2,2.3,22.89208203538652,20.835703,24.948462
Lung_and_bronchus,Male,AD,,,2,2.3499999,22.92974122255697,20.892656,24.966825
Lung_and_bronchus,Male,AD,,,2,2.4000001,22.96228101947412,20.944448,24.980112
Lung_and_bronchus,Male,AD,,,2,2.45,22.98990631028022,20.99127,24.988543
Lung_and_bronchus,Male,AD,,,2,2.5,23.01281249477074,21.033304,24.992321
Lung_and_bronchus,Male,AD,,,2,2.55,23.03118547772971,21.070723,24.991648
Lung_and_bronchus,Male,AD,,,2,2.5999999,23.0452024204688,21.103693,24.986712
Lung_and_bronchus,Male,AD,,,2,2.6500001,23.05503231768267,21.132376,24.977688
Lung_and_bronchus,Male,AD,,,2,2.7,23.06083632895587,21.156925,24.964748
Lung_and_bronchus,Male,AD,,,2,2.75,23.06276852049336,21.177485,24.948053
Lung_and_bronchus,Male,AD,,,2,2.8,23.06097608613356,21.194197,24.927755
Lung_and_bronchus,Male,AD,,,2,2.8499999,23.05559980040886,21.207197,24.904003
Lung_and_bronchus,Male,AD,,,2,2.9000001,23.04677433619037,21.216614,24.876934
Lung_and_bronchus,Male,AD,,,2,2.95,23.03462879108957,21.222574,24.846684
Lung_and_bronchus,Male,AD,,,2,3.0,23.01928675153187,21.225197,24.813377
Lung_and_bronchus,Male,AD,,,2,3.05,22.99109571997246,21.215603,24.766588
Lung_and_bronchus,Male,AD,,,2,3.0999999,22.95996390500045,21.202902,24.717026
Lung_and_bronchus,Male,AD,,,2,3.1500001,22.92600450702952,21.187206,24.664803
Lung_and_bronchus,Male,AD,,,2,3.2,22.88932666752703,21.168623,24.610031
Lung_and_bronchus,Male,AD,,,2,3.25,22.85003473170258,21.147253,24.552816
Lung_and_bronchus,Male,AD,,,2,3.3,22.80822910311156,21.123199,24.493259
Lung_and_bronchus,Male,AD,,,2,3.3499999,22.76400629399575,21.096554,24.431459
Lung_and_bronchus,Male,AD,,,2,3.4000001,22.71745889050072,21.067411,24.367506
Lung_and_bronchus,Male,AD,,,2,3.45,22.6686766321472,21.03586,24.301493
Lung_and_bronchus,Male,AD,,,2,3.5,22.61774524880991,21.001986,24.233503
Lung_and_bronchus,Male,AD,,,2,3.55,22.5647474969706,20.965872,24.163622
Lung_and_bronchus,Male,AD,,,2,3.5999999,22.50976309265752,20.927599,24.091928
Lung_and_bronchus,Male,AD,,,2,3.6500001,22.4528685762553,20.887241,24.018496
Lung_and_bronchus,Male,AD,,,2,3.7,22.39413853911594,20.844877,23.943401
Lung_and_bronchus,Male,AD,,,2,3.75,22.33364411988288,20.800575,23.866713
Lung_and_bronchus,Male,AD,,,2,3.8,22.27145419845237,20.754408,23.7885
Lung_and_bronchus,Male,AD,,,2,3.8499999,22.20763524000978,20.706442,23.70883
Lung_and_bronchus,Male,AD,,,2,3.9000001,22.14225108426973,20.65674,23.627762
Lung_and_bronchus,Male,AD,,,2,3.95,22.07536429895822,20.605368,23.545361
Lung_and_bronchus,Male,AD,,,2,4.0,22.00703440221514,20.552385,23.461683
Lung_and_bronchus,Male,AD,,,2,4.0500002,21.92709612092585,20.488302,23.365889
Lung_and_bronchus,Male,AD,,,2,4.0999999,21.84590743923434,20.422789,23.269026
Lung_and_bronchus,Male,AD,,,2,4.1500001,21.76352268941258,20.355898,23.171146
Lung_and_bronchus,Male,AD,,,2,4.1999998,21.67999741401741,20.287689,23.072306
Lung_and_bronchus,Male,AD,,,2,4.25,21.59538215945219,20.218216,22.972549
Lung_and_bronchus,Male,AD,,,2,4.3000002,21.50972809722685,20.147528,22.871927
Lung_and_bronchus,Male,AD,,,2,4.3499999,21.42308474796891,20.07568,22.770491
Lung_and_bronchus,Male,AD,,,2,4.4000001,21.33549752361722,20.002714,22.66828
Lung_and_bronchus,Male,AD,,,2,4.4499998,21.24701359638112,19.928686,22.565342
Lung_and_bronchus,Male,AD,,,2,4.5,21.15767527790285,19.853634,22.461718
Lung_and_bronchus,Male,AD,,,2,4.5500002,21.06752596131275,19.777605,22.357447
Lung_and_bronchus,Male,AD,,,2,4.5999999,20.97660767847742,19.700645,22.252571
Lung_and_bronchus,Male,AD,,,2,4.6500001,20.88495851544394,19.622791,22.147125
Lung_and_bronchus,Male,AD,,,2,4.6999998,20.79261874833378,19.544086,22.041151
Lung_and_bronchus,Male,AD,,,2,4.75,20.69962389967611,19.464569,21.934679
Lung_and_bronchus,Male,AD,,,2,4.8000002,20.60601093091844,19.384275,21.827745
Lung_and_bronchus,Male,AD,,,2,4.8499999,20.51181566985406,19.303247,21.720385
Lung_and_bronchus,Male,AD,,,2,4.9000001,20.41707013000058,19.221514,21.612627
Lung_and_bronchus,Male,AD,,,2,4.9499998,20.32180885095715,19.139114,21.504505
Lung_and_bronchus,Male,AD,,,2,5.0,20.22606170879169,19.056078,21.396046
Lung_and_bronchus,Male,ADa,,,0,0.0,0.0,0.0,0.0
Lung_and_bronchus,Male,ADa,,,0,0.050000001,15.79739468084492,15.766442,15.828347
Lung_and_bronchus,Male,ADa,,,0,0.1,29.5382440750422,29.489872,29.586617
Lung_and_bronchus,Male,ADa,,,0,0.15000001,39.47324249485263,39.413921,39.532562
Lung_and_bronchus,Male,ADa,,,0,0.2,46.59420848130173,46.52829,46.660126
Lung_and_bronchus,Male,ADa,,,0,0.25,51.69659989456943,51.627083,51.766117
Lung_and_bronchus,Male,ADa,,,0,0.30000001,55.33888540219641,55.267845,55.409924
Lung_and_bronchus,Male,ADa,,,0,0.34999999,57.91036884480411,57.839256,57.981483
Lung_and_bronchus,Male,ADa,,,0,0.40000001,59.68786218211631,59.617683,59.758041
Lung_and_bronchus,Male,ADa,,,0,0.44999999,60.88423821181755,60.815678,60.952801
Lung_and_bronchus,Male,ADa,,,0,0.5,61.65454945882618,61.588066,61.721031
Lung_and_bronchus,Male,ADa,,,0,0.55000001,62.10650755544145,62.042412,62.170605
Lung_and_bronchus,Male,ADa,,,0,0.60000002,62.31667633388849,62.255161,62.378189
Lung_and_bronchus,Male,ADa,,,0,0.64999998,62.34066114529219,62.281837,62.399483
Lung_and_bronchus,Male,ADa,,,0,0.69999999,62.21963231198413,62.163544,62.275723
Lung_and_bronchus,Male,ADa,,,0,0.75,61.98460542404109,61.931232,62.037979
Lung_and_bronchus,Male,ADa,,,0,0.80000001,61.65910911563219,61.608387,61.709831
Lung_and_bronchus,Male,ADa,,,0,0.85000002,61.2588980861135,61.210709,61.307087
Lung_and_bronchus,Male,ADa,,,0,0.89999998,60.79540960006943,60.749588,60.841232
Lung_and_bronchus,Male,ADa,,,0,0.94999999,60.27869249115474,60.235023,60.322361
Lung_and_bronchus,Male,ADa,,,0,1.0,59.71757497240105,59.675804,59.759346
Lung_and_bronchus,Male,ADa,,,0,1.05,59.11278595632302,59.072628,59.152946
Lung_and_bronchus,Male,ADa,,,0,1.1,58.47795965997375,58.439087,58.516834
Lung_and_bronchus,Male,ADa,,,0,1.15,57.81895636492436,57.781025,57.856888
Lung_and_bronchus,Male,ADa,,,0,1.2,57.14084706792005,57.1035,57.178192
Lung_and_bronchus,Male,ADa,,,0,1.25,56.4480189469507,56.410904,56.485134
Lung_and_bronchus,Male,ADa,,,0,1.3,55.74424804347336,55.707024,55.781471
Lung_and_bronchus,Male,ADa,,,0,1.35,55.03277903175649,54.995132,55.070427
Lung_and_bronchus,Male,ADa,,,0,1.4,54.31639713587106,54.278046,54.354752
Lung_and_bronchus,Male,ADa,,,0,1.45,53.59749189341937,53.558186,53.636795
Lung_and_bronchus,Male,ADa,,,0,1.5,52.87829809027198,52.837833,52.918762
Lung_and_bronchus,Male,ADa,,,0,1.55,52.16079087677122,52.118996,52.202587
Lung_and_bronchus,Male,ADa,,,0,1.6,51.44658426369392,51.403316,51.489853
Lung_and_bronchus,Male,ADa,,,0,1.65,50.73699551731625,50.692146,50.781845
Lung_and_bronchus,Male,ADa,,,0,1.7,50.03308472904268,49.986568,50.079601
Lung_and_bronchus,Male,ADa,,,0,1.75,49.33571066236414,49.287464,49.383957
Lung_and_bronchus,Male,ADa,,,0,1.8,48.64555389095494,48.595531,48.695576
Lung_and_bronchus,Male,ADa,,,0,1.85,47.96315080247518,47.911324,48.014977
Lung_and_bronchus,Male,ADa,,,0,1.9,47.28892237390642,47.235271,47.342571
Lung_and_bronchus,Male,ADa,,,0,1.95,46.62318277076338,46.567699,46.678665
Lung_and_bronchus,Male,ADa,,,0,2.0,45.96616882837588,45.908852,46.023483
Lung_and_bronchus,Male,ADa,,,0,2.05,45.31025900568784,45.251129,45.369389
Lung_and_bronchus,Male,ADa,,,0,2.0999999,44.66336392795461,44.602428,44.724297
Lung_and_bronchus,Male,ADa,,,0,2.1500001,44.02554177481466,43.962822,44.088261
Lung_and_bronchus,Male,ADa,,,0,2.2,43.39681930576398,43.332333,43.461308
Lung_and_bronchus,Male,ADa,,,0,2.25,42.77718053199601,42.710949,42.84341
Lung_and_bronchus,Male,ADa,,,0,2.3,42.16658475536974,42.098637,42.234535
Lung_and_bronchus,Male,ADa,,,0,2.3499999,41.56496842214824,41.495327,41.634609
Lung_and_bronchus,Male,ADa,,,0,2.4000001,40.97224646781729,40.90094,41.043552
Lung_and_bronchus,Male,ADa,,,0,2.45,40.38832708488349,40.315384,40.461269
Lung_and_bronchus,Male,ADa,,,0,2.5,39.81309772728468,39.738548,39.88765
Lung_and_bronchus,Male,ADa,,,0,2.55,39.24643896018392,39.170311,39.322567
Lung_and_bronchus,Male,ADa,,,0,2.5999999,38.68822372710406,38.61055,38.7659
Lung_and_bronchus,Male,ADa,,,0,2.6500001,38.1383165333159,38.059124,38.21751
Lung_and_bronchus,Male,ADa,,,0,2.7,37.59658540195096,37.515903,37.677265
Lung_and_bronchus,Male,ADa,,,0,2.75,37.06288741271283,36.980751,37.145023
Lung_and_bronchus,Male,ADa,,,0,2.8,36.53708029886252,36.453514,36.620647
Lung_and_bronchus,Male,ADa,,,0,2.8499999,36.01902070376696,35.934055,36.103985
Lung_and_bronchus,Male,ADa,,,0,2.9000001,35.50856251744858,35.42223,35.594894
Lung_and_bronchus,Male,ADa,,,0,2.95,35.00556720496616,34.917896,35.093239
Lung_and_bronchus,Male,ADa,,,0,3.0,34.50988972591176,34.420906,34.598873
Lung_and_bronchus,Male,ADa,,,0,3.05,34.01342316720411,33.923172,34.103676
Lung_and_bronchus,Male,ADa,,,0,3.0999999,33.52405617926865,33.432568,33.615547
Lung_and_bronchus,Male,ADa,,,0,3.1500001,33.04165044490651,32.948948,33.13435
Lung_and_bronchus,Male,ADa,,,0,3.2,32.56607655061953,32.472191,32.659962
Lung_and_bronchus,Male,ADa,,,0,3.25,32.09720037729835,32.002159,32.192242
Lung_and_bronchus,Male,ADa,,,0,3.3,31.63489248424116,31.538719,31.731066
Lung_and_bronchus,Male,ADa,,,0,3.3499999,31.17902590793392,31.081747,31.276304
Lung_and_bronchus,Male,ADa,,,0,3.4000001,30.72947411920381,30.631115,30.827833
Lung_and_bronchus,Male,ADa,,,0,3.45,30.28611962822447,30.186707,30.385534
Lung_and_bronchus,Male,ADa,,,0,3.5,29.84884116307035,29.748396,29.949286
Lung_and_bronchus,Male,ADa,,,0,3.55,29.4175222950214,29.316071,29.518974
Lung_and_bronchus,Male,ADa,,,0,3.5999999,28.99204928619019,28.889612,29.094486
Lung_and_bronchus,Male,ADa,,,0,3.6500001,28.5723090950089,28.468912,28.675707
Lung_and_bronchus,Male,ADa,,,0,3.7,28.15819733750413,28.053862,28.262533
Lung_and_bronchus,Male,ADa,,,0,3.75,27.74960625321842,27.644354,27.85486
Lung_and_bronchus,Male,ADa,,,0,3.8,27.34643270448873,27.240284,27.452581
Lung_and_bronchus,Male,ADa,,,0,3.8499999,26.94857612208625,26.841555,27.055599
Lung_and_bronchus,Male,ADa,,,0,3.9000001,26.55593660111845,26.448061,26.663813
Lung_and_bronchus,Male,ADa,,,0,3.95,26.16842231705687,26.059713,26.277132
Lung_and_bronchus,Male,ADa,,,0,4.0,25.78593824193649,25.676416,25.89546
Lung_and_bronchus,Male,ADa,,,0,4.0500002,25.40049460677642,25.290201,25.510788
Lung_and_bronchus,Male,ADa,,,0,4.0999999,25.01999478100447,24.908949,25.131042
Lung_and_bronchus,Male,ADa,,,0,4.1500001,24.6443460637804,24.532566,24.756126
Lung_and_bronchus,Male,ADa,,,0,4.1999998,24.27347231774047,24.160976,24.385967
Lung_and_bronchus,Male,ADa,,,0,4.25,23.90728525089594,23.794092,24.020477
Lung_and_bronchus,Male,ADa,,,0,4.3000002,23.54570923441224,23.431837,23.659582
Lung_and_bronchus,Male,ADa,,,0,4.3499999,23.1886704390638,23.074137,23.303204
Lung_and_bronchus,Male,ADa,,,0,4.4000001,22.83608676369772,22.720909,22.951265
Lung_and_bronchus,Male,ADa,,,0,4.4499998,22.48789151029951,22.372086,22.603699
Lung_and_bronchus,Male,ADa,,,0,4.5,22.14400642766441,22.027588,22.260424
Lung_and_bronchus,Male,ADa,,,0,4.5500002,21.80436500855103,21.687351,21.921379
Lung_and_bronchus,Male,ADa,,,0,4.5999999,21.46890229415499,21.351309,21.586494
Lung_and_bronchus,Male,ADa,,,0,4.6500001,21.13754540816967,21.019388,21.255703
Lung_and_bronchus,Male,ADa,,,0,4.6999998,20.81023580441615,20.69153,20.928942
Lung_and_bronchus,Male,ADa,,,0,4.75,20.48690393541347,20.367664,20.606144
Lung_and_bronchus,Male,ADa,,,0,4.8000002,20.1674911524974,20.047731,20.287251
Lung_and_bronchus,Male,ADa,,,0,4.8499999,19.85194012743432,19.731676,19.972204
Lung_and_bronchus,Male,ADa,,,0,4.9000001,19.54018594808917,19.41943,19.660942
Lung_and_bronchus,Male,ADa,,,0,4.9499998,19.23217705015145,19.110945,19.353411
Lung_and_bronchus,Male,ADa,,,0,5.0,18.92785138768613,18.806154,19.049549
Lung_and_bronchus,Male,ADa,,,1,0.0,0.0,0.0,0.0
Lung_and_bronchus,Male,ADa,,,1,0.050000001,10.99099206073724,10.96452,11.017465
Lung_and_bronchus,Male,ADa,,,1,0.1,23.81001153504687,23.766243,23.853781
Lung_and_bronchus,Male,ADa,,,1,0.15000001,33.73899910423728,33.683807,33.794189
Lung_and_bronchus,Male,ADa,,,1,0.2,41.09955915790573,41.037292,41.161827
Lung_and_bronchus,Male,ADa,,,1,0.25,46.47683360401874,46.410583,46.543083
Lung_and_bronchus,Male,ADa,,,1,0.30000001,50.35765617055739,50.289597,50.425716
Lung_and_bronchus,Male,ADa,,,1,0.34999999,53.10914844346894,53.040813,53.177483
Lung_and_bronchus,Male,ADa,,,1,0.40000001,55.00467284045033,54.937138,55.072208
Lung_and_bronchus,Male,ADa,,,1,0.44999999,56.25955880933509,56.193565,56.325554
Lung_and_bronchus,Male,ADa,,,1,0.5,57.03407758972276,56.970139,57.098015
Lung_and_bronchus,Male,ADa,,,1,0.55000001,57.44237403338695,57.380848,57.503899
Lung_and_bronchus,Male,ADa,,,1,0.60000002,57.56739762191194,57.508526,57.62627
Lung_and_bronchus,Male,ADa,,,1,0.64999998,57.47061662786507,57.414558,57.526676
Lung_and_bronchus,Male,ADa,,,1,0.69999999,57.19840361128558,57.145248,57.25156
Lung_and_bronchus,Male,ADa,,,1,0.75,56.78631948201428,56.736099,56.836536
Lung_and_bronchus,Male,ADa,,,1,0.80000001,56.26192716870389,56.214634,56.309219
Lung_and_bronchus,Male,ADa,,,1,0.85000002,55.64563199992097,55.601208,55.690056
Lung_and_bronchus,Male,ADa,,,1,0.89999998,54.95348669784983,54.911827,54.995144
Lung_and_bronchus,Male,ADa,,,1,0.94999999,54.19925907514528,54.160213,54.238304
Lung_and_bronchus,Male,ADa,,,1,1.0,53.39477058974001,53.358143,53.4314
Lung_and_bronchus,Male,ADa,,,1,1.05,52.54580390672777,52.511356,52.580254
Lung_and_bronchus,Male,ADa,,,1,1.1,51.66553811365964,51.632988,51.69809
Lung_and_bronchus,Male,ADa,,,1,1.15,50.76139799522366,50.730419,50.792374
Lung_and_bronchus,Male,ADa,,,1,1.2,49.83970882976894,49.809952,49.869465
Lung_and_bronchus,Male,ADa,,,1,1.25,48.90586307099943,48.876949,48.93478
Lung_and_bronchus,Male,ADa,,,1,1.3,47.96443445530429,47.935978,47.992893
Lung_and_bronchus,Male,ADa,,,1,1.35,47.01929638657225,46.990921,47.047672
Lung_and_bronchus,Male,ADa,,,1,1.4,46.07372547648288,46.045078,46.102371
Lung_and_bronchus,Male,ADa,,,1,1.45,45.13048302900791,45.101254,45.159714
Lung_and_bronchus,Male,ADa,,,1,1.5,44.19204898325245,44.161964,44.222134
Lung_and_bronchus,Male,ADa,,,1,1.55,43.26055307215631,43.229385,43.291718
Lung_and_bronchus,Male,ADa,,,1,1.6,42.33771614477871,42.30529,42.370144
Lung_and_bronchus,Male,ADa,,,1,1.65,41.42492489583435,41.391098,41.458752
Lung_and_bronchus,Male,ADa,,,1,1.7,40.52327483401507,40.487942,40.558609
Lung_and_bronchus,Male,ADa,,,1,1.75,39.63363566963221,39.596714,39.670555
Lung_and_bronchus,Male,ADa,,,1,1.8,38.75667581661207,38.718113,38.795238
Lung_and_bronchus,Male,ADa,,,1,1.85,37.89290177021849,37.852661,37.933144
Lung_and_bronchus,Male,ADa,,,1,1.9,37.0426913673615,37.000751,37.084633
Lung_and_bronchus,Male,ADa,,,1,1.95,36.20630209678097,36.162655,36.24995
Lung_and_bronchus,Male,ADa,,,1,2.0,35.38390619637744,35.338551,35.429264
Lung_and_bronchus,Male,ADa,,,1,2.05,34.57271063254257,34.525658,34.619762
Lung_and_bronchus,Male,ADa,,,1,2.0999999,33.77577421104547,33.727039,33.824509
Lung_and_bronchus,Male,ADa,,,1,2.1500001,32.99306245420826,32.942665,33.043461
Lung_and_bronchus,Male,ADa,,,1,2.2,32.22450814621766,32.172466,32.27655
Lung_and_bronchus,Male,ADa,,,1,2.25,31.46999678202974,31.416338,31.523655
Lung_and_bronchus,Male,ADa,,,1,2.3,30.72938816446799,30.674137,30.784639
Lung_and_bronchus,Male,ADa,,,1,2.3499999,30.00251819854384,29.945702,30.059334
Lung_and_bronchus,Male,ADa,,,1,2.4000001,29.28920020923624,29.230848,29.347551
Lung_and_bronchus,Male,ADa,,,1,2.45,28.58924243445972,28.529385,28.649101
Lung_and_bronchus,Male,ADa,,,1,2.5,27.90243095153755,27.841095,27.963766
Lung_and_bronchus,Male,ADa,,,1,2.55,27.22854615655842,27.165764,27.291328
Lung_and_bronchus,Male,ADa,,,1,2.5999999,26.56736169919577,26.503162,26.631561
Lung_and_bronchus,Male,ADa,,,1,2.6500001,25.9186434128128,25.853056,25.98423
Lung_and_bronchus,Male,ADa,,,1,2.7,25.2821633048336,25.215218,25.349108
Lung_and_bronchus,Male,ADa,,,1,2.75,24.65768240593798,24.589409,24.725956
Lung_and_bronchus,Male,ADa,,,1,2.8,24.04496438010619,23.975391,24.114538
Lung_and_bronchus,Male,ADa,,,1,2.8499999,23.44377338579557,23.372929,23.514618
Lung_and_bronchus,Male,ADa,,,1,2.9000001,22.85387210812041,22.781784,22.925961
Lung_and_bronchus,Male,ADa,,,1,2.95,22.27503363379765,22.201729,22.348337
Lung_and_bronchus,Male,ADa,,,1,3.0,21.70702513316928,21.632532,21.781517
Lung_and_bronchus,Male,ADa,,,1,3.05,21.14782758052479,21.072182,21.223473
Lung_and_bronchus,Male,ADa,,,1,3.0999999,20.59911679938295,20.522345,20.67589
Lung_and_bronchus,Male,ADa,,,1,3.1500001,20.06066724494622,19.982794,20.13854
Lung_and_bronchus,Male,ADa,,,1,3.2,19.53226503432393,19.453316,19.611216
Lung_and_bronchus,Male,ADa,,,1,3.25,19.01369271808699,18.933691,19.093695
Lung_and_bronchus,Male,ADa,,,1,3.3,18.50473972748455,18.42371,18.58577
Lung_and_bronchus,Male,ADa,,,1,3.3499999,18.00519987333041,17.923166,18.087233
Lung_and_bronchus,Male,ADa,,,1,3.4000001,17.51486908751417,17.431854,17.597883
Lung_and_bronchus,Male,ADa,,,1,3.45,17.03355476146658,16.949581,17.117527
Lung_and_bronchus,Male,ADa,,,1,3.5,16.56106172609202,16.476152,16.645971
Lung_and_bronchus,Male,ADa,,,1,3.55,16.09720163425391,16.011377,16.183027
Lung_and_bronchus,Male,ADa,,,1,3.5999999,15.64179057195429,15.555072,15.72851
Lung_and_bronchus,Male,ADa,,,1,3.6500001,15.19464690311497,15.107054,15.28224
Lung_and_bronchus,Male,ADa,,,1,3.7,14.7555997048471,14.667152,14.844047
Lung_and_bronchus,Male,ADa,,,1,3.75,14.32447591298501,14.235194,14.413757
Lung_and_bronchus,Male,ADa,,,1,3.8,13.90110881875694,13.811012,13.991205
Lung_and_bronchus,Male,ADa,,,1,3.8499999,13.48533584082088,13.394443,13.576229
Lung_and_bronchus,Male,ADa,,,1,3.9000001,13.07699651472467,12.985325,13.168668
Lung_and_bronchus,Male,ADa,,,1,3.95,12.6759401612951,12.583508,12.768373
Lung_and_bronchus,Male,ADa,,,1,4.0,12.28201411799682,12.188839,12.37519
Lung_and_bronchus,Male,ADa,,,1,4.0500002,11.8941061362616,11.800217,11.987996
Lung_and_bronchus,Male,ADa,,,1,4.0999999,11.51311976896568,11.418532,11.607707
Lung_and_bronchus,Male,ADa,,,1,4.1500001,11.13890603311324,11.043637,11.234175
Lung_and_bronchus,Male,ADa,,,1,4.1999998,10.77133392443852,10.675401,10.867268
Lung_and_bronchus,Male,ADa,,,1,4.25,10.41026176877767,10.313679,10.506845
Lung_and_bronchus,Male,ADa,,,1,4.3000002,10.05556182741202,9.9583454,10.152779
Lung_and_bronchus,Male,ADa,,,1,4.3499999,9.707109416535786,9.6092739,9.804945
Lung_and_bronchus,Male,ADa,,,1,4.4000001,9.364773121989174,9.2663326,9.463213
Lung_and_bronchus,Male,ADa,,,1,4.4499998,9.028437827536663,8.9294081,9.1274681
Lung_and_bronchus,Male,ADa,,,1,4.5,8.697978504955017,8.5983725,8.7975845
Lung_and_bronchus,Male,ADa,,,1,4.5500002,8.373282725683111,8.2731152,8.4734507
Lung_and_bronchus,Male,ADa,,,1,4.5999999,8.054240707845338,7.9535246,8.1549568
Lung_and_bronchus,Male,ADa,,,1,4.6500001,7.740736354663568,7.6394849,7.8419881
Lung_and_bronchus,Male,ADa,,,1,4.6999998,7.432668342007673,7.3308945,7.5344424
Lung_and_bronchus,Male,ADa,,,1,4.75,7.129926118068624,7.0276423,7.2322097
Lung_and_bronchus,Male,ADa,,,1,4.8000002,6.8324105239858,6.7296295,6.9351916
Lung_and_bronchus,Male,ADa,,,1,4.8499999,6.540024682386274,6.4367585,6.643291
Lung_and_bronchus,Male,ADa,,,1,4.9000001,6.252665785251111,6.1489263,6.3564053
Lung_and_bronchus,Male,ADa,,,1,4.9499998,5.970244424026532,5.8660436,6.0744452
Lung_and_bronchus,Male,ADa,,,1,5.0,5.692662594498643,5.5880117,5.7973137
Lung_and_bronchus,Male,ADa,,,2,0.0,0.0,0.0,0.0
Lung_and_bronchus,Male,ADa,,,2,0.050000001,4.796857972402279,4.7863908,4.8073254
Lung_and_bronchus,Male,ADa,,,2,0.1,5.737466271619496,5.7237306,5.7512021
Lung_and_bronchus,Male,ADa,,,2,0.15000001,5.762542979423401,5.7472882,5.7777982
Lung_and_bronchus,Male,ADa,,,2,0.2,5.538641251149059,5.5226645,5.5546179
Lung_and_bronchus,Male,ADa,,,2,0.25,5.275859887221685,5.2596211,5.2920985
Lung_and_bronchus,Male,ADa,,,2,0.30000001,5.046313098162017,5.0300932,5.0625329
Lung_and_bronchus,Male,ADa,,,2,0.34999999,4.872747863317812,4.8567171,4.8887787
Lung_and_bronchus,Male,ADa,,,2,0.40000001,4.759117670159696,4.7433696,4.7748656
Lung_and_bronchus,Male,ADa,,,2,0.44999999,4.703395868680531,4.6879683,4.7188234
Lung_and_bronchus,Male,ADa,,,2,0.5,4.700705445267459,4.685595,4.7158155
Lung_and_bronchus,Male,ADa,,,2,0.55000001,4.744873885781061,4.730051,4.759697
Lung_and_bronchus,Male,ADa,,,2,0.60000002,4.829715919805437,4.8151321,4.8442998
Lung_and_bronchus,Male,ADa,,,2,0.64999998,4.949524335129894,4.9351192,4.9639297
Lung_and_bronchus,Male,ADa,,,2,0.69999999,5.099219338873667,5.0849247,5.1135139
Lung_and_bronchus,Male,ADa,,,2,0.75,5.274353058653361,5.2600965,5.2886095
Lung_and_bronchus,Male,ADa,,,2,0.80000001,5.470969995293615,5.4566779,5.4852624
Lung_and_bronchus,Male,ADa,,,2,0.85000002,5.684488478776245,5.6700878,5.6988888
Lung_and_bronchus,Male,ADa,,,2,0.89999998,5.910353411301742,5.8957763,5.9249306
Lung_and_bronchus,Male,ADa,,,2,0.94999999,6.144896052655895,6.1300783,6.1597142
Lung_and_bronchus,Male,ADa,,,2,1.0,6.385165017440897,6.3700485,6.4002819
Lung_and_bronchus,Male,ADa,,,2,1.05,6.626149951213563,6.6106882,6.6416116
Lung_and_bronchus,Male,ADa,,,2,1.1,6.86832843487025,6.8524761,6.884181
Lung_and_bronchus,Male,ADa,,,2,1.15,7.110160241687026,7.0938773,7.1264434
Lung_and_bronchus,Male,ADa,,,2,1.2,7.350411269923598,7.3336635,7.3671589
Lung_and_bronchus,Male,ADa,,,2,1.25,7.58809303881452,7.5708518,7.6053343
Lung_and_bronchus,Male,ADa,,,2,1.3,7.822421747542876,7.8046627,7.8401809
Lung_and_bronchus,Male,ADa,,,2,1.35,8.052780134138914,8.0344839,8.0710764
Lung_and_bronchus,Male,ADa,,,2,1.4,8.278686253339629,8.2598381,8.2975349
Lung_and_bronchus,Male,ADa,,,2,1.45,8.49977602575558,8.4803629,8.5191889
Lung_and_bronchus,Male,ADa,,,2,1.5,8.715810635249682,8.6958246,8.7357969
Lung_and_bronchus,Male,ADa,,,2,1.55,8.926640584136408,8.9060745,8.9472065
Lung_and_bronchus,Male,ADa,,,2,1.6,9.132163027434842,9.1110125,9.1533136
Lung_and_bronchus,Male,ADa,,,2,1.65,9.332311648178518,9.3105726,9.3540506
Lung_and_bronchus,Male,ADa,,,2,1.7,9.527053363097307,9.5047255,9.5493813
Lung_and_bronchus,Male,ADa,,,2,1.75,9.716378968675428,9.6934614,9.739296
Lung_and_bronchus,Male,ADa,,,2,1.8,9.90030183309733,9.8767967,9.9238071
Lung_and_bronchus,Male,ADa,,,2,1.85,10.07885263241724,10.054762,10.102943
Lung_and_bronchus,Male,ADa,,,2,1.9,10.25207495821769,10.227402,10.276749
Lung_and_bronchus,Male,ADa,,,2,1.95,10.42002562078306,10.394773,10.445278
Lung_and_bronchus,Male,ADa,,,2,2.0,10.58276913644323,10.556943,10.608595
Lung_and_bronchus,Male,ADa,,,2,2.05,10.73550245714296,10.709119,10.761886
Lung_and_bronchus,Male,ADa,,,2,2.0999999,10.88305230548065,10.856118,10.909986
Lung_and_bronchus,Male,ADa,,,2,2.1500001,11.02551068075292,10.998033,11.052989
Lung_and_bronchus,Male,ADa,,,2,2.2,11.16297082884159,11.134956,11.190986
Lung_and_bronchus,Male,ADa,,,2,2.25,11.29553041656845,11.266987,11.324074
Lung_and_bronchus,Male,ADa,,,2,2.3,11.42328803784807,11.394224,11.452353
Lung_and_bronchus,Male,ADa,,,2,2.3499999,11.5463432761706,11.516767,11.57592
Lung_and_bronchus,Male,ADa,,,2,2.4000001,11.66479673400897,11.634716,11.694878
Lung_and_bronchus,Male,ADa,,,2,2.45,11.77874735870836,11.748171,11.809323
Lung_and_bronchus,Male,ADa,,,2,2.5,11.88829546791442,11.857233,11.919358
Lung_and_bronchus,Male,ADa,,,2,2.55,11.99354016851618,11.962,12.025081
Lung_and_bronchus,Male,ADa,,,2,2.5999999,12.09457968478245,12.062572,12.126588
Lung_and_bronchus,Male,ADa,,,2,2.6500001,12.19151160797367,12.159044,12.223979
Lung_and_bronchus,Male,ADa,,,2,2.7,12.28443090199323,12.251513,12.317348
Lung_and_bronchus,Male,ADa,,,2,2.75,12.37343254272338,12.340075,12.406791
Lung_and_bronchus,Male,ADa,,,2,2.8,12.45860954401786,12.42482,12.492399
Lung_and_bronchus,Male,ADa,,,2,2.8499999,12.54005334642238,12.505841,12.574265
Lung_and_bronchus,Male,ADa,,,2,2.9000001,12.617854115824,12.58323,12.652478
Lung_and_bronchus,Male,ADa,,,2,2.95,12.69209922960471,12.657071,12.727127
Lung_and_bronchus,Male,ADa,,,2,3.0,12.76287546843417,12.727453,12.798297
Lung_and_bronchus,Male,ADa,,,2,3.05,12.82412993562247,12.78834,12.85992
Lung_and_bronchus,Male,ADa,,,2,3.0999999,12.88203900921792,12.845891,12.918187
Lung_and_bronchus,Male,ADa,,,2,3.1500001,12.93668892584031,12.900191,12.973186
Lung_and_bronchus,Male,ADa,,,2,3.2,12.98816320395588,12.951326,13.025
Lung_and_bronchus,Male,ADa,,,2,3.25,13.03654422336922,12.999377,13.073711
Lung_and_bronchus,Male,ADa,,,2,3.3,13.08191218891801,13.044424,13.1194
Lung_and_bronchus,Male,ADa,,,2,3.3499999,13.12434542363604,13.086546,13.162145
Lung_and_bronchus,Male,ADa,,,2,3.4000001,13.16392057867375,13.125818,13.202023
Lung_and_bronchus,Male,ADa,,,2,3.45,13.20071192249441,13.162316,13.239107
Lung_and_bronchus,Male,ADa,,,2,3.5,13.23479250485752,13.196113,13.273473
Lung_and_bronchus,Male,ADa,,,2,3.55,13.26623342253521,13.227277,13.305189
Lung_and_bronchus,Male,ADa,,,2,3.5999999,13.29510404964543,13.25588,13.334328
Lung_and_bronchus,Male,ADa,,,2,3.6500001,13.32147219319353,13.28199,13.360954
Lung_and_bronchus,Male,ADa,,,2,3.7,13.34540363832292,13.305672,13.385136
Lung_and_bronchus,Male,ADa,,,2,3.75,13.36696293874309,13.326989,13.406937
Lung_and_bronchus,Male,ADa,,,2,3.8,13.38621293885342,13.346005,13.42642
Lung_and_bronchus,Male,ADa,,,2,3.8499999,13.40321494195484,13.362782,13.443647
Lung_and_bronchus,Male,ADa,,,2,3.9000001,13.41802881214352,13.377378,13.458679
Lung_and_bronchus,Male,ADa,,,2,3.95,13.43071273831708,13.389853,13.471573
Lung_and_bronchus,Male,ADa,,,2,4.0,13.44132369327099,13.400262,13.482385
Lung_and_bronchus,Male,ADa,,,2,4.0500002,13.4430259343581,13.401792,13.484261
Lung_and_bronchus,Male,ADa,,,2,4.0999999,13.44277631786929,13.401377,13.484177
Lung_and_bronchus,Male,ADa,,,2,4.1500001,13.44063047990329,13.399073,13.482188
Lung_and_bronchus,Male,ADa,,,2,4.1999998,13.4366426849316,13.394935,13.478352
Lung_and_bronchus,Male,ADa,,,2,4.25,13.43086570165593,13.389014,13.472717
Lung_and_bronchus,Male,ADa,,,2,4.3000002,13.42335106141996,13.381364,13.465339
Lung_and_bronchus,Male,ADa,,,2,4.3499999,13.41414905415911,13.372032,13.456265
Lung_and_bronchus,Male,ADa,,,2,4.4000001,13.4033084251293,13.36107,13.445547
Lung_and_bronchus,Male,ADa,,,2,4.4499998,13.39087706187354,13.348523,13.433231
Lung_and_bronchus,Male,ADa,,,2,4.5,13.37690120214103,13.334438,13.419364
Lung_and_bronchus,Male,ADa,,,2,4.5500002,13.36142625768832,13.318862,13.403991
Lung_and_bronchus,Male,ADa,,,2,4.5999999,13.34449655413073,13.301837,13.387156
Lung_and_bronchus,Male,ADa,,,2,4.6500001,13.32615481256516,13.283405,13.368904
Lung_and_bronchus,Male,ADa,,,2,4.6999998,13.30644334281931,13.263611,13.349276
Lung_and_bronchus,Male,ADa,,,2,4.75,13.28540267466849,13.242494,13.328312
Lung_and_bronchus,Male,ADa,,,2,4.8000002,13.26307286883252,13.220092,13.306053
Lung_and_bronchus,Male,ADa,,,2,4.8499999,13.23949303550046,13.196447,13.282539
Lung_and_bronchus,Male,ADa,,,2,4.9000001,13.21470063075276,13.171596,13.257806
Lung_and_bronchus,Male,ADa,,,2,4.9499998,13.18873308514162,13.145574,13.231893
Lung_and_bronchus,Male,ADa,,,2,5.0,13.16162593875549,13.118418,13.204834
Lung_and_bronchus,Male,ADb,,,0,0.0,0.0,0.0,0.0
Lung_and_bronchus,Male,ADb,,,0,0.050000001,10.43253554018705,9.301816,11.563255
Lung_and_bronchus,Male,ADb,,,0,0.1,20.42978061551207,18.244497,22.615065
Lung_and_bronchus,Male,ADb,,,0,0.15000001,28.56996079736427,25.538277,31.601645
Lung_and_bronchus,Male,ADb,,,0,0.2,35.16559528287394,31.455669,38.875523
Lung_and_bronchus,Male,ADb,,,0,0.25,40.54657808082402,36.28854,44.804615
Lung_and_bronchus,Male,ADb,,,0,0.30000001,44.97265933440713,40.26762,49.677696
Lung_and_bronchus,Male,ADb,,,0,0.34999999,48.64060294804938,43.568089,53.71312
Lung_and_bronchus,Male,ADb,,,0,0.40000001,51.70169317106547,46.324848,57.078537
Lung_and_bronchus,Male,ADb,,,0,0.44999999,54.2884283514428,48.656303,59.920551
Lung_and_bronchus,Male,ADb,,,0,0.5,56.50523063360629,50.655884,62.354576
Lung_and_bronchus,Male,ADb,,,0,0.55000001,58.42708103868722,52.39072,64.46344
Lung_and_bronchus,Male,ADb,,,0,0.60000002,60.10897028858972,53.910072,66.307869
Lung_and_bronchus,Male,ADb,,,0,0.64999998,61.59206127149287,55.250839,67.933281
Lung_and_bronchus,Male,ADb,,,0,0.69999999,62.90774709091329,56.441162,69.374329
Lung_and_bronchus,Male,ADb,,,0,0.75,64.08036352596287,57.502876,70.657852
Lung_and_bronchus,Male,ADb,,,0,0.80000001,65.12899073015797,58.453094,71.804886
Lung_and_bronchus,Male,ADb,,,0,0.85000002,66.06613222870646,59.303032,72.829231
Lung_and_bronchus,Male,ADb,,,0,0.89999998,66.89924917575922,60.059361,73.739136
Lung_and_bronchus,Male,ADb,,,0,0.94999999,67.63545278143692,60.728447,74.542458
Lung_and_bronchus,Male,ADb,,,0,1.0,68.2816664478089,61.316486,75.246841
Lung_and_bronchus,Male,ADb,,,0,1.05,68.83471540596224,61.820702,75.848732
Lung_and_bronchus,Male,ADb,,,0,1.1,69.31066075306398,62.255413,76.365906
Lung_and_bronchus,Male,ADb,,,0,1.15,69.71550661531637,62.626015,76.805
Lung_and_bronchus,Male,ADb,,,0,1.2,70.05489514060264,62.937561,77.172234
Lung_and_bronchus,Male,ADb,,,0,1.25,70.33409900935703,63.19479,77.473412
Lung_and_bronchus,Male,ADb,,,0,1.3,70.55803520084669,63.402115,77.713951
Lung_and_bronchus,Male,ADb,,,0,1.35,70.73127451006349,63.563648,77.898903
Lung_and_bronchus,Male,ADb,,,0,1.4,70.8580564631809,63.683193,78.032921
Lung_and_bronchus,Male,ADb,,,0,1.45,70.94231115819275,63.76429,78.120331
Lung_and_bronchus,Male,ADb,,,0,1.5,70.98788190995833,63.810394,78.165367
Lung_and_bronchus,Male,ADb,,,0,1.55,70.99864171901208,63.824997,78.172287
Lung_and_bronchus,Male,ADb,,,0,1.6,70.97807382098449,63.811234,78.144913
Lung_and_bronchus,Male,ADb,,,0,1.65,70.92927543138808,63.7719,78.086647
Lung_and_bronchus,Male,ADb,,,0,1.7,70.85500662287359,63.709484,78.000526
Lung_and_bronchus,Male,ADb,,,0,1.75,70.75773345693847,63.626209,77.889259
Lung_and_bronchus,Male,ADb,,,0,1.8,70.63966312650246,63.524067,77.755264
Lung_and_bronchus,Male,ADb,,,0,1.85,70.50277543489415,63.404842,77.600708
Lung_and_bronchus,Male,ADb,,,0,1.9,70.34885090040234,63.270145,77.427559
Lung_and_bronchus,Male,ADb,,,0,1.95,70.17949165422033,63.121426,77.237556
Lung_and_bronchus,Male,ADb,,,0,2.0,69.99614456668724,62.959984,77.032303
Lung_and_bronchus,Male,ADb,,,0,2.05,69.78965216197093,62.777637,76.801666
Lung_and_bronchus,Male,ADb,,,0,2.0999999,69.57176453083594,62.584915,76.558617
Lung_and_bronchus,Male,ADb,,,0,2.1500001,69.34355693992029,62.382778,76.304337
Lung_and_bronchus,Male,ADb,,,0,2.2,69.10600868167762,62.172123,76.039894
Lung_and_bronchus,Male,ADb,,,0,2.25,68.86000695114012,61.953747,75.766266
Lung_and_bronchus,Male,ADb,,,0,2.3,68.60636032696334,61.728386,75.484337
Lung_and_bronchus,Male,ADb,,,0,2.3499999,68.34580580343572,61.496704,75.194908
Lung_and_bronchus,Male,ADb,,,0,2.4000001,68.07901466663088,61.259308,74.89872
Lung_and_bronchus,Male,ADb,,,0,2.45,67.80660396174198,61.016762,74.596443
Lung_and_bronchus,Male,ADb,,,0,2.5,67.529134494456,60.769569,74.288696
Lung_and_bronchus,Male,ADb,,,0,2.55,67.24712091104811,60.5182,73.976044
Lung_and_bronchus,Male,ADb,,,0,2.5999999,66.96103491380154,60.263081,73.658989
Lung_and_bronchus,Male,ADb,,,0,2.6500001,66.6713078664452,60.004601,73.338013
Lung_and_bronchus,Male,ADb,,,0,2.7,66.37833991186062,59.743126,73.013557
Lung_and_bronchus,Male,ADb,,,0,2.75,66.08249488295587,59.478985,72.686005
Lung_and_bronchus,Male,ADb,,,0,2.8,65.7841086885146,59.212486,72.355736
Lung_and_bronchus,Male,ADb,,,0,2.8499999,65.48349052444382,58.943905,72.023079
Lung_and_bronchus,Male,ADb,,,0,2.9000001,65.18092375371657,58.673504,71.688347
Lung_and_bronchus,Male,ADb,,,0,2.95,64.87667378491619,58.40152,71.35183
Lung_and_bronchus,Male,ADb,,,0,3.0,64.57098130845065,58.128174,71.013786
Lung_and_bronchus,Male,ADb,,,0,3.05,64.25397194346465,57.844601,70.663345
Lung_and_bronchus,Male,ADb,,,0,3.0999999,63.93608526808498,57.560177,70.311996
Lung_and_bronchus,Male,ADb,,,0,3.1500001,63.61750989117536,57.27507,69.959946
Lung_and_bronchus,Male,ADb,,,0,3.2,63.29842443445455,56.989449,69.607399
Lung_and_bronchus,Male,ADb,,,0,3.25,62.9789895879137,56.703457,69.254524
Lung_and_bronchus,Male,ADb,,,0,3.3,62.65935524950282,56.417236,68.901474
Lung_and_bronchus,Male,ADb,,,0,3.3499999,62.3396599782468,56.130905,68.548416
Lung_and_bronchus,Male,ADb,,,0,3.4000001,62.02003035575399,55.844582,68.19548
Lung_and_bronchus,Male,ADb,,,0,3.45,61.7005878905868,55.55838,67.842796
Lung_and_bronchus,Male,ADb,,,0,3.5,61.38144061141929,55.2724,67.490479
Lung_and_bronchus,Male,ADb,,,0,3.55,61.06268984023859,54.986729,67.138649
Lung_and_bronchus,Male,ADb,,,0,3.5999999,60.74442928684152,54.701458,66.787399
Lung_and_bronchus,Male,ADb,,,0,3.6500001,60.4267441028087,54.41666,66.436829
Lung_and_bronchus,Male,ADb,,,0,3.7,60.1097174586705,54.132416,66.087021
Lung_and_bronchus,Male,ADb,,,0,3.75,59.79342193238608,53.848789,65.738052
Lung_and_bronchus,Male,ADb,,,0,3.8,59.47792601135325,53.565845,65.390007
Lung_and_bronchus,Male,ADb,,,0,3.8499999,59.16329298043615,53.283642,65.042946
Lung_and_bronchus,Male,ADb,,,0,3.9000001,58.84957980065292,53.002228,64.69693
Lung_and_bronchus,Male,ADb,,,0,3.95,58.53684343149848,52.721661,64.352028
Lung_and_bronchus,Male,ADb,,,0,4.0,58.22513217163191,52.441982,64.008286
Lung_and_bronchus,Male,ADb,,,0,4.0500002,57.9049131249842,52.15461,63.655216
Lung_and_bronchus,Male,ADb,,,0,4.0999999,57.58595015113406,51.868332,63.30357
Lung_and_bronchus,Male,ADb,,,0,4.1500001,57.26827470640956,51.583183,62.953365
Lung_and_bronchus,Male,ADb,,,0,4.1999998,56.95192725074639,51.299198,62.604656
Lung_and_bronchus,Male,ADb,,,0,4.25,56.63693322859262,51.016403,62.257465
Lung_and_bronchus,Male,ADb,,,0,4.3000002,56.32332441897802,50.734821,61.911827
Lung_and_bronchus,Male,ADb,,,0,4.3499999,56.01113001069416,50.454491,61.567772
Lung_and_bronchus,Male,ADb,,,0,4.4000001,55.70036790165886,50.175419,61.225319
Lung_and_bronchus,Male,ADb,,,0,4.4499998,55.3910656655994,49.897636,60.884495
Lung_and_bronchus,Male,ADb,,,0,4.5,55.08323699201719,49.621151,60.545322
Lung_and_bronchus,Male,ADb,,,0,4.5500002,54.77690250677756,49.345989,60.207817
Lung_and_bronchus,Male,ADb,,,0,4.5999999,54.47208098675424,49.072166,59.871998
Lung_and_bronchus,Male,ADb,,,0,4.6500001,54.16878082192784,48.799686,59.537876
Lung_and_bronchus,Male,ADb,,,0,4.6999998,53.86702043900277,48.528572,59.205467
Lung_and_bronchus,Male,ADb,,,0,4.75,53.56680526528203,48.258827,58.874783
Lung_and_bronchus,Male,ADb,,,0,4.8000002,53.26814800618376,47.990463,58.545834
Lung_and_bronchus,Male,ADb,,,0,4.8499999,52.97106003453928,47.723492,58.218632
Lung_and_bronchus,Male,ADb,,,0,4.9000001,52.67554304121154,47.457912,57.893173
Lung_and_bronchus,Male,ADb,,,0,4.9499998,52.38160890843687,47.193741,57.569477
Lung_and_bronchus,Male,ADb,,,0,5.0,52.08925723682819,46.930973,57.24754
Lung_and_bronchus,Male,ADb,,,1,0.0,0.0,0.0,0.0
Lung_and_bronchus,Male,ADb,,,1,0.050000001,7.656362547250907,6.8044267,8.5082979
Lung_and_bronchus,Male,ADb,,,1,0.1,15.16227234572031,13.488485,16.83606
Lung_and_bronchus,Male,ADb,,,1,0.15000001,21.3408272292794,18.996025,23.685629
Lung_and_bronchus,Male,ADb,,,1,0.2,26.38721853610429,23.497751,29.276686
Lung_and_bronchus,Male,ADb,,,1,0.25,30.53227986704871,27.19779,33.866768
Lung_and_bronchus,Male,ADb,,,1,0.30000001,33.96307802325168,30.262007,37.66415
Lung_and_bronchus,Male,ADb,,,1,0.34999999,36.82342615611071,32.818085,40.828766
Lung_and_bronchus,Male,ADb,,,1,0.40000001,39.22501995921459,34.965298,43.484741
Lung_and_bronchus,Male,ADb,,,1,0.44999999,41.26683980878852,36.791729,45.741951
Lung_and_bronchus,Male,ADb,,,1,0.5,43.02744468206424,38.36734,47.68755
Lung_and_bronchus,Male,ADb,,,1,0.55000001,44.56344649422351,39.742569,49.384323
Lung_and_bronchus,Male,ADb,,,1,0.60000002,45.91648139579286,40.954525,50.878437
Lung_and_bronchus,Male,ADb,,,1,0.64999998,47.11778591008442,42.031059,52.204514
Lung_and_bronchus,Male,ADb,,,1,0.69999999,48.19122545412267,42.993446,53.389004
Lung_and_bronchus,Male,ADb,,,1,0.75,49.1553256435144,43.858212,54.452438
Lung_and_bronchus,Male,ADb,,,1,0.80000001,50.02462432149775,44.638329,55.410919
Lung_and_bronchus,Male,ADb,,,1,0.85000002,50.80858750840207,45.342236,56.27494
Lung_and_bronchus,Male,ADb,,,1,0.89999998,51.5127573524303,45.974865,57.050652
Lung_and_bronchus,Male,ADb,,,1,0.94999999,52.14241716515778,46.540916,57.743916
Lung_and_bronchus,Male,ADb,,,1,1.0,52.70272196761744,47.044991,58.360455
Lung_and_bronchus,Male,ADb,,,1,1.05,53.19346273602184,47.486916,58.900009
Lung_and_bronchus,Male,ADb,,,1,1.1,53.62446898263624,47.875427,59.373508
Lung_and_bronchus,Male,ADb,,,1,1.15,54.00023171128623,48.214535,59.785931
Lung_and_bronchus,Male,ADb,,,1,1.2,54.32498047377112,48.508003,60.141956
Lung_and_bronchus,Male,ADb,,,1,1.25,54.60267517286115,48.759369,60.44598
Lung_and_bronchus,Male,ADb,,,1,1.3,54.837016448947,48.971931,60.702103
Lung_and_bronchus,Male,ADb,,,1,1.35,55.03145126900586,49.148766,60.914139
Lung_and_bronchus,Male,ADb,,,1,1.4,55.18918274458451,49.292732,61.085636
Lung_and_bronchus,Male,ADb,,,1,1.45,55.3131868777441,49.406483,61.219891
Lung_and_bronchus,Male,ADb,,,1,1.5,55.40639233831848,49.492641,61.320141
Lung_and_bronchus,Male,ADb,,,1,1.55,55.47177836344713,49.553867,61.38969
Lung_and_bronchus,Male,ADb,,,1,1.6,55.5120302973794,49.59256,61.431503
Lung_and_bronchus,Male,ADb,,,1,1.65,55.52953880938367,49.610859,61.448219
Lung_and_bronchus,Male,ADb,,,1,1.7,55.52643782680298,49.610672,61.442204
Lung_and_bronchus,Male,ADb,,,1,1.75,55.50463618719232,49.593708,61.415565
Lung_and_bronchus,Male,ADb,,,1,1.8,55.46584519682733,49.561493,61.370197
Lung_and_bronchus,Male,ADb,,,1,1.85,55.41160214117212,49.515411,61.307793
Lung_and_bronchus,Male,ADb,,,1,1.9,55.34329130214678,49.456696,61.229885
Lung_and_bronchus,Male,ADb,,,1,1.95,55.26216068088661,49.386467,61.137856
Lung_and_bronchus,Male,ADb,,,1,2.0,55.16933867138459,49.305733,61.032944
Lung_and_bronchus,Male,ADb,,,1,2.05,55.06027463900864,49.210457,60.910091
Lung_and_bronchus,Male,ADb,,,1,2.0999999,54.94149701186757,49.106449,60.776546
Lung_and_bronchus,Male,ADb,,,1,2.1500001,54.81384863740777,48.994461,60.633236
Lung_and_bronchus,Male,ADb,,,1,2.2,54.67809791294235,48.875179,60.481014
Lung_and_bronchus,Male,ADb,,,1,2.25,54.53494306681614,48.749237,60.320652
Lung_and_bronchus,Male,ADb,,,1,2.3,54.38502155295851,48.617195,60.152847
Lung_and_bronchus,Male,ADb,,,1,2.3499999,54.22891564432643,48.479584,59.978249
Lung_and_bronchus,Male,ADb,,,1,2.4000001,54.06715712111009,48.336876,59.797436
Lung_and_bronchus,Male,ADb,,,1,2.45,53.90023523729542,48.189514,59.610958
Lung_and_bronchus,Male,ADb,,,1,2.5,53.72859640349361,48.037891,59.419304
Lung_and_bronchus,Male,ADb,,,1,2.55,53.55265108985532,47.882381,59.222923
Lung_and_bronchus,Male,ADb,,,1,2.5999999,53.37277649509315,47.72332,59.022232
Lung_and_bronchus,Male,ADb,,,1,2.6500001,53.18931872665985,47.56102,58.817619
Lung_and_bronchus,Male,ADb,,,1,2.7,53.00259905932216,47.395767,58.609432
Lung_and_bronchus,Male,ADb,,,1,2.75,52.81291114317128,47.227825,58.397999
Lung_and_bronchus,Male,ADb,,,1,2.8,52.62052669628497,47.057438,58.183613
Lung_and_bronchus,Male,ADb,,,1,2.8499999,52.42569662522192,46.884834,57.96656
Lung_and_bronchus,Male,ADb,,,1,2.9000001,52.22865187078423,46.710217,57.747086
Lung_and_bronchus,Male,ADb,,,1,2.95,52.02960879241073,46.533783,57.525433
Lung_and_bronchus,Male,ADb,,,1,3.0,51.82876498888072,46.355709,57.301819
Lung_and_bronchus,Male,ADb,,,1,3.05,51.62057025015633,46.171055,57.070087
Lung_and_bronchus,Male,ADb,,,1,3.0999999,51.41098354152291,45.985123,56.836842
Lung_and_bronchus,Male,ADb,,,1,3.1500001,51.20016228408508,45.798061,56.602264
Lung_and_bronchus,Male,ADb,,,1,3.2,50.98825549736944,45.610001,56.366508
Lung_and_bronchus,Male,ADb,,,1,3.25,50.77539866980919,45.421066,56.129734
Lung_and_bronchus,Male,ADb,,,1,3.3,50.5617185972435,45.231365,55.892071
Lung_and_bronchus,Male,ADb,,,1,3.3499999,50.34733313028687,45.041008,55.653656
Lung_and_bronchus,Male,ADb,,,1,3.4000001,50.13235083234827,44.850094,55.414608
Lung_and_bronchus,Male,ADb,,,1,3.45,49.91687570833392,44.658714,55.175037
Lung_and_bronchus,Male,ADb,,,1,3.5,49.70100162527683,44.466953,54.935051
Lung_and_bronchus,Male,ADb,,,1,3.55,49.48481693433519,44.274891,54.694744
Lung_and_bronchus,Male,ADb,,,1,3.5999999,49.26840392714598,44.0826,54.454208
Lung_and_bronchus,Male,ADb,,,1,3.6500001,49.05183824344408,43.890152,54.213524
Lung_and_bronchus,Male,ADb,,,1,3.7,48.83519340706971,43.697609,53.972778
Lung_and_bronchus,Male,ADb,,,1,3.75,48.61853500142365,43.505035,53.732037
Lung_and_bronchus,Male,ADb,,,1,3.8,48.40192514203159,43.312481,53.491367
Lung_and_bronchus,Male,ADb,,,1,3.8499999,48.18542175936545,43.120003,53.250843
Lung_and_bronchus,Male,ADb,,,1,3.9000001,47.9690778582144,42.927647,53.010509
Lung_and_bronchus,Male,ADb,,,1,3.95,47.75294591138208,42.735458,52.770435
Lung_and_bronchus,Male,ADb,,,1,4.0,47.53707191715421,42.543484,52.530663
Lung_and_bronchus,Male,ADb,,,1,4.0500002,47.31592332406285,42.346783,52.285061
Lung_and_bronchus,Male,ADb,,,1,4.0999999,47.09517957156459,42.150429,52.039928
Lung_and_bronchus,Male,ADb,,,1,4.1500001,46.87487437108916,41.954449,51.795303
Lung_and_bronchus,Male,ADb,,,1,4.1999998,46.65504726844301,41.758873,51.55122
Lung_and_bronchus,Male,ADb,,,1,4.25,46.43572700693062,41.563736,51.307716
Lung_and_bronchus,Male,ADb,,,1,4.3000002,46.21694637082805,41.369061,51.064831
Lung_and_bronchus,Male,ADb,,,1,4.3499999,45.99873601876311,41.174881,50.82259
Lung_and_bronchus,Male,ADb,,,1,4.4000001,45.7811183992219,40.981213,50.581024
Lung_and_bronchus,Male,ADb,,,1,4.4499998,45.56412242940723,40.788082,50.340164
Lung_and_bronchus,Male,ADb,,,1,4.5,45.3477670105699,40.595509,50.100025
Lung_and_bronchus,Male,ADb,,,1,4.5500002,45.13207563774017,40.403511,49.860638
Lung_and_bronchus,Male,ADb,,,1,4.5999999,44.91707026434619,40.212112,49.622028
Lung_and_bronchus,Male,ADb,,,1,4.6500001,44.70276527381384,40.021324,49.384205
Lung_and_bronchus,Male,ADb,,,1,4.6999998,44.4891819041336,39.831165,49.147198
Lung_and_bronchus,Male,ADb,,,1,4.75,44.27633198068429,39.641647,48.911018
Lung_and_bronchus,Male,ADb,,,1,4.8000002,44.06423226833181,39.452782,48.675682
Lung_and_bronchus,Male,ADb,,,1,4.8499999,43.85289840015798,39.264591,48.441208
Lung_and_bronchus,Male,ADb,,,1,4.9000001,43.64233893021765,39.077076,48.207603
Lung_and_bronchus,Male,ADb,,,1,4.9499998,43.43256948569478,38.890251,47.974888
Lung_and_bronchus,Male,ADb,,,1,5.0,43.2235967615743,38.704128,47.743065
Lung_and_bronchus,Male,ADb,,,2,0.0,0.0,0.0,0.0
Lung_and_bronchus,Male,ADb,,,2,0.050000001,2.790529205468474,2.2494528,3.3316057
Lung_and_bronchus,Male,ADb,,,2,0.1,5.285887577157851,4.2604823,6.3112926
Lung_and_bronchus,Male,ADb,,,2,0.15000001,7.24693394836909,5.8458128,8.6480551
Lung_and_bronchus,Male,ADb,,,2,0.2,8.793393994507312,7.1007881,10.486
Lung_and_bronchus,Male,ADb,,,2,0.25,10.02543139521762,8.1047411,11.946122
Lung_and_bronchus,Male,ADb,,,2,0.30000001,11.0162920927043,8.9156542,13.11693
Lung_and_bronchus,Male,ADb,,,2,0.34999999,11.81923161544154,9.5757275,14.062736
Lung_and_bronchus,Male,ADb,,,2,0.40000001,12.47400815318386,10.116535,14.831481
Lung_and_bronchus,Male,ADb,,,2,0.44999999,13.01422174407909,10.564916,15.463528
Lung_and_bronchus,Male,ADb,,,2,0.5,13.46576841559443,10.94163,15.989906
Lung_and_bronchus,Male,ADb,,,2,0.55000001,13.84702922801483,11.261435,16.432623
Lung_and_bronchus,Male,ADb,,,2,0.60000002,14.17136076712404,11.535063,16.807659
Lung_and_bronchus,Male,ADb,,,2,0.64999998,14.44868686820018,11.770497,17.126877
Lung_and_bronchus,Male,ADb,,,2,0.69999999,14.68653082854212,11.973796,17.399265
Lung_and_bronchus,Male,ADb,,,2,0.75,14.89069795415912,12.149636,17.63176
Lung_and_bronchus,Male,ADb,,,2,0.80000001,15.06572599388261,12.301676,17.829777
Lung_and_bronchus,Male,ADb,,,2,0.85000002,15.21465296860629,12.432348,17.996958
Lung_and_bronchus,Male,ADb,,,2,0.89999998,15.33940432361692,12.543171,18.135637
Lung_and_bronchus,Male,ADb,,,2,0.94999999,15.44181403131051,12.635596,18.248032
Lung_and_bronchus,Male,ADb,,,2,1.0,15.52365573863227,12.711038,18.336273
Lung_and_bronchus,Male,ADb,,,2,1.05,15.58183717320014,12.767151,18.396523
Lung_and_bronchus,Male,ADb,,,2,1.1,15.62272477415786,12.808894,18.436556
Lung_and_bronchus,Male,ADb,,,2,1.15,15.64783505236164,12.837488,18.458181
Lung_and_bronchus,Male,ADb,,,2,1.2,15.65858325227759,12.854078,18.463089
Lung_and_bronchus,Male,ADb,,,2,1.25,15.65628420510467,12.859729,18.452841
Lung_and_bronchus,Male,ADb,,,2,1.3,15.64215571101306,12.855429,18.428883
Lung_and_bronchus,Male,ADb,,,2,1.35,15.61732256053824,12.842096,18.392548
Lung_and_bronchus,Male,ADb,,,2,1.4,15.58282171756798,12.820579,18.345064
Lung_and_bronchus,Male,ADb,,,2,1.45,15.53960740278114,12.791656,18.287558
Lung_and_bronchus,Male,ADb,,,2,1.5,15.48859332439747,12.756083,18.221104
Lung_and_bronchus,Male,ADb,,,2,1.55,15.43067069214277,12.714594,18.146748
Lung_and_bronchus,Male,ADb,,,2,1.6,15.36663475935296,12.66785,18.06542
Lung_and_bronchus,Male,ADb,,,2,1.65,15.29718955834051,12.616436,17.977943
Lung_and_bronchus,Male,ADb,,,2,1.7,15.22295879306705,12.560871,17.885046
Lung_and_bronchus,Male,ADb,,,2,1.75,15.14449737817768,12.501619,17.787376
Lung_and_bronchus,Male,ADb,,,2,1.8,15.06229896962088,12.439092,17.685507
Lung_and_bronchus,Male,ADb,,,2,1.85,14.97680395296754,12.373657,17.57995
Lung_and_bronchus,Male,ADb,,,2,1.9,14.88840654681843,12.305648,17.471165
Lung_and_bronchus,Male,ADb,,,2,1.95,14.79745892692392,12.235359,17.359558
Lung_and_bronchus,Male,ADb,,,2,2.0,14.70427772779817,12.163057,17.245499
Lung_and_bronchus,Male,ADb,,,2,2.05,14.60411852278639,12.084997,17.12324
Lung_and_bronchus,Male,ADb,,,2,2.0999999,14.5023398026176,12.005434,16.999245
Lung_and_bronchus,Male,ADb,,,2,2.1500001,14.3991723722167,11.924563,16.873781
Lung_and_bronchus,Male,ADb,,,2,2.2,14.29482561166225,11.842563,16.747089
Lung_and_bronchus,Male,ADb,,,2,2.25,14.18948699440648,11.759591,16.619383
Lung_and_bronchus,Male,ADb,,,2,2.3,14.0833262210628,11.675796,16.490856
Lung_and_bronchus,Male,ADb,,,2,2.3499999,13.97649664273007,11.591306,16.361687
Lung_and_bronchus,Male,ADb,,,2,2.4000001,13.86913643538082,11.506242,16.232031
Lung_and_bronchus,Male,ADb,,,2,2.45,13.76137214229186,11.420712,16.102034
Lung_and_bronchus,Male,ADb,,,2,2.5,13.65331692361735,11.334813,15.971821
Lung_and_bronchus,Male,ADb,,,2,2.55,13.54507377594848,11.248636,15.841511
Lung_and_bronchus,Male,ADb,,,2,2.5999999,13.43673606531598,11.162262,15.71121
Lung_and_bronchus,Male,ADb,,,2,2.6500001,13.32838794059802,11.075763,15.581013
Lung_and_bronchus,Male,ADb,,,2,2.7,13.2201072301317,10.989207,15.451007
Lung_and_bronchus,Male,ADb,,,2,2.75,13.11196308326606,10.902657,15.321269
Lung_and_bronchus,Male,ADb,,,2,2.8,13.0040187016748,10.816166,15.191872
Lung_and_bronchus,Male,ADb,,,2,2.8499999,12.89633141844291,10.729786,15.062877
Lung_and_bronchus,Male,ADb,,,2,2.9000001,12.78895272193938,10.643563,14.934342
Lung_and_bronchus,Male,ADb,,,2,2.95,12.68193078370859,10.55754,14.806322
Lung_and_bronchus,Male,ADb,,,2,3.0,12.57530781948674,10.471754,14.678862
Lung_and_bronchus,Male,ADb,,,2,3.05,12.46464835542633,10.382661,14.546636
Lung_and_bronchus,Male,ADb,,,2,3.0999999,12.35454543299306,10.293935,14.415156
Lung_and_bronchus,Male,ADb,,,2,3.1500001,12.24502940500457,10.205604,14.284455
Lung_and_bronchus,Male,ADb,,,2,3.2,12.1361290867215,10.117695,14.154564
Lung_and_bronchus,Male,ADb,,,2,3.25,12.02786888947026,10.03023,14.025508
Lung_and_bronchus,Male,ADb,,,2,3.3,11.92027115476378,9.9432306,13.897312
Lung_and_bronchus,Male,ADb,,,2,3.3499999,11.81335585073708,9.8567162,13.769996
Lung_and_bronchus,Male,ADb,,,2,3.4000001,11.70714026745668,9.7707033,13.643578
Lung_and_bronchus,Male,ADb,,,2,3.45,11.60164122158699,9.6852074,13.518075
Lung_and_bronchus,Male,ADb,,,2,3.5,11.49687218334105,9.6002436,13.393501
Lung_and_bronchus,Male,ADb,,,2,3.55,11.39284545709711,9.5158224,13.269869
Lung_and_bronchus,Male,ADb,,,2,3.5999999,11.2895718113345,9.4319563,13.147187
Lung_and_bronchus,Male,ADb,,,2,3.6500001,11.18706011781182,9.3486538,13.025467
Lung_and_bronchus,Male,ADb,,,2,3.7,11.08531941853721,9.2659245,12.904715
Lung_and_bronchus,Male,ADb,,,2,3.75,10.98435609841033,9.1837759,12.784936
Lung_and_bronchus,Male,ADb,,,2,3.8,10.8841759408412,9.1022148,12.666137
Lung_and_bronchus,Male,ADb,,,2,3.8499999,10.78478372574176,9.0212469,12.548321
Lung_and_bronchus,Male,ADb,,,2,3.9000001,10.68618284255103,8.940876,12.43149
Lung_and_bronchus,Male,ADb,,,2,3.95,10.58837724174441,8.8611078,12.315647
Lung_and_bronchus,Male,ADb,,,2,4.0,10.49136868238236,8.7819443,12.200792
Lung_and_bronchus,Male,ADb,,,2,4.0500002,10.39105940424616,8.7000675,12.082051
Lung_and_bronchus,Male,ADb,,,2,4.0999999,10.29163286343027,8.618866,11.9644
Lung_and_bronchus,Male,ADb,,,2,4.1500001,10.19308623609976,8.5383387,11.847834
Lung_and_bronchus,Male,ADb,,,2,4.1999998,10.09541992458594,8.4584875,11.732352
Lung_and_bronchus,Male,ADb,,,2,4.25,9.998630085053833,8.3793116,11.617949
Lung_and_bronchus,Male,ADb,,,2,4.3000002,9.902715211013517,8.3008099,11.504621
Lung_and_bronchus,Male,ADb,,,2,4.3499999,9.807673340760118,8.2229834,11.392364
Lung_and_bronchus,Male,ADb,,,2,4.4000001,9.713499411935686,8.1458292,11.28117
Lung_and_bronchus,Male,ADb,,,2,4.4499998,9.620191619004745,8.0693464,11.171037
Lung_and_bronchus,Male,ADb,,,2,4.5,9.52774425905784,7.9935327,11.061956
Lung_and_bronchus,Male,ADb,,,2,4.5500002,9.436154009926156,7.9183855,10.953922
Lung_and_bronchus,Male,ADb,,,2,4.5999999,9.345417250138835,7.8439045,10.846931
Lung_and_bronchus,Male,ADb,,,2,4.6500001,9.25552752399949,7.7700839,10.740972
Lung_and_bronchus,Male,ADb,,,2,4.6999998,9.166481601233158,7.6969233,10.63604
Lung_and_bronchus,Male,ADb,,,2,4.75,9.078272639535951,7.6244183,10.532127
Lung_and_bronchus,Male,ADb,,,2,4.8000002,8.990896168397569,7.5525656,10.429227
Lung_and_bronchus,Male,ADb,,,2,4.8499999,8.904347523527292,7.4813623,10.327332
Lung_and_bronchus,Male,ADb,,,2,4.9000001,8.818619422846496,7.4108047,10.226435
Lung_and_bronchus,Male,ADb,,,2,4.9499998,8.733707739940087,7.340889,10.126527
Lung_and_bronchus,Male,ADb,,,2,5.0,8.649604977394347,7.2716107,10.027599
Lung_and_bronchus,Male,pm,,,0,0.0,0.0,0.0,0.0
Lung_and_bronchus,Male,pm,,,0,0.050000001,36.41744995117188,33.95549,38.87941
Lung_and_bronchus,Male,pm,,,0,0.1,37.22008895874023,34.775707,39.664471
Lung_and_bronchus,Male,pm,,,0,0.15000001,38.21208190917969,35.766571,40.657593
Lung_and_bronchus,Male,pm,,,0,0.2,39.19124603271484,36.740723,41.641769
Lung_and_bronchus,Male,pm,,,0,0.25,40.12290573120117,37.666866,42.578945
Lung_and_bronchus,Male,pm,,,0,0.30000001,41.00160598754883,38.540573,43.462639
Lung_and_bronchus,Male,pm,,,0,0.34999999,41.8292121887207,39.364033,44.294392
Lung_and_bronchus,Male,pm,,,0,0.40000001,42.609619140625,40.141209,45.07803
Lung_and_bronchus,Male,pm,,,0,0.44999999,43.34769058227539,40.876949,45.818432
Lung_and_bronchus,Male,pm,,,0,0.5,44.04818725585938,41.575966,46.520409
Lung_and_bronchus,Male,pm,,,0,0.55000001,44.71520233154297,42.24229,47.188114
Lung_and_bronchus,Male,pm,,,0,0.60000002,45.35219192504883,42.879311,47.825073
Lung_and_bronchus,Male,pm,,,0,0.64999998,45.96207809448242,43.489887,48.434269
Lung_and_bronchus,Male,pm,,,0,0.69999999,46.54732513427734,44.076427,49.018223
Lung_and_bronchus,Male,pm,,,0,0.75,47.11002731323242,44.640972,49.579082
Lung_and_bronchus,Male,pm,,,0,0.80000001,47.65194320678711,45.18523,50.118656
Lung_and_bronchus,Male,pm,,,0,0.85000002,48.17444229125977,45.710522,50.638363
Lung_and_bronchus,Male,pm,,,0,0.89999998,48.67864990234375,46.217918,51.139381
Lung_and_bronchus,Male,pm,,,0,0.94999999,49.16560745239258,46.708416,51.622799
Lung_and_bronchus,Male,pm,,,0,1.0,49.63628005981445,47.182941,52.089619
Lung_and_bronchus,Male,pm,,,0,1.05,50.09098052978516,47.641846,52.540115
Lung_and_bronchus,Male,pm,,,0,1.1,50.53125381469727,48.086559,52.975948
Lung_and_bronchus,Male,pm,,,0,1.15,50.95788955688477,48.517841,53.397938
Lung_and_bronchus,Male,pm,,,0,1.2,51.37163543701172,48.936417,53.806854
Lung_and_bronchus,Male,pm,,,0,1.25,51.77318954467773,49.342957,54.203423
Lung_and_bronchus,Male,pm,,,0,1.3,52.1632194519043,49.738113,54.588326
Lung_and_bronchus,Male,pm,,,0,1.35,52.54235458374023,50.122494,54.962215
Lung_and_bronchus,Male,pm,,,0,1.4,52.91118621826172,50.496674,55.325699
Lung_and_bronchus,Male,pm,,,0,1.45,53.27029037475586,50.861217,55.679363
Lung_and_bronchus,Male,pm,,,0,1.5,53.62023162841797,51.216675,56.023788
Lung_and_bronchus,Male,pm,,,0,1.55,53.96155166625977,51.563583,56.35952
Lung_and_bronchus,Male,pm,,,0,1.6,54.29476928710938,51.902451,56.687088
Lung_and_bronchus,Male,pm,,,0,1.65,54.62034606933594,52.233734,57.006958
Lung_and_bronchus,Male,pm,,,0,1.7,54.93872451782227,52.557869,57.31958
Lung_and_bronchus,Male,pm,,,0,1.75,55.25030899047852,52.875256,57.625362
Lung_and_bronchus,Male,pm,,,0,1.8,55.55548095703125,53.186272,57.92469
Lung_and_bronchus,Male,pm,,,0,1.85,55.85459518432617,53.491268,58.217922
Lung_and_bronchus,Male,pm,,,0,1.9,56.14798736572266,53.790573,58.505402
Lung_and_bronchus,Male,pm,,,0,1.95,56.43596267700195,54.084496,58.78743
Lung_and_bronchus,Male,pm,,,0,2.0,56.71881484985352,54.373325,59.064304
Lung_and_bronchus,Male,pm,,,0,2.05,56.99736404418945,54.65794,59.336788
Lung_and_bronchus,Male,pm,,,0,2.0999999,57.27143859863281,54.93811,59.604767
Lung_and_bronchus,Male,pm,,,0,2.1500001,57.54127883911133,55.214066,59.868492
Lung_and_bronchus,Male,pm,,,0,2.2,57.80711364746094,55.486042,60.128185
Lung_and_bronchus,Male,pm,,,0,2.25,58.06914901733398,55.754238,60.38406
Lung_and_bronchus,Male,pm,,,0,2.3,58.32759475708008,56.018867,60.636322
Lung_and_bronchus,Male,pm,,,0,2.3499999,58.58263397216797,56.280109,60.885159
Lung_and_bronchus,Male,pm,,,0,2.4000001,58.83444595336914,56.538147,61.130745
Lung_and_bronchus,Male,pm,,,0,2.45,59.08320236206055,56.793152,61.373253
Lung_and_bronchus,Male,pm,,,0,2.5,59.32905960083008,57.045277,61.612843
Lung_and_bronchus,Male,pm,,,0,2.55,59.57217407226563,57.294678,61.84967
Lung_and_bronchus,Male,pm,,,0,2.5999999,59.81268310546875,57.541496,62.08387
Lung_and_bronchus,Male,pm,,,0,2.6500001,60.05072784423828,57.78587,62.315586
Lung_and_bronchus,Male,pm,,,0,2.7,60.28643798828125,58.027931,62.544945
Lung_and_bronchus,Male,pm,,,0,2.75,60.51993179321289,58.267799,62.772064
Lung_and_bronchus,Male,pm,,,0,2.8,60.75132751464844,58.505589,62.997066
Lung_and_bronchus,Male,pm,,,0,2.8499999,60.98073577880859,58.741413,63.220058
Lung_and_bronchus,Male,pm,,,0,2.9000001,61.20827102661133,58.975391,63.441151
Lung_and_bronchus,Male,pm,,,0,2.95,61.43402099609375,59.207607,63.660435
Lung_and_bronchus,Male,pm,,,0,3.0,61.65808868408203,59.438168,63.87801
Lung_and_bronchus,Male,pm,,,0,3.05,61.88238525390625,59.669064,64.095711
Lung_and_bronchus,Male,pm,,,0,3.0999999,62.10530090332031,59.898605,64.311996
Lung_and_bronchus,Male,pm,,,0,3.1500001,62.3269157409668,60.126877,64.526955
Lung_and_bronchus,Male,pm,,,0,3.2,62.54730606079102,60.353958,64.740654
Lung_and_bronchus,Male,pm,,,0,3.25,62.76655197143555,60.579926,64.953178
Lung_and_bronchus,Male,pm,,,0,3.3,62.98472595214844,60.804852,65.164604
Lung_and_bronchus,Male,pm,,,0,3.3499999,63.2018928527832,61.028805,65.374985
Lung_and_bronchus,Male,pm,,,0,3.4000001,63.41812515258789,61.251858,65.584389
Lung_and_bronchus,Male,pm,,,0,3.45,63.63348007202148,61.474072,65.792892
Lung_and_bronchus,Male,pm,,,0,3.5,63.8480224609375,61.695507,66.000542
Lung_and_bronchus,Male,pm,,,0,3.55,64.06181335449219,61.916229,66.207397
Lung_and_bronchus,Male,pm,,,0,3.5999999,64.27490234375,62.136288,66.413513
Lung_and_bronchus,Male,pm,,,0,3.6500001,64.48735046386719,62.355747,66.61895
Lung_and_bronchus,Male,pm,,,0,3.7,64.69921112060547,62.574661,66.823761
Lung_and_bronchus,Male,pm,,,0,3.75,64.9105224609375,62.793064,67.027977
Lung_and_bronchus,Male,pm,,,0,3.8,65.12134552001953,63.011024,67.231667
Lung_and_bronchus,Male,pm,,,0,3.8499999,65.33171844482422,63.22858,67.43486
Lung_and_bronchus,Male,pm,,,0,3.9000001,65.54168701171875,63.445774,67.637596
Lung_and_bronchus,Male,pm,,,0,3.95,65.75129699707031,63.662659,67.839935
Lung_and_bronchus,Male,pm,,,0,4.0,65.9605941772461,63.87928,68.041908
Lung_and_bronchus,Male,pm,,,0,4.0500002,66.17286682128906,64.099052,68.246681
Lung_and_bronchus,Male,pm,,,0,4.0999999,66.38502502441406,64.318764,68.451286
Lung_and_bronchus,Male,pm,,,0,4.1500001,66.59709930419922,64.538445,68.655754
Lung_and_bronchus,Male,pm,,,0,4.1999998,66.80913543701172,64.758156,68.860115
Lung_and_bronchus,Male,pm,,,0,4.25,67.02115631103516,64.977898,69.064415
Lung_and_bronchus,Male,pm,,,0,4.3000002,67.23320770263672,65.197739,69.268677
Lung_and_bronchus,Male,pm,,,0,4.3499999,67.44530487060547,65.417686,69.472923
Lung_and_bronchus,Male,pm,,,0,4.4000001,67.6574935913086,65.637787,69.6772
Lung_and_bronchus,Male,pm,,,0,4.4499998,67.86979675292969,65.858063,69.881531
Lung_and_bronchus,Male,pm,,,0,4.5,68.0822525024414,66.07856,70.085945
Lung_and_bronchus,Male,pm,,,0,4.5500002,68.29487609863281,66.299294,70.290459
Lung_and_bronchus,Male,pm,,,0,4.5999999,68.50770568847656,66.520302,70.49511
Lung_and_bronchus,Male,pm,,,0,4.6500001,68.72076416015625,66.7416,70.699928
Lung_and_bronchus,Male,pm,,,0,4.6999998,68.93407440185547,66.963226,70.904922
Lung_and_bronchus,Male,pm,,,0,4.75,69.14765930175781,67.185204,71.110115
Lung_and_bronchus,Male,pm,,,0,4.8000002,69.36155700683594,67.407562,71.315552
Lung_and_bronchus,Male,pm,,,0,4.8499999,69.57577514648438,67.630318,71.521233
Lung_and_bronchus,Male,pm,,,0,4.9000001,69.79035186767578,67.853508,71.727196
Lung_and_bronchus,Male,pm,,,0,4.9499998,70.00529479980469,68.077141,71.933449
Lung_and_bronchus,Male,pm,,,0,5.0,70.22064208984375,68.301254,72.14003
Lung_and_bronchus,Male,pm,,,1,0.0,0.0,0.0,0.0
Lung_and_bronchus,Male,pm,,,1,0.050000001,38.02602767944336,35.611065,40.44099
Lung_and_bronchus,Male,pm,,,1,0.1,35.72952651977539,33.400303,38.05875
Lung_and_bronchus,Male,pm,,,1,0.15000001,35.52765655517578,33.218506,37.836807
Lung_and_bronchus,Male,pm,,,1,0.2,35.86901473999023,33.560368,38.177662
Lung_and_bronchus,Male,pm,,,1,0.25,36.41548156738281,34.099884,38.731079
Lung_and_bronchus,Male,pm,,,1,0.30000001,37.05075454711914,34.725204,39.376305
Lung_and_bronchus,Male,pm,,,1,0.34999999,37.72535705566406,35.388794,40.06192
Lung_and_bronchus,Male,pm,,,1,0.40000001,38.41568374633789,36.067982,40.763386
Lung_and_bronchus,Male,pm,,,1,0.44999999,39.11050415039063,36.751999,41.469009
Lung_and_bronchus,Male,pm,,,1,0.5,39.80442047119141,37.435696,42.173145
Lung_and_bronchus,Male,pm,,,1,0.55000001,40.49465942382813,38.116425,42.872894
Lung_and_bronchus,Male,pm,,,1,0.60000002,41.17982864379883,38.792858,43.566799
Lung_and_bronchus,Male,pm,,,1,0.64999998,41.85928344726563,39.46439,44.254177
Lung_and_bronchus,Male,pm,,,1,0.69999999,42.53279113769531,40.130798,44.934784
Lung_and_bronchus,Male,pm,,,1,0.75,43.20033264160156,40.792068,45.608597
Lung_and_bronchus,Male,pm,,,1,0.80000001,43.86196517944336,41.44825,46.275681
Lung_and_bronchus,Male,pm,,,1,0.85000002,44.51722717285156,42.098877,46.935577
Lung_and_bronchus,Male,pm,,,1,0.89999998,45.16547775268555,42.74329,47.587666
Lung_and_bronchus,Male,pm,,,1,0.94999999,45.80630111694336,43.381058,48.231544
Lung_and_bronchus,Male,pm,,,1,1.0,46.43946838378906,44.011932,48.867004
Lung_and_bronchus,Male,pm,,,1,1.05,47.06453323364258,44.635445,49.493622
Lung_and_bronchus,Male,pm,,,1,1.1,47.68185424804688,45.251923,50.111786
Lung_and_bronchus,Male,pm,,,1,1.15,48.2915153503418,45.861423,50.721607
Lung_and_bronchus,Male,pm,,,1,1.2,48.89365005493164,46.464054,51.323246
Lung_and_bronchus,Male,pm,,,1,1.25,49.48844909667969,47.059982,51.916916
Lung_and_bronchus,Male,pm,,,1,1.3,50.07612228393555,47.649391,52.502853
Lung_and_bronchus,Male,pm,,,1,1.35,50.65691375732422,48.232506,53.081322
Lung_and_bronchus,Male,pm,,,1,1.4,51.23108673095703,48.80957,53.652603
Lung_and_bronchus,Male,pm,,,1,1.45,51.79891204833984,49.380833,54.216991
Lung_and_bronchus,Male,pm,,,1,1.5,52.36071014404297,49.946594,54.774826
Lung_and_bronchus,Male,pm,,,1,1.55,52.91681671142578,50.507183,55.32645
Lung_and_bronchus,Male,pm,,,1,1.6,53.46754455566406,51.062893,55.872196
Lung_and_bronchus,Male,pm,,,1,1.65,54.0131950378418,51.614017,56.412373
Lung_and_bronchus,Male,pm,,,1,1.7,54.55405044555664,52.160828,56.947273
Lung_and_bronchus,Male,pm,,,1,1.75,55.09038162231445,52.703579,57.477184
Lung_and_bronchus,Male,pm,,,1,1.8,55.6224479675293,53.242527,58.002369
Lung_and_bronchus,Male,pm,,,1,1.85,56.15048980712891,53.777901,58.523079
Lung_and_bronchus,Male,pm,,,1,1.9,56.67473602294922,54.309921,59.039551
Lung_and_bronchus,Male,pm,,,1,1.95,57.19540786743164,54.838806,59.55201
Lung_and_bronchus,Male,pm,,,1,2.0,57.71270751953125,55.36475,60.060665
Lung_and_bronchus,Male,pm,,,1,2.05,58.22640228271484,55.887516,60.565289
Lung_and_bronchus,Male,pm,,,1,2.0999999,58.73710632324219,56.407707,61.066505
Lung_and_bronchus,Male,pm,,,1,2.1500001,59.24499893188477,56.925503,61.564495
Lung_and_bronchus,Male,pm,,,1,2.2,59.75024032592773,57.441059,62.059422
Lung_and_bronchus,Male,pm,,,1,2.25,60.25300216674805,57.954544,62.55146
Lung_and_bronchus,Male,pm,,,1,2.3,60.75343322753906,58.466099,63.040768
Lung_and_bronchus,Male,pm,,,1,2.3499999,61.25167846679688,58.975872,63.527485
Lung_and_bronchus,Male,pm,,,1,2.4000001,61.74788284301758,59.484001,64.011765
Lung_and_bronchus,Male,pm,,,1,2.45,62.24217224121094,59.990612,64.493729
Lung_and_bronchus,Male,pm,,,1,2.5,62.73468017578125,60.495838,64.973518
Lung_and_bronchus,Male,pm,,,1,2.55,63.22552108764648,60.99979,65.451248
Lung_and_bronchus,Male,pm,,,1,2.5999999,63.71481704711914,61.50259,65.92704
Lung_and_bronchus,Male,pm,,,1,2.6500001,64.20268249511719,62.004353,66.401009
Lung_and_bronchus,Male,pm,,,1,2.7,64.68921661376953,62.505177,66.873253
Lung_and_bronchus,Male,pm,,,1,2.75,65.17453002929688,63.005169,67.343887
Lung_and_bronchus,Male,pm,,,1,2.8,65.6587142944336,63.504421,67.813004
Lung_and_bronchus,Male,pm,,,1,2.8499999,66.14186096191406,64.003029,68.280693
Lung_and_bronchus,Male,pm,,,1,2.9000001,66.62407684326172,64.501099,68.747055
Lung_and_bronchus,Male,pm,,,1,2.95,67.10543823242188,64.998703,69.212173
Lung_and_bronchus,Male,pm,,,1,3.0,67.58602905273438,65.495934,69.676125
Lung_and_bronchus,Male,pm,,,1,3.05,68.06535339355469,65.992271,70.138435
Lung_and_bronchus,Male,pm,,,1,3.0999999,68.5440673828125,66.488396,70.599739
Lung_and_bronchus,Male,pm,,,1,3.1500001,69.02224731445312,66.984375,71.06012
Lung_and_bronchus,Male,pm,,,1,3.2,69.49996948242188,67.480293,71.519646
Lung_and_bronchus,Male,pm,,,1,3.25,69.977294921875,67.976212,71.978378
Lung_and_bronchus,Male,pm,,,1,3.3,70.45429229736328,68.472198,72.436386
Lung_and_bronchus,Male,pm,,,1,3.3499999,70.93103790283203,68.96833,72.893745
Lung_and_bronchus,Male,pm,,,1,3.4000001,71.40760040283203,69.464691,73.35051
Lung_and_bronchus,Male,pm,,,1,3.45,71.88401794433594,69.961304,73.806732
Lung_and_bronchus,Male,pm,,,1,3.5,72.3603744506836,70.45826,74.262489
Lung_and_bronchus,Male,pm,,,1,3.55,72.83671569824219,70.955612,74.717819
Lung_and_bronchus,Male,pm,,,1,3.5999999,73.31310272216797,71.453415,75.172791
Lung_and_bronchus,Male,pm,,,1,3.6500001,73.78958892822266,71.951729,75.627449
Lung_and_bronchus,Male,pm,,,1,3.7,74.2662353515625,72.450615,76.081856
Lung_and_bronchus,Male,pm,,,1,3.75,74.74308776855469,72.950127,76.536049
Lung_and_bronchus,Male,pm,,,1,3.8,75.2201919555664,73.45031,76.990074
Lung_and_bronchus,Male,pm,,,1,3.8499999,75.6976089477539,73.951218,77.444
Lung_and_bronchus,Male,pm,,,1,3.9000001,76.17538452148438,74.452911,77.897858
Lung_and_bronchus,Male,pm,,,1,3.95,76.65355682373047,74.955429,78.351685
Lung_and_bronchus,Male,pm,,,1,4.0,77.13218688964844,75.458832,78.805542
Lung_and_bronchus,Male,pm,,,1,4.0500002,77.61066436767578,75.962479,79.25885
Lung_and_bronchus,Male,pm,,,1,4.0999999,78.08966827392578,76.467079,79.712257
Lung_and_bronchus,Male,pm,,,1,4.1500001,78.56926727294922,76.972717,80.165817
Lung_and_bronchus,Male,pm,,,1,4.1999998,79.04948425292969,77.479401,80.619568
Lung_and_bronchus,Male,pm,,,1,4.25,79.5303726196289,77.98719,81.073555
Lung_and_bronchus,Male,pm,,,1,4.3000002,80.011962890625,78.496124,81.527802
Lung_and_bronchus,Male,pm,,,1,4.3499999,80.49429321289062,79.006241,81.982346
Lung_and_bronchus,Male,pm,,,1,4.4000001,80.9774169921875,79.517593,82.437241
Lung_and_bronchus,Male,pm,,,1,4.4499998,81.46135711669922,80.030205,82.892509
Lung_and_bronchus,Male,pm,,,1,4.5,81.94615936279297,80.544128,83.34819
Lung_and_bronchus,Male,pm,,,1,4.5500002,82.4318618774414,81.059395,83.804329
Lung_and_bronchus,Male,pm,,,1,4.5999999,82.91848754882812,81.576027,84.260948
Lung_and_bronchus,Male,pm,,,1,4.6500001,83.40609741210938,82.094093,84.718102
Lung_and_bronchus,Male,pm,,,1,4.6999998,83.89469909667969,82.613594,85.175804
Lung_and_bronchus,Male,pm,,,1,4.75,84.38434600830078,83.134583,85.634109
Lung_and_bronchus,Male,pm,,,1,4.8000002,84.87506866455078,83.657097,86.09304
Lung_and_bronchus,Male,pm,,,1,4.8499999,85.36689758300781,84.181152,86.552643
Lung_and_bronchus,Male,pm,,,1,4.9000001,85.85986328125,84.706779,87.012947
Lung_and_bronchus,Male,pm,,,1,4.9499998,86.35400390625,85.234016,87.473991
Lung_and_bronchus,Male,pm,,,1,5.0,86.84934997558594,85.762878,87.935822
Lung_and_bronchus,Male,pm,,,2,0.0,0.0,0.0,0.0
Lung_and_bronchus,Male,pm,,,2,0.050000001,32.43246078491211,27.900074,36.964848
Lung_and_bronchus,Male,pm,,,2,0.1,42.69005584716797,37.645008,47.735104
Lung_and_bronchus,Male,pm,,,2,0.15000001,50.24138259887695,45.1119,55.370865
Lung_and_bronchus,Male,pm,,,2,0.2,55.9744987487793,50.944881,61.004116
Lung_and_bronchus,Male,pm,,,2,0.25,60.32995223999023,55.470879,65.189026
Lung_and_bronchus,Male,pm,,,2,0.30000001,63.60613632202148,58.930206,68.282066
Lung_and_bronchus,Male,pm,,,2,0.34999999,66.02733612060547,61.518562,70.53611
Lung_and_bronchus,Male,pm,,,2,0.40000001,67.7681655883789,63.398323,72.138008
Lung_and_bronchus,Male,pm,,,2,0.44999999,68.9654541015625,64.703003,73.227905
Lung_and_bronchus,Male,pm,,,2,0.5,69.72747039794922,65.542152,73.912788
Lung_and_bronchus,Male,pm,,,2,0.55000001,70.1408920288086,66.005898,74.275887
Lung_and_bronchus,Male,pm,,,2,0.60000002,70.27536010742188,66.168159,74.382561
Lung_and_bronchus,Male,pm,,,2,0.64999998,70.18701934814453,66.089432,74.284607
Lung_and_bronchus,Male,pm,,,2,0.69999999,69.92123413085938,65.819084,74.023384
Lung_and_bronchus,Male,pm,,,2,0.75,69.51468658447266,65.397339,73.632034
Lung_and_bronchus,Male,pm,,,2,0.80000001,68.99736785888672,64.857201,73.137535
Lung_and_bronchus,Male,pm,,,2,0.85000002,68.39700317382812,64.229118,72.564888
Lung_and_bronchus,Male,pm,,,2,0.89999998,67.73762512207031,63.539341,71.935905
Lung_and_bronchus,Male,pm,,,2,0.94999999,67.03764343261719,62.807945,71.267342
Lung_and_bronchus,Male,pm,,,2,1.0,66.31111145019531,62.050175,70.572052
Lung_and_bronchus,Male,pm,,,2,1.05,65.57080841064453,61.280136,69.861481
Lung_and_bronchus,Male,pm,,,2,1.1,64.82301330566406,60.504177,69.141846
Lung_and_bronchus,Male,pm,,,2,1.15,64.07386016845703,59.728802,68.418922
Lung_and_bronchus,Male,pm,,,2,1.2,63.32798385620117,58.958851,67.697121
Lung_and_bronchus,Male,pm,,,2,1.25,62.58882904052734,58.197884,66.979774
Lung_and_bronchus,Male,pm,,,2,1.3,61.85896301269531,57.448502,66.269424
Lung_and_bronchus,Male,pm,,,2,1.35,61.14025115966797,56.712543,65.567955
Lung_and_bronchus,Male,pm,,,2,1.4,60.43402862548828,55.991295,64.876762
Lung_and_bronchus,Male,pm,,,2,1.45,59.74121475219727,55.285587,64.196846
Lung_and_bronchus,Male,pm,,,2,1.5,59.06241989135742,54.595936,63.528904
Lung_and_bronchus,Male,pm,,,2,1.55,58.39800262451172,53.9226,62.873405
Lung_and_bronchus,Male,pm,,,2,1.6,57.74813842773438,53.265652,62.230625
Lung_and_bronchus,Male,pm,,,2,1.65,57.11287307739258,52.625027,61.600719
Lung_and_bronchus,Male,pm,,,2,1.7,56.49213409423828,52.000546,60.983723
Lung_and_bronchus,Male,pm,,,2,1.75,55.88577270507813,51.391953,60.379593
Lung_and_bronchus,Male,pm,,,2,1.8,55.29357528686523,50.798939,59.788212
Lung_and_bronchus,Male,pm,,,2,1.85,54.71528244018555,50.221142,59.209423
Lung_and_bronchus,Male,pm,,,2,1.9,54.15059661865234,49.658173,58.643021
Lung_and_bronchus,Male,pm,,,2,1.95,53.59920883178711,49.109631,58.088787
Lung_and_bronchus,Male,pm,,,2,2.0,53.06077575683594,48.5751,57.546452
Lung_and_bronchus,Male,pm,,,2,2.05,52.53772354125977,48.057289,57.018158
Lung_and_bronchus,Male,pm,,,2,2.0999999,52.02693939208984,47.552631,56.501247
Lung_and_bronchus,Male,pm,,,2,2.1500001,51.52805709838867,47.060692,55.995422
Lung_and_bronchus,Male,pm,,,2,2.2,51.04074096679688,46.581066,55.500416
Lung_and_bronchus,Male,pm,,,2,2.25,50.56463241577148,46.113338,55.015926
Lung_and_bronchus,Male,pm,,,2,2.3,50.09939193725586,45.657116,54.541668
Lung_and_bronchus,Male,pm,,,2,2.3499999,49.64468383789063,45.212009,54.077358
Lung_and_bronchus,Male,pm,,,2,2.4000001,49.2001838684082,44.777645,53.622723
Lung_and_bronchus,Male,pm,,,2,2.45,48.76557159423828,44.353661,53.177483
Lung_and_bronchus,Male,pm,,,2,2.5,48.34053802490234,43.939701,52.741375
Lung_and_bronchus,Male,pm,,,2,2.55,47.92478179931641,43.535427,52.314137
Lung_and_bronchus,Male,pm,,,2,2.5999999,47.51801681518555,43.140522,51.895512
Lung_and_bronchus,Male,pm,,,2,2.6500001,47.11995315551758,42.754658,51.485249
Lung_and_bronchus,Male,pm,,,2,2.7,46.73033142089844,42.377544,51.083118
Lung_and_bronchus,Male,pm,,,2,2.75,46.34888458251953,42.008884,50.688885
Lung_and_bronchus,Male,pm,,,2,2.8,45.97536087036133,41.648403,50.302319
Lung_and_bronchus,Male,pm,,,2,2.8499999,45.60951232910156,41.295822,49.923203
Lung_and_bronchus,Male,pm,,,2,2.9000001,45.25110626220703,40.950893,49.551319
Lung_and_bronchus,Male,pm,,,2,2.95,44.89991760253906,40.613361,49.186474
Lung_and_bronchus,Male,pm,,,2,3.0,44.55572891235352,40.282993,48.828465
Lung_and_bronchus,Male,pm,,,2,3.05,44.22131729125977,39.962826,48.479809
Lung_and_bronchus,Male,pm,,,2,3.0999999,43.89347076416016,39.649338,48.137604
Lung_and_bronchus,Male,pm,,,2,3.1500001,43.57198715209961,39.342312,47.801662
Lung_and_bronchus,Male,pm,,,2,3.2,43.25668334960938,39.041553,47.471813
Lung_and_bronchus,Male,pm,,,2,3.25,42.9473762512207,38.746861,47.147892
Lung_and_bronchus,Male,pm,,,2,3.3,42.64389419555664,38.458054,46.829735
Lung_and_bronchus,Male,pm,,,2,3.3499999,42.34606552124023,38.174942,46.517189
Lung_and_bronchus,Male,pm,,,2,3.4000001,42.05372619628906,37.897362,46.210091
Lung_and_bronchus,Male,pm,,,2,3.45,41.76672744750977,37.625149,45.908306
Lung_and_bronchus,Male,pm,,,2,3.5,41.48491668701172,37.358139,45.611694
Lung_and_bronchus,Male,pm,,,2,3.55,41.20814514160156,37.096176,45.320114
Lung_and_bronchus,Male,pm,,,2,3.5999999,40.93627548217773,36.839115,45.033436
Lung_and_bronchus,Male,pm,,,2,3.6500001,40.66917419433594,36.586815,44.751534
Lung_and_bronchus,Male,pm,,,2,3.7,40.40671157836914,36.339142,44.474281
Lung_and_bronchus,Male,pm,,,2,3.75,40.14876174926758,36.095963,44.201561
Lung_and_bronchus,Male,pm,,,2,3.8,39.89519882202148,35.857143,43.933254
Lung_and_bronchus,Male,pm,,,2,3.8499999,39.64591598510742,35.62257,43.669262
Lung_and_bronchus,Male,pm,,,2,3.9000001,39.40079116821289,35.39212,43.409462
Lung_and_bronchus,Male,pm,,,2,3.95,39.15972137451172,35.165688,43.153755
Lung_and_bronchus,Male,pm,,,2,4.0,38.92260360717773,34.943157,42.90205
Lung_and_bronchus,Male,pm,,,2,4.0500002,38.69217300415039,34.727448,42.656898
Lung_and_bronchus,Male,pm,,,2,4.0999999,38.46546936035156,34.515404,42.415535
Lung_and_bronchus,Male,pm,,,2,4.1500001,38.24239349365234,34.306923,42.177864
Lung_and_bronchus,Male,pm,,,2,4.1999998,38.02285766601563,34.101917,41.943798
Lung_and_bronchus,Male,pm,,,2,4.25,37.80677032470703,33.900288,41.713253
Lung_and_bronchus,Male,pm,,,2,4.3000002,37.59404754638672,33.70195,41.486145
Lung_and_bronchus,Male,pm,,,2,4.3499999,37.38460540771484,33.506817,41.262394
Lung_and_bronchus,Male,pm,,,2,4.4000001,37.17836380004883,33.314812,41.041916
Lung_and_bronchus,Male,pm,,,2,4.4499998,36.97525024414063,33.125851,40.82465
Lung_and_bronchus,Male,pm,,,2,4.5,36.77518463134766,32.939861,40.610508
Lung_and_bronchus,Male,pm,,,2,4.5500002,36.57809448242188,32.756767,40.399422
Lung_and_bronchus,Male,pm,,,2,4.5999999,36.38391494750977,32.5765,40.19133
Lung_and_bronchus,Male,pm,,,2,4.6500001,36.19257354736328,32.398987,39.98616
Lung_and_bronchus,Male,pm,,,2,4.6999998,36.00400543212891,32.224163,39.783848
Lung_and_bronchus,Male,pm,,,2,4.75,35.81814575195313,32.05196,39.584332
Lung_and_bronchus,Male,pm,,,2,4.8000002,35.63493347167969,31.88232,39.387547
Lung_and_bronchus,Male,pm,,,2,4.8499999,35.45431137084961,31.715183,39.193439
Lung_and_bronchus,Male,pm,,,2,4.9000001,35.27621459960938,31.550484,39.001945
Lung_and_bronchus,Male,pm,,,2,4.9499998,35.10059356689453,31.388172,38.813015
Lung_and_bronchus,Male,pm,,,2,5.0,34.92739105224609,31.228189,38.626595
Lung_and_bronchus,Male,tce,,,0,0.0,0.0,0.0,0.0
Lung_and_bronchus,Male,tce,,,0,0.050000001,0.0067680433181548,0.0065082274,0.0070278589
Lung_and_bronchus,Male,tce,,,0,0.1,0.0128167998451889,0.012322358,0.013311242
Lung_and_bronchus,Male,tce,,,0,0.15000001,0.0174026290235743,0.016720248,0.01808501
Lung_and_bronchus,Male,tce,,,0,0.2,0.0208728358107106,0.020039426,0.021706246
Lung_and_bronchus,Male,tce,,,0,0.25,0.0235188932796949,0.02256291,0.024474878
Lung_and_bronchus,Male,tce,,,0,0.30000001,0.0255508777327866,0.024494467,0.026607288
Lung_and_bronchus,Male,tce,,,0,0.34999999,0.0271185837481829,0.025979232,0.028257936
Lung_and_bronchus,Male,tce,,,0,0.40000001,0.028331040751935,0.027122701,0.02953938
Lung_and_bronchus,Male,tce,,,0,0.44999999,0.0292754017673635,0.028009024,0.030541779
Lung_and_bronchus,Male,tce,,,0,0.5,0.0300169517827017,0.028701141,0.031332761
Lung_and_bronchus,Male,tce,,,0,0.55000001,0.030601801270977,0.029243466,0.031960137
Lung_and_bronchus,Male,tce,,,0,0.60000002,0.0310632677265277,0.029668061,0.032458473
Lung_and_bronchus,Male,tce,,,0,0.64999998,0.0314259464400443,0.029998576,0.032853317
Lung_and_bronchus,Male,tce,,,0,0.69999999,0.0317083487220718,0.030252794,0.033163901
Lung_and_bronchus,Male,tce,,,0,0.75,0.0319246486302479,0.030444318,0.03340498
Lung_and_bronchus,Male,tce,,,0,0.80000001,0.032085758217375,0.030583614,0.033587903
Lung_and_bronchus,Male,tce,,,0,0.85000002,0.0321988832131199,0.030677596,0.033720169
Lung_and_bronchus,Male,tce,,,0,0.89999998,0.0322692090302593,0.030731235,0.033807185
Lung_and_bronchus,Male,tce,,,0,0.94999999,0.0323014329821424,0.030749032,0.033853833
Lung_and_bronchus,Male,tce,,,0,1.0,0.0322998109275732,0.030735055,0.033864569
Lung_and_bronchus,Male,tce,,,0,1.05,0.0322639851132985,0.030689042,0.033838928
Lung_and_bronchus,Male,tce,,,0,1.1,0.0322015615305427,0.030618168,0.033784956
Lung_and_bronchus,Male,tce,,,0,1.15,0.032115650763623,0.03052539,0.033705913
Lung_and_bronchus,Male,tce,,,0,1.2,0.0320090388872645,0.030413358,0.033604719
Lung_and_bronchus,Male,tce,,,0,1.25,0.0318842196310857,0.030284433,0.033484008
Lung_and_bronchus,Male,tce,,,0,1.3,0.0317434214606676,0.030140728,0.033346117
Lung_and_bronchus,Male,tce,,,0,1.35,0.031588634782008,0.029984124,0.033193145
Lung_and_bronchus,Male,tce,,,0,1.4,0.0314216376142108,0.0298163,0.033026975
Lung_and_bronchus,Male,tce,,,0,1.45,0.0312440262526371,0.02963876,0.032849293
Lung_and_bronchus,Male,tce,,,0,1.5,0.031057356823164,0.02945297,0.032661743
Lung_and_bronchus,Male,tce,,,0,1.55,0.0308630699386207,0.029260285,0.032465857
Lung_and_bronchus,Male,tce,,,0,1.6,0.0306624076100224,0.029061869,0.032262947
Lung_and_bronchus,Male,tce,,,0,1.65,0.0304564427477767,0.028858729,0.032054156
Lung_and_bronchus,Male,tce,,,0,1.7,0.0302461010439447,0.028651731,0.03184047
Lung_and_bronchus,Male,tce,,,0,1.75,0.0300321860372954,0.028441625,0.031622749
Lung_and_bronchus,Male,tce,,,0,1.8,0.0298153933948944,0.028229058,0.031401727
Lung_and_bronchus,Male,tce,,,0,1.85,0.0295963273598905,0.028014593,0.031178063
Lung_and_bronchus,Male,tce,,,0,1.9,0.0293755150132884,0.027798716,0.030952314
Lung_and_bronchus,Male,tce,,,0,1.95,0.0291534133507131,0.027581854,0.030724972
Lung_and_bronchus,Male,tce,,,0,2.0,0.0289304226301876,0.027364373,0.030496472
Lung_and_bronchus,Male,tce,,,0,2.05,0.028702324549613,0.027142301,0.030262347
Lung_and_bronchus,Male,tce,,,0,2.0999999,0.0284740183546841,0.026920235,0.030027803
Lung_and_bronchus,Male,tce,,,0,2.1500001,0.0282457701056363,0.026698418,0.029793123
Lung_and_bronchus,Male,tce,,,0,2.2,0.028017815193731,0.026477065,0.029558565
Lung_and_bronchus,Male,tce,,,0,2.25,0.0277903560787343,0.02625636,0.029324353
Lung_and_bronchus,Male,tce,,,0,2.3,0.0275635703337737,0.026036464,0.029090676
Lung_and_bronchus,Male,tce,,,0,2.3499999,0.0273376127524661,0.025817515,0.02885771
Lung_and_bronchus,Male,tce,,,0,2.4000001,0.0271126170524981,0.025599636,0.028625598
Lung_and_bronchus,Male,tce,,,0,2.45,0.0268887025751702,0.02538293,0.028394474
Lung_and_bronchus,Male,tce,,,0,2.5,0.0266659699499188,0.025167489,0.028164452
Lung_and_bronchus,Male,tce,,,0,2.55,0.0264445072266886,0.024953388,0.027935626
Lung_and_bronchus,Male,tce,,,0,2.5999999,0.026224390406182,0.024740694,0.027708087
Lung_and_bronchus,Male,tce,,,0,2.6500001,0.0260056838070616,0.024529465,0.027481904
Lung_and_bronchus,Male,tce,,,0,2.7,0.0257884454650935,0.024319746,0.027257144
Lung_and_bronchus,Male,tce,,,0,2.75,0.0255727219604418,0.02411158,0.027033864
Lung_and_bronchus,Male,tce,,,0,2.8,0.0253585535511837,0.023905,0.026812106
Lung_and_bronchus,Male,tce,,,0,2.8499999,0.025145973968804,0.023700034,0.026591914
Lung_and_bronchus,Male,tce,,,0,2.9000001,0.024935010159144,0.0234967,0.026373319
Lung_and_bronchus,Male,tce,,,0,2.95,0.0247256869551664,0.023295023,0.026156351
Lung_and_bronchus,Male,tce,,,0,3.0,0.0245180216221733,0.023095012,0.025941031
Lung_and_bronchus,Male,tce,,,0,3.05,0.0243074977139225,0.022892397,0.025722599
Lung_and_bronchus,Male,tce,,,0,3.0999999,0.0240987052696077,0.022691509,0.025505902
Lung_and_bronchus,Male,tce,,,0,3.1500001,0.0238916512078425,0.022492351,0.025290951
Lung_and_bronchus,Male,tce,,,0,3.2,0.0236863425426344,0.022294929,0.025077756
Lung_and_bronchus,Male,tce,,,0,3.25,0.0234827807839115,0.02209924,0.024866322
Lung_and_bronchus,Male,tce,,,0,3.3,0.0232809661839767,0.021905281,0.024656652
Lung_and_bronchus,Male,tce,,,0,3.3499999,0.0230808970035344,0.021713048,0.024448747
Lung_and_bronchus,Male,tce,,,0,3.4000001,0.022882568799806,0.021522533,0.024242604
Lung_and_bronchus,Male,tce,,,0,3.45,0.0226859784060091,0.021333734,0.024038222
Lung_and_bronchus,Male,tce,,,0,3.5,0.0224911184403011,0.02114664,0.023835598
Lung_and_bronchus,Male,tce,,,0,3.55,0.0222979812604929,0.02096124,0.023634722
Lung_and_bronchus,Male,tce,,,0,3.5999999,0.0221065581605212,0.020777525,0.023435591
Lung_and_bronchus,Male,tce,,,0,3.6500001,0.0219168386007413,0.020595485,0.023238193
Lung_and_bronchus,Male,tce,,,0,3.7,0.0217288139355379,0.020415107,0.023042522
Lung_and_bronchus,Male,tce,,,0,3.75,0.0215424720903801,0.020236377,0.022848567
Lung_and_bronchus,Male,tce,,,0,3.8,0.0213578012824153,0.020059286,0.022656318
Lung_and_bronchus,Male,tce,,,0,3.8499999,0.0211747891958916,0.019883817,0.022465762
Lung_and_bronchus,Male,tce,,,0,3.9000001,0.0209934221966041,0.019709958,0.022276888
Lung_and_bronchus,Male,tce,,,0,3.95,0.020813688850843,0.019537695,0.022089684
Lung_and_bronchus,Male,tce,,,0,4.0,0.0206355747970474,0.019367013,0.021904137
Lung_and_bronchus,Male,tce,,,0,4.0500002,0.0204546758205708,0.019193735,0.021715617
Lung_and_bronchus,Male,tce,,,0,4.0999999,0.020275427063077,0.019022066,0.021528788
Lung_and_bronchus,Male,tce,,,0,4.1500001,0.0200978108079075,0.018851986,0.021343637
Lung_and_bronchus,Male,tce,,,0,4.1999998,0.019921815980451,0.018683482,0.02116015
Lung_and_bronchus,Male,tce,,,0,4.25,0.0197474246325628,0.018516537,0.020978311
Lung_and_bronchus,Male,tce,,,0,4.3000002,0.019574623762505,0.01835114,0.020798109
Lung_and_bronchus,Male,tce,,,0,4.3499999,0.0194034002403083,0.018187271,0.020619528
Lung_and_bronchus,Male,tce,,,0,4.4000001,0.0192337360031008,0.01802492,0.020442553
Lung_and_bronchus,Male,tce,,,0,4.4499998,0.0190656194715021,0.017864071,0.020267168
Lung_and_bronchus,Male,tce,,,0,4.5,0.0188990326252738,0.017704705,0.020093361
Lung_and_bronchus,Male,tce,,,0,4.5500002,0.0187339622816595,0.01754681,0.019921115
Lung_and_bronchus,Male,tce,,,0,4.5999999,0.0185703952367855,0.017390372,0.019750418
Lung_and_bronchus,Male,tce,,,0,4.6500001,0.0184083136655663,0.017235374,0.019581253
Lung_and_bronchus,Male,tce,,,0,4.6999998,0.0182477060185371,0.017081805,0.019413607
Lung_and_bronchus,Male,tce,,,0,4.75,0.0180885546668251,0.016929645,0.019247463
Lung_and_bronchus,Male,tce,,,0,4.8000002,0.0179308466691613,0.016778884,0.019082809
Lung_and_bronchus,Male,tce,,,0,4.8499999,0.0177745691237643,0.016629508,0.01891963
Lung_and_bronchus,Male,tce,,,0,4.9000001,0.0176197047669015,0.016481498,0.018757911
Lung_and_bronchus,Male,tce,,,0,4.9499998,0.0174662423787186,0.016334847,0.018597638
Lung_and_bronchus,Male,tce,,,0,5.0,0.0173141649733493,0.016189534,0.018438796
Lung_and_bronchus,Male,tce,,,1,0.0,0.0,0.0,0.0
Lung_and_bronchus,Male,tce,,,1,0.050000001,0.0062867250649943,0.0060429387,0.0065305117
Lung_and_bronchus,Male,tce,,,1,0.1,0.0131324277615144,0.012659879,0.013604976
Lung_and_bronchus,Male,tce,,,1,0.15000001,0.018550501505685,0.017891265,0.019209737
Lung_and_bronchus,Male,tce,,,1,0.2,0.0227177949990243,0.021906476,0.023529114
Lung_and_bronchus,Male,tce,,,1,0.25,0.0259108741726386,0.024974706,0.026847042
Lung_and_bronchus,Male,tce,,,1,0.30000001,0.0283577582800092,0.02731823,0.029397286
Lung_and_bronchus,Male,tce,,,1,0.34999999,0.0302311740280808,0.029105425,0.031356923
Lung_and_bronchus,Male,tce,,,1,0.40000001,0.0316611279404669,0.030462952,0.032859303
Lung_and_bronchus,Male,tce,,,1,0.44999999,0.032752983554575,0.031493269,0.034012698
Lung_and_bronchus,Male,tce,,,1,0.5,0.0335866544272165,0.032273997,0.034899309
Lung_and_bronchus,Male,tce,,,1,0.55000001,0.0342194761011977,0.032860804,0.035578147
Lung_and_bronchus,Male,tce,,,1,0.60000002,0.034693429549619,0.033294436,0.036092427
Lung_and_bronchus,Male,tce,,,1,0.64999998,0.0350398632515675,0.033605292,0.036474437
Lung_and_bronchus,Male,tce,,,1,0.69999999,0.0352826117480455,0.033816487,0.036748737
Lung_and_bronchus,Male,tce,,,1,0.75,0.0354400931270494,0.03394587,0.036934316
Lung_and_bronchus,Male,tce,,,1,0.80000001,0.0355266534181622,0.034007337,0.037045971
Lung_and_bronchus,Male,tce,,,1,0.85000002,0.0355524748745011,0.034010787,0.037094165
Lung_and_bronchus,Male,tce,,,1,0.89999998,0.0355253273060618,0.033963777,0.037086878
Lung_and_bronchus,Male,tce,,,1,0.94999999,0.0354520583367355,0.033872962,0.037031155
Lung_and_bronchus,Male,tce,,,1,1.0,0.0353387156263945,0.033744209,0.036933225
Lung_and_bronchus,Male,tce,,,1,1.05,0.0351874832784878,0.033579685,0.036795281
Lung_and_bronchus,Male,tce,,,1,1.1,0.0350062455246402,0.033386964,0.036625527
Lung_and_bronchus,Male,tce,,,1,1.15,0.0347991522808941,0.033170041,0.036428265
Lung_and_bronchus,Male,tce,,,1,1.2,0.0345698549926769,0.032932431,0.036207281
Lung_and_bronchus,Male,tce,,,1,1.25,0.0343215688100992,0.032677218,0.035965919
Lung_and_bronchus,Male,tce,,,1,1.3,0.0340571206361986,0.032407116,0.035707124
Lung_and_bronchus,Male,tce,,,1,1.35,0.033778996390284,0.032124501,0.035433494
Lung_and_bronchus,Male,tce,,,1,1.4,0.0334893836215926,0.031831458,0.035147306
Lung_and_bronchus,Male,tce,,,1,1.45,0.0331902144362475,0.031529833,0.034850594
Lung_and_bronchus,Male,tce,,,1,1.5,0.032883329763624,0.031221369,0.034545291
Lung_and_bronchus,Male,tce,,,1,1.55,0.0325704053224914,0.030907655,0.034233157
Lung_and_bronchus,Male,tce,,,1,1.6,0.0322528704108255,0.030590042,0.033915699
Lung_and_bronchus,Male,tce,,,1,1.65,0.0319319462740453,0.030269684,0.03359421
Lung_and_bronchus,Male,tce,,,1,1.7,0.0316086728145561,0.029947557,0.033269789
Lung_and_bronchus,Male,tce,,,1,1.75,0.0312839414341213,0.029624494,0.03294339
Lung_and_bronchus,Male,tce,,,1,1.8,0.0309585120430019,0.029301211,0.032615814
Lung_and_bronchus,Male,tce,,,1,1.85,0.0306330341769208,0.028978309,0.032287758
Lung_and_bronchus,Male,tce,,,1,1.9,0.0303080651901027,0.028656308,0.031959824
Lung_and_bronchus,Male,tce,,,1,1.95,0.0299840782327127,0.028335642,0.031632513
Lung_and_bronchus,Male,tce,,,1,2.0,0.0296614798107833,0.028016688,0.031306271
Lung_and_bronchus,Male,tce,,,1,2.05,0.0293378623217789,0.027697179,0.030978546
Lung_and_bronchus,Male,tce,,,1,2.0999999,0.0290163336781442,0.027380025,0.030652642
Lung_and_bronchus,Male,tce,,,1,2.1500001,0.0286971400060899,0.027065448,0.030328833
Lung_and_bronchus,Male,tce,,,1,2.2,0.0283804931392274,0.026753636,0.030007351
Lung_and_bronchus,Male,tce,,,1,2.25,0.028066566678944,0.026444744,0.02968839
Lung_and_bronchus,Male,tce,,,1,2.3,0.027755506563454,0.026138898,0.029372115
Lung_and_bronchus,Male,tce,,,1,2.3499999,0.0274474333922244,0.025836205,0.029058661
Lung_and_bronchus,Male,tce,,,1,2.4000001,0.0271424443065006,0.025536744,0.028748143
Lung_and_bronchus,Male,tce,,,1,2.45,0.0268406216710365,0.025240585,0.028440658
Lung_and_bronchus,Male,tce,,,1,2.5,0.0265420268435992,0.024947777,0.028136276
Lung_and_bronchus,Male,tce,,,1,2.55,0.0262467081743926,0.024658356,0.02783506
Lung_and_bronchus,Male,tce,,,1,2.5999999,0.0259547014287734,0.024372349,0.027537055
Lung_and_bronchus,Male,tce,,,1,2.6500001,0.0256660300598256,0.024089765,0.027242295
Lung_and_bronchus,Male,tce,,,1,2.7,0.025380712129459,0.023810618,0.026950806
Lung_and_bronchus,Male,tce,,,1,2.75,0.0250987532989136,0.023534901,0.026662605
Lung_and_bronchus,Male,tce,,,1,2.8,0.024820153443022,0.023262611,0.026377697
Lung_and_bronchus,Male,tce,,,1,2.8499999,0.0245449062216179,0.022993732,0.026096081
Lung_and_bronchus,Male,tce,,,1,2.9000001,0.0242729986282329,0.022728244,0.025817754
Lung_and_bronchus,Male,tce,,,1,2.95,0.0240044168944537,0.022466129,0.025542706
Lung_and_bronchus,Male,tce,,,1,3.0,0.0237391393548729,0.022207357,0.025270922
Lung_and_bronchus,Male,tce,,,1,3.05,0.0234747276320829,0.02194966,0.024999795
Lung_and_bronchus,Male,tce,,,1,3.0999999,0.023213624651572,0.021695301,0.024731949
Lung_and_bronchus,Male,tce,,,1,3.1500001,0.0229557989700722,0.021444242,0.024467355
Lung_and_bronchus,Male,tce,,,1,3.2,0.0227012207195824,0.021196453,0.024205988
Lung_and_bronchus,Male,tce,,,1,3.25,0.0224498545701265,0.020951893,0.023947816
Lung_and_bronchus,Male,tce,,,1,3.3,0.0222016649609535,0.020710522,0.023692807
Lung_and_bronchus,Male,tce,,,1,3.3499999,0.0219566151255622,0.020472301,0.023440929
Lung_and_bronchus,Male,tce,,,1,3.4000001,0.0217146661759514,0.020237189,0.023192145
Lung_and_bronchus,Male,tce,,,1,3.45,0.0214757819053515,0.020005144,0.022946419
Lung_and_bronchus,Male,tce,,,1,3.5,0.0212399220445086,0.019776126,0.022703718
Lung_and_bronchus,Male,tce,,,1,3.55,0.0210070470475742,0.019550093,0.022464002
Lung_and_bronchus,Male,tce,,,1,3.5999999,0.020777117068404,0.019327,0.022227233
Lung_and_bronchus,Male,tce,,,1,3.6500001,0.0205500910053134,0.019106807,0.021993374
Lung_and_bronchus,Male,tce,,,1,3.7,0.0203259309228123,0.018889474,0.021762388
Lung_and_bronchus,Male,tce,,,1,3.75,0.0201045956488529,0.018674957,0.021534234
Lung_and_bronchus,Male,tce,,,1,3.8,0.0198860451990868,0.018463213,0.021308877
Lung_and_bronchus,Male,tce,,,1,3.8499999,0.019670239757502,0.018254204,0.021086276
Lung_and_bronchus,Male,tce,,,1,3.9000001,0.0194571387275261,0.018047884,0.020866392
Lung_and_bronchus,Male,tce,,,1,3.95,0.0192467048363513,0.017844219,0.020649191
Lung_and_bronchus,Male,tce,,,1,4.0,0.0190388980838171,0.017643163,0.020434633
Lung_and_bronchus,Male,tce,,,1,4.0500002,0.0188316097181444,0.017442776,0.020220444
Lung_and_bronchus,Male,tce,,,1,4.0999999,0.0186269199294405,0.017244967,0.020008873
Lung_and_bronchus,Male,tce,,,1,4.1500001,0.0184247861967604,0.017049693,0.019799881
Lung_and_bronchus,Male,tce,,,1,4.1999998,0.0182251742266806,0.016856918,0.019593431
Lung_and_bronchus,Male,tce,,,1,4.25,0.0180280425497121,0.016666602,0.019389482
Lung_and_bronchus,Male,tce,,,1,4.3000002,0.0178333559222238,0.016478708,0.019188004
Lung_and_bronchus,Male,tce,,,1,4.3499999,0.0176410795235078,0.016293198,0.018988959
Lung_and_bronchus,Male,tce,,,1,4.4000001,0.0174511735698276,0.016110037,0.018792311
Lung_and_bronchus,Male,tce,,,1,4.4499998,0.0172636061016421,0.015929187,0.018598026
Lung_and_bronchus,Male,tce,,,1,4.5,0.0170783384990173,0.015750609,0.018406067
Lung_and_bronchus,Male,tce,,,1,4.5500002,0.0168953380627214,0.015574275,0.018216401
Lung_and_bronchus,Male,tce,,,1,4.5999999,0.0167145725525793,0.015400148,0.018028997
Lung_and_bronchus,Male,tce,,,1,4.6500001,0.0165360051135625,0.015228191,0.017843818
Lung_and_bronchus,Male,tce,,,1,4.6999998,0.0163596062901732,0.015058376,0.017660838
Lung_and_bronchus,Male,tce,,,1,4.75,0.0161853403995542,0.014890665,0.017480016
Lung_and_bronchus,Male,tce,,,1,4.8000002,0.0160131773563688,0.014725029,0.017301327
Lung_and_bronchus,Male,tce,,,1,4.8499999,0.0158430875319937,0.014561437,0.017124739
Lung_and_bronchus,Male,tce,,,1,4.9000001,0.0156750369739682,0.014399856,0.016950218
Lung_and_bronchus,Male,tce,,,1,4.9499998,0.0155089987070979,0.014240257,0.016777741
Lung_and_bronchus,Male,tce,,,1,5.0,0.0153449399052549,0.014082609,0.016607272
Lung_and_bronchus,Male,tce,,,2,0.0,0.0,0.0,0.0
Lung_and_bronchus,Male,tce,,,2,0.050000001,0.0083521795105101,0.0077878153,0.0089165438
Lung_and_bronchus,Male,tce,,,2,0.1,0.011777991110457,0.01073145,0.012824532
Lung_and_bronchus,Male,tce,,,2,0.15000001,0.0136246996988904,0.012206621,0.015042778
Lung_and_bronchus,Male,tce,,,2,0.2,0.0148006234970586,0.013093981,0.016507266
Lung_and_bronchus,Male,tce,,,2,0.25,0.0156462986314481,0.013712945,0.017579652
Lung_and_bronchus,Male,tce,,,2,0.30000001,0.0163127467596165,0.014199574,0.018425919
Lung_and_bronchus,Male,tce,,,2,0.34999999,0.0168742872105323,0.014617492,0.019131081
Lung_and_bronchus,Male,tce,,,2,0.40000001,0.0173709086472136,0.01499882,0.019742997
Lung_and_bronchus,Male,tce,,,2,0.44999999,0.0178298288333962,0.015364343,0.020295314
Lung_and_bronchus,Male,tce,,,2,0.5,0.0182681865572167,0.015726311,0.020810062
Lung_and_bronchus,Male,tce,,,2,0.55000001,0.0186951478392911,0.016090395,0.0212999
Lung_and_bronchus,Male,tce,,,2,0.60000002,0.0191155165446319,0.016458845,0.021772187
Lung_and_bronchus,Male,tce,,,2,0.64999998,0.0195316615678126,0.016832117,0.022231206
Lung_and_bronchus,Male,tce,,,2,0.69999999,0.0199445741648773,0.01720974,0.022679407
Lung_and_bronchus,Male,tce,,,2,0.75,0.0203544602506617,0.017590785,0.023118135
Lung_and_bronchus,Male,tce,,,2,0.80000001,0.0207609298197872,0.017973972,0.023547886
Lung_and_bronchus,Male,tce,,,2,0.85000002,0.0211613921346251,0.018356103,0.023966679
Lung_and_bronchus,Male,tce,,,2,0.89999998,0.0215525267240738,0.018733401,0.024371654
Lung_and_bronchus,Male,tce,,,2,0.94999999,0.0219319537031186,0.019103054,0.024760853
Lung_and_bronchus,Male,tce,,,2,1.0,0.0222980316746332,0.019463029,0.025133036
Lung_and_bronchus,Male,tce,,,2,1.05,0.0226420370127409,0.019805355,0.025478719
Lung_and_bronchus,Male,tce,,,2,1.1,0.022970659951399,0.020135263,0.025806056
Lung_and_bronchus,Male,tce,,,2,1.15,0.0232835903797992,0.020452132,0.026115049
Lung_and_bronchus,Male,tce,,,2,1.2,0.0235807662258533,0.020755617,0.026405916
Lung_and_bronchus,Male,tce,,,2,1.25,0.023862306847745,0.021045579,0.026679033
Lung_and_bronchus,Male,tce,,,2,1.3,0.024128471106895,0.021322045,0.026934898
Lung_and_bronchus,Male,tce,,,2,1.35,0.024379618553697,0.021585161,0.027174076
Lung_and_bronchus,Male,tce,,,2,1.4,0.0246161793433401,0.021835165,0.027397193
Lung_and_bronchus,Male,tce,,,2,1.45,0.0248386445357636,0.022072373,0.027604915
Lung_and_bronchus,Male,tce,,,2,1.5,0.0250476328988153,0.022297239,0.027798027
Lung_and_bronchus,Male,tce,,,2,1.55,0.0252438112541246,0.022510275,0.027977347
Lung_and_bronchus,Male,tce,,,2,1.6,0.0254278052054732,0.022711975,0.028143635
Lung_and_bronchus,Male,tce,,,2,1.65,0.0256001994564368,0.022902805,0.028297594
Lung_and_bronchus,Male,tce,,,2,1.7,0.0257615438048743,0.023083212,0.028439876
Lung_and_bronchus,Male,tce,,,2,1.75,0.0259123526109345,0.02325362,0.028571086
Lung_and_bronchus,Male,tce,,,2,1.8,0.0260531101015994,0.023414431,0.028691789
Lung_and_bronchus,Male,tce,,,2,1.85,0.0261842714510702,0.023566032,0.02880251
Lung_and_bronchus,Male,tce,,,2,1.9,0.0263062641037739,0.023708785,0.028903743
Lung_and_bronchus,Male,tce,,,2,1.95,0.0264194918867888,0.023843041,0.028995944
Lung_and_bronchus,Male,tce,,,2,2.0,0.0265243344944097,0.023969127,0.029079543
Lung_and_bronchus,Male,tce,,,2,2.05,0.0266106141690355,0.024077892,0.029143335
Lung_and_bronchus,Male,tce,,,2,2.0999999,0.0266891258725881,0.024179,0.02919925
Lung_and_bronchus,Male,tce,,,2,2.1500001,0.0267602012730535,0.024272749,0.029247653
Lung_and_bronchus,Male,tce,,,2,2.2,0.0268241532956889,0.02435942,0.029288886
Lung_and_bronchus,Male,tce,,,2,2.25,0.0268812793802481,0.024439283,0.029323276
Lung_and_bronchus,Male,tce,,,2,2.3,0.0269318612181017,0.024512593,0.02935113
Lung_and_bronchus,Male,tce,,,2,2.3499999,0.0269761661441846,0.024579596,0.029372737
Lung_and_bronchus,Male,tce,,,2,2.4000001,0.0270144482582048,0.024640528,0.029388368
Lung_and_bronchus,Male,tce,,,2,2.45,0.0270469486003296,0.024695612,0.029398285
Lung_and_bronchus,Male,tce,,,2,2.5,0.0270738970526715,0.024745064,0.029402731
Lung_and_bronchus,Male,tce,,,2,2.55,0.0270955123267409,0.024789086,0.029401939
Lung_and_bronchus,Male,tce,,,2,2.5999999,0.0271120028476103,0.024827875,0.029396132
Lung_and_bronchus,Male,tce,,,2,2.6500001,0.0271235674325679,0.024861619,0.029385515
Lung_and_bronchus,Male,tce,,,2,2.7,0.0271303956811246,0.024890499,0.029370291
Lung_and_bronchus,Male,tce,,,2,2.75,0.0271326688476392,0.024914687,0.02935065
Lung_and_bronchus,Male,tce,,,2,2.8,0.0271305601013337,0.02493435,0.02932677
Lung_and_bronchus,Male,tce,,,2,2.8499999,0.0271242350593046,0.024949644,0.029298827
Lung_and_bronchus,Male,tce,,,2,2.9000001,0.0271138521602241,0.024960723,0.029266981
Lung_and_bronchus,Male,tce,,,2,2.95,0.0270995632836348,0.024967736,0.029231392
Lung_and_bronchus,Male,tce,,,2,3.0,0.0270815138253316,0.02497082,0.029192207
Lung_and_bronchus,Male,tce,,,2,3.05,0.0270483479058499,0.024959533,0.029137162
Lung_and_bronchus,Male,tce,,,2,3.0999999,0.0270117222411769,0.02494459,0.029078854
Lung_and_bronchus,Male,tce,,,2,3.1500001,0.0269717700082699,0.024926126,0.029017415
Lung_and_bronchus,Male,tce,,,2,3.2,0.0269286196088554,0.024904262,0.028952977
Lung_and_bronchus,Male,tce,,,2,3.25,0.026882393802003,0.024879122,0.028885666
Lung_and_bronchus,Male,tce,,,2,3.3,0.026833210709543,0.024850823,0.028815599
Lung_and_bronchus,Male,tce,,,2,3.3499999,0.026781183875289,0.024819475,0.028742893
Lung_and_bronchus,Male,tce,,,2,3.4000001,0.0267264222241186,0.024785191,0.028667655
Lung_and_bronchus,Male,tce,,,2,3.45,0.0266690313319379,0.02474807,0.028589992
Lung_and_bronchus,Male,tce,,,2,3.5,0.0266091120574234,0.024708219,0.028510004
Lung_and_bronchus,Male,tce,,,2,3.55,0.026546761761142,0.024665732,0.028427791
Lung_and_bronchus,Male,tce,,,2,3.5999999,0.026482074226656,0.024620704,0.028343445
Lung_and_bronchus,Male,tce,,,2,3.6500001,0.0264151395014767,0.024573226,0.028257053
Lung_and_bronchus,Male,tce,,,2,3.7,0.0263460453401365,0.024523385,0.028168706
Lung_and_bronchus,Male,tce,,,2,3.75,0.0262748754351564,0.024471264,0.028078485
Lung_and_bronchus,Male,tce,,,2,3.8,0.0262017108217087,0.02441695,0.027986471
Lung_and_bronchus,Male,tce,,,2,3.8499999,0.0261266296941292,0.024360519,0.02789274
Lung_and_bronchus,Male,tce,,,2,3.9000001,0.0260497071579644,0.024302047,0.027797367
Lung_and_bronchus,Male,tce,,,2,3.95,0.0259710168223037,0.024241609,0.027700424
Lung_and_bronchus,Male,tce,,,2,4.0,0.0258906287084884,0.024179278,0.02760198
Lung_and_bronchus,Male,tce,,,2,4.0500002,0.0257965836716775,0.024103886,0.027489282
Lung_and_bronchus,Male,tce,,,2,4.0999999,0.0257010675755699,0.024026809,0.027375326
Lung_and_bronchus,Male,tce,,,2,4.1500001,0.0256041443404854,0.023948116,0.027260173
Lung_and_bronchus,Male,tce,,,2,4.1999998,0.0255058793106088,0.02386787,0.027143888
Lung_and_bronchus,Male,tce,,,2,4.25,0.0254063319522967,0.023786137,0.027026528
Lung_and_bronchus,Male,tce,,,2,4.3000002,0.0253055624673257,0.023702975,0.02690815
Lung_and_bronchus,Male,tce,,,2,4.3499999,0.0252036291152576,0.023618447,0.026788812
Lung_and_bronchus,Male,tce,,,2,4.4000001,0.0251005853219026,0.023532607,0.026668565
Lung_and_bronchus,Male,tce,,,2,4.4499998,0.0249964865839777,0.023445511,0.026547462
Lung_and_bronchus,Male,tce,,,2,4.5,0.0248913826798857,0.023357216,0.02642555
Lung_and_bronchus,Male,tce,,,2,4.5500002,0.024785324660368,0.023267772,0.026302878
Lung_and_bronchus,Male,tce,,,2,4.5999999,0.0246783619746794,0.023177229,0.026179494
Lung_and_bronchus,Male,tce,,,2,4.6500001,0.0245705394299339,0.023085637,0.026055442
Lung_and_bronchus,Male,tce,,,2,4.6999998,0.0244619044098044,0.022993043,0.025930766
Lung_and_bronchus,Male,tce,,,2,4.75,0.0243524987055013,0.022899494,0.025805505
Lung_and_bronchus,Male,tce,,,2,4.8000002,0.0242423658010804,0.022805031,0.0256797
Lung_and_bronchus,Male,tce,,,2,4.8499999,0.0241315478468872,0.022709701,0.025553394
Lung_and_bronchus,Male,tce,,,2,4.9000001,0.024020082505883,0.022613546,0.025426621
Lung_and_bronchus,Male,tce,,,2,4.9499998,0.0239080104128909,0.022516605,0.025299417
Lung_and_bronchus,Male,tce,,,2,5.0,0.0237953667162256,0.022418916,0.025171818
Lung_and_bronchus,Male,tde,,,0,0.0,0.0,0.0,0.0
Lung_and_bronchus,Male,tde,,,0,0.050000001,0.0043032946556374,0.004294863,0.0043117264
Lung_and_bronchus,Male,tde,,,0,0.1,0.0080463753949993,0.0080331983,0.0080595519
Lung_and_bronchus,Male,tde,,,0,0.15000001,0.0107527220089492,0.010736563,0.010768881
Lung_and_bronchus,Male,tde,,,0,0.2,0.0126925111635254,0.012674555,0.012710468
Lung_and_bronchus,Male,tde,,,0,0.25,0.0140824298269053,0.014063492,0.014101367
Lung_and_bronchus,Male,tde,,,0,0.30000001,0.0150746078458721,0.015055256,0.01509396
Lung_and_bronchus,Male,tde,,,0,0.34999999,0.0157750936651605,0.015755722,0.015794465
Lung_and_bronchus,Male,tde,,,0,0.40000001,0.0162592923405384,0.016240176,0.01627841
Lung_and_bronchus,Male,tde,,,0,0.44999999,0.0165851915586537,0.016566515,0.016603868
Lung_and_bronchus,Male,tde,,,0,0.5,0.0167950284551419,0.016776918,0.016813138
Lung_and_bronchus,Male,tde,,,0,0.55000001,0.0169181442537297,0.016900685,0.016935604
Lung_and_bronchus,Male,tde,,,0,0.60000002,0.0169753953511,0.016958639,0.016992152
Lung_and_bronchus,Male,tde,,,0,0.64999998,0.0169819289417849,0.016965905,0.016997952
Lung_and_bronchus,Male,tde,,,0,0.69999999,0.0169489600414013,0.016933681,0.01696424
Lung_and_bronchus,Male,tde,,,0,0.75,0.0168849374622831,0.016870398,0.016899476
Lung_and_bronchus,Male,tde,,,0,0.80000001,0.0167962705300007,0.016782453,0.016810087
Lung_and_bronchus,Male,tde,,,0,0.85000002,0.0166872509087752,0.016674124,0.016700378
Lung_and_bronchus,Male,tde,,,0,0.89999998,0.0165609941705447,0.016548513,0.016573478
Lung_and_bronchus,Male,tde,,,0,0.94999999,0.0164202376712489,0.016408343,0.016432133
Lung_and_bronchus,Male,tde,,,0,1.0,0.0162673862632529,0.016256008,0.016278764
Lung_and_bronchus,Male,tde,,,0,1.05,0.0161026385062171,0.016091699,0.016113577
Lung_and_bronchus,Male,tde,,,0,1.1,0.0159297084336622,0.015919119,0.015940297
Lung_and_bronchus,Male,tde,,,0,1.15,0.0157501924175767,0.01573986,0.015760526
Lung_and_bronchus,Male,tde,,,0,1.2,0.0155654718245493,0.015555298,0.015575645
Lung_and_bronchus,Male,tde,,,0,1.25,0.0153767417452875,0.015366632,0.015386852
Lung_and_bronchus,Male,tde,,,0,1.3,0.0151850307936457,0.015174891,0.01519517
Lung_and_bronchus,Male,tde,,,0,1.35,0.0149912228362181,0.014980967,0.015001479
Lung_and_bronchus,Male,tde,,,0,1.4,0.0147960765829123,0.014785629,0.014806524
Lung_and_bronchus,Male,tde,,,0,1.45,0.0146002429565294,0.014589536,0.01461095
Lung_and_bronchus,Male,tde,,,0,1.5,0.0144043307246723,0.014393308,0.014415354
Lung_and_bronchus,Male,tde,,,0,1.55,0.0142088779288398,0.014197492,0.014220264
Lung_and_bronchus,Male,tde,,,0,1.6,0.0140143242341852,0.014002537,0.014026111
Lung_and_bronchus,Male,tde,,,0,1.65,0.013821028471075,0.013808811,0.013833245
Lung_and_bronchus,Male,tde,,,0,1.7,0.0136292794140677,0.013616608,0.013641951
Lung_and_bronchus,Male,tde,,,0,1.75,0.0134393109949235,0.013426169,0.013452454
Lung_and_bronchus,Male,tde,,,0,1.8,0.0132513086055447,0.013237683,0.013264935
Lung_and_bronchus,Male,tde,,,0,1.85,0.0130654183607942,0.0130513,0.013079536
Lung_and_bronchus,Male,tde,,,0,1.9,0.0128817549370489,0.012867141,0.012896369
Lung_and_bronchus,Male,tde,,,0,1.95,0.0127004039146727,0.01268529,0.012715518
Lung_and_bronchus,Male,tde,,,0,2.0,0.0125214298088738,0.012505816,0.012537043
Lung_and_bronchus,Male,tde,,,0,2.05,0.0123427564711762,0.012326648,0.012358864
Lung_and_bronchus,Male,tde,,,0,2.0999999,0.0121665387981352,0.01214994,0.012183137
Lung_and_bronchus,Male,tde,,,0,2.1500001,0.0119927926381953,0.011975707,0.012009878
Lung_and_bronchus,Male,tde,,,0,2.2,0.0118215252807856,0.011803959,0.011839092
Lung_and_bronchus,Male,tde,,,0,2.25,0.0116527323704701,0.011634691,0.011670774
Lung_and_bronchus,Male,tde,,,0,2.3,0.0114864028208581,0.011467893,0.011504913
Lung_and_bronchus,Male,tde,,,0,2.3499999,0.011322519319572,0.011303549,0.01134149
Lung_and_bronchus,Male,tde,,,0,2.4000001,0.0111610586945838,0.011141635,0.011180483
Lung_and_bronchus,Male,tde,,,0,2.45,0.0110019959370426,0.010982126,0.011021866
Lung_and_bronchus,Male,tde,,,0,2.5,0.0108453003887999,0.010824992,0.010865608
Lung_and_bronchus,Male,tde,,,0,2.55,0.0106909395151686,0.010670202,0.010711677
Lung_and_bronchus,Male,tde,,,0,2.5999999,0.0105388787052857,0.010517719,0.010560038
Lung_and_bronchus,Male,tde,,,0,2.6500001,0.0103890810496639,0.010367509,0.010410653
Lung_and_bronchus,Male,tde,,,0,2.7,0.0102415105970991,0.010219533,0.010263489
Lung_and_bronchus,Male,tde,,,0,2.75,0.0100961284153399,0.010073754,0.010118503
Lung_and_bronchus,Male,tde,,,0,2.8,0.0099528957501669,0.009930132,0.0099756597
Lung_and_bronchus,Male,tde,,,0,2.8499999,0.0098117735504678,0.0097886287,0.0098349182
Lung_and_bronchus,Male,tde,,,0,2.9000001,0.0096727220151045,0.0096492041,0.0096962396
Lung_and_bronchus,Male,tde,,,0,2.95,0.0095357034064196,0.009511821,0.0095595857
Lung_and_bronchus,Male,tde,,,0,3.0,0.0094006782146314,0.0093764383,0.0094249183
Lung_and_bronchus,Male,tde,,,0,3.05,0.0092654380733326,0.0092408536,0.0092900228
Lung_and_bronchus,Male,tde,,,0,3.0999999,0.0091321318930179,0.0091072097,0.0091570541
Lung_and_bronchus,Male,tde,,,0,3.1500001,0.0090007219953437,0.0089754695,0.0090259742
Lung_and_bronchus,Male,tde,,,0,3.2,0.0088711731273821,0.0088455984,0.0088967476
Lung_and_bronchus,Male,tde,,,0,3.25,0.0087434487543717,0.0087175593,0.008769339
Lung_and_bronchus,Male,tde,,,0,3.3,0.0086175136159742,0.0085913157,0.0086437119
Lung_and_bronchus,Male,tde,,,0,3.3499999,0.0084933331266505,0.0084668342,0.008519832
Lung_and_bronchus,Male,tde,,,0,3.4000001,0.0083708728191783,0.0083440794,0.0083976658
Lung_and_bronchus,Male,tde,,,0,3.45,0.0082501006887019,0.0082230195,0.0082771815
Lung_and_bronchus,Male,tde,,,0,3.5,0.0081309837001008,0.0081036221,0.0081583457
Lung_and_bronchus,Male,tde,,,0,3.55,0.0080134901375705,0.0079858536,0.0080411267
Lung_and_bronchus,Male,tde,,,0,3.5999999,0.0078975890183029,0.0078696851,0.0079254936
Lung_and_bronchus,Male,tde,,,0,3.6500001,0.0077832495491715,0.0077550835,0.0078114155
Lung_and_bronchus,Male,tde,,,0,3.7,0.0076704432954247,0.0076420214,0.0076988651
Lung_and_bronchus,Male,tde,,,0,3.75,0.0075591409025385,0.0075304694,0.0075878124
Lung_and_bronchus,Male,tde,,,0,3.8,0.0074493142752626,0.0074203988,0.0074782297
Lung_and_bronchus,Male,tde,,,0,3.8499999,0.0073409360180023,0.0073117823,0.0073700896
Lung_and_bronchus,Male,tde,,,0,3.9000001,0.0072339789161314,0.0072045932,0.0072633647
Lung_and_bronchus,Male,tde,,,0,3.95,0.0071284179561582,0.0070988052,0.0071580308
Lung_and_bronchus,Male,tde,,,0,4.0,0.0070242272519578,0.0069943927,0.0070540616
Lung_and_bronchus,Male,tde,,,0,4.0500002,0.0069192303478008,0.0068891859,0.0069492748
Lung_and_bronchus,Male,tde,,,0,4.0999999,0.0068155801637168,0.0067853304,0.00684583
Lung_and_bronchus,Male,tde,,,0,4.1500001,0.0067132514475021,0.006682802,0.0067437012
Lung_and_bronchus,Male,tde,,,0,4.1999998,0.0066122234589323,0.0065815789,0.0066428678
Lung_and_bronchus,Male,tde,,,0,4.25,0.0065124721467981,0.0064816377,0.0065433066
Lung_and_bronchus,Male,tde,,,0,4.3000002,0.0064139769094014,0.0063829576,0.0064449962
Lung_and_bronchus,Male,tde,,,0,4.3499999,0.0063167176352667,0.0062855179,0.0063479175
Lung_and_bronchus,Male,tde,,,0,4.4000001,0.0062206719596016,0.0061892965,0.0062520471
Lung_and_bronchus,Male,tde,,,0,4.4499998,0.0061258217135111,0.0060942755,0.006157368
Lung_and_bronchus,Male,tde,,,0,4.5,0.0060321455809492,0.0060004327,0.0060638585
Lung_and_bronchus,Male,tde,,,0,4.5500002,0.0059396254449881,0.0059077502,0.0059715007
Lung_and_bronchus,Male,tde,,,0,4.5999999,0.0058482436105026,0.0058162105,0.0058802767
Lung_and_bronchus,Male,tde,,,0,4.6500001,0.0057579802255979,0.0057257935,0.005790167
Lung_and_bronchus,Male,tde,,,0,4.6999998,0.005668819341982,0.0056364834,0.0057011554
Lung_and_bronchus,Male,tde,,,0,4.75,0.0055807420145501,0.0055482606,0.0056132236
Lung_and_bronchus,Male,tde,,,0,4.8000002,0.0054937322670928,0.0054611093,0.0055263555
Lung_and_bronchus,Male,tde,,,0,4.8499999,0.005407774483093,0.0053750137,0.005440535
Lung_and_bronchus,Male,tde,,,0,4.9000001,0.0053228509801386,0.0052899565,0.0053557456
Lung_and_bronchus,Male,tde,,,0,4.9499998,0.0052389477118365,0.0052059232,0.0052719722
Lung_and_bronchus,Male,tde,,,0,5.0,0.0051560477765421,0.0051228967,0.0051891985
Lung_and_bronchus,Male,tde,,,1,0.0,0.0,0.0,0.0
Lung_and_bronchus,Male,tde,,,1,0.050000001,0.0038961333075992,0.0038867493,0.0039055173
Lung_and_bronchus,Male,tde,,,1,0.1,0.0084402734970035,0.008424758,0.0084557887
Lung_and_bronchus,Male,tde,,,1,0.15000001,0.0119599429649902,0.011940379,0.011979507
Lung_and_bronchus,Male,tde,,,1,0.2,0.0145691453945075,0.014547072,0.014591218
Lung_and_bronchus,Male,tde,,,1,0.25,0.0164753043615806,0.016451819,0.016498789
Lung_and_bronchus,Male,tde,,,1,0.30000001,0.0178509947431965,0.017826868,0.01787512
Lung_and_bronchus,Male,tde,,,1,0.34999999,0.0188263553503967,0.018802132,0.01885058
Lung_and_bronchus,Male,tde,,,1,0.40000001,0.0194982888480859,0.019474348,0.019522229
Lung_and_bronchus,Male,tde,,,1,0.44999999,0.0199431261287965,0.019919733,0.01996652
Lung_and_bronchus,Male,tde,,,1,0.5,0.0202176808187603,0.020195017,0.020240346
Lung_and_bronchus,Male,tde,,,1,0.55000001,0.0203624154673474,0.020340607,0.020384226
Lung_and_bronchus,Male,tde,,,1,0.60000002,0.0204067343572888,0.020385865,0.020427603
Lung_and_bronchus,Male,tde,,,1,0.64999998,0.0203724270215757,0.020352555,0.020392299
Lung_and_bronchus,Male,tde,,,1,0.69999999,0.0202759318012355,0.020257089,0.020294774
Lung_and_bronchus,Male,tde,,,1,0.75,0.0201298544778498,0.020112053,0.020147657
Lung_and_bronchus,Male,tde,,,1,0.80000001,0.019943965674833,0.019927202,0.019960729
Lung_and_bronchus,Male,tde,,,1,0.85000002,0.0197254987592772,0.019709751,0.019741246
Lung_and_bronchus,Male,tde,,,1,0.89999998,0.0194801441679723,0.019465378,0.019494912
Lung_and_bronchus,Male,tde,,,1,0.94999999,0.0192127823733234,0.019198941,0.019226624
Lung_and_bronchus,Male,tde,,,1,1.0,0.0189276038956895,0.018914619,0.018940588
Lung_and_bronchus,Male,tde,,,1,1.05,0.0186266585986273,0.018614447,0.01863887
Lung_and_bronchus,Male,tde,,,1,1.1,0.0183146182607797,0.01830308,0.018326158
Lung_and_bronchus,Male,tde,,,1,1.15,0.0179941148511959,0.017983135,0.018005095
Lung_and_bronchus,Male,tde,,,1,1.2,0.0176673905812721,0.017656842,0.017677939
Lung_and_bronchus,Male,tde,,,1,1.25,0.0173363569907832,0.017326107,0.017346608
Lung_and_bronchus,Male,tde,,,1,1.3,0.0170026353971303,0.016992547,0.017012723
Lung_and_bronchus,Male,tde,,,1,1.35,0.0166675988608905,0.016657541,0.016677657
Lung_and_bronchus,Male,tde,,,1,1.4,0.0163324088892176,0.016322253,0.016342564
Lung_and_bronchus,Male,tde,,,1,1.45,0.0159980443208111,0.015987683,0.016008407
Lung_and_bronchus,Male,tde,,,1,1.5,0.0156653842549637,0.015654719,0.01567605
Lung_and_bronchus,Male,tde,,,1,1.55,0.0153351836484071,0.015324136,0.015346232
Lung_and_bronchus,Male,tde,,,1,1.6,0.0150080525149871,0.014996558,0.015019547
Lung_and_bronchus,Male,tde,,,1,1.65,0.0146844824161057,0.014672492,0.014696473
Lung_and_bronchus,Male,tde,,,1,1.7,0.014364861692313,0.014352337,0.014377387
Lung_and_bronchus,Male,tde,,,1,1.75,0.0140494986421951,0.01403641,0.014062586
Lung_and_bronchus,Male,tde,,,1,1.8,0.0137386302079447,0.01372496,0.0137523
Lung_and_bronchus,Male,tde,,,1,1.85,0.0134324359341433,0.013418172,0.013446701
Lung_and_bronchus,Male,tde,,,1,1.9,0.0131310497580154,0.013116183,0.013145917
Lung_and_bronchus,Male,tde,,,1,1.95,0.0128345629552573,0.01281909,0.012850036
Lung_and_bronchus,Male,tde,,,1,2.0,0.0125430365814881,0.012526958,0.012559115
Lung_and_bronchus,Male,tde,,,1,2.05,0.0122554805503517,0.012238801,0.01227216
Lung_and_bronchus,Male,tde,,,1,2.0999999,0.011972979160243,0.011955704,0.011990255
Lung_and_bronchus,Male,tde,,,1,2.1500001,0.0116955201893685,0.011677654,0.011713386
Lung_and_bronchus,Male,tde,,,1,2.2,0.0114230798107825,0.011404633,0.011441528
Lung_and_bronchus,Male,tde,,,1,2.25,0.0111556174342537,0.011136596,0.011174639
Lung_and_bronchus,Male,tde,,,1,2.3,0.0108930833620943,0.010873497,0.010912669
Lung_and_bronchus,Male,tde,,,1,2.3499999,0.0106354194252193,0.010615279,0.01065556
Lung_and_bronchus,Male,tde,,,1,2.4000001,0.0103825594502787,0.010361874,0.010403244
Lung_and_bronchus,Male,tde,,,1,2.45,0.010134435460638,0.010113217,0.010155655
Lung_and_bronchus,Male,tde,,,1,2.5,0.0098909716240828,0.009869229,0.0099127144
Lung_and_bronchus,Male,tde,,,1,2.55,0.0096520900944908,0.0096298344,0.0096743451
Lung_and_bronchus,Male,tde,,,1,2.5999999,0.0094177106342416,0.009394953,0.0094404686
Lung_and_bronchus,Male,tde,,,1,2.6500001,0.0091877502349567,0.009164501,0.0092110001
Lung_and_bronchus,Male,tde,,,1,2.7,0.008962128076864,0.0089383973,0.0089858593
Lung_and_bronchus,Male,tde,,,1,2.75,0.0087407594491095,0.0087165572,0.0087649617
Lung_and_bronchus,Male,tde,,,1,2.8,0.008523560574302,0.0084988978,0.0085482234
Lung_and_bronchus,Male,tde,,,1,2.8499999,0.0083104478503351,0.0082853343,0.0083355615
Lung_and_bronchus,Male,tde,,,1,2.9000001,0.0081013371528253,0.008075783,0.0081268912
Lung_and_bronchus,Male,tde,,,1,2.95,0.0078961480445933,0.0078701628,0.0079221334
Lung_and_bronchus,Male,tde,,,1,3.0,0.007694797991198,0.0076683913,0.0077212043
Lung_and_bronchus,Male,tde,,,1,3.05,0.007496571279874,0.0074697561,0.0075233863
Lung_and_bronchus,Male,tde,,,1,3.0999999,0.0073020619636239,0.0072748475,0.0073292768
Lung_and_bronchus,Male,tde,,,1,3.1500001,0.0071111900903743,0.007083585,0.0071387952
Lung_and_bronchus,Male,tde,,,1,3.2,0.0069238798420148,0.0068958933,0.0069518662
Lung_and_bronchus,Male,tde,,,1,3.25,0.0067400541361529,0.0067116949,0.0067684134
Lung_and_bronchus,Male,tde,,,1,3.3,0.0065596383294875,0.0065309149,0.0065883617
Lung_and_bronchus,Male,tde,,,1,3.3499999,0.0063825593312055,0.0063534798,0.0064116386
Lung_and_bronchus,Male,tde,,,1,3.4000001,0.0062087448023801,0.0061793178,0.0062381718
Lung_and_bronchus,Male,tde,,,1,3.45,0.0060381264663122,0.0060083596,0.0060678935
Lung_and_bronchus,Male,tde,,,1,3.5,0.0058706351386359,0.0058405362,0.0059007341
Lung_and_bronchus,Male,tde,,,1,3.55,0.0057062040532625,0.0056757806,0.0057366276
Lung_and_bronchus,Male,tde,,,1,3.5999999,0.0055447680155812,0.0055140276,0.0055755083
Lung_and_bronchus,Male,tde,,,1,3.6500001,0.0053862626384669,0.0053552124,0.005417313
Lung_and_bronchus,Male,tde,,,1,3.7,0.0052306273324521,0.0051992745,0.0052619805
Lung_and_bronchus,Male,tde,,,1,3.75,0.0050778007490199,0.005046152,0.0051094494
Lung_and_bronchus,Male,tde,,,1,3.8,0.0049277237925406,0.0048957858,0.0049596615
Lung_and_bronchus,Male,tde,,,1,3.8499999,0.004780338830493,0.0047481186,0.0048125591
Lung_and_bronchus,Male,tde,,,1,3.9000001,0.0046355889807602,0.004603093,0.0046680849
Lung_and_bronchus,Male,tde,,,1,3.95,0.0044934208299522,0.0044606552,0.0045261867
Lung_and_bronchus,Male,tde,,,1,4.0,0.0043537802616082,0.0043207509,0.0043868092
Lung_and_bronchus,Male,tde,,,1,4.0500002,0.0042162730011561,0.0041829906,0.0042495555
Lung_and_bronchus,Male,tde,,,1,4.0999999,0.0040812193438376,0.0040476895,0.0041147489
Lung_and_bronchus,Male,tde,,,1,4.1500001,0.0039485664775303,0.0039147954,0.0039823377
Lung_and_bronchus,Male,tde,,,1,4.1999998,0.0038182679632891,0.0037842609,0.003852275
Lung_and_bronchus,Male,tde,,,1,4.25,0.0036902735798575,0.0036560365,0.0037245108
Lung_and_bronchus,Male,tde,,,1,4.3000002,0.0035645380458746,0.0035300762,0.0035989999
Lung_and_bronchus,Male,tde,,,1,4.3499999,0.0034410171628982,0.0034063358,0.0034756984
Lung_and_bronchus,Male,tde,,,1,4.4000001,0.0033196643466817,0.0032847689,0.0033545599
Lung_and_bronchus,Male,tde,,,1,4.4499998,0.0032004387903356,0.0031653342,0.0032355434
Lung_and_bronchus,Male,tde,,,1,4.5,0.0030832961733269,0.0030479876,0.0031186049
Lung_and_bronchus,Male,tde,,,1,4.5500002,0.0029681966415042,0.0029326887,0.0030037046
Lung_and_bronchus,Male,tde,,,1,4.5999999,0.0028551012789243,0.0028193989,0.0028908036
Lung_and_bronchus,Male,tde,,,1,4.6500001,0.0027439689311107,0.0027080767,0.002779861
Lung_and_bronchus,Male,tde,,,1,4.6999998,0.002634763680258,0.0025986864,0.0026708411
Lung_and_bronchus,Male,tde,,,1,4.75,0.0025274463374934,0.0024911885,0.0025637043
Lung_and_bronchus,Male,tde,,,1,4.8000002,0.0024219817525651,0.0023855476,0.0024584159
Lung_and_bronchus,Male,tde,,,1,4.8499999,0.0023183355839726,0.0022817294,0.0023549418
Lung_and_bronchus,Male,tde,,,1,4.9000001,0.0022164713878947,0.0021796974,0.0022532453
Lung_and_bronchus,Male,tde,,,1,4.9499998,0.0021163574704098,0.0020794198,0.0021532951
Lung_and_bronchus,Male,tde,,,1,5.0,0.0020179590905702,0.0019808619,0.0020550562
Lung_and_bronchus,Male,tde,,,2,0.0,0.0,0.0,0.0
Lung_and_bronchus,Male,tde,,,2,0.050000001,0.0056433623204733,0.0056310478,0.0056556766
Lung_and_bronchus,Male,tde,,,2,0.1,0.0067499603195523,0.0067338008,0.00676612
Lung_and_bronchus,Male,tde,,,2,0.15000001,0.0067794623287334,0.0067615155,0.0067974092
Lung_and_bronchus,Male,tde,,,2,0.2,0.0065160485307636,0.0064972527,0.0065348442
Lung_and_bronchus,Male,tde,,,2,0.25,0.0062068939849667,0.0061877896,0.0062259985
Lung_and_bronchus,Male,tde,,,2,0.30000001,0.0059368389390141,0.0059177568,0.005955921
Lung_and_bronchus,Male,tde,,,2,0.34999999,0.0057326445450797,0.0057137846,0.0057515046
Lung_and_bronchus,Male,tde,,,2,0.40000001,0.0055989619648938,0.005580435,0.0056174891
Lung_and_bronchus,Male,tde,,,2,0.44999999,0.00553340690433,0.0055152569,0.0055515571
Lung_and_bronchus,Male,tde,,,2,0.5,0.0055302417003146,0.0055124648,0.0055480185
Lung_and_bronchus,Male,tde,,,2,0.55000001,0.0055822045715072,0.0055647655,0.0055996436
Lung_and_bronchus,Male,tde,,,2,0.60000002,0.0056820187291828,0.0056648613,0.0056991763
Lung_and_bronchus,Male,tde,,,2,0.64999998,0.0058229698060351,0.0058060223,0.0058399173
Lung_and_bronchus,Male,tde,,,2,0.69999999,0.0059990815751454,0.0059822644,0.0060158987
Lung_and_bronchus,Male,tde,,,2,0.75,0.0062051212454745,0.0061883489,0.0062218937
Lung_and_bronchus,Male,tde,,,2,0.80000001,0.0064364352885807,0.0064196209,0.0064532496
Lung_and_bronchus,Male,tde,,,2,0.85000002,0.0066876335044427,0.006670692,0.0067045754
Lung_and_bronchus,Male,tde,,,2,0.89999998,0.0069533569544726,0.0069362069,0.0069705066
Lung_and_bronchus,Male,tde,,,2,0.94999999,0.0072292894737128,0.0072118565,0.0072467225
Lung_and_bronchus,Male,tde,,,2,1.0,0.0075119588440481,0.0074941744,0.007529743
Lung_and_bronchus,Male,tde,,,2,1.05,0.0077954705308395,0.0077772802,0.0078136604
Lung_and_bronchus,Male,tde,,,2,1.1,0.008080386393965,0.0080617368,0.0080990363
Lung_and_bronchus,Male,tde,,,2,1.15,0.0083648944019847,0.0083457381,0.0083840508
Lung_and_bronchus,Male,tde,,,2,1.2,0.0086475426704983,0.0086278394,0.0086672464
Lung_and_bronchus,Male,tde,,,2,1.25,0.0089271682809583,0.0089068841,0.0089474525
Lung_and_bronchus,Male,tde,,,2,1.3,0.0092028491147564,0.0091819558,0.0092237424
Lung_and_bronchus,Male,tde,,,2,1.35,0.00947385898134,0.0094523346,0.0094953831
Lung_and_bronchus,Male,tde,,,2,1.4,0.0097396308862819,0.0097174561,0.0097618056
Lung_and_bronchus,Male,tde,,,2,1.45,0.0099997365008889,0.0099768983,0.010022575
Lung_and_bronchus,Male,tde,,,2,1.5,0.0102538948649997,0.010230382,0.010277408
Lung_and_bronchus,Male,tde,,,2,1.55,0.0105019300989839,0.010477735,0.010526125
Lung_and_bronchus,Male,tde,,,2,1.6,0.0107437212087469,0.010718837,0.010768604
Lung_and_bronchus,Male,tde,,,2,1.65,0.0109791901743278,0.010953615,0.011004766
Lung_and_bronchus,Male,tde,,,2,1.7,0.0112082980742322,0.01118203,0.011234567
Lung_and_bronchus,Male,tde,,,2,1.75,0.0114310340807946,0.011404073,0.011457996
Lung_and_bronchus,Male,tde,,,2,1.8,0.0116474139212909,0.011619761,0.011675067
Lung_and_bronchus,Male,tde,,,2,1.85,0.0118574736851969,0.011829131,0.011885816
Lung_and_bronchus,Male,tde,,,2,1.9,0.0120612646567266,0.012032237,0.012090293
Lung_and_bronchus,Male,tde,,,2,1.95,0.0122588536715095,0.012229146,0.012288562
Lung_and_bronchus,Male,tde,,,2,2.0,0.0124503166311097,0.012419933,0.0124807
Lung_and_bronchus,Male,tde,,,2,2.05,0.0126300028907565,0.012598963,0.012661042
Lung_and_bronchus,Male,tde,,,2,2.0999999,0.0128035909476243,0.012771904,0.012835278
Lung_and_bronchus,Male,tde,,,2,2.1500001,0.0129711890361799,0.012938862,0.013003516
Lung_and_bronchus,Male,tde,,,2,2.2,0.0131329068574607,0.013099949,0.013165865
Lung_and_bronchus,Male,tde,,,2,2.25,0.0132888593136099,0.013255279,0.01332244
Lung_and_bronchus,Male,tde,,,2,2.3,0.0134391623974683,0.013404969,0.013473355
Lung_and_bronchus,Male,tde,,,2,2.3499999,0.0135839332660831,0.013549137,0.013618729
Lung_and_bronchus,Male,tde,,,2,2.4000001,0.0137232902753047,0.013687901,0.013758679
Lung_and_bronchus,Male,tde,,,2,2.45,0.0138573498337744,0.013821378,0.013893322
Lung_and_bronchus,Male,tde,,,2,2.5,0.0139862299622523,0.013949686,0.014022774
Lung_and_bronchus,Male,tde,,,2,2.55,0.0141100472570779,0.014072942,0.014147153
Lung_and_bronchus,Male,tde,,,2,2.5999999,0.0142289172762146,0.014191261,0.014266575
Lung_and_bronchus,Male,tde,,,2,2.6500001,0.0143429548329102,0.014304757,0.014381153
Lung_and_bronchus,Male,tde,,,2,2.7,0.0144522716494039,0.014413545,0.014490998
Lung_and_bronchus,Male,tde,,,2,2.75,0.0145569794620276,0.014517734,0.014596225
Lung_and_bronchus,Male,tde,,,2,2.8,0.0146571876988445,0.014617435,0.014696941
Lung_and_bronchus,Male,tde,,,2,2.8499999,0.0147530039369674,0.014712755,0.014793254
Lung_and_bronchus,Male,tde,,,2,2.9000001,0.0148445342539106,0.0148038,0.014885269
Lung_and_bronchus,Male,tde,,,2,2.95,0.0149318814465937,0.014890673,0.014973091
Lung_and_bronchus,Male,tde,,,2,3.0,0.0150151476099226,0.014973475,0.015056821
Lung_and_bronchus,Male,tde,,,2,3.05,0.0150872116889676,0.015045106,0.015129318
Lung_and_bronchus,Male,tde,,,2,3.0999999,0.0151553400108447,0.015112813,0.015197868
Lung_and_bronchus,Male,tde,,,2,3.1500001,0.0152196340304003,0.015176696,0.015262572
Lung_and_bronchus,Male,tde,,,2,3.2,0.015280192004654,0.015236855,0.015323529
Lung_and_bronchus,Male,tde,,,2,3.25,0.0153371108510226,0.015293385,0.015380837
Lung_and_bronchus,Male,tde,,,2,3.3,0.015390484928139,0.015346382,0.015434588
Lung_and_bronchus,Male,tde,,,2,3.3499999,0.0154404063807482,0.015395937,0.015484876
Lung_and_bronchus,Male,tde,,,2,3.4000001,0.015486965386675,0.015442139,0.015531791
Lung_and_bronchus,Male,tde,,,2,3.45,0.0155302493205816,0.015485078,0.015575421
Lung_and_bronchus,Male,tde,,,2,3.5,0.0155703441233618,0.015524838,0.015615851
Lung_and_bronchus,Male,tde,,,2,3.55,0.0156073334382767,0.015561502,0.015653165
Lung_and_bronchus,Male,tde,,,2,3.5999999,0.0156412988819359,0.015595154,0.015687443
Lung_and_bronchus,Male,tde,,,2,3.6500001,0.0156723202272864,0.015625872,0.015718769
Lung_and_bronchus,Male,tde,,,2,3.7,0.0157004748686151,0.015653731,0.015747219
Lung_and_bronchus,Male,tde,,,2,3.75,0.0157258387514625,0.01567881,0.015772866
Lung_and_bronchus,Male,tde,,,2,3.8,0.0157484858104157,0.015701182,0.015795788
Lung_and_bronchus,Male,tde,,,2,3.8499999,0.0157684881670057,0.015720921,0.015816055
Lung_and_bronchus,Male,tde,,,2,3.9000001,0.0157859162495806,0.015738092,0.015833739
Lung_and_bronchus,Male,tde,,,2,3.95,0.015800838515667,0.015752768,0.015848909
Lung_and_bronchus,Male,tde,,,2,4.0,0.0158133219920836,0.015765015,0.01586163
Lung_and_bronchus,Male,tde,,,2,4.0500002,0.0158153246286567,0.015766812,0.015863836
Lung_and_bronchus,Male,tde,,,2,4.0999999,0.0158150309621993,0.015766324,0.015863737
Lung_and_bronchus,Male,tde,,,2,4.1500001,0.015812506446945,0.015763614,0.015861398
Lung_and_bronchus,Male,tde,,,2,4.1999998,0.015807814923449,0.015758745,0.015856884
Lung_and_bronchus,Male,tde,,,2,4.25,0.0158010184725363,0.015751781,0.015850255
Lung_and_bronchus,Male,tde,,,2,4.3000002,0.0157921777193176,0.015742781,0.015841575
Lung_and_bronchus,Male,tde,,,2,4.3499999,0.0157813518284224,0.015731802,0.015830901
Lung_and_bronchus,Male,tde,,,2,4.4000001,0.0157685981472109,0.015718905,0.01581829
Lung_and_bronchus,Male,tde,,,2,4.4499998,0.0157539730139689,0.015704146,0.015803801
Lung_and_bronchus,Male,tde,,,2,4.5,0.0157375308260482,0.015687576,0.015787486
Lung_and_bronchus,Male,tde,,,2,4.5500002,0.015719325009045,0.015669249,0.015769402
Lung_and_bronchus,Male,tde,,,2,4.5999999,0.015699407710742,0.01564922,0.015749596
Lung_and_bronchus,Male,tde,,,2,4.6500001,0.015677829191253,0.015627535,0.015728122
Lung_and_bronchus,Male,tde,,,2,4.6999998,0.0156546392268462,0.015604248,0.01570503
Lung_and_bronchus,Male,tde,,,2,4.75,0.01562988549961,0.015579403,0.015680367
Lung_and_bronchus,Male,tde,,,2,4.8000002,0.0156036151398029,0.01555305,0.01565418
Lung_and_bronchus,Male,tde,,,2,4.8499999,0.0155758741594124,0.015525232,0.015626516
Lung_and_bronchus,Male,tde,,,2,4.9000001,0.015546706624415,0.015495994,0.015597419
Lung_and_bronchus,Male,tde,,,2,4.9499998,0.0155161565707549,0.015465381,0.015566932
Lung_and_bronchus,Male,tde,,,2,5.0,0.0154842658103005,0.015433433,0.015535099
Lung_and_bronchus,Male,tie,,,0,0.0,0.0,0.0,0.0
Lung_and_bronchus,Male,tie,,,0,0.050000001,0.0024647486625174,0.0022040445,0.0027254529
Lung_and_bronchus,Male,tie,,,0,0.1,0.0047704244501896,0.0042741182,0.0052667307
Lung_and_bronchus,Male,tie,,,0,0.15000001,0.006649907014625,0.0059650051,0.0073348088
Lung_and_bronchus,Male,tie,,,0,0.2,0.0081803246471852,0.0073440019,0.009016647
Lung_and_bronchus,Male,tie,,,0,0.25,0.0094364634527896,0.0084773703,0.010395557
Lung_and_bronchus,Male,tie,,,0,0.30000001,0.0104762698869145,0.0094166901,0.01153585
Lung_and_bronchus,Male,tie,,,0,0.34999999,0.0113434900830225,0.010201003,0.012485976
Lung_and_bronchus,Male,tie,,,0,0.40000001,0.0120717484113966,0.010860377,0.01328312
Lung_and_bronchus,Male,tie,,,0,0.44999999,0.0126902102087098,0.01142095,0.01395947
Lung_and_bronchus,Male,tie,,,0,0.5,0.0132219233275597,0.011903412,0.014540436
Lung_and_bronchus,Male,tie,,,0,0.55000001,0.0136836570172473,0.012322824,0.01504449
Lung_and_bronchus,Male,tie,,,0,0.60000002,0.0140878723754276,0.01269039,0.015485355
Lung_and_bronchus,Male,tie,,,0,0.64999998,0.0144440174982595,0.013014604,0.01587343
Lung_and_bronchus,Male,tie,,,0,0.69999999,0.0147593886806705,0.013302032,0.016216746
Lung_and_bronchus,Male,tie,,,0,0.75,0.0150397111679648,0.013557827,0.016521595
Lung_and_bronchus,Male,tie,,,0,0.80000001,0.0152894876873744,0.013786041,0.016792934
Lung_and_bronchus,Male,tie,,,0,0.85000002,0.0155116323043447,0.013989296,0.017033968
Lung_and_bronchus,Male,tie,,,0,0.89999998,0.0157082148597146,0.014169446,0.017246984
Lung_and_bronchus,Male,tie,,,0,0.94999999,0.0158811953108934,0.014328252,0.017434139
Lung_and_bronchus,Male,tie,,,0,1.0,0.0160324246643204,0.014467375,0.017597474
Lung_and_bronchus,Male,tie,,,0,1.05,0.0161613466070814,0.014586356,0.017736336
Lung_and_bronchus,Male,tie,,,0,1.1,0.0162718530968805,0.014688653,0.017855054
Lung_and_bronchus,Male,tie,,,0,1.15,0.0163654583460462,0.014775627,0.01795529
Lung_and_bronchus,Male,tie,,,0,1.2,0.0164435670627153,0.014848543,0.018038591
Lung_and_bronchus,Male,tie,,,0,1.25,0.0165074778857981,0.014908572,0.018106384
Lung_and_bronchus,Male,tie,,,0,1.3,0.0165583906670219,0.014956794,0.018159987
Lung_and_bronchus,Male,tie,,,0,1.35,0.0165974119457899,0.014994207,0.018200617
Lung_and_bronchus,Male,tie,,,0,1.4,0.0166255610312985,0.015021732,0.01822939
Lung_and_bronchus,Male,tie,,,0,1.45,0.0166437832961078,0.015040222,0.018247345
Lung_and_bronchus,Male,tie,,,0,1.5,0.0166530260984917,0.015050531,0.018255521
Lung_and_bronchus,Male,tie,,,0,1.55,0.0166541920097809,0.01505348,0.018254904
Lung_and_bronchus,Male,tie,,,0,1.6,0.0166480833758372,0.015049793,0.018246373
Lung_and_bronchus,Male,tie,,,0,1.65,0.0166354142767017,0.015040117,0.01823071
Lung_and_bronchus,Male,tie,,,0,1.7,0.0166168216298769,0.015025031,0.018208612
Lung_and_bronchus,Male,tie,,,0,1.75,0.0165928750423719,0.015005049,0.018180702
Lung_and_bronchus,Male,tie,,,0,1.8,0.0165640847893497,0.014980636,0.018147534
Lung_and_bronchus,Male,tie,,,0,1.85,0.0165309089990963,0.014952205,0.018109614
Lung_and_bronchus,Male,tie,,,0,1.9,0.0164937600762395,0.014920132,0.018067388
Lung_and_bronchus,Male,tie,,,0,1.95,0.0164530094360404,0.014884755,0.018021263
Lung_and_bronchus,Male,tie,,,0,2.0,0.0164089928213138,0.014846378,0.017971609
Lung_and_bronchus,Male,tie,,,0,2.05,0.0163595680784368,0.014803101,0.017916035
Lung_and_bronchus,Male,tie,,,0,2.0999999,0.0163074795565489,0.014757372,0.017857587
Lung_and_bronchus,Male,tie,,,0,2.1500001,0.016252977467441,0.014709415,0.017796541
Lung_and_bronchus,Male,tie,,,0,2.2,0.0161962899129454,0.014659439,0.017733142
Lung_and_bronchus,Male,tie,,,0,2.25,0.0161376237082641,0.014607633,0.017667616
Lung_and_bronchus,Male,tie,,,0,2.3,0.0160771675129157,0.014554167,0.017600168
Lung_and_bronchus,Male,tie,,,0,2.3499999,0.0160150934328942,0.014499201,0.017530987
Lung_and_bronchus,Male,tie,,,0,2.4000001,0.0159515583579142,0.014442874,0.017460242
Lung_and_bronchus,Male,tie,,,0,2.45,0.0158867066381275,0.014385321,0.017388092
Lung_and_bronchus,Male,tie,,,0,2.5,0.0158206695611189,0.014326662,0.017314678
Lung_and_bronchus,Male,tie,,,0,2.55,0.0157535677115199,0.014267004,0.017240131
Lung_and_bronchus,Male,tie,,,0,2.5999999,0.0156855117008962,0.014206451,0.017164571
Lung_and_bronchus,Male,tie,,,0,2.6500001,0.0156166027573977,0.014145095,0.01708811
Lung_and_bronchus,Male,tie,,,0,2.7,0.0155469348679943,0.014083021,0.017010849
Lung_and_bronchus,Male,tie,,,0,2.75,0.0154765935451019,0.014020308,0.016932879
Lung_and_bronchus,Male,tie,,,0,2.8,0.0154056578010168,0.013957028,0.016854288
Lung_and_bronchus,Male,tie,,,0,2.8499999,0.0153342004183363,0.013893249,0.016775152
Lung_and_bronchus,Male,tie,,,0,2.9000001,0.0152622881440394,0.01382903,0.016695546
Lung_and_bronchus,Male,tie,,,0,2.95,0.0151899835487469,0.01376443,0.016615538
Lung_and_bronchus,Male,tie,,,0,3.0,0.0151173434075418,0.013699501,0.016535187
Lung_and_bronchus,Male,tie,,,0,3.05,0.0150420596405899,0.013632178,0.016451942
Lung_and_bronchus,Male,tie,,,0,3.0999999,0.0149665733765897,0.013564647,0.016368499
Lung_and_bronchus,Male,tie,,,0,3.1500001,0.0148909292124988,0.013496948,0.016284909
Lung_and_bronchus,Male,tie,,,0,3.2,0.0148151694152523,0.013429121,0.016201219
Lung_and_bronchus,Male,tie,,,0,3.25,0.0147393320295398,0.0133612,0.016117465
Lung_and_bronchus,Male,tie,,,0,3.3,0.0146634525680026,0.013293218,0.016033687
Lung_and_bronchus,Male,tie,,,0,3.3499999,0.014587563876884,0.013225205,0.015949924
Lung_and_bronchus,Male,tie,,,0,3.4000001,0.0145116959806277,0.01315719,0.015866201
Lung_and_bronchus,Male,tie,,,0,3.45,0.0144358777173072,0.013089199,0.015782557
Lung_and_bronchus,Male,tie,,,0,3.5,0.0143601347402003,0.013021255,0.015699014
Lung_and_bronchus,Male,tie,,,0,3.55,0.0142844911229225,0.012953382,0.0156156
Lung_and_bronchus,Male,tie,,,0,3.5999999,0.0142089691422183,0.012885599,0.015532339
Lung_and_bronchus,Male,tie,,,0,3.6500001,0.0141335890515698,0.012817927,0.015449251
Lung_and_bronchus,Male,tie,,,0,3.7,0.0140583706401132,0.012750382,0.01536636
Lung_and_bronchus,Male,tie,,,0,3.75,0.0139833311878417,0.012682982,0.015283681
Lung_and_bronchus,Male,tie,,,0,3.8,0.0139084870071526,0.01261574,0.015201233
Lung_and_bronchus,Male,tie,,,0,3.8499999,0.0138338531778893,0.012548674,0.015119033
Lung_and_bronchus,Male,tie,,,0,3.9000001,0.0137594432804726,0.012481793,0.015037094
Lung_and_bronchus,Male,tie,,,0,3.95,0.0136852708946847,0.01241511,0.014955431
Lung_and_bronchus,Male,tie,,,0,4.0,0.0136113475450896,0.012348639,0.014874057
Lung_and_bronchus,Male,tie,,,0,4.0500002,0.01353544547277,0.012280375,0.014790516
Lung_and_bronchus,Male,tie,,,0,4.0999999,0.0134598468993603,0.01221237,0.014707324
Lung_and_bronchus,Male,tie,,,0,4.1500001,0.0133845593604053,0.012144631,0.014624489
Lung_and_bronchus,Male,tie,,,0,4.1999998,0.0133095925215187,0.012077167,0.014542018
Lung_and_bronchus,Male,tie,,,0,4.25,0.0132349524857647,0.012009985,0.01445992
Lung_and_bronchus,Male,tie,,,0,4.3000002,0.0131606468531036,0.011943091,0.014378203
Lung_and_bronchus,Male,tie,,,0,4.3499999,0.0130866826050417,0.011876493,0.014296873
Lung_and_bronchus,Male,tie,,,0,4.4000001,0.0130130640434992,0.011810194,0.014215934
Lung_and_bronchus,Male,tie,,,0,4.4499998,0.012939797757991,0.0117442,0.014135395
Lung_and_bronchus,Male,tie,,,0,4.5,0.0128668870443245,0.011678517,0.014055258
Lung_and_bronchus,Male,tie,,,0,4.5500002,0.0127943368366714,0.011613146,0.013975527
Lung_and_bronchus,Male,tie,,,0,4.5999999,0.0127221516262829,0.011548095,0.013896208
Lung_and_bronchus,Male,tie,,,0,4.6500001,0.0126503334399685,0.011483364,0.013817303
Lung_and_bronchus,Male,tie,,,0,4.6999998,0.0125788866765551,0.011418957,0.013738816
Lung_and_bronchus,Male,tie,,,0,4.75,0.0125078126522749,0.011354878,0.013660748
Lung_and_bronchus,Male,tie,,,0,4.8000002,0.0124371144020685,0.011291126,0.013583102
Lung_and_bronchus,Male,tie,,,0,4.8499999,0.0123667946406713,0.011227707,0.013505883
Lung_and_bronchus,Male,tie,,,0,4.9000001,0.0122968537867629,0.011164621,0.013429087
Lung_and_bronchus,Male,tie,,,0,4.9499998,0.0122272946668821,0.01110187,0.013352719
Lung_and_bronchus,Male,tie,,,0,5.0,0.0121581171968071,0.011039454,0.01327678
Lung_and_bronchus,Male,tie,,,1,0.0,0.0,0.0,0.0
Lung_and_bronchus,Male,tie,,,1,0.050000001,0.0023905917573952,0.0021467363,0.0026344473
Lung_and_bronchus,Male,tie,,,1,0.1,0.0046921542645109,0.0042184577,0.0051658507
Lung_and_bronchus,Male,tie,,,1,0.15000001,0.0065905585406948,0.0059292885,0.0072518289
Lung_and_bronchus,Male,tie,,,1,0.2,0.0081486496045168,0.0073346845,0.0089626145
Lung_and_bronchus,Male,tie,,,1,0.25,0.009435569811058,0.008496372,0.010374768
Lung_and_bronchus,Male,tie,,,1,0.30000001,0.0105067635368128,0.0094639966,0.011549531
Lung_and_bronchus,Male,tie,,,1,0.34999999,0.0114048186776841,0.010275749,0.012533888
Lung_and_bronchus,Male,tie,,,1,0.40000001,0.012162839092381,0.010961352,0.013364326
Lung_and_bronchus,Male,tie,,,1,0.44999999,0.0128098574257784,0.011546908,0.014072807
Lung_and_bronchus,Male,tie,,,1,0.5,0.0133689736084562,0.012053207,0.01468474
Lung_and_bronchus,Male,tie,,,1,0.55000001,0.0138570606338503,0.012495439,0.015218683
Lung_and_bronchus,Male,tie,,,1,0.60000002,0.0142866951923302,0.012884932,0.015688458
Lung_and_bronchus,Male,tie,,,1,0.64999998,0.0146674362299918,0.013230298,0.016104575
Lung_and_bronchus,Male,tie,,,1,0.69999999,0.0150066799468099,0.013538204,0.016475156
Lung_and_bronchus,Male,tie,,,1,0.75,0.0153102386491996,0.013813889,0.016806588
Lung_and_bronchus,Male,tie,,,1,0.80000001,0.0155826877433292,0.014061478,0.017103897
Lung_and_bronchus,Male,tie,,,1,0.85000002,0.0158269761152239,0.014283628,0.017370325
Lung_and_bronchus,Male,tie,,,1,0.89999998,0.0160451831380895,0.014482209,0.017608158
Lung_and_bronchus,Male,tie,,,1,0.94999999,0.0162392759634121,0.01465899,0.017819561
Lung_and_bronchus,Male,tie,,,1,1.0,0.016411111730705,0.014815645,0.018006578
Lung_and_bronchus,Male,tie,,,1,1.05,0.0165608246798605,0.014952296,0.018169353
Lung_and_bronchus,Male,tie,,,1,1.1,0.0166916272638604,0.015071834,0.01831142
Lung_and_bronchus,Male,tie,,,1,1.15,0.0168050374296982,0.015175628,0.018434446
Lung_and_bronchus,Male,tie,,,1,1.2,0.0169024644114047,0.015264949,0.01853998
Lung_and_bronchus,Male,tie,,,1,1.25,0.016985211819316,0.015340971,0.018629452
Lung_and_bronchus,Male,tie,,,1,1.3,0.0170544852390683,0.015404782,0.018704187
Lung_and_bronchus,Male,tie,,,1,1.35,0.0171113975293935,0.015457388,0.018765407
Lung_and_bronchus,Male,tie,,,1,1.4,0.0171569747323751,0.015499714,0.018814236
Lung_and_bronchus,Male,tie,,,1,1.45,0.0171921701154364,0.01553262,0.01885172
Lung_and_bronchus,Male,tie,,,1,1.5,0.0172179455086602,0.015556978,0.018878913
Lung_and_bronchus,Male,tie,,,1,1.55,0.0172352216740844,0.015573619,0.018896824
Lung_and_bronchus,Male,tie,,,1,1.6,0.0172448178958384,0.015583284,0.018906351
Lung_and_bronchus,Male,tie,,,1,1.65,0.0172474638579396,0.015586635,0.018908292
Lung_and_bronchus,Male,tie,,,1,1.7,0.0172438111222431,0.015584261,0.018903362
Lung_and_bronchus,Male,tie,,,1,1.75,0.0172344427919262,0.01557669,0.018892195
Lung_and_bronchus,Male,tie,,,1,1.8,0.0172198818350571,0.015564396,0.018875368
Lung_and_bronchus,Male,tie,,,1,1.85,0.0172005982427775,0.015547804,0.018853392
Lung_and_bronchus,Male,tie,,,1,1.9,0.0171770154320873,0.015527299,0.018826732
Lung_and_bronchus,Male,tie,,,1,1.95,0.0171495152774554,0.015503226,0.018795805
Lung_and_bronchus,Male,tie,,,1,2.0,0.0171184432292951,0.015475898,0.018760988
Lung_and_bronchus,Male,tie,,,1,2.05,0.0170823817714272,0.01544404,0.018720724
Lung_and_bronchus,Male,tie,,,1,2.0999999,0.0170433545179011,0.015409478,0.018677231
Lung_and_bronchus,Male,tie,,,1,2.1500001,0.0170016198167214,0.015372445,0.018630795
Lung_and_bronchus,Male,tie,,,1,2.2,0.0169574133284449,0.015333155,0.018581672
Lung_and_bronchus,Male,tie,,,1,2.25,0.0169109492446902,0.015291803,0.018530095
Lung_and_bronchus,Male,tie,,,1,2.3,0.0168624232013597,0.015248566,0.018476281
Lung_and_bronchus,Male,tie,,,1,2.3499999,0.0168120139670052,0.015203606,0.018420421
Lung_and_bronchus,Male,tie,,,1,2.4000001,0.0167598848562219,0.015157073,0.018362697
Lung_and_bronchus,Male,tie,,,1,2.45,0.0167061862103985,0.015109102,0.01830327
Lung_and_bronchus,Male,tie,,,1,2.5,0.0166510552195164,0.015059819,0.018242292
Lung_and_bronchus,Male,tie,,,1,2.55,0.0165946180799018,0.015009337,0.018179899
Lung_and_bronchus,Male,tie,,,1,2.5999999,0.0165369907945319,0.014957762,0.018116219
Lung_and_bronchus,Male,tie,,,1,2.6500001,0.0164782798248689,0.014905192,0.018051367
Lung_and_bronchus,Male,tie,,,1,2.7,0.016418584052595,0.014851715,0.017985452
Lung_and_bronchus,Male,tie,,,1,2.75,0.0163579938498041,0.014797416,0.017918572
Lung_and_bronchus,Male,tie,,,1,2.8,0.01629659286872,0.014742369,0.017850816
Lung_and_bronchus,Male,tie,,,1,2.8499999,0.0162344583712827,0.014686644,0.017782273
Lung_and_bronchus,Male,tie,,,1,2.9000001,0.0161716614754076,0.014630307,0.017713016
Lung_and_bronchus,Male,tie,,,1,2.95,0.0161082688498604,0.014573419,0.017643118
Lung_and_bronchus,Male,tie,,,1,3.0,0.0160443413636749,0.014516033,0.017572649
Lung_and_bronchus,Male,tie,,,1,3.05,0.0159781563522088,0.014456597,0.017499715
Lung_and_bronchus,Male,tie,,,1,3.0999999,0.0159115626879481,0.014396779,0.017426347
Lung_and_bronchus,Male,tie,,,1,3.1500001,0.0158446088796979,0.014336623,0.017352594
Lung_and_bronchus,Male,tie,,,1,3.2,0.0157773408775677,0.014276172,0.017278509
Lung_and_bronchus,Male,tie,,,1,3.25,0.0157098004339737,0.014215465,0.017204136
Lung_and_bronchus,Male,tie,,,1,3.3,0.0156420266314659,0.014154535,0.017129518
Lung_and_bronchus,Male,tie,,,1,3.3499999,0.0155740557943567,0.014093416,0.017054696
Lung_and_bronchus,Male,tie,,,1,3.4000001,0.0155059213735713,0.01403214,0.016979702
Lung_and_bronchus,Male,tie,,,1,3.45,0.0154376554390393,0.013970735,0.016904576
Lung_and_bronchus,Male,tie,,,1,3.5,0.0153692869058726,0.013909228,0.016829345
Lung_and_bronchus,Male,tie,,,1,3.55,0.0153008429943116,0.013847644,0.016754042
Lung_and_bronchus,Male,tie,,,1,3.5999999,0.0152323490528228,0.013786006,0.016678693
Lung_and_bronchus,Male,tie,,,1,3.6500001,0.0151638283668465,0.013724334,0.016603323
Lung_and_bronchus,Male,tie,,,1,3.7,0.0150953035903602,0.01366265,0.016527956
Lung_and_bronchus,Male,tie,,,1,3.75,0.0150267948998331,0.013600973,0.016452616
Lung_and_bronchus,Male,tie,,,1,3.8,0.0149583214065462,0.013539321,0.016377322
Lung_and_bronchus,Male,tie,,,1,3.8499999,0.014889900927009,0.013477707,0.016302094
Lung_and_bronchus,Male,tie,,,1,3.9000001,0.0148215497467659,0.01341615,0.016226949
Lung_and_bronchus,Male,tie,,,1,3.95,0.0147532840063991,0.013354662,0.016151907
Lung_and_bronchus,Male,tie,,,1,4.0,0.0146851178222089,0.013293257,0.016076978
Lung_and_bronchus,Male,tie,,,1,4.0500002,0.0146153367169882,0.013230384,0.016000289
Lung_and_bronchus,Male,tie,,,1,4.0999999,0.0145457005856029,0.013167636,0.015923766
Lung_and_bronchus,Male,tie,,,1,4.1500001,0.01447621971923,0.013105021,0.015847418
Lung_and_bronchus,Male,tie,,,1,4.1999998,0.0144069062633914,0.013042551,0.015771262
Lung_and_bronchus,Male,tie,,,1,4.25,0.0143377689698547,0.012980234,0.015695304
Lung_and_bronchus,Male,tie,,,1,4.3000002,0.0142688178763493,0.012918078,0.015619557
Lung_and_bronchus,Male,tie,,,1,4.3499999,0.0142000623606096,0.012856095,0.01554403
Lung_and_bronchus,Male,tie,,,1,4.4000001,0.0141315092231459,0.012794288,0.015468731
Lung_and_bronchus,Male,tie,,,1,4.4499998,0.0140631673113064,0.012732666,0.015393669
Lung_and_bronchus,Male,tie,,,1,4.5,0.0139950423256904,0.012671234,0.01531885
Lung_and_bronchus,Male,tie,,,1,4.5500002,0.0139271414212173,0.01261,0.015244283
Lung_and_bronchus,Male,tie,,,1,4.5999999,0.0138594712736551,0.012548969,0.015169973
Lung_and_bronchus,Male,tie,,,1,4.6500001,0.0137920361824518,0.012488145,0.015095927
Lung_and_bronchus,Male,tie,,,1,4.6999998,0.0137248426099152,0.012427535,0.01502215
Lung_and_bronchus,Male,tie,,,1,4.75,0.0136578940620609,0.012367141,0.014948647
Lung_and_bronchus,Male,tie,,,1,4.8000002,0.0135911956038037,0.012306968,0.014875423
Lung_and_bronchus,Male,tie,,,1,4.8499999,0.0135247519480212,0.01224702,0.014802483
Lung_and_bronchus,Male,tie,,,1,4.9000001,0.0134585655860735,0.012187301,0.01472983
Lung_and_bronchus,Male,tie,,,1,4.9499998,0.0133926412366881,0.012127815,0.014657468
Lung_and_bronchus,Male,tie,,,1,5.0,0.0133269808146848,0.012068562,0.014585399
Lung_and_bronchus,Male,tie,,,2,0.0,0.0,0.0,0.0
Lung_and_bronchus,Male,tie,,,2,0.050000001,0.0027088171900368,0.0021445237,0.0032731108
Lung_and_bronchus,Male,tie,,,2,0.1,0.0050280307909046,0.0039831214,0.0060729403
Lung_and_bronchus,Male,tie,,,2,0.15000001,0.006845237370157,0.0054300316,0.0082604429
Lung_and_bronchus,Male,tie,,,2,0.2,0.008284574966295,0.0065816632,0.0099874865
Lung_and_bronchus,Male,tie,,,2,0.25,0.0094394046464814,0.0075103459,0.011368464
Lung_and_bronchus,Male,tie,,,2,0.30000001,0.0103759078206024,0.008267384,0.012484431
Lung_and_bronchus,Male,tie,,,2,0.34999999,0.0111416426654525,0.0088897096,0.013393575
Lung_and_bronchus,Male,tie,,,2,0.40000001,0.0117719466823198,0.0094048381,0.014139055
Lung_and_bronchus,Male,tie,,,2,0.44999999,0.0122964219290662,0.0098359752,0.014756869
Lung_and_bronchus,Male,tie,,,2,0.5,0.012737944856902,0.01020113,0.015274759
Lung_and_bronchus,Male,tie,,,2,0.55000001,0.0131129432677839,0.010513255,0.015712632
Lung_and_bronchus,Male,tie,,,2,0.60000002,0.0134334978154491,0.010781888,0.016085109
Lung_and_bronchus,Male,tie,,,2,0.64999998,0.0137086917617775,0.011014204,0.01640318
Lung_and_bronchus,Male,tie,,,2,0.69999999,0.0139454925897319,0.011215719,0.016675266
Lung_and_bronchus,Male,tie,,,2,0.75,0.0141493390051872,0.011390737,0.016907942
Lung_and_bronchus,Male,tie,,,2,0.80000001,0.0143244945312064,0.011542636,0.017106352
Lung_and_bronchus,Male,tie,,,2,0.85000002,0.0144737586301824,0.011673608,0.017273908
Lung_and_bronchus,Male,tie,,,2,0.89999998,0.0145991697696012,0.011785234,0.017413106
Lung_and_bronchus,Male,tie,,,2,0.94999999,0.0147026642294057,0.011879023,0.017526306
Lung_and_bronchus,Male,tie,,,2,1.0,0.0147860728305851,0.01195641,0.017615736
Lung_and_bronchus,Male,tie,,,2,1.05,0.0148465664819015,0.012015318,0.017677816
Lung_and_bronchus,Male,tie,,,2,1.1,0.0148902735574341,0.012060415,0.017720131
Lung_and_bronchus,Male,tie,,,2,1.15,0.0149186959778144,0.012092892,0.0177445
Lung_and_bronchus,Male,tie,,,2,1.2,0.0149332235553549,0.012113854,0.017752593
Lung_and_bronchus,Male,tie,,,2,1.25,0.0149351385667867,0.012124326,0.017745951
Lung_and_bronchus,Male,tie,,,2,1.3,0.0149256219921387,0.012125253,0.017725991
Lung_and_bronchus,Male,tie,,,2,1.35,0.014905759572357,0.012117509,0.017694009
Lung_and_bronchus,Male,tie,,,2,1.4,0.0148765484570582,0.012101897,0.0176512
Lung_and_bronchus,Male,tie,,,2,1.45,0.0148389080348746,0.012079161,0.017598655
Lung_and_bronchus,Male,tie,,,2,1.5,0.0147937380338157,0.012050033,0.017537443
Lung_and_bronchus,Male,tie,,,2,1.55,0.0147418811551406,0.012015202,0.01746856
Lung_and_bronchus,Male,tie,,,2,1.6,0.0146840839967263,0.011975282,0.017392887
Lung_and_bronchus,Male,tie,,,2,1.65,0.0146210092821091,0.011930817,0.017311202
Lung_and_bronchus,Male,tie,,,2,1.7,0.0145532457306421,0.011882292,0.0172242
Lung_and_bronchus,Male,tie,,,2,1.75,0.0144813185301399,0.01183014,0.017132496
Lung_and_bronchus,Male,tie,,,2,1.8,0.0144056961803085,0.01177475,0.017036641
Lung_and_bronchus,Male,tie,,,2,1.85,0.0143267977658733,0.01171647,0.016937125
Lung_and_bronchus,Male,tie,,,2,1.9,0.0142449994470473,0.011655612,0.016834388
Lung_and_bronchus,Male,tie,,,2,1.95,0.0141606382152792,0.011592457,0.01672882
Lung_and_bronchus,Male,tie,,,2,2.0,0.0140740178633,0.011527259,0.016620778
Lung_and_bronchus,Male,tie,,,2,2.05,0.013980611278279,0.011456513,0.016504711
Lung_and_bronchus,Male,tie,,,2,2.0999999,0.0138855349249639,0.011384207,0.016386863
Lung_and_bronchus,Male,tie,,,2,2.1500001,0.0137890122368736,0.01131053,0.016267495
Lung_and_bronchus,Male,tie,,,2,2.2,0.0136912464382283,0.011235652,0.016146841
Lung_and_bronchus,Male,tie,,,2,2.25,0.0135924200666382,0.011159731,0.016025109
Lung_and_bronchus,Male,tie,,,2,2.3,0.0134926988206334,0.011082905,0.015902493
Lung_and_bronchus,Male,tie,,,2,2.3499999,0.0133922328781016,0.011005304,0.015779162
Lung_and_bronchus,Male,tie,,,2,2.4000001,0.0132911579829001,0.010927042,0.015655274
Lung_and_bronchus,Male,tie,,,2,2.45,0.0131895987665552,0.010848228,0.01553097
Lung_and_bronchus,Male,tie,,,2,2.5,0.0130876670904193,0.010768957,0.015406377
Lung_and_bronchus,Male,tie,,,2,2.55,0.012985465069663,0.010689318,0.015281612
Lung_and_bronchus,Male,tie,,,2,2.5999999,0.0128830855713957,0.010609392,0.015156779
Lung_and_bronchus,Male,tie,,,2,2.6500001,0.0127806125996577,0.010529251,0.015031974
Lung_and_bronchus,Male,tie,,,2,2.7,0.0126781240317208,0.010448963,0.014907285
Lung_and_bronchus,Male,tie,,,2,2.75,0.0125756893856117,0.01036859,0.014782789
Lung_and_bronchus,Male,tie,,,2,2.8,0.0124733724024892,0.010288187,0.014658557
Lung_and_bronchus,Male,tie,,,2,2.8499999,0.0123712311223371,0.010207807,0.014534655
Lung_and_bronchus,Male,tie,,,2,2.9000001,0.0122693179063135,0.010127495,0.014411141
Lung_and_bronchus,Male,tie,,,2,2.95,0.0121676818370411,0.010047295,0.014288069
Lung_and_bronchus,Male,tie,,,2,3.0,0.0120663662154091,0.009967247,0.014165486
Lung_and_bronchus,Male,tie,,,2,3.05,0.0119611362168823,0.0098840203,0.014038253
Lung_and_bronchus,Male,tie,,,2,3.0999999,0.0118563822303323,0.0098010711,0.013911693
Lung_and_bronchus,Male,tie,,,2,3.1500001,0.0117521359778696,0.0097184302,0.013785842
Lung_and_bronchus,Male,tie,,,2,3.2,0.0116484276042014,0.0096361246,0.013660731
Lung_and_bronchus,Male,tie,,,2,3.25,0.0115452829509804,0.0095541785,0.013536387
Lung_and_bronchus,Male,tie,,,2,3.3,0.0114427257814041,0.0094726142,0.013412837
Lung_and_bronchus,Male,tie,,,2,3.3499999,0.0113407774945409,0.0093914531,0.013290102
Lung_and_bronchus,Male,tie,,,2,3.4000001,0.0112394568374435,0.009310713,0.013168201
Lung_and_bronchus,Male,tie,,,2,3.45,0.0111387820113564,0.0092304116,0.013047152
Lung_and_bronchus,Male,tie,,,2,3.5,0.0110387679340617,0.0091505637,0.012926972
Lung_and_bronchus,Male,tie,,,2,3.55,0.0109394283228652,0.0090711834,0.012807673
Lung_and_bronchus,Male,tie,,,2,3.5999999,0.0108407753447201,0.0089922827,0.012689268
Lung_and_bronchus,Male,tie,,,2,3.6500001,0.0107428192741902,0.0089138728,0.012571765
Lung_and_bronchus,Male,tie,,,2,3.7,0.0106455704715213,0.0088359648,0.012455176
Lung_and_bronchus,Male,tie,,,2,3.75,0.0105490366836939,0.0087585673,0.012339506
Lung_and_bronchus,Male,tie,,,2,3.8,0.010453225011293,0.0086816875,0.012224763
Lung_and_bronchus,Male,tie,,,2,3.8499999,0.0103581415271234,0.008605334,0.012110949
Lung_and_bronchus,Male,tie,,,2,3.9000001,0.0102637909083838,0.0085295113,0.011998071
Lung_and_bronchus,Male,tie,,,2,3.95,0.0101701783066367,0.008454226,0.011886131
Lung_and_bronchus,Male,tie,,,2,4.0,0.0100773067164049,0.0083794827,0.01177513
Lung_and_bronchus,Male,tie,,,2,4.0500002,0.0099812590430208,0.0083021503,0.011660368
Lung_and_bronchus,Male,tie,,,2,4.0999999,0.0098860366133707,0.008225427,0.011546646
Lung_and_bronchus,Male,tie,,,2,4.1500001,0.0097916378935404,0.0081493147,0.011433961
Lung_and_bronchus,Male,tie,,,2,4.1999998,0.0096980643871597,0.0080738161,0.011322313
Lung_and_bronchus,Male,tie,,,2,4.25,0.0096053134797604,0.0079989303,0.011211696
Lung_and_bronchus,Male,tie,,,2,4.3000002,0.0095133847480081,0.0079246592,0.01110211
Lung_and_bronchus,Male,tie,,,2,4.3499999,0.0094222772868351,0.0078510046,0.01099355
Lung_and_bronchus,Male,tie,,,2,4.4000001,0.0093319871746916,0.0077779638,0.010886011
Lung_and_bronchus,Male,tie,,,2,4.4499998,0.0092425135700088,0.0077055381,0.010779489
Lung_and_bronchus,Male,tie,,,2,4.5,0.0091538518538375,0.0076337252,0.010673978
Lung_and_bronchus,Male,tie,,,2,4.5500002,0.0090659996513229,0.0075625251,0.010569475
Lung_and_bronchus,Male,tie,,,2,4.5999999,0.0089789542639374,0.0074919369,0.010465972
Lung_and_bronchus,Male,tie,,,2,4.6500001,0.0088927102386808,0.0074219573,0.010363463
Lung_and_bronchus,Male,tie,,,2,4.6999998,0.0088072651829582,0.0073525864,0.010261944
Lung_and_bronchus,Male,tie,,,2,4.75,0.0087226132058912,0.0072838203,0.010161406
Lung_and_bronchus,Male,tie,,,2,4.8000002,0.0086387506612775,0.0072156573,0.010061844
Lung_and_bronchus,Male,tie,,,2,4.8499999,0.0085556736874748,0.0071480954,0.0099632517
Lung_and_bronchus,Male,tie,,,2,4.9000001,0.008473375881468,0.0070811315,0.0098656202
Lung_and_bronchus,Male,tie,,,2,4.9499998,0.008391853842136,0.0070147631,0.0097689452
Lung_and_bronchus,Male,tie,,,2,5.0,0.0083111009059251,0.0069489861,0.0096732154
