site,sex,estimate,race,stage,agegroup,tt,PE,lci,uci
Oral_cavity_and_pharynx,Male,AD,,,0,0.0,0.0,0.0,0.0
Oral_cavity_and_pharynx,Male,AD,,,0,0.050000001,3.099045956436342,2.9742317,3.2238603
Oral_cavity_and_pharynx,Male,AD,,,0,0.1,8.140929097563909,7.8645825,8.4172754
Oral_cavity_and_pharynx,Male,AD,,,0,0.15000001,13.91685840961265,13.490043,14.343674
Oral_cavity_and_pharynx,Male,AD,,,0,0.2,19.94514018345117,19.374521,20.515759
Oral_cavity_and_pharynx,Male,AD,,,0,0.25,25.98329272947885,25.277357,26.689228
Oral_cavity_and_pharynx,Male,AD,,,0,0.30000001,31.89954466832564,31.067245,32.731842
Oral_cavity_and_pharynx,Male,AD,,,0,0.34999999,37.62080848077231,36.670986,38.570629
Oral_cavity_and_pharynx,Male,AD,,,0,0.40000001,43.10755167999758,42.048664,44.166439
Oral_cavity_and_pharynx,Male,AD,,,0,0.44999999,48.34028280233301,47.180298,49.500271
Oral_cavity_and_pharynx,Male,AD,,,0,0.5,53.31183191168041,52.058167,54.565498
Oral_cavity_and_pharynx,Male,AD,,,0,0.55000001,58.02266443071178,56.682201,59.363129
Oral_cavity_and_pharynx,Male,AD,,,0,0.60000002,62.47798832933211,61.057083,63.898891
Oral_cavity_and_pharynx,Male,AD,,,0,0.64999998,66.68589146941372,65.190407,68.181374
Oral_cavity_and_pharynx,Male,AD,,,0,0.69999999,70.65615743858675,69.091492,72.220825
Oral_cavity_and_pharynx,Male,AD,,,0,0.75,74.39943560407659,72.770561,76.028313
Oral_cavity_and_pharynx,Male,AD,,,0,0.80000001,77.92580345576053,76.237305,79.614296
Oral_cavity_and_pharynx,Male,AD,,,0,0.85000002,81.24396465723319,79.50013,82.987801
Oral_cavity_and_pharynx,Male,AD,,,0,0.89999998,84.36285582088215,82.567657,86.158051
Oral_cavity_and_pharynx,Male,AD,,,0,0.94999999,87.29161628612786,85.448753,89.134476
Oral_cavity_and_pharynx,Male,AD,,,0,1.0,90.03937978094233,88.15229,91.926476
Oral_cavity_and_pharynx,Male,AD,,,0,1.05,92.60474078775576,90.676842,94.532639
Oral_cavity_and_pharynx,Male,AD,,,0,1.1,95.00642450434876,93.040688,96.972168
Oral_cavity_and_pharynx,Male,AD,,,0,1.15,97.25298020881186,95.252151,99.253815
Oral_cavity_and_pharynx,Male,AD,,,0,1.2,99.35265179830422,97.319283,101.38602
Oral_cavity_and_pharynx,Male,AD,,,0,1.25,101.3133103500819,99.249763,103.37685
Oral_cavity_and_pharynx,Male,AD,,,0,1.3,103.1424776032288,101.05096,105.23399
Oral_cavity_and_pharynx,Male,AD,,,0,1.35,104.8476048333506,102.73015,106.96506
Oral_cavity_and_pharynx,Male,AD,,,0,1.4,106.4367160142157,104.2952,108.57822
Oral_cavity_and_pharynx,Male,AD,,,0,1.45,107.9174873216296,105.75365,110.08132
Oral_cavity_and_pharynx,Male,AD,,,0,1.5,109.2970115712605,107.11246,111.48156
Oral_cavity_and_pharynx,Male,AD,,,0,1.55,110.5818668825938,108.37808,112.78565
Oral_cavity_and_pharynx,Male,AD,,,0,1.6,111.7781459154676,109.5565,113.99979
Oral_cavity_and_pharynx,Male,AD,,,0,1.65,112.8914865252406,110.65325,115.12972
Oral_cavity_and_pharynx,Male,AD,,,0,1.7,113.9271267236568,111.67348,116.18077
Oral_cavity_and_pharynx,Male,AD,,,0,1.75,114.8899162033444,112.62196,117.15787
Oral_cavity_and_pharynx,Male,AD,,,0,1.8,115.7843643349868,113.50312,118.06561
Oral_cavity_and_pharynx,Male,AD,,,0,1.85,116.6146598276096,114.32108,118.90824
Oral_cavity_and_pharynx,Male,AD,,,0,1.9,117.3846910344281,115.07965,119.68973
Oral_cavity_and_pharynx,Male,AD,,,0,1.95,118.0980828303891,115.78241,120.41376
Oral_cavity_and_pharynx,Male,AD,,,0,2.0,118.7582032904228,116.43267,121.08373
Oral_cavity_and_pharynx,Male,AD,,,0,2.05,119.3543757992856,117.01999,121.68876
Oral_cavity_and_pharynx,Male,AD,,,0,2.0999999,119.903257558837,117.56069,122.24582
Oral_cavity_and_pharynx,Male,AD,,,0,2.1500001,120.4075989849915,118.05749,122.75771
Oral_cavity_and_pharynx,Male,AD,,,0,2.2,120.8699861135806,118.51291,123.22706
Oral_cavity_and_pharynx,Male,AD,,,0,2.25,121.2930355283625,118.92955,123.65652
Oral_cavity_and_pharynx,Male,AD,,,0,2.3,121.6792661483666,119.30988,124.04865
Oral_cavity_and_pharynx,Male,AD,,,0,2.3499999,122.0310123653983,119.6562,124.40582
Oral_cavity_and_pharynx,Male,AD,,,0,2.4000001,122.3504403068192,119.97066,124.73022
Oral_cavity_and_pharynx,Male,AD,,,0,2.45,122.6395559810464,120.25521,125.0239
Oral_cavity_and_pharynx,Male,AD,,,0,2.5,122.9002271897371,120.51171,125.28874
Oral_cavity_and_pharynx,Male,AD,,,0,2.55,123.1341889124355,120.74187,125.52651
Oral_cavity_and_pharynx,Male,AD,,,0,2.5999999,123.3430554714382,120.94726,125.73885
Oral_cavity_and_pharynx,Male,AD,,,0,2.6500001,123.5283309772909,121.12939,125.92728
Oral_cavity_and_pharynx,Male,AD,,,0,2.7,123.6914146665962,121.28961,126.09322
Oral_cavity_and_pharynx,Male,AD,,,0,2.75,123.8336141766446,121.42924,126.23798
Oral_cavity_and_pharynx,Male,AD,,,0,2.8,123.9561491913085,121.54947,126.36283
Oral_cavity_and_pharynx,Male,AD,,,0,2.8499999,124.0601590310609,121.65142,126.4689
Oral_cavity_and_pharynx,Male,AD,,,0,2.9000001,124.1467091047397,121.73614,126.55727
Oral_cavity_and_pharynx,Male,AD,,,0,2.95,124.2167949034232,121.80462,126.62897
Oral_cavity_and_pharynx,Male,AD,,,0,3.0,124.2713495607859,121.85777,126.68493
Oral_cavity_and_pharynx,Male,AD,,,0,3.05,124.2960455725115,121.88157,126.71053
Oral_cavity_and_pharynx,Male,AD,,,0,3.0999999,124.3069332248777,121.89174,126.72213
Oral_cavity_and_pharynx,Male,AD,,,0,3.1500001,124.3047850483296,121.88905,126.72053
Oral_cavity_and_pharynx,Male,AD,,,0,3.2,124.2903261371619,121.8742,126.70645
Oral_cavity_and_pharynx,Male,AD,,,0,3.25,124.2642374285486,121.84789,126.68059
Oral_cavity_and_pharynx,Male,AD,,,0,3.3,124.2271587644352,121.81072,126.64359
Oral_cavity_and_pharynx,Male,AD,,,0,3.3499999,124.1796917475507,121.76331,126.59607
Oral_cavity_and_pharynx,Male,AD,,,0,3.4000001,124.1224020596703,121.70621,126.5386
Oral_cavity_and_pharynx,Male,AD,,,0,3.45,124.0558230130189,121.63994,126.47171
Oral_cavity_and_pharynx,Male,AD,,,0,3.5,123.9804561339424,121.56499,126.39591
Oral_cavity_and_pharynx,Male,AD,,,0,3.55,123.8967742692069,121.48185,126.3117
Oral_cavity_and_pharynx,Male,AD,,,0,3.5999999,123.8052232383241,121.39095,126.21951
Oral_cavity_and_pharynx,Male,AD,,,0,3.6500001,123.7062231050465,121.29269,126.11976
Oral_cavity_and_pharynx,Male,AD,,,0,3.7,123.6001717320512,121.18748,126.01287
Oral_cavity_and_pharynx,Male,AD,,,0,3.75,123.4874434570446,121.07568,125.89922
Oral_cavity_and_pharynx,Male,AD,,,0,3.8,123.3683923495889,120.95763,125.77915
Oral_cavity_and_pharynx,Male,AD,,,0,3.8499999,123.2433530575812,120.83369,125.65302
Oral_cavity_and_pharynx,Male,AD,,,0,3.9000001,123.1126413794545,120.70415,125.52113
Oral_cavity_and_pharynx,Male,AD,,,0,3.95,122.9765579078218,120.56931,125.3838
Oral_cavity_and_pharynx,Male,AD,,,0,4.0,122.8353853324558,120.42946,125.24131
Oral_cavity_and_pharynx,Male,AD,,,0,4.0500002,122.6736998702378,120.26947,125.07793
Oral_cavity_and_pharynx,Male,AD,,,0,4.0999999,122.507524933525,120.10505,124.91
Oral_cavity_and_pharynx,Male,AD,,,0,4.1500001,122.3370992879696,119.93643,124.73776
Oral_cavity_and_pharynx,Male,AD,,,0,4.1999998,122.1626554679142,119.76386,124.56145
Oral_cavity_and_pharynx,Male,AD,,,0,4.25,121.9844075263808,119.58753,124.38128
Oral_cavity_and_pharynx,Male,AD,,,0,4.3000002,121.802563276692,119.40766,124.19746
Oral_cavity_and_pharynx,Male,AD,,,0,4.3499999,121.6173201033788,119.22444,124.0102
Oral_cavity_and_pharynx,Male,AD,,,0,4.4000001,121.4288601129607,119.03805,123.81967
Oral_cavity_and_pharynx,Male,AD,,,0,4.4499998,121.2373631425621,118.84866,123.62606
Oral_cavity_and_pharynx,Male,AD,,,0,4.5,121.0429929191212,118.65645,123.42954
Oral_cavity_and_pharynx,Male,AD,,,0,4.5500002,120.8459102660725,118.46156,123.23026
Oral_cavity_and_pharynx,Male,AD,,,0,4.5999999,120.6462682057053,118.26414,123.02839
Oral_cavity_and_pharynx,Male,AD,,,0,4.6500001,120.4442065664002,118.06435,122.82407
Oral_cavity_and_pharynx,Male,AD,,,0,4.6999998,120.2398657760981,117.86231,122.61742
Oral_cavity_and_pharynx,Male,AD,,,0,4.75,120.0333718357062,117.65815,122.40859
Oral_cavity_and_pharynx,Male,AD,,,0,4.8000002,119.82485026538,117.452,122.19771
Oral_cavity_and_pharynx,Male,AD,,,0,4.8499999,119.6144206834213,117.24397,121.98488
Oral_cavity_and_pharynx,Male,AD,,,0,4.9000001,119.4021910164485,117.03416,121.77023
Oral_cavity_and_pharynx,Male,AD,,,0,4.9499998,119.1882718885395,116.82269,121.55386
Oral_cavity_and_pharynx,Male,AD,,,0,5.0,118.9727607152367,116.60966,121.33587
Oral_cavity_and_pharynx,Male,AD,,,1,0.0,0.0,0.0,0.0
Oral_cavity_and_pharynx,Male,AD,,,1,0.050000001,2.721577789535336,2.6154082,2.8277473
Oral_cavity_and_pharynx,Male,AD,,,1,0.1,7.11649073448974,6.8780398,7.3549418
Oral_cavity_and_pharynx,Male,AD,,,1,0.15000001,12.17475454275374,11.802672,12.546837
Oral_cavity_and_pharynx,Male,AD,,,1,0.2,17.47678752453687,16.975433,17.978142
Oral_cavity_and_pharynx,Male,AD,,,1,0.25,22.80677222067388,22.18265,23.430895
Oral_cavity_and_pharynx,Male,AD,,,1,0.30000001,28.04525854648823,27.305653,28.784864
Oral_cavity_and_pharynx,Male,AD,,,1,0.34999999,33.12465489733077,32.277,33.972309
Oral_cavity_and_pharynx,Male,AD,,,1,0.40000001,38.00739412487304,37.05896,38.95583
Oral_cavity_and_pharynx,Male,AD,,,1,0.44999999,42.67404933128654,41.631783,43.716316
Oral_cavity_and_pharynx,Male,AD,,,1,0.5,47.11647676681764,45.986931,48.246021
Oral_cavity_and_pharynx,Male,AD,,,1,0.55000001,51.33361565272598,50.122921,52.544308
Oral_cavity_and_pharynx,Male,AD,,,1,0.60000002,55.32887312279789,54.042736,56.615009
Oral_cavity_and_pharynx,Male,AD,,,1,0.64999998,59.10842654274698,57.752136,60.464714
Oral_cavity_and_pharynx,Male,AD,,,1,0.69999999,62.68013440181742,61.258591,64.101677
Oral_cavity_and_pharynx,Male,AD,,,1,0.75,66.05276739610045,64.570503,67.535034
Oral_cavity_and_pharynx,Male,AD,,,1,0.80000001,69.23470139712161,67.695915,70.773483
Oral_cavity_and_pharynx,Male,AD,,,1,0.85000002,72.23317710793341,70.6418,73.824554
Oral_cavity_and_pharynx,Male,AD,,,1,0.89999998,75.0557160791777,73.415413,76.696022
Oral_cavity_and_pharynx,Male,AD,,,1,0.94999999,77.71008347156739,76.024261,79.395905
Oral_cavity_and_pharynx,Male,AD,,,1,1.0,80.20409312948968,78.475937,81.932251
Oral_cavity_and_pharynx,Male,AD,,,1,1.05,82.53871186621095,80.771332,84.306099
Oral_cavity_and_pharynx,Male,AD,,,1,1.1,84.72798720936356,82.924133,86.531845
Oral_cavity_and_pharynx,Male,AD,,,1,1.15,86.77931765353364,84.941551,88.617088
Oral_cavity_and_pharynx,Male,AD,,,1,1.2,88.69986068889837,86.830559,90.56916
Oral_cavity_and_pharynx,Male,AD,,,1,1.25,90.49646761377036,88.597847,92.395088
Oral_cavity_and_pharynx,Male,AD,,,1,1.3,92.17570172607712,90.249817,94.101585
Oral_cavity_and_pharynx,Male,AD,,,1,1.35,93.74409274719538,91.792854,95.695335
Oral_cavity_and_pharynx,Male,AD,,,1,1.4,95.20872862920312,93.233894,97.183563
Oral_cavity_and_pharynx,Male,AD,,,1,1.45,96.57640568797568,94.579613,98.573204
Oral_cavity_and_pharynx,Male,AD,,,1,1.5,97.85340849094324,95.836159,99.870659
Oral_cavity_and_pharynx,Male,AD,,,1,1.55,99.04557039553066,97.009262,101.08188
Oral_cavity_and_pharynx,Male,AD,,,1,1.6,100.1582980619405,98.104218,102.21238
Oral_cavity_and_pharynx,Male,AD,,,1,1.65,101.1965974627885,99.125954,103.26724
Oral_cavity_and_pharynx,Male,AD,,,1,1.7,102.1651228284942,100.07903,104.25122
Oral_cavity_and_pharynx,Male,AD,,,1,1.75,103.0681853675713,100.96767,105.16869
Oral_cavity_and_pharynx,Male,AD,,,1,1.8,103.9097962470734,101.79584,106.02376
Oral_cavity_and_pharynx,Male,AD,,,1,1.85,104.6936833165114,102.56717,106.8202
Oral_cavity_and_pharynx,Male,AD,,,1,1.9,105.4233085064594,103.28508,107.56154
Oral_cavity_and_pharynx,Male,AD,,,1,1.95,106.1019010966097,103.95274,108.25106
Oral_cavity_and_pharynx,Male,AD,,,1,2.0,106.7324625648719,104.5731,108.89182
Oral_cavity_and_pharynx,Male,AD,,,1,2.05,107.3086570124919,105.13998,109.47733
Oral_cavity_and_pharynx,Male,AD,,,1,2.0999999,107.8421477704493,105.66479,110.01951
Oral_cavity_and_pharynx,Male,AD,,,1,2.1500001,108.3353859914272,106.14995,110.52082
Oral_cavity_and_pharynx,Male,AD,,,1,2.2,108.7906772907343,106.59772,110.98363
Oral_cavity_and_pharynx,Male,AD,,,1,2.25,109.2103602143734,107.01042,111.4103
Oral_cavity_and_pharynx,Male,AD,,,1,2.3,109.5966886472552,107.39025,111.80313
Oral_cavity_and_pharynx,Male,AD,,,1,2.3499999,109.951752371483,107.73927,112.16424
Oral_cavity_and_pharynx,Male,AD,,,1,2.4000001,110.2774916281147,108.05939,112.49559
Oral_cavity_and_pharynx,Male,AD,,,1,2.45,110.575703503762,108.35239,112.79902
Oral_cavity_and_pharynx,Male,AD,,,1,2.5,110.8480625582425,108.6199,113.07622
Oral_cavity_and_pharynx,Male,AD,,,1,2.55,111.0961247762645,108.86347,113.32877
Oral_cavity_and_pharynx,Male,AD,,,1,2.5999999,111.3213385559597,109.08453,113.55815
Oral_cavity_and_pharynx,Male,AD,,,1,2.6500001,111.525054160663,109.28438,113.76572
Oral_cavity_and_pharynx,Male,AD,,,1,2.7,111.7085277099237,109.46429,113.95277
Oral_cavity_and_pharynx,Male,AD,,,1,2.75,111.8729340887043,109.6254,114.12047
Oral_cavity_and_pharynx,Male,AD,,,1,2.8,112.0193694384299,109.76879,114.26994
Oral_cavity_and_pharynx,Male,AD,,,1,2.8499999,112.1488580912971,109.89548,114.40223
Oral_cavity_and_pharynx,Male,AD,,,1,2.9000001,112.2623584812923,110.00642,114.5183
Oral_cavity_and_pharynx,Male,AD,,,1,2.95,112.3607660039761,110.10246,114.61906
Oral_cavity_and_pharynx,Male,AD,,,1,3.0,112.4449207893892,110.18446,114.70538
Oral_cavity_and_pharynx,Male,AD,,,1,3.05,112.5052821069781,110.24308,114.76749
Oral_cavity_and_pharynx,Male,AD,,,1,3.0999999,112.5529061022042,110.28914,114.81667
Oral_cavity_and_pharynx,Male,AD,,,1,3.1500001,112.5884885006714,110.32333,114.85365
Oral_cavity_and_pharynx,Male,AD,,,1,3.2,112.6126820860949,110.34628,114.87908
Oral_cavity_and_pharynx,Male,AD,,,1,3.25,112.6261006903505,110.35862,114.89358
Oral_cavity_and_pharynx,Male,AD,,,1,3.3,112.6293212015478,110.36091,114.89774
Oral_cavity_and_pharynx,Male,AD,,,1,3.3499999,112.6228862868327,110.35368,114.8921
Oral_cavity_and_pharynx,Male,AD,,,1,3.4000001,112.607306625419,110.33743,114.87718
Oral_cavity_and_pharynx,Male,AD,,,1,3.45,112.5830633984162,110.31265,114.85348
Oral_cavity_and_pharynx,Male,AD,,,1,3.5,112.5506098242878,110.27978,114.82144
Oral_cavity_and_pharynx,Male,AD,,,1,3.55,112.5103732496252,110.23923,114.78152
Oral_cavity_and_pharynx,Male,AD,,,1,3.5999999,112.462756793221,110.19141,114.7341
Oral_cavity_and_pharynx,Male,AD,,,1,3.6500001,112.4081406404847,110.1367,114.67959
Oral_cavity_and_pharynx,Male,AD,,,1,3.7,112.3468845741544,110.07544,114.61833
Oral_cavity_and_pharynx,Male,AD,,,1,3.75,112.2793277584926,110.00797,114.55068
Oral_cavity_and_pharynx,Male,AD,,,1,3.8,112.2057910016014,109.93461,114.47697
Oral_cavity_and_pharynx,Male,AD,,,1,3.8499999,112.1265776737334,109.85566,114.39749
Oral_cavity_and_pharynx,Male,AD,,,1,3.9000001,112.0419743714098,109.7714,114.31255
Oral_cavity_and_pharynx,Male,AD,,,1,3.95,111.9522535610439,109.6821,114.2224
Oral_cavity_and_pharynx,Male,AD,,,1,4.0,111.8576720906718,109.58801,114.12733
Oral_cavity_and_pharynx,Male,AD,,,1,4.0500002,111.7476148023313,109.47874,114.01649
Oral_cavity_and_pharynx,Male,AD,,,1,4.0999999,111.6331942084691,109.36518,113.90121
Oral_cavity_and_pharynx,Male,AD,,,1,4.1500001,111.5146283176139,109.24753,113.78172
Oral_cavity_and_pharynx,Male,AD,,,1,4.1999998,111.3921282220762,109.12601,113.65825
Oral_cavity_and_pharynx,Male,AD,,,1,4.25,111.2658897239117,109.00081,113.53097
Oral_cavity_and_pharynx,Male,AD,,,1,4.3000002,111.1361020367889,108.87212,113.40009
Oral_cavity_and_pharynx,Male,AD,,,1,4.3499999,111.0029450118332,108.7401,113.26579
Oral_cavity_and_pharynx,Male,AD,,,1,4.4000001,110.8665857161561,108.60494,113.12823
Oral_cavity_and_pharynx,Male,AD,,,1,4.4499998,110.727187903853,108.4668,112.98758
Oral_cavity_and_pharynx,Male,AD,,,1,4.5,110.5849020933183,108.32581,112.844
Oral_cavity_and_pharynx,Male,AD,,,1,4.5500002,110.4398752434816,108.18212,112.69763
Oral_cavity_and_pharynx,Male,AD,,,1,4.5999999,110.2922472989188,108.03587,112.54862
Oral_cavity_and_pharynx,Male,AD,,,1,4.6500001,110.1421472381546,107.8872,112.39709
Oral_cavity_and_pharynx,Male,AD,,,1,4.6999998,109.9897033531734,107.73622,112.24319
Oral_cavity_and_pharynx,Male,AD,,,1,4.75,109.8350321465,107.58305,112.08701
Oral_cavity_and_pharynx,Male,AD,,,1,4.8000002,109.6782487738616,107.42781,111.92869
Oral_cavity_and_pharynx,Male,AD,,,1,4.8499999,109.5194630762423,107.2706,111.76833
Oral_cavity_and_pharynx,Male,AD,,,1,4.9000001,109.3587752309297,107.11153,111.60603
Oral_cavity_and_pharynx,Male,AD,,,1,4.9499998,109.1962866644928,106.95068,111.44189
Oral_cavity_and_pharynx,Male,AD,,,1,5.0,109.0320880496377,106.78815,111.27602
Oral_cavity_and_pharynx,Male,AD,,,2,0.0,0.0,0.0,0.0
Oral_cavity_and_pharynx,Male,AD,,,2,0.050000001,0.3775058928547675,0.32777584,0.42723593
Oral_cavity_and_pharynx,Male,AD,,,2,0.1,1.025844429751293,0.91622013,1.1354687
Oral_cavity_and_pharynx,Male,AD,,,2,0.15000001,1.7441429816717,1.5771579,1.9111282
Oral_cavity_and_pharynx,Male,AD,,,2,0.2,2.470146809436203,2.2502418,2.6900518
Oral_cavity_and_pharynx,Male,AD,,,2,0.25,3.177302890487334,2.9091802,3.4454257
Oral_cavity_and_pharynx,Male,AD,,,2,0.30000001,3.853436620273969,3.5415852,4.165288
Oral_cavity_and_pharynx,Male,AD,,,2,0.34999999,4.493186666509382,4.1417384,4.844635
Oral_cavity_and_pharynx,Male,AD,,,2,0.40000001,5.094700549584687,4.7073994,5.4820018
Oral_cavity_and_pharynx,Male,AD,,,2,0.44999999,5.65800531980618,5.2382212,6.0777893
Oral_cavity_and_pharynx,Male,AD,,,2,0.5,6.184148166576948,5.7349052,6.6333909
Oral_cavity_and_pharynx,Male,AD,,,2,0.55000001,6.674713741856299,6.1987262,7.1507015
Oral_cavity_and_pharynx,Male,AD,,,2,0.60000002,7.131549338676296,6.6312528,7.631846
Oral_cavity_and_pharynx,Male,AD,,,2,0.64999998,7.556602355639049,7.0341868,8.0790176
Oral_cavity_and_pharynx,Male,AD,,,2,0.69999999,7.951827180469653,7.4092641,8.4943905
Oral_cavity_and_pharynx,Male,AD,,,2,0.75,8.319125743650595,7.758194,8.8800573
Oral_cavity_and_pharynx,Male,AD,,,2,0.80000001,8.660218644555194,8.0825319,9.2379055
Oral_cavity_and_pharynx,Male,AD,,,2,0.85000002,8.976584971358866,8.3836193,9.5695505
Oral_cavity_and_pharynx,Male,AD,,,2,0.89999998,9.269652882804,8.6627607,9.876545
Oral_cavity_and_pharynx,Male,AD,,,2,0.94999999,9.540807049020003,8.9212265,10.160387
Oral_cavity_and_pharynx,Male,AD,,,2,1.0,9.791375712723315,9.160243,10.422508
Oral_cavity_and_pharynx,Male,AD,,,2,1.05,10.01889898319512,9.3775339,10.660264
Oral_cavity_and_pharynx,Male,AD,,,2,1.1,10.22815008770741,9.5775156,10.878784
Oral_cavity_and_pharynx,Male,AD,,,2,1.15,10.42028426761301,9.7612648,11.079304
Oral_cavity_and_pharynx,Male,AD,,,2,1.2,10.59639130300441,9.9297991,11.262983
Oral_cavity_and_pharynx,Male,AD,,,2,1.25,10.75749349752081,10.084075,11.430912
Oral_cavity_and_pharynx,Male,AD,,,2,1.3,10.9045510655366,10.224992,11.58411
Oral_cavity_and_pharynx,Male,AD,,,2,1.35,11.03848620792962,10.353418,11.723555
Oral_cavity_and_pharynx,Male,AD,,,2,1.4,11.16023340111898,10.470236,11.850231
Oral_cavity_and_pharynx,Male,AD,,,2,1.45,11.27067040670149,10.576275,11.965066
Oral_cavity_and_pharynx,Male,AD,,,2,1.5,11.37060334530396,10.672298,12.068908
Oral_cavity_and_pharynx,Male,AD,,,2,1.55,11.46077481347326,10.759011,12.162539
Oral_cavity_and_pharynx,Male,AD,,,2,1.6,11.54186865402752,10.837061,12.246676
Oral_cavity_and_pharynx,Male,AD,,,2,1.65,11.61451463822094,10.907045,12.321983
Oral_cavity_and_pharynx,Male,AD,,,2,1.7,11.67929445488884,10.969519,12.389071
Oral_cavity_and_pharynx,Male,AD,,,2,1.75,11.7367445704967,11.02499,12.4485
Oral_cavity_and_pharynx,Male,AD,,,2,1.8,11.78736121346298,11.073931,12.500792
Oral_cavity_and_pharynx,Male,AD,,,2,1.85,11.83160333231349,11.116779,12.546427
Oral_cavity_and_pharynx,Male,AD,,,2,1.9,11.86989552042973,11.15394,12.585851
Oral_cavity_and_pharynx,Male,AD,,,2,1.95,11.90263159089553,11.185787,12.619475
Oral_cavity_and_pharynx,Male,AD,,,2,2.0,11.93017644612818,11.21267,12.647683
Oral_cavity_and_pharynx,Male,AD,,,2,2.05,11.94806832242689,11.230444,12.665692
Oral_cavity_and_pharynx,Male,AD,,,2,2.0999999,11.96141921630227,11.243874,12.678966
Oral_cavity_and_pharynx,Male,AD,,,2,2.1500001,11.9705270029783,11.253242,12.687812
Oral_cavity_and_pharynx,Male,AD,,,2,2.2,11.97567075986072,11.258817,12.692525
Oral_cavity_and_pharynx,Male,AD,,,2,2.25,11.97712693921112,11.260861,12.693393
Oral_cavity_and_pharynx,Male,AD,,,2,2.3,11.97515894440208,11.259627,12.69069
Oral_cavity_and_pharynx,Male,AD,,,2,2.3499999,11.97000983372412,11.255348,12.684671
Oral_cavity_and_pharynx,Male,AD,,,2,2.4000001,11.96190401047536,11.248237,12.675571
Oral_cavity_and_pharynx,Male,AD,,,2,2.45,11.95104901245486,11.238493,12.663606
Oral_cavity_and_pharynx,Male,AD,,,2,2.5,11.93763674170224,11.226298,12.648974
Oral_cavity_and_pharynx,Male,AD,,,2,2.55,11.92184492843251,11.211825,12.631865
Oral_cavity_and_pharynx,Male,AD,,,2,2.5999999,11.90383829537164,11.19523,12.612447
Oral_cavity_and_pharynx,Male,AD,,,2,2.6500001,11.88376954052191,11.176659,12.59088
Oral_cavity_and_pharynx,Male,AD,,,2,2.7,11.86178071172986,11.156248,12.567313
Oral_cavity_and_pharynx,Male,AD,,,2,2.75,11.83800352250938,11.134124,12.541883
Oral_cavity_and_pharynx,Male,AD,,,2,2.8,11.81256053519792,11.110402,12.514718
Oral_cavity_and_pharynx,Male,AD,,,2,2.8499999,11.78556580607047,11.085195,12.485937
Oral_cavity_and_pharynx,Male,AD,,,2,2.9000001,11.75712541641574,11.058601,12.455649
Oral_cavity_and_pharynx,Male,AD,,,2,2.95,11.72733863243363,11.030718,12.42396
Oral_cavity_and_pharynx,Male,AD,,,2,3.0,11.69629764769989,11.001632,12.390964
Oral_cavity_and_pharynx,Male,AD,,,2,3.05,11.65909454215649,10.966779,12.35141
Oral_cavity_and_pharynx,Male,AD,,,2,3.0999999,11.62084452564223,10.930922,12.310768
Oral_cavity_and_pharynx,Male,AD,,,2,3.1500001,11.58162372473372,10.894132,12.269115
Oral_cavity_and_pharynx,Male,AD,,,2,3.2,11.54150382221546,10.85648,12.226527
Oral_cavity_and_pharynx,Male,AD,,,2,3.25,11.50055130193908,10.818028,12.183074
Oral_cavity_and_pharynx,Male,AD,,,2,3.3,11.45882852975783,10.778838,12.138819
Oral_cavity_and_pharynx,Male,AD,,,2,3.3499999,11.41639387823427,10.738964,12.093823
Oral_cavity_and_pharynx,Male,AD,,,2,3.4000001,11.37330180405948,10.69846,12.048144
Oral_cavity_and_pharynx,Male,AD,,,2,3.45,11.32960393468777,10.657372,12.001835
Oral_cavity_and_pharynx,Male,AD,,,2,3.5,11.28534807587571,10.61575,11.954946
Oral_cavity_and_pharynx,Male,AD,,,2,3.55,11.24057925258728,10.573635,11.907524
Oral_cavity_and_pharynx,Male,AD,,,2,3.5999999,11.19533970958887,10.531067,11.859612
Oral_cavity_and_pharynx,Male,AD,,,2,3.6500001,11.14966888147407,10.488085,11.811253
Oral_cavity_and_pharynx,Male,AD,,,2,3.7,11.10360444018398,10.444725,11.762485
Oral_cavity_and_pharynx,Male,AD,,,2,3.75,11.05718114924299,10.401019,11.713343
Oral_cavity_and_pharynx,Male,AD,,,2,3.8,11.01043188208575,10.357,11.663863
Oral_cavity_and_pharynx,Male,AD,,,2,3.8499999,10.96338754327866,10.312697,11.614078
Oral_cavity_and_pharynx,Male,AD,,,2,3.9000001,10.91607697018232,10.268138,11.564015
Oral_cavity_and_pharynx,Male,AD,,,2,3.95,10.86852795513721,10.22335,11.513706
Oral_cavity_and_pharynx,Male,AD,,,2,4.0,10.82076600167229,10.178355,11.463177
Oral_cavity_and_pharynx,Male,AD,,,2,4.0500002,10.76786576656147,10.128571,11.407161
Oral_cavity_and_pharynx,Male,AD,,,2,4.0999999,10.71485603796935,10.078679,11.351033
Oral_cavity_and_pharynx,Male,AD,,,2,4.1500001,10.66175724483245,10.028699,11.294815
Oral_cavity_and_pharynx,Male,AD,,,2,4.1999998,10.60859055834591,9.978652,11.238529
Oral_cavity_and_pharynx,Male,AD,,,2,4.25,10.55537392102845,9.9285536,11.182195
Oral_cavity_and_pharynx,Male,AD,,,2,4.3000002,10.50212566810449,9.8784227,11.125829
Oral_cavity_and_pharynx,Male,AD,,,2,4.3499999,10.44886307653675,9.8282747,11.069451
Oral_cavity_and_pharynx,Male,AD,,,2,4.4000001,10.39560090392403,9.7781248,11.013077
Oral_cavity_and_pharynx,Male,AD,,,2,4.4499998,10.34235500395892,9.7279882,10.956722
Oral_cavity_and_pharynx,Male,AD,,,2,4.5,10.28913831937046,9.6778765,10.9004
Oral_cavity_and_pharynx,Male,AD,,,2,4.5500002,10.23596448896845,9.6278028,10.844126
Oral_cavity_and_pharynx,Male,AD,,,2,4.5999999,10.18284637117422,9.5777807,10.787912
Oral_cavity_and_pharynx,Male,AD,,,2,4.6500001,10.12979457169994,9.5278187,10.731771
Oral_cavity_and_pharynx,Male,AD,,,2,4.6999998,10.07682103061165,9.4779291,10.675714
Oral_cavity_and_pharynx,Male,AD,,,2,4.75,10.02393501521349,9.4281206,10.61975
Oral_cavity_and_pharynx,Male,AD,,,2,4.8000002,9.971146695621908,9.3784027,10.563891
Oral_cavity_and_pharynx,Male,AD,,,2,4.8499999,9.918465660010767,9.3287849,10.508147
Oral_cavity_and_pharynx,Male,AD,,,2,4.9000001,9.865899444405956,9.279274,10.452525
Oral_cavity_and_pharynx,Male,AD,,,2,4.9499998,9.813457077573316,9.2298784,10.397036
Oral_cavity_and_pharynx,Male,AD,,,2,5.0,9.761145099804276,9.1806059,10.341684
Oral_cavity_and_pharynx,Male,ADa,,,0,0.0,0.0,0.0,0.0
Oral_cavity_and_pharynx,Male,ADa,,,0,0.050000001,1.496804552937416,1.4854879,1.5081213
Oral_cavity_and_pharynx,Male,ADa,,,0,0.1,4.471625608142955,4.4538751,4.4893765
Oral_cavity_and_pharynx,Male,ADa,,,0,0.15000001,8.146496900768183,8.1247654,8.1682281
Oral_cavity_and_pharynx,Male,ADa,,,0,0.2,12.14033158678724,12.115378,12.165284
Oral_cavity_and_pharynx,Male,ADa,,,0,0.25,16.24681798600772,16.218647,16.274988
Oral_cavity_and_pharynx,Male,ADa,,,0,0.30000001,20.34647868697792,20.31488,20.378077
Oral_cavity_and_pharynx,Male,ADa,,,0,0.34999999,24.36796398693547,24.332771,24.403156
Oral_cavity_and_pharynx,Male,ADa,,,0,0.40000001,28.26848070090752,28.229649,28.307314
Oral_cavity_and_pharynx,Male,ADa,,,0,0.44999999,32.02292320416741,31.980522,32.065323
Oral_cavity_and_pharynx,Male,ADa,,,0,0.5,35.6174910320559,35.571682,35.6633
Oral_cavity_and_pharynx,Male,ADa,,,0,0.55000001,39.04572198690399,38.996723,39.094723
Oral_cavity_and_pharynx,Male,ADa,,,0,0.60000002,42.30597843905019,42.254036,42.357922
Oral_cavity_and_pharynx,Male,ADa,,,0,0.64999998,45.39978882749114,45.345165,45.454414
Oral_cavity_and_pharynx,Male,ADa,,,0,0.69999999,48.33075835000508,48.273712,48.387806
Oral_cavity_and_pharynx,Male,ADa,,,0,0.75,51.10379160042125,51.044571,51.163013
Oral_cavity_and_pharynx,Male,ADa,,,0,0.80000001,53.72392406436068,53.662766,53.785084
Oral_cavity_and_pharynx,Male,ADa,,,0,0.85000002,56.19562039240241,56.132736,56.258503
Oral_cavity_and_pharynx,Male,ADa,,,0,0.89999998,58.52383116058719,58.459419,58.588245
Oral_cavity_and_pharynx,Male,ADa,,,0,0.94999999,60.7139186605301,60.648148,60.77969
Oral_cavity_and_pharynx,Male,ADa,,,0,1.0,62.77146447910346,62.704491,62.83844
Oral_cavity_and_pharynx,Male,ADa,,,0,1.05,64.69536506226322,64.627319,64.763412
Oral_cavity_and_pharynx,Male,ADa,,,0,1.1,66.49773712754612,66.428734,66.566742
Oral_cavity_and_pharynx,Male,ADa,,,0,1.15,68.18422299171525,68.114349,68.254097
Oral_cavity_and_pharynx,Male,ADa,,,0,1.2,69.76035958173689,69.689682,69.831032
Oral_cavity_and_pharynx,Male,ADa,,,0,1.25,71.23151079103755,71.160095,71.302933
Oral_cavity_and_pharynx,Male,ADa,,,0,1.3,72.60287042485359,72.530746,72.674995
Oral_cavity_and_pharynx,Male,ADa,,,0,1.35,73.87969394837806,73.806892,73.952492
Oral_cavity_and_pharynx,Male,ADa,,,0,1.4,75.06785214055348,74.994392,75.141312
Oral_cavity_and_pharynx,Male,ADa,,,0,1.45,76.17302473164858,76.098907,76.247147
Oral_cavity_and_pharynx,Male,ADa,,,0,1.5,77.20048731289472,77.12571,77.275269
Oral_cavity_and_pharynx,Male,ADa,,,0,1.55,78.15515605135617,78.079704,78.230614
Oral_cavity_and_pharynx,Male,ADa,,,0,1.6,79.04160417986365,78.965462,79.117744
Oral_cavity_and_pharynx,Male,ADa,,,0,1.65,79.86408063629138,79.787224,79.940933
Oral_cavity_and_pharynx,Male,ADa,,,0,1.7,80.6265474649398,80.548958,80.70414
Oral_cavity_and_pharynx,Male,ADa,,,0,1.75,81.33268573604207,81.254333,81.411041
Oral_cavity_and_pharynx,Male,ADa,,,0,1.8,81.98592889758902,81.906784,82.065079
Oral_cavity_and_pharynx,Male,ADa,,,0,1.85,82.58947563170375,82.509506,82.669449
Oral_cavity_and_pharynx,Male,ADa,,,0,1.9,83.14630363017572,83.065475,83.227127
Oral_cavity_and_pharynx,Male,ADa,,,0,1.95,83.65919561445065,83.577484,83.740906
Oral_cavity_and_pharynx,Male,ADa,,,0,2.0,84.13074367536494,84.048119,84.213371
Oral_cavity_and_pharynx,Male,ADa,,,0,2.05,84.55416633203147,84.470604,84.637726
Oral_cavity_and_pharynx,Male,ADa,,,0,2.0999999,84.94086647250394,84.856339,85.025391
Oral_cavity_and_pharynx,Male,ADa,,,0,2.1500001,85.29297337672133,85.207451,85.378494
Oral_cavity_and_pharynx,Male,ADa,,,0,2.2,85.61249307708917,85.525955,85.699028
Oral_cavity_and_pharynx,Male,ADa,,,0,2.25,85.90145662292522,85.813881,85.989037
Oral_cavity_and_pharynx,Male,ADa,,,0,2.3,86.16182229724005,86.073181,86.250465
Oral_cavity_and_pharynx,Male,ADa,,,0,2.3499999,86.39540825834206,86.305679,86.485138
Oral_cavity_and_pharynx,Male,ADa,,,0,2.4000001,86.60390429329267,86.513069,86.69474
Oral_cavity_and_pharynx,Male,ADa,,,0,2.45,86.78887832172624,86.696922,86.880836
Oral_cavity_and_pharynx,Male,ADa,,,0,2.5,86.95179180253814,86.858696,87.044884
Oral_cavity_and_pharynx,Male,ADa,,,0,2.55,87.09400427504634,86.999756,87.188248
Oral_cavity_and_pharynx,Male,ADa,,,0,2.5999999,87.21678229142154,87.121368,87.312195
Oral_cavity_and_pharynx,Male,ADa,,,0,2.6500001,87.3213070732144,87.224716,87.417892
Oral_cavity_and_pharynx,Male,ADa,,,0,2.7,87.4086791879225,87.310905,87.506454
Oral_cavity_and_pharynx,Male,ADa,,,0,2.75,87.4799275535449,87.380959,87.578896
Oral_cavity_and_pharynx,Male,ADa,,,0,2.8,87.53601287702942,87.435837,87.636185
Oral_cavity_and_pharynx,Male,ADa,,,0,2.8499999,87.57783324541252,87.476456,87.679214
Oral_cavity_and_pharynx,Male,ADa,,,0,2.9000001,87.6062288600675,87.503632,87.708824
Oral_cavity_and_pharynx,Male,ADa,,,0,2.95,87.6219858067348,87.518173,87.7258
Oral_cavity_and_pharynx,Male,ADa,,,0,3.0,87.62584076150056,87.520805,87.730873
Oral_cavity_and_pharynx,Male,ADa,,,0,3.05,87.60838798671121,87.502144,87.714638
Oral_cavity_and_pharynx,Male,ADa,,,0,3.0999999,87.58039327981851,87.472931,87.687851
Oral_cavity_and_pharynx,Male,ADa,,,0,3.1500001,87.54246690420732,87.433792,87.651138
Oral_cavity_and_pharynx,Male,ADa,,,0,3.2,87.49518228253928,87.3853,87.605064
Oral_cavity_and_pharynx,Male,ADa,,,0,3.25,87.43907749989522,87.32798,87.550171
Oral_cavity_and_pharynx,Male,ADa,,,0,3.3,87.37465837360388,87.262352,87.486961
Oral_cavity_and_pharynx,Male,ADa,,,0,3.3499999,87.30240050163502,87.188889,87.415916
Oral_cavity_and_pharynx,Male,ADa,,,0,3.4000001,87.22275090315595,87.108032,87.337463
Oral_cavity_and_pharynx,Male,ADa,,,0,3.45,87.13613145606269,87.020218,87.252045
Oral_cavity_and_pharynx,Male,ADa,,,0,3.5,87.0429383565424,86.925827,87.160049
Oral_cavity_and_pharynx,Male,ADa,,,0,3.55,86.94354521708945,86.825241,87.061852
Oral_cavity_and_pharynx,Male,ADa,,,0,3.5999999,86.8383041966383,86.718819,86.957794
Oral_cavity_and_pharynx,Male,ADa,,,0,3.6500001,86.72754684319744,86.60688,86.848213
Oral_cavity_and_pharynx,Male,ADa,,,0,3.7,86.61158751590628,86.489746,86.733429
Oral_cavity_and_pharynx,Male,ADa,,,0,3.75,86.49072140478131,86.367706,86.613731
Oral_cavity_and_pharynx,Male,ADa,,,0,3.8,86.36522772459863,86.241051,86.489403
Oral_cavity_and_pharynx,Male,ADa,,,0,3.8499999,86.23537022734673,86.110039,86.360703
Oral_cavity_and_pharynx,Male,ADa,,,0,3.9000001,86.10139750962992,85.974915,86.227882
Oral_cavity_and_pharynx,Male,ADa,,,0,3.95,85.96354647700225,85.835922,86.091171
Oral_cavity_and_pharynx,Male,ADa,,,0,4.0,85.82203933728641,85.693283,85.950798
Oral_cavity_and_pharynx,Male,ADa,,,0,4.0500002,85.66673145597049,85.536858,85.796608
Oral_cavity_and_pharynx,Male,ADa,,,0,4.0999999,85.50823331638887,85.377251,85.639214
Oral_cavity_and_pharynx,Male,ADa,,,0,4.1500001,85.34673158571596,85.214653,85.478813
Oral_cavity_and_pharynx,Male,ADa,,,0,4.1999998,85.18240894691412,85.04924,85.315575
Oral_cavity_and_pharynx,Male,ADa,,,0,4.25,85.01543237569193,84.88118,85.149681
Oral_cavity_and_pharynx,Male,ADa,,,0,4.3000002,84.84596459402738,84.71064,84.981293
Oral_cavity_and_pharynx,Male,ADa,,,0,4.3499999,84.67415999167665,84.537766,84.810555
Oral_cavity_and_pharynx,Male,ADa,,,0,4.4000001,84.50016008627361,84.362709,84.637611
Oral_cavity_and_pharynx,Male,ADa,,,0,4.4499998,84.32410549616368,84.185608,84.462601
Oral_cavity_and_pharynx,Male,ADa,,,0,4.5,84.1461230942883,84.006584,84.28566
Oral_cavity_and_pharynx,Male,ADa,,,0,4.5500002,83.96633810776125,83.825768,84.106911
Oral_cavity_and_pharynx,Male,ADa,,,0,4.5999999,83.78486952967864,83.643272,83.926468
Oral_cavity_and_pharynx,Male,ADa,,,0,4.6500001,83.60182519808572,83.459213,83.744438
Oral_cavity_and_pharynx,Male,ADa,,,0,4.6999998,83.41731427447166,83.273697,83.560928
Oral_cavity_and_pharynx,Male,ADa,,,0,4.75,83.2314335901456,83.086815,83.376053
Oral_cavity_and_pharynx,Male,ADa,,,0,4.8000002,83.04428021645965,82.898674,83.189888
Oral_cavity_and_pharynx,Male,ADa,,,0,4.8499999,82.85594651131954,82.709358,83.002533
Oral_cavity_and_pharynx,Male,ADa,,,0,4.9000001,82.66651493075804,82.518951,82.814072
Oral_cavity_and_pharynx,Male,ADa,,,0,4.9499998,82.47607086699524,82.327545,82.624596
Oral_cavity_and_pharynx,Male,ADa,,,0,5.0,82.28468842492794,82.135208,82.434166
Oral_cavity_and_pharynx,Male,ADa,,,1,0.0,0.0,0.0,0.0
Oral_cavity_and_pharynx,Male,ADa,,,1,0.050000001,1.482543511921655,1.4736121,1.491475
Oral_cavity_and_pharynx,Male,ADa,,,1,0.1,4.229382400008887,4.2155185,4.2432461
Oral_cavity_and_pharynx,Male,ADa,,,1,0.15000001,7.582836704007565,7.5657954,7.5998778
Oral_cavity_and_pharynx,Male,ADa,,,1,0.2,11.21472193077243,11.194696,11.234748
Oral_cavity_and_pharynx,Male,ADa,,,1,0.25,14.94526855804603,14.921878,14.968659
Oral_cavity_and_pharynx,Male,ADa,,,1,0.30000001,18.66949795645034,18.642347,18.69665
Oral_cavity_and_pharynx,Male,ADa,,,1,0.34999999,22.32428109670076,22.293156,22.355406
Oral_cavity_and_pharynx,Male,ADa,,,1,0.40000001,25.87150266640362,25.836382,25.906624
Oral_cavity_and_pharynx,Male,ADa,,,1,0.44999999,29.28863396486196,29.24964,29.327629
Oral_cavity_and_pharynx,Male,ADa,,,1,0.5,32.56316200742803,32.520508,32.605816
Oral_cavity_and_pharynx,Male,ADa,,,1,0.55000001,35.68910695589062,35.643059,35.735157
Oral_cavity_and_pharynx,Male,ADa,,,1,0.60000002,38.66480526670456,38.61565,38.713959
Oral_cavity_and_pharynx,Male,ADa,,,1,0.64999998,41.49144038783973,41.439476,41.543407
Oral_cavity_and_pharynx,Male,ADa,,,1,0.69999999,44.1720743043004,44.117584,44.226566
Oral_cavity_and_pharynx,Male,ADa,,,1,0.75,46.71095289283637,46.654205,46.7677
Oral_cavity_and_pharynx,Male,ADa,,,1,0.80000001,49.11244538029822,49.053692,49.1712
Oral_cavity_and_pharynx,Male,ADa,,,1,0.85000002,51.38040550113082,51.319874,51.440937
Oral_cavity_and_pharynx,Male,ADa,,,1,0.89999998,53.51914181307553,53.457035,53.581249
Oral_cavity_and_pharynx,Male,ADa,,,1,0.94999999,55.5333517935026,55.469852,55.596851
Oral_cavity_and_pharynx,Male,ADa,,,1,1.0,57.42794662413961,57.363209,57.492683
Oral_cavity_and_pharynx,Male,ADa,,,1,1.05,59.20304460022285,59.137207,59.268883
Oral_cavity_and_pharynx,Male,ADa,,,1,1.1,60.86831928034963,60.801495,60.935146
Oral_cavity_and_pharynx,Male,ADa,,,1,1.15,62.42876717526885,62.361046,62.49649
Oral_cavity_and_pharynx,Male,ADa,,,1,1.2,63.88930153920842,63.820755,63.957848
Oral_cavity_and_pharynx,Male,ADa,,,1,1.25,65.25468944565719,65.185371,65.324005
Oral_cavity_and_pharynx,Male,ADa,,,1,1.3,66.52955403190509,66.459511,66.599602
Oral_cavity_and_pharynx,Male,ADa,,,1,1.35,67.71858821834971,67.647842,67.789337
Oral_cavity_and_pharynx,Male,ADa,,,1,1.4,68.82706686139608,68.75563,68.898499
Oral_cavity_and_pharynx,Male,ADa,,,1,1.45,69.86010152949403,69.787987,69.93222
Oral_cavity_and_pharynx,Male,ADa,,,1,1.5,70.82244223362312,70.749634,70.895248
Oral_cavity_and_pharynx,Male,ADa,,,1,1.55,71.71851784726023,71.645012,71.792023
Oral_cavity_and_pharynx,Male,ADa,,,1,1.6,72.5524502791585,72.478226,72.626671
Oral_cavity_and_pharynx,Male,ADa,,,1,1.65,73.32807068005033,73.253113,73.40303
Oral_cavity_and_pharynx,Male,ADa,,,1,1.7,74.04895343908584,73.973228,74.124672
Oral_cavity_and_pharynx,Male,ADa,,,1,1.75,74.71842061775953,74.641907,74.79493
Oral_cavity_and_pharynx,Male,ADa,,,1,1.8,75.33957236774685,75.262245,75.416901
Oral_cavity_and_pharynx,Male,ADa,,,1,1.85,75.91529809478635,75.83712,75.993477
Oral_cavity_and_pharynx,Male,ADa,,,1,1.9,76.44828850531663,76.369232,76.527351
Oral_cavity_and_pharynx,Male,ADa,,,1,1.95,76.94105945783706,76.861092,77.021027
Oral_cavity_and_pharynx,Male,ADa,,,1,2.0,77.39595517289227,77.315048,77.47686
Oral_cavity_and_pharynx,Male,ADa,,,1,2.05,77.80847803843065,77.726608,77.89035
Oral_cavity_and_pharynx,Male,ADa,,,1,2.0999999,78.18730267947721,78.104446,78.270164
Oral_cavity_and_pharynx,Male,ADa,,,1,2.1500001,78.53435521882432,78.450478,78.618233
Oral_cavity_and_pharynx,Male,ADa,,,1,2.2,78.85145124272917,78.766533,78.936363
Oral_cavity_and_pharynx,Male,ADa,,,1,2.25,79.14043416984417,79.054459,79.22641
Oral_cavity_and_pharynx,Male,ADa,,,1,2.3,79.40308376839883,79.316025,79.490143
Oral_cavity_and_pharynx,Male,ADa,,,1,2.3499999,79.64105320592773,79.552887,79.729218
Oral_cavity_and_pharynx,Male,ADa,,,1,2.4000001,79.85587973379293,79.766594,79.945168
Oral_cavity_and_pharynx,Male,ADa,,,1,2.45,80.04899002430233,79.958565,80.139412
Oral_cavity_and_pharynx,Male,ADa,,,1,2.5,80.22171481736193,80.130142,80.313286
Oral_cavity_and_pharynx,Male,ADa,,,1,2.55,80.3752924925688,80.282555,80.468033
Oral_cavity_and_pharynx,Male,ADa,,,1,2.5999999,80.51087724768345,80.416962,80.604797
Oral_cavity_and_pharynx,Male,ADa,,,1,2.6500001,80.62954611577243,80.534439,80.724648
Oral_cavity_and_pharynx,Male,ADa,,,1,2.7,80.73230271877974,80.636002,80.828598
Oral_cavity_and_pharynx,Male,ADa,,,1,2.75,80.82008608769272,80.722588,80.917587
Oral_cavity_and_pharynx,Male,ADa,,,1,2.8,80.89377329889913,80.795059,80.992485
Oral_cavity_and_pharynx,Male,ADa,,,1,2.8499999,80.95418463825848,80.854263,81.054108
Oral_cavity_and_pharynx,Male,ADa,,,1,2.9000001,81.00208798136204,80.900948,81.103233
Oral_cavity_and_pharynx,Male,ADa,,,1,2.95,81.03820177634562,80.935837,81.140564
Oral_cavity_and_pharynx,Male,ADa,,,1,3.0,81.0631999325226,80.95961,81.166786
Oral_cavity_and_pharynx,Male,ADa,,,1,3.05,81.07019845200958,80.965393,81.175003
Oral_cavity_and_pharynx,Male,ADa,,,1,3.0999999,81.06730250598275,80.961288,81.173317
Oral_cavity_and_pharynx,Male,ADa,,,1,3.1500001,81.0550708353014,80.947838,81.1623
Oral_cavity_and_pharynx,Male,ADa,,,1,3.2,81.03402842945226,80.925583,81.142471
Oral_cavity_and_pharynx,Male,ADa,,,1,3.25,81.00466851372857,80.895012,81.114326
Oral_cavity_and_pharynx,Male,ADa,,,1,3.3,80.96745490036851,80.85659,81.078316
Oral_cavity_and_pharynx,Male,ADa,,,1,3.3499999,80.92282394539444,80.810753,81.034889
Oral_cavity_and_pharynx,Male,ADa,,,1,3.4000001,80.8711861277569,80.757919,80.984451
Oral_cavity_and_pharynx,Male,ADa,,,1,3.45,80.81292877026495,80.698463,80.927391
Oral_cavity_and_pharynx,Male,ADa,,,1,3.5,80.74841613439997,80.632759,80.864075
Oral_cavity_and_pharynx,Male,ADa,,,1,3.55,80.67799183211656,80.56115,80.79483
Oral_cavity_and_pharynx,Male,ADa,,,1,3.5999999,80.60197994683983,80.483955,80.720001
Oral_cavity_and_pharynx,Male,ADa,,,1,3.6500001,80.52068588605151,80.401489,80.639885
Oral_cavity_and_pharynx,Male,ADa,,,1,3.7,80.43439911905503,80.314034,80.554764
Oral_cavity_and_pharynx,Male,ADa,,,1,3.75,80.34339192769174,80.221863,80.46492
Oral_cavity_and_pharynx,Male,ADa,,,1,3.8,80.24792193537579,80.125237,80.370605
Oral_cavity_and_pharynx,Male,ADa,,,1,3.8499999,80.1482326632663,80.024399,80.272064
Oral_cavity_and_pharynx,Male,ADa,,,1,3.9000001,80.04455389316286,79.919579,80.169525
Oral_cavity_and_pharynx,Male,ADa,,,1,3.95,79.93710447063233,79.810997,80.06321
Oral_cavity_and_pharynx,Male,ADa,,,1,4.0,79.82609008830843,79.698853,79.953323
Oral_cavity_and_pharynx,Male,ADa,,,1,4.0500002,79.7038619582141,79.575523,79.832199
Oral_cavity_and_pharynx,Male,ADa,,,1,4.0999999,79.57847083117373,79.449028,79.707909
Oral_cavity_and_pharynx,Male,ADa,,,1,4.1500001,79.45009037644475,79.319557,79.58062
Oral_cavity_and_pharynx,Male,ADa,,,1,4.1999998,79.31888989157453,79.187279,79.4505
Oral_cavity_and_pharynx,Male,ADa,,,1,4.25,79.18502505037594,79.052338,79.317711
Oral_cavity_and_pharynx,Male,ADa,,,1,4.3000002,79.0486470938224,78.914894,79.182396
Oral_cavity_and_pharynx,Male,ADa,,,1,4.3499999,78.90989965208543,78.775093,79.044708
Oral_cavity_and_pharynx,Male,ADa,,,1,4.4000001,78.7689151046931,78.633057,78.90477
Oral_cavity_and_pharynx,Male,ADa,,,1,4.4499998,78.62582430579263,78.48893,78.762726
Oral_cavity_and_pharynx,Male,ADa,,,1,4.5,78.48074621750028,78.342819,78.618675
Oral_cavity_and_pharynx,Male,ADa,,,1,4.5500002,78.33379777130635,78.194847,78.472748
Oral_cavity_and_pharynx,Male,ADa,,,1,4.5999999,78.18509019188424,78.04512,78.325058
Oral_cavity_and_pharynx,Male,ADa,,,1,4.6500001,78.03472497867345,77.893753,78.175697
Oral_cavity_and_pharynx,Male,ADa,,,1,4.6999998,77.8828041695784,77.740837,78.024773
Oral_cavity_and_pharynx,Male,ADa,,,1,4.75,77.7294191524598,77.586456,77.872375
Oral_cavity_and_pharynx,Male,ADa,,,1,4.8000002,77.57466103160841,77.430725,77.718597
Oral_cavity_and_pharynx,Male,ADa,,,1,4.8499999,77.41861658660991,77.273705,77.56353
Oral_cavity_and_pharynx,Male,ADa,,,1,4.9000001,77.26136398059596,77.115486,77.407242
Oral_cavity_and_pharynx,Male,ADa,,,1,4.9499998,77.10298342400725,76.956154,77.249809
Oral_cavity_and_pharynx,Male,ADa,,,1,5.0,76.94354538587538,76.795769,77.091324
Oral_cavity_and_pharynx,Male,ADa,,,2,0.0,0.0,0.0,0.0
Oral_cavity_and_pharynx,Male,ADa,,,2,0.050000001,0.0075955676618592,0.0017590311,0.013432104
Oral_cavity_and_pharynx,Male,ADa,,,2,0.1,0.2302704235174369,0.22038892,0.24015193
Oral_cavity_and_pharynx,Male,ADa,,,2,0.15000001,0.5467134661444621,0.53396511,0.55946183
Oral_cavity_and_pharynx,Male,ADa,,,2,0.2,0.9037597692528668,0.88886976,0.91864979
Oral_cavity_and_pharynx,Male,ADa,,,2,0.25,1.274808461942424,1.258251,1.291366
Oral_cavity_and_pharynx,Male,ADa,,,2,0.30000001,1.645361444823717,1.6274608,1.6632621
Oral_cavity_and_pharynx,Male,ADa,,,2,0.34999999,2.007215861387945,1.9882025,2.0262294
Oral_cavity_and_pharynx,Male,ADa,,,2,0.40000001,2.355714571977733,2.335757,2.3756723
Oral_cavity_and_pharynx,Male,ADa,,,2,0.44999999,2.688299476154445,2.6675241,2.7090747
Oral_cavity_and_pharynx,Male,ADa,,,2,0.5,3.003698573495829,2.9822028,3.0251944
Oral_cavity_and_pharynx,Male,ADa,,,2,0.55000001,3.301441546092092,3.2793014,3.3235817
Oral_cavity_and_pharynx,Male,ADa,,,2,0.60000002,3.5815632515982,3.5588396,3.6042869
Oral_cavity_and_pharynx,Male,ADa,,,2,0.64999998,3.844415016374549,3.821157,3.8676729
Oral_cavity_and_pharynx,Male,ADa,,,2,0.69999999,4.090544237093402,4.0667925,4.114296
Oral_cavity_and_pharynx,Male,ADa,,,2,0.75,4.320612129758502,4.2963996,4.3448243
Oral_cavity_and_pharynx,Male,ADa,,,2,0.80000001,4.535287119532041,4.510643,4.5599313
Oral_cavity_and_pharynx,Male,ADa,,,2,0.85000002,4.735182846186197,4.7101312,4.7602344
Oral_cavity_and_pharynx,Male,ADa,,,2,0.89999998,4.920942940618112,4.8955054,4.9463801
Oral_cavity_and_pharynx,Male,ADa,,,2,0.94999999,5.093232746865169,5.0674286,5.1190372
Oral_cavity_and_pharynx,Male,ADa,,,2,1.0,5.252722362574781,5.2265677,5.2788768
Oral_cavity_and_pharynx,Male,ADa,,,2,1.05,5.398146675989251,5.3716688,5.4246249
Oral_cavity_and_pharynx,Male,ADa,,,2,1.1,5.5319874656564,5.505199,5.5587759
Oral_cavity_and_pharynx,Male,ADa,,,2,1.15,5.654888958295178,5.6278014,5.6819763
Oral_cavity_and_pharynx,Male,ADa,,,2,1.2,5.767472876322845,5.740097,5.7948489
Oral_cavity_and_pharynx,Male,ADa,,,2,1.25,5.87033385748575,5.8426785,5.8979893
Oral_cavity_and_pharynx,Male,ADa,,,2,1.3,5.964040169309737,5.9361134,5.9919672
Oral_cavity_and_pharynx,Male,ADa,,,2,1.35,6.049151335153537,6.0209603,6.0773425
Oral_cavity_and_pharynx,Male,ADa,,,2,1.4,6.126258610368367,6.0978098,6.1547074
Oral_cavity_and_pharynx,Male,ADa,,,2,1.45,6.195925308658008,6.1672244,6.2246261
Oral_cavity_and_pharynx,Male,ADa,,,2,1.5,6.258672421447409,6.2297254,6.2876196
Oral_cavity_and_pharynx,Male,ADa,,,2,1.55,6.314982867536067,6.2857947,6.344171
Oral_cavity_and_pharynx,Male,ADa,,,2,1.6,6.365303822728661,6.3358793,6.3947282
Oral_cavity_and_pharynx,Male,ADa,,,2,1.65,6.410049159090411,6.3803935,6.4397049
Oral_cavity_and_pharynx,Male,ADa,,,2,1.7,6.449602804585744,6.4197202,6.4794855
Oral_cavity_and_pharynx,Male,ADa,,,2,1.75,6.484320259138197,6.4542146,6.5144258
Oral_cavity_and_pharynx,Male,ADa,,,2,1.8,6.51453148415073,6.4842072,6.5448561
Oral_cavity_and_pharynx,Male,ADa,,,2,1.85,6.540542600187647,6.5100031,6.5710821
Oral_cavity_and_pharynx,Male,ADa,,,2,1.9,6.562637618068948,6.5318871,6.5933881
Oral_cavity_and_pharynx,Male,ADa,,,2,1.95,6.581080568019376,6.5501227,6.6120381
Oral_cavity_and_pharynx,Male,ADa,,,2,2.0,6.59611665337979,6.5649552,6.6272779
Oral_cavity_and_pharynx,Male,ADa,,,2,2.05,6.605403940717066,6.5740576,6.6367502
Oral_cavity_and_pharynx,Male,ADa,,,2,2.0999999,6.611724100990434,6.5801964,6.6432519
Oral_cavity_and_pharynx,Male,ADa,,,2,2.1500001,6.615278082414186,6.5835724,6.6469841
Oral_cavity_and_pharynx,Male,ADa,,,2,2.2,6.616254212207821,6.584374,6.6481342
Oral_cavity_and_pharynx,Male,ADa,,,2,2.25,6.614837769247661,6.5827866,6.6468887
Oral_cavity_and_pharynx,Male,ADa,,,2,2.3,6.611204905584719,6.5789862,6.6434236
Oral_cavity_and_pharynx,Male,ADa,,,2,2.3499999,6.605518388481897,6.5731359,6.6379013
Oral_cavity_and_pharynx,Male,ADa,,,2,2.4000001,6.597928655068239,6.5653849,6.6304722
Oral_cavity_and_pharynx,Male,ADa,,,2,2.45,6.588574994013998,6.5558739,6.6212764
Oral_cavity_and_pharynx,Male,ADa,,,2,2.5,6.577586261348891,6.5447307,6.6104417
Oral_cavity_and_pharynx,Male,ADa,,,2,2.55,6.565081866128551,6.5320749,6.5980887
Oral_cavity_and_pharynx,Male,ADa,,,2,2.5999999,6.551172511216446,6.5180178,6.5843272
Oral_cavity_and_pharynx,Male,ADa,,,2,2.6500001,6.535960821101146,6.5026612,6.5692606
Oral_cavity_and_pharynx,Male,ADa,,,2,2.7,6.519542279003144,6.4861007,6.5529838
Oral_cavity_and_pharynx,Male,ADa,,,2,2.75,6.502005375086807,6.4684253,6.5355854
Oral_cavity_and_pharynx,Male,ADa,,,2,2.8,6.483432423835612,6.4497166,6.517148
Oral_cavity_and_pharynx,Male,ADa,,,2,2.8499999,6.463899981089675,6.4300518,6.4977484
Oral_cavity_and_pharynx,Male,ADa,,,2,2.9000001,6.443479189236145,6.4095016,6.477457
Oral_cavity_and_pharynx,Male,ADa,,,2,2.95,6.422236577518511,6.3881326,6.4563408
Oral_cavity_and_pharynx,Male,ADa,,,2,3.0,6.40023384937837,6.3660064,6.4344611
Oral_cavity_and_pharynx,Male,ADa,,,2,3.05,6.374894420517284,6.3405638,6.409225
Oral_cavity_and_pharynx,Male,ADa,,,2,3.0999999,6.348932713581855,6.3145022,6.3833632
Oral_cavity_and_pharynx,Male,ADa,,,2,3.1500001,6.32239935139906,6.2878718,6.3569269
Oral_cavity_and_pharynx,Male,ADa,,,2,3.2,6.295341922593501,6.2607207,6.3299632
Oral_cavity_and_pharynx,Male,ADa,,,2,3.25,6.267804471036639,6.2330923,6.3025165
Oral_cavity_and_pharynx,Male,ADa,,,2,3.3,6.239828228286912,6.2050281,6.2746282
Oral_cavity_and_pharynx,Male,ADa,,,2,3.3499999,6.211451698886655,6.1765671,6.2463365
Oral_cavity_and_pharynx,Male,ADa,,,2,3.4000001,6.182710716290426,6.1477437,6.2176776
Oral_cavity_and_pharynx,Male,ADa,,,2,3.45,6.153639171354857,6.1185932,6.1886849
Oral_cavity_and_pharynx,Male,ADa,,,2,3.5,6.124268354434973,6.0891466,6.1593904
Oral_cavity_and_pharynx,Male,ADa,,,2,3.55,6.094627653920131,6.0594325,6.1298227
Oral_cavity_and_pharynx,Male,ADa,,,2,3.5999999,6.064744560273121,6.029479,6.1000099
Oral_cavity_and_pharynx,Male,ADa,,,2,3.6500001,6.034644651609891,5.9993114,6.0699778
Oral_cavity_and_pharynx,Male,ADa,,,2,3.7,6.004352288671482,5.9689546,6.0397501
Oral_cavity_and_pharynx,Male,ADa,,,2,3.75,5.973889864350758,5.9384298,6.0093498
Oral_cavity_and_pharynx,Male,ADa,,,2,3.8,5.943278479548791,5.9077592,5.9787974
Oral_cavity_and_pharynx,Male,ADa,,,2,3.8499999,5.912537895240881,5.8769622,5.9481134
Oral_cavity_and_pharynx,Male,ADa,,,2,3.9000001,5.881686473291809,5.8460569,5.917316
Oral_cavity_and_pharynx,Male,ADa,,,2,3.95,5.850741847220318,5.8150611,5.8864226
Oral_cavity_and_pharynx,Male,ADa,,,2,4.0,5.819720115328598,5.7839909,5.8554492
Oral_cavity_and_pharynx,Male,ADa,,,2,4.0500002,5.78607518676745,5.750319,5.8218312
Oral_cavity_and_pharynx,Male,ADa,,,2,4.0999999,5.752417328197437,5.7166367,5.788198
Oral_cavity_and_pharynx,Male,ADa,,,2,4.1500001,5.718759152495844,5.6829567,5.7545614
Oral_cavity_and_pharynx,Male,ADa,,,2,4.1999998,5.68511369470118,5.649292,5.7209353
Oral_cavity_and_pharynx,Male,ADa,,,2,4.25,5.651491899366182,5.615653,5.6873307
Oral_cavity_and_pharynx,Male,ADa,,,2,4.3000002,5.61790491783032,5.5820518,5.653758
Oral_cavity_and_pharynx,Male,ADa,,,2,4.3499999,5.584363191582847,5.5484977,5.6202288
Oral_cavity_and_pharynx,Male,ADa,,,2,4.4000001,5.550875538344217,5.5150003,5.586751
Oral_cavity_and_pharynx,Male,ADa,,,2,4.4499998,5.517451431173749,5.4815688,5.5533342
Oral_cavity_and_pharynx,Male,ADa,,,2,4.5,5.484098482464278,5.4482102,5.5199866
Oral_cavity_and_pharynx,Male,ADa,,,2,4.5500002,5.450824712664113,5.4149337,5.4867158
Oral_cavity_and_pharynx,Male,ADa,,,2,4.5999999,5.417637624176262,5.3817458,5.4535294
Oral_cavity_and_pharynx,Male,ADa,,,2,4.6500001,5.384543286622606,5.3486528,5.420434
Oral_cavity_and_pharynx,Male,ADa,,,2,4.6999998,5.351548579428623,5.3156614,5.3874359
Oral_cavity_and_pharynx,Male,ADa,,,2,4.75,5.318658694642593,5.2827773,5.3545403
Oral_cavity_and_pharynx,Male,ADa,,,2,4.8000002,5.285879367590217,5.2500052,5.3217535
Oral_cavity_and_pharynx,Male,ADa,,,2,4.8499999,5.253215952170978,5.2173514,5.2890801
Oral_cavity_and_pharynx,Male,ADa,,,2,4.9000001,5.220672513588378,5.1848197,5.256525
Oral_cavity_and_pharynx,Male,ADa,,,2,4.9499998,5.188254027089227,5.1524148,5.224093
Oral_cavity_and_pharynx,Male,ADa,,,2,5.0,5.155963915062609,5.1201406,5.1917872
Oral_cavity_and_pharynx,Male,ADb,,,0,0.0,0.0,0.0,0.0
Oral_cavity_and_pharynx,Male,ADb,,,0,0.050000001,1.622586341082504,1.5087824,1.7363904
Oral_cavity_and_pharynx,Male,ADb,,,0,0.1,3.887940103853797,3.6195285,4.1563516
Oral_cavity_and_pharynx,Male,ADb,,,0,0.15000001,6.252543643585554,5.8237877,6.6812997
Oral_cavity_and_pharynx,Male,ADb,,,0,0.2,8.569014014697348,7.9836273,9.1544008
Oral_cavity_and_pharynx,Male,ADb,,,0,0.25,10.77896743897723,10.044445,11.51349
Oral_cavity_and_pharynx,Male,ADb,,,0,0.30000001,12.85910977178562,11.984473,13.733746
Oral_cavity_and_pharynx,Male,ADb,,,0,0.34999999,14.80245362544636,13.79719,15.807717
Oral_cavity_and_pharynx,Male,ADb,,,0,0.40000001,16.61013735273332,15.483656,17.736618
Oral_cavity_and_pharynx,Male,ADb,,,0,0.44999999,18.2873961272354,17.048756,19.526037
Oral_cavity_and_pharynx,Male,ADb,,,0,0.5,19.84145400639014,18.499218,21.183689
Oral_cavity_and_pharynx,Male,ADb,,,0,0.55000001,21.28035690869955,19.842545,22.71817
Oral_cavity_and_pharynx,Male,ADb,,,0,0.60000002,22.61232965344134,21.08639,24.138269
Oral_cavity_and_pharynx,Male,ADb,,,0,0.64999998,23.84541378797859,22.238241,25.452587
Oral_cavity_and_pharynx,Male,ADb,,,0,0.69999999,24.9872794807997,23.305237,26.669323
Oral_cavity_and_pharynx,Male,ADb,,,0,0.75,26.04509522497334,24.294046,27.796144
Oral_cavity_and_pharynx,Male,ADb,,,0,0.80000001,27.02509085774506,25.210461,28.839722
Oral_cavity_and_pharynx,Male,ADb,,,0,0.85000002,27.93276091203641,26.059586,29.805935
Oral_cavity_and_pharynx,Male,ADb,,,0,0.89999998,28.77330329747917,26.846252,30.700356
Oral_cavity_and_pharynx,Male,ADb,,,0,0.94999999,29.55161351668835,27.575005,31.528221
Oral_cavity_and_pharynx,Male,ADb,,,0,1.0,30.27226899893371,28.250097,32.294441
Oral_cavity_and_pharynx,Male,ADb,,,0,1.05,30.93561347255843,28.871834,32.999393
Oral_cavity_and_pharynx,Male,ADb,,,0,1.1,31.54939259991265,29.44742,33.651363
Oral_cavity_and_pharynx,Male,ADb,,,0,1.15,32.11728642111824,29.98028,34.254295
Oral_cavity_and_pharynx,Male,ADb,,,0,1.2,32.64270134039307,30.473574,34.811829
Oral_cavity_and_pharynx,Male,ADb,,,0,1.25,33.12877620249229,30.930218,35.327335
Oral_cavity_and_pharynx,Male,ADb,,,0,1.3,33.57841243900596,31.352911,35.803913
Oral_cavity_and_pharynx,Male,ADb,,,0,1.35,33.99444084041504,31.74428,36.244602
Oral_cavity_and_pharynx,Male,ADb,,,0,1.4,34.37964735097,32.106915,36.652382
Oral_cavity_and_pharynx,Male,ADb,,,0,1.45,34.73656151675922,32.443165,37.029957
Oral_cavity_and_pharynx,Male,ADb,,,0,1.5,35.06746167910896,32.75515,37.379772
Oral_cavity_and_pharynx,Male,ADb,,,0,1.55,35.37440857911614,33.044785,37.704033
Oral_cavity_and_pharynx,Male,ADb,,,0,1.6,35.65926676163519,33.313801,38.004734
Oral_cavity_and_pharynx,Male,ADb,,,0,1.65,35.92372412989059,33.563766,38.28368
Oral_cavity_and_pharynx,Male,ADb,,,0,1.7,36.16931537957535,33.796112,38.542519
Oral_cavity_and_pharynx,Male,ADb,,,0,1.75,36.39743351536498,34.012131,38.782734
Oral_cavity_and_pharynx,Male,ADb,,,0,1.8,36.60934869308225,34.213005,39.005692
Oral_cavity_and_pharynx,Male,ADb,,,0,1.85,36.80621921170365,34.399815,39.212624
Oral_cavity_and_pharynx,Male,ADb,,,0,1.9,36.98910170807602,34.573536,39.404667
Oral_cavity_and_pharynx,Male,ADb,,,0,1.95,37.15896447969413,34.735077,39.582851
Oral_cavity_and_pharynx,Male,ADb,,,0,2.0,37.31669295927561,34.885258,39.748127
Oral_cavity_and_pharynx,Male,ADb,,,0,2.05,37.45823007456791,35.020275,39.896183
Oral_cavity_and_pharynx,Male,ADb,,,0,2.0999999,37.58917481150579,35.14537,40.032978
Oral_cavity_and_pharynx,Male,ADb,,,0,2.1500001,37.71021858942679,35.261185,40.159252
Oral_cavity_and_pharynx,Male,ADb,,,0,2.2,37.82199761116883,35.368309,40.275684
Oral_cavity_and_pharynx,Male,ADb,,,0,2.25,37.92512036174763,35.467316,40.382927
Oral_cavity_and_pharynx,Male,ADb,,,0,2.3,38.02016459668089,35.558735,40.481594
Oral_cavity_and_pharynx,Male,ADb,,,0,2.3499999,38.10766192231836,35.643074,40.57225
Oral_cavity_and_pharynx,Male,ADb,,,0,2.4000001,38.1881018036599,35.720779,40.655426
Oral_cavity_and_pharynx,Male,ADb,,,0,2.45,38.26193404000976,35.792278,40.73159
Oral_cavity_and_pharynx,Male,ADb,,,0,2.5,38.32957461824492,35.857952,40.801197
Oral_cavity_and_pharynx,Male,ADb,,,0,2.55,38.39140733082687,35.918167,40.864647
Oral_cavity_and_pharynx,Male,ADb,,,0,2.5999999,38.44778703031038,35.973248,40.922325
Oral_cavity_and_pharynx,Male,ADb,,,0,2.6500001,38.49904242528918,36.023506,40.974579
Oral_cavity_and_pharynx,Male,ADb,,,0,2.7,38.54547743236657,36.069221,41.021732
Oral_cavity_and_pharynx,Male,ADb,,,0,2.75,38.58737471599188,36.110664,41.064083
Oral_cavity_and_pharynx,Male,ADb,,,0,2.8,38.62499655973772,36.148075,41.101917
Oral_cavity_and_pharynx,Male,ADb,,,0,2.8499999,38.65858681252418,36.181683,41.13549
Oral_cavity_and_pharynx,Male,ADb,,,0,2.9000001,38.68837254971835,36.2117,41.165047
Oral_cavity_and_pharynx,Male,ADb,,,0,2.95,38.71456490635654,36.238323,41.190804
Oral_cavity_and_pharynx,Male,ADb,,,0,3.0,38.73736118146164,36.261742,41.212982
Oral_cavity_and_pharynx,Male,ADb,,,0,3.05,38.7516186800617,36.277122,41.226116
Oral_cavity_and_pharynx,Male,ADb,,,0,3.0999999,38.7628498940001,36.289639,41.236061
Oral_cavity_and_pharynx,Male,ADb,,,0,3.1500001,38.77121671545859,36.299446,41.242989
Oral_cavity_and_pharynx,Male,ADb,,,0,3.2,38.77687053617562,36.306683,41.247059
Oral_cavity_and_pharynx,Male,ADb,,,0,3.25,38.77995327381657,36.311481,41.248425
Oral_cavity_and_pharynx,Male,ADb,,,0,3.3,38.7805979190364,36.313972,41.247227
Oral_cavity_and_pharynx,Male,ADb,,,0,3.3499999,38.77892923957315,36.314266,41.243595
Oral_cavity_and_pharynx,Male,ADb,,,0,3.4000001,38.77506435830492,36.312473,41.237656
Oral_cavity_and_pharynx,Male,ADb,,,0,3.45,38.76911338844631,36.308701,41.229527
Oral_cavity_and_pharynx,Male,ADb,,,0,3.5,38.76117982731309,36.303043,41.219315
Oral_cavity_and_pharynx,Male,ADb,,,0,3.55,38.75136108379311,36.295593,41.207127
Oral_cavity_and_pharynx,Male,ADb,,,0,3.5999999,38.73974889096463,36.286438,41.193062
Oral_cavity_and_pharynx,Male,ADb,,,0,3.6500001,38.72642963030772,36.275654,41.177204
Oral_cavity_and_pharynx,Male,ADb,,,0,3.7,38.71148495445647,36.263325,41.159645
Oral_cavity_and_pharynx,Male,ADb,,,0,3.75,38.69499173771962,36.249516,41.140465
Oral_cavity_and_pharynx,Male,ADb,,,0,3.8,38.67702262878231,36.234303,41.119743
Oral_cavity_and_pharynx,Male,ADb,,,0,3.8499999,38.65764627395548,36.217743,41.097549
Oral_cavity_and_pharynx,Male,ADb,,,0,3.9000001,38.63692747650994,36.199902,41.073956
Oral_cavity_and_pharynx,Male,ADb,,,0,3.95,38.61492783984734,36.180832,41.049023
Oral_cavity_and_pharynx,Male,ADb,,,0,4.0,38.59170539784365,36.160599,41.022812
Oral_cavity_and_pharynx,Male,ADb,,,0,4.0500002,38.56180544545028,36.13406,40.989552
Oral_cavity_and_pharynx,Male,ADb,,,0,4.0999999,38.53081770466198,36.10648,40.955154
Oral_cavity_and_pharynx,Male,ADb,,,0,4.1500001,38.49879138598816,36.0779,40.919682
Oral_cavity_and_pharynx,Male,ADb,,,0,4.1999998,38.46577433889357,36.04837,40.883179
Oral_cavity_and_pharynx,Male,ADb,,,0,4.25,38.43181076601994,36.017929,40.845692
Oral_cavity_and_pharynx,Male,ADb,,,0,4.3000002,38.39694354812407,35.986618,40.80727
Oral_cavity_and_pharynx,Male,ADb,,,0,4.3499999,38.36121347283307,35.954475,40.767952
Oral_cavity_and_pharynx,Male,ADb,,,0,4.4000001,38.32465829891535,35.921539,40.727779
Oral_cavity_and_pharynx,Male,ADb,,,0,4.4499998,38.28731527791068,35.88784,40.68679
Oral_cavity_and_pharynx,Male,ADb,,,0,4.5,38.24921847575256,35.853413,40.645023
Oral_cavity_and_pharynx,Male,ADb,,,0,4.5500002,38.21040134841027,35.818291,40.602512
Oral_cavity_and_pharynx,Male,ADb,,,0,4.5999999,38.17089579934847,35.782497,40.559292
Oral_cavity_and_pharynx,Male,ADb,,,0,4.6500001,38.13073110703512,35.746071,40.515392
Oral_cavity_and_pharynx,Male,ADb,,,0,4.6999998,38.08993666082421,35.70903,40.470844
Oral_cavity_and_pharynx,Male,ADb,,,0,4.75,38.048538975534,35.671406,40.425674
Oral_cavity_and_pharynx,Male,ADb,,,0,4.8000002,38.00656447231987,35.633217,40.37991
Oral_cavity_and_pharynx,Male,ADb,,,0,4.8499999,37.96403840437809,35.594494,40.33358
Oral_cavity_and_pharynx,Male,ADb,,,0,4.9000001,37.92098367931243,35.555256,40.286709
Oral_cavity_and_pharynx,Male,ADb,,,0,4.9499998,37.87742377047593,35.515526,40.239323
Oral_cavity_and_pharynx,Male,ADb,,,0,5.0,37.83337948936143,35.475323,40.191437
Oral_cavity_and_pharynx,Male,ADb,,,1,0.0,0.0,0.0,0.0
Oral_cavity_and_pharynx,Male,ADb,,,1,0.050000001,1.249080090313499,1.1571681,1.3409921
Oral_cavity_and_pharynx,Male,ADb,,,1,0.1,3.070130685258079,2.847187,3.2930744
Oral_cavity_and_pharynx,Male,ADb,,,1,0.15000001,5.007925213301084,4.6458683,5.3699822
Oral_cavity_and_pharynx,Male,ADb,,,1,0.2,6.928429561993031,6.4284954,7.4283638
Oral_cavity_and_pharynx,Male,ADb,,,1,0.25,8.775247365455073,8.1427126,9.4077826
Oral_cavity_and_pharynx,Male,ADb,,,1,0.30000001,10.52378397705896,9.7657471,11.281821
Oral_cavity_and_pharynx,Male,ADb,,,1,0.34999999,12.16472039094577,11.28901,13.040431
Oral_cavity_and_pharynx,Male,ADb,,,1,0.40000001,13.69662277174923,12.711219,14.682027
Oral_cavity_and_pharynx,Male,ADb,,,1,0.44999999,15.12221824243773,14.034936,16.209499
Oral_cavity_and_pharynx,Male,ADb,,,1,0.5,16.44640041574767,15.264725,17.628077
Oral_cavity_and_pharynx,Male,ADb,,,1,0.55000001,17.67509928298602,16.406097,18.944101
Oral_cavity_and_pharynx,Male,ADb,,,1,0.60000002,18.81463932267131,17.464924,20.164354
Oral_cavity_and_pharynx,Male,ADb,,,1,0.64999998,19.87136491528839,18.44709,21.295641
Oral_cavity_and_pharynx,Male,ADb,,,1,0.69999999,20.85143321745385,19.358301,22.344564
Oral_cavity_and_pharynx,Male,ADb,,,1,0.75,21.76066992266294,20.203957,23.317383
Oral_cavity_and_pharynx,Male,ADb,,,1,0.80000001,22.60418039998508,20.988781,24.219582
Oral_cavity_and_pharynx,Male,ADb,,,1,0.85000002,23.3865002415185,21.716965,25.056034
Oral_cavity_and_pharynx,Male,ADb,,,1,0.89999998,24.11194778030944,22.392506,25.831388
Oral_cavity_and_pharynx,Male,ADb,,,1,0.94999999,24.7846106643166,23.019182,26.550039
Oral_cavity_and_pharynx,Male,ADb,,,1,1.0,25.40832614502935,23.600538,27.216114
Oral_cavity_and_pharynx,Male,ADb,,,1,1.05,25.98453935248592,24.137909,27.831169
Oral_cavity_and_pharynx,Male,ADb,,,1,1.1,26.51865140073807,24.636288,28.401014
Oral_cavity_and_pharynx,Male,ADb,,,1,1.15,27.01376688219332,25.098543,28.928989
Oral_cavity_and_pharynx,Male,ADb,,,1,1.2,27.47276486933725,25.527338,29.418192
Oral_cavity_and_pharynx,Male,ADb,,,1,1.25,27.89830211466244,25.925125,29.871479
Oral_cavity_and_pharynx,Male,ADb,,,1,1.3,28.29283763640396,26.294178,30.291496
Oral_cavity_and_pharynx,Male,ADb,,,1,1.35,28.65877698849069,26.636721,30.680832
Oral_cavity_and_pharynx,Male,ADb,,,1,1.4,28.99849388612314,26.954947,31.04204
Oral_cavity_and_pharynx,Male,ADb,,,1,1.45,29.31414457953942,27.250851,31.377439
Oral_cavity_and_pharynx,Male,ADb,,,1,1.5,29.60767135959995,27.526224,31.689119
Oral_cavity_and_pharynx,Male,ADb,,,1,1.55,29.88083117422586,27.782696,31.978968
Oral_cavity_and_pharynx,Male,ADb,,,1,1.6,30.13521365038297,28.021732,32.248695
Oral_cavity_and_pharynx,Male,ADb,,,1,1.65,30.3722575916389,28.244665,32.499851
Oral_cavity_and_pharynx,Male,ADb,,,1,1.7,30.59327109723763,28.452705,32.733837
Oral_cavity_and_pharynx,Male,ADb,,,1,1.75,30.7994411338973,28.64695,32.951931
Oral_cavity_and_pharynx,Male,ADb,,,1,1.8,30.9918497860393,28.828402,33.1553
Oral_cavity_and_pharynx,Male,ADb,,,1,1.85,31.17148354902243,28.997971,33.344997
Oral_cavity_and_pharynx,Male,ADb,,,1,1.9,31.33924194824017,29.156488,33.521996
Oral_cavity_and_pharynx,Male,ADb,,,1,1.95,31.49594911181823,29.304724,33.687176
Oral_cavity_and_pharynx,Male,ADb,,,1,2.0,31.64235823198868,29.443367,33.841351
Oral_cavity_and_pharynx,Male,ADb,,,1,2.05,31.776482715703,29.57058,33.982388
Oral_cavity_and_pharynx,Male,ADb,,,1,2.0999999,31.90161909826656,29.689413,34.113823
Oral_cavity_and_pharynx,Male,ADb,,,1,2.1500001,32.0183536807762,29.800415,34.236294
Oral_cavity_and_pharynx,Male,ADb,,,1,2.2,32.12722548920527,29.904083,34.350368
Oral_cavity_and_pharynx,Male,ADb,,,1,2.25,32.22874976408514,30.000895,34.456604
Oral_cavity_and_pharynx,Male,ADb,,,1,2.3,32.32341524377325,30.091303,34.555527
Oral_cavity_and_pharynx,Male,ADb,,,1,2.3499999,32.41167146345565,30.175726,34.647617
Oral_cavity_and_pharynx,Male,ADb,,,1,2.4000001,32.49393224361711,30.254547,34.733318
Oral_cavity_and_pharynx,Male,ADb,,,1,2.45,32.57057753204751,30.328119,34.813034
Oral_cavity_and_pharynx,Male,ADb,,,1,2.5,32.64195877888301,30.39677,34.887146
Oral_cavity_and_pharynx,Male,ADb,,,1,2.55,32.70840004926052,30.460798,34.956001
Oral_cavity_and_pharynx,Male,ADb,,,1,2.5999999,32.77020085779402,30.520483,35.019917
Oral_cavity_and_pharynx,Male,ADb,,,1,2.6500001,32.8276386128791,30.576084,35.079193
Oral_cavity_and_pharynx,Male,ADb,,,1,2.7,32.88096950266562,30.627836,35.134102
Oral_cavity_and_pharynx,Male,ADb,,,1,2.75,32.93043190179974,30.675964,35.184898
Oral_cavity_and_pharynx,Male,ADb,,,1,2.8,32.97624684814086,30.720671,35.231823
Oral_cavity_and_pharynx,Male,ADb,,,1,2.8499999,33.01861976368623,30.762148,35.275089
Oral_cavity_and_pharynx,Male,ADb,,,1,2.9000001,33.05774193251695,30.800575,35.314907
Oral_cavity_and_pharynx,Male,ADb,,,1,2.95,33.09379094583301,30.836117,35.351467
Oral_cavity_and_pharynx,Male,ADb,,,1,3.0,33.12693288539262,30.868925,35.384941
Oral_cavity_and_pharynx,Male,ADb,,,1,3.05,33.15431162630929,30.896347,35.412277
Oral_cavity_and_pharynx,Male,ADb,,,1,3.0999999,33.17908200523645,30.921316,35.436848
Oral_cavity_and_pharynx,Male,ADb,,,1,3.1500001,33.20137987319454,30.943956,35.458805
Oral_cavity_and_pharynx,Male,ADb,,,1,3.2,33.22133201940174,30.964388,35.478275
Oral_cavity_and_pharynx,Male,ADb,,,1,3.25,33.23905747504276,30.982723,35.495392
Oral_cavity_and_pharynx,Male,ADb,,,1,3.3,33.25466768541766,30.999063,35.510273
Oral_cavity_and_pharynx,Male,ADb,,,1,3.3499999,33.26826717802709,31.013508,35.523026
Oral_cavity_and_pharynx,Male,ADb,,,1,3.4000001,33.27995412241228,31.026146,35.53376
Oral_cavity_and_pharynx,Male,ADb,,,1,3.45,33.28982058203817,31.037067,35.542576
Oral_cavity_and_pharynx,Male,ADb,,,1,3.5,33.29795327477572,31.04635,35.549557
Oral_cavity_and_pharynx,Male,ADb,,,1,3.55,33.30443373297456,31.054071,35.554798
Oral_cavity_and_pharynx,Male,ADb,,,1,3.5999999,33.30933872330326,31.060301,35.558376
Oral_cavity_and_pharynx,Male,ADb,,,1,3.6500001,33.31274059011311,31.065109,35.560371
Oral_cavity_and_pharynx,Male,ADb,,,1,3.7,33.31470750199632,31.06856,35.560856
Oral_cavity_and_pharynx,Male,ADb,,,1,3.75,33.31530382884819,31.070709,35.559898
Oral_cavity_and_pharynx,Male,ADb,,,1,3.8,33.31459032854758,31.071619,35.557564
Oral_cavity_and_pharynx,Male,ADb,,,1,3.8499999,33.31262440509043,31.071341,35.553909
Oral_cavity_and_pharynx,Male,ADb,,,1,3.9000001,33.30946031089206,31.069923,35.548996
Oral_cavity_and_pharynx,Male,ADb,,,1,3.95,33.30514941639521,31.067419,35.542881
Oral_cavity_and_pharynx,Male,ADb,,,1,4.0,33.29974030745872,31.063869,35.53561
Oral_cavity_and_pharynx,Male,ADb,,,1,4.0500002,33.29011289535993,31.05637,35.523857
Oral_cavity_and_pharynx,Male,ADb,,,1,4.0999999,33.2794829109495,31.047915,35.511051
Oral_cavity_and_pharynx,Male,ADb,,,1,4.1500001,33.26789177577545,31.038544,35.497238
Oral_cavity_and_pharynx,Male,ADb,,,1,4.1999998,33.25537920303377,31.028296,35.482464
Oral_cavity_and_pharynx,Male,ADb,,,1,4.25,33.24198244509358,31.017204,35.466763
Oral_cavity_and_pharynx,Male,ADb,,,1,4.3000002,33.22773722760986,31.005301,35.450172
Oral_cavity_and_pharynx,Male,ADb,,,1,4.3499999,33.2126775404644,30.99262,35.432735
Oral_cavity_and_pharynx,Male,ADb,,,1,4.4000001,33.19683527519786,30.979193,35.414478
Oral_cavity_and_pharynx,Male,ADb,,,1,4.4499998,33.1802413465051,30.965046,35.395435
Oral_cavity_and_pharynx,Male,ADb,,,1,4.5,33.16292457588648,30.950207,35.375641
Oral_cavity_and_pharynx,Male,ADb,,,1,4.5500002,33.14491286622234,30.934702,35.355125
Oral_cavity_and_pharynx,Male,ADb,,,1,4.5999999,33.12623283606183,30.918556,35.333908
Oral_cavity_and_pharynx,Male,ADb,,,1,4.6500001,33.10690932933349,30.901794,35.312023
Oral_cavity_and_pharynx,Male,ADb,,,1,4.6999998,33.08696674682425,30.884438,35.289497
Oral_cavity_and_pharynx,Male,ADb,,,1,4.75,33.06642763768077,30.866507,35.26635
Oral_cavity_and_pharynx,Male,ADb,,,1,4.8000002,33.04531407641876,30.848024,35.242603
Oral_cavity_and_pharynx,Male,ADb,,,1,4.8499999,33.02364717372585,30.82901,35.218285
Oral_cavity_and_pharynx,Male,ADb,,,1,4.9000001,33.00144648503725,30.809481,35.193413
Oral_cavity_and_pharynx,Male,ADb,,,1,4.9499998,32.97873151946445,30.789457,35.168007
Oral_cavity_and_pharynx,Male,ADb,,,1,5.0,32.95552009361788,30.768953,35.142086
Oral_cavity_and_pharynx,Male,ADb,,,2,0.0,0.0,0.0,0.0
Oral_cavity_and_pharynx,Male,ADb,,,2,0.050000001,0.3904073195301647,0.34229258,0.43852207
Oral_cavity_and_pharynx,Male,ADb,,,2,0.1,0.8504678196426347,0.74242687,0.95850879
Oral_cavity_and_pharynx,Male,ADb,,,2,0.15000001,1.289969806813483,1.1230417,1.4568979
Oral_cavity_and_pharynx,Male,ADb,,,2,0.2,1.69611973298391,1.473966,1.9182734
Oral_cavity_and_pharynx,Male,ADb,,,2,0.25,2.067485453111299,1.7944407,2.3405302
Oral_cavity_and_pharynx,Male,ADb,,,2,0.30000001,2.405801681995137,2.0862262,2.7253771
Oral_cavity_and_pharynx,Male,ADb,,,2,0.34999999,2.71372752177539,2.3517637,3.0756912
Oral_cavity_and_pharynx,Male,ADb,,,2,0.40000001,2.994081702860044,2.5935662,3.3945973
Oral_cavity_and_pharynx,Male,ADb,,,2,0.44999999,3.249559171749497,2.8140006,3.6851177
Oral_cavity_and_pharynx,Male,ADb,,,2,0.5,3.482633432883018,3.0152209,3.9500461
Oral_cavity_and_pharynx,Male,ADb,,,2,0.55000001,3.695531022104654,3.1991539,4.1919084
Oral_cavity_and_pharynx,Male,ADb,,,2,0.60000002,3.890238667548704,3.3675117,4.4129653
Oral_cavity_and_pharynx,Male,ADb,,,2,0.64999998,4.068521660105153,3.5218112,4.615232
Oral_cavity_and_pharynx,Male,ADb,,,2,0.69999999,4.23194724391449,3.6633952,4.8004994
Oral_cavity_and_pharynx,Male,ADb,,,2,0.75,4.381901665283062,3.7934501,4.9703531
Oral_cavity_and_pharynx,Male,ADb,,,2,0.80000001,4.519542832327009,3.9129636,5.126122
Oral_cavity_and_pharynx,Male,ADb,,,2,0.85000002,4.645855846092092,4.0227747,5.2689366
Oral_cavity_and_pharynx,Male,ADb,,,2,0.89999998,4.761742227714867,4.123651,5.3998332
Oral_cavity_and_pharynx,Male,ADb,,,2,0.94999999,4.868028412111643,4.2162962,5.5197606
Oral_cavity_and_pharynx,Male,ADb,,,2,1.0,4.965470407136394,4.301353,5.6295881
Oral_cavity_and_pharynx,Male,ADb,,,2,1.05,5.052850463368179,4.3777823,5.7279186
Oral_cavity_and_pharynx,Male,ADb,,,2,1.1,5.132650857034257,4.4477,5.8176017
Oral_cavity_and_pharynx,Male,ADb,,,2,1.15,5.205457769241765,4.5116038,5.8993115
Oral_cavity_and_pharynx,Male,ADb,,,2,1.2,5.271807925796784,4.5699525,5.9736633
Oral_cavity_and_pharynx,Male,ADb,,,2,1.25,5.332191687133436,4.6231627,6.0412207
Oral_cavity_and_pharynx,Male,ADb,,,2,1.3,5.387058782806449,4.6716185,6.102499
Oral_cavity_and_pharynx,Male,ADb,,,2,1.35,5.436840936726425,4.7156878,6.1579938
Oral_cavity_and_pharynx,Male,ADb,,,2,1.4,5.481956125487061,4.7557278,6.2081847
Oral_cavity_and_pharynx,Male,ADb,,,2,1.45,5.522782762478192,4.7920609,6.2535048
Oral_cavity_and_pharynx,Male,ADb,,,2,1.5,5.559661489811269,4.8249784,6.2943444
Oral_cavity_and_pharynx,Male,ADb,,,2,1.55,5.592900237339125,4.8547435,6.3310571
Oral_cavity_and_pharynx,Male,ADb,,,2,1.6,5.622777670648208,4.8815947,6.3639607
Oral_cavity_and_pharynx,Male,ADb,,,2,1.65,5.64954630507752,4.9057484,6.3933444
Oral_cavity_and_pharynx,Male,ADb,,,2,1.7,5.673435853599603,4.9274006,6.4194708
Oral_cavity_and_pharynx,Male,ADb,,,2,1.75,5.69465521974328,4.9467316,6.4425788
Oral_cavity_and_pharynx,Male,ADb,,,2,1.8,5.713395108480302,4.9639049,6.4628854
Oral_cavity_and_pharynx,Male,ADb,,,2,1.85,5.729829755022362,4.9790692,6.4805903
Oral_cavity_and_pharynx,Male,ADb,,,2,1.9,5.744118528290759,4.9923625,6.4958744
Oral_cavity_and_pharynx,Male,ADb,,,2,1.95,5.756407686006291,5.0039105,6.5089049
Oral_cavity_and_pharynx,Male,ADb,,,2,2.0,5.766831419820219,5.0138283,6.5198345
Oral_cavity_and_pharynx,Male,ADb,,,2,2.05,5.773161528441358,5.0202084,6.5261145
Oral_cavity_and_pharynx,Male,ADb,,,2,2.0999999,5.777861753538382,5.0251613,6.5305624
Oral_cavity_and_pharynx,Male,ADb,,,2,2.1500001,5.781038925319466,5.0287786,6.5332994
Oral_cavity_and_pharynx,Male,ADb,,,2,2.2,5.782791841952463,5.031146,6.5344377
Oral_cavity_and_pharynx,Male,ADb,,,2,2.25,5.783215329205701,5.0323453,6.5340853
Oral_cavity_and_pharynx,Male,ADb,,,2,2.3,5.782399954598612,5.0324554,6.5323443
Oral_cavity_and_pharynx,Male,ADb,,,2,2.3499999,5.780429232517703,5.031548,6.5293102
Oral_cavity_and_pharynx,Male,ADb,,,2,2.4000001,5.777380144347118,5.0296907,6.5250697
Oral_cavity_and_pharynx,Male,ADb,,,2,2.45,5.773323804382136,5.0269446,6.5197034
Oral_cavity_and_pharynx,Male,ADb,,,2,2.5,5.768325910729182,5.0233665,6.5132852
Oral_cavity_and_pharynx,Male,ADb,,,2,2.55,5.76244728101827,5.0190101,6.5058846
Oral_cavity_and_pharynx,Male,ADb,,,2,2.5999999,5.75574427289861,5.0139236,6.4975648
Oral_cavity_and_pharynx,Male,ADb,,,2,2.6500001,5.74826913514271,5.008153,6.4883852
Oral_cavity_and_pharynx,Male,ADb,,,2,2.7,5.740070503451058,5.0017405,6.4784002
Oral_cavity_and_pharynx,Male,ADb,,,2,2.75,5.731193501160389,4.9947252,6.4676614
Oral_cavity_and_pharynx,Male,ADb,,,2,2.8,5.721680162587047,4.987144,6.4562163
Oral_cavity_and_pharynx,Male,ADb,,,2,2.8499999,5.711569655974538,4.9790311,6.444108
Oral_cavity_and_pharynx,Male,ADb,,,2,2.9000001,5.70089846371093,4.970418,6.4313788
Oral_cavity_and_pharynx,Male,ADb,,,2,2.95,5.689700799145804,4.9613352,6.4180665
Oral_cavity_and_pharynx,Male,ADb,,,2,3.0,5.67800849213938,4.9518099,6.4042072
Oral_cavity_and_pharynx,Male,ADb,,,2,3.05,5.663369377316979,4.9397368,6.387002
Oral_cavity_and_pharynx,Male,ADb,,,2,3.0999999,5.648309130791166,4.9272847,6.3693337
Oral_cavity_and_pharynx,Male,ADb,,,2,3.1500001,5.632854339668523,4.9144773,6.3512311
Oral_cavity_and_pharynx,Male,ADb,,,2,3.2,5.617030142442808,4.9013367,6.3327236
Oral_cavity_and_pharynx,Male,ADb,,,2,3.25,5.600859910105125,4.8878827,6.3138371
Oral_cavity_and_pharynx,Male,ADb,,,2,3.3,5.584365652049692,4.8741355,6.2945962
Oral_cavity_and_pharynx,Male,ADb,,,2,3.3499999,5.567568046609445,4.8601127,6.2750235
Oral_cavity_and_pharynx,Male,ADb,,,2,3.4000001,5.550486453626418,4.8458309,6.2551417
Oral_cavity_and_pharynx,Male,ADb,,,2,3.45,5.533139328467987,4.8313074,6.234971
Oral_cavity_and_pharynx,Male,ADb,,,2,3.5,5.515543812948023,4.8165569,6.2145305
Oral_cavity_and_pharynx,Male,ADb,,,2,3.55,5.497716133208442,4.8015933,6.1938391
Oral_cavity_and_pharynx,Male,ADb,,,2,3.5999999,5.479671586411769,4.7864308,6.1729126
Oral_cavity_and_pharynx,Male,ADb,,,2,3.6500001,5.461424515438818,4.771081,6.1517677
Oral_cavity_and_pharynx,Male,ADb,,,2,3.7,5.442988715223748,4.7555571,6.1304202
Oral_cavity_and_pharynx,Male,ADb,,,2,3.75,5.424376963521851,4.7398701,6.1088839
Oral_cavity_and_pharynx,Male,ADb,,,2,3.8,5.405601416947036,4.72403,6.0871725
Oral_cavity_and_pharynx,Male,ADb,,,2,3.8499999,5.386673569648153,4.7080483,6.065299
Oral_cavity_and_pharynx,Male,ADb,,,2,3.9000001,5.367604203909746,4.6919336,6.0432749
Oral_cavity_and_pharynx,Male,ADb,,,2,3.95,5.348403793323399,4.6756949,6.0211124
Oral_cavity_and_pharynx,Male,ADb,,,2,4.0,5.329081993090071,4.6593418,5.9988222
Oral_cavity_and_pharynx,Male,ADb,,,2,4.0500002,5.307137757026151,4.6407189,5.9735565
Oral_cavity_and_pharynx,Male,ADb,,,2,4.0999999,5.285113755166737,4.6220169,5.9482107
Oral_cavity_and_pharynx,Male,ADb,,,2,4.1500001,5.263017929543853,4.6032429,5.9227929
Oral_cavity_and_pharynx,Male,ADb,,,2,4.1999998,5.24085862243086,4.584404,5.8973131
Oral_cavity_and_pharynx,Male,ADb,,,2,4.25,5.218642916915218,4.5655069,5.871779
Oral_cavity_and_pharynx,Male,ADb,,,2,4.3000002,5.196378138865999,4.5465584,5.8461981
Oral_cavity_and_pharynx,Male,ADb,,,2,4.3499999,5.17407124763691,4.5275636,5.8205786
Oral_cavity_and_pharynx,Male,ADb,,,2,4.4000001,5.151728216815179,4.5085292,5.7949271
Oral_cavity_and_pharynx,Male,ADb,,,2,4.4499998,5.129355543891155,4.48946,5.7692509
Oral_cavity_and_pharynx,Male,ADb,,,2,4.5,5.106958564279555,4.4703612,5.7435555
Oral_cavity_and_pharynx,Male,ADb,,,2,4.5500002,5.084542961317595,4.4512382,5.7178478
Oral_cavity_and_pharynx,Male,ADb,,,2,4.5999999,5.062114143060231,4.4320955,5.6921329
Oral_cavity_and_pharynx,Male,ADb,,,2,4.6500001,5.03967661483993,4.4129367,5.6664162
Oral_cavity_and_pharynx,Male,ADb,,,2,4.6999998,5.017235490862063,4.3937674,5.6407037
Oral_cavity_and_pharynx,Male,ADb,,,2,4.75,4.994794795801141,4.3745904,5.6149993
Oral_cavity_and_pharynx,Male,ADb,,,2,4.8000002,4.972358975216512,4.3554101,5.5893078
Oral_cavity_and_pharynx,Male,ADb,,,2,4.8499999,4.949932264945815,4.3362303,5.5636344
Oral_cavity_and_pharynx,Male,ADb,,,2,4.9000001,4.927518060616826,4.3170538,5.5379825
Oral_cavity_and_pharynx,Male,ADb,,,2,4.9499998,4.905120424772612,4.2978845,5.5123563
Oral_cavity_and_pharynx,Male,ADb,,,2,5.0,4.882742386642324,4.2787251,5.4867597
Oral_cavity_and_pharynx,Male,pm,,,0,0.0,0.0,0.0,0.0
Oral_cavity_and_pharynx,Male,pm,,,0,0.050000001,51.70111846923828,49.754959,53.647278
Oral_cavity_and_pharynx,Male,pm,,,0,0.1,45.07229232788086,43.21257,46.932014
Oral_cavity_and_pharynx,Male,pm,,,0,0.15000001,41.46310424804688,39.670677,43.255531
Oral_cavity_and_pharynx,Male,pm,,,0,0.2,39.13137817382813,37.390461,40.872295
Oral_cavity_and_pharynx,Male,pm,,,0,0.25,37.4720573425293,35.771835,39.172279
Oral_cavity_and_pharynx,Male,pm,,,0,0.30000001,36.21702575683594,34.549995,37.884056
Oral_cavity_and_pharynx,Male,pm,,,0,0.34999999,35.22743225097656,33.588196,36.866669
Oral_cavity_and_pharynx,Male,pm,,,0,0.40000001,34.42336654663086,32.807892,36.038841
Oral_cavity_and_pharynx,Male,pm,,,0,0.44999999,33.75519943237305,32.160381,35.350018
Oral_cavity_and_pharynx,Male,pm,,,0,0.5,33.19026947021484,31.613657,34.76688
Oral_cavity_and_pharynx,Male,pm,,,0,0.55000001,32.70608520507813,31.145693,34.266479
Oral_cavity_and_pharynx,Male,pm,,,0,0.60000002,32.28658676147461,30.740774,33.832397
Oral_cavity_and_pharynx,Male,pm,,,0,0.64999998,31.91994857788086,30.387341,33.452557
Oral_cavity_and_pharynx,Male,pm,,,0,0.69999999,31.59724426269531,30.07667,33.117817
Oral_cavity_and_pharynx,Male,pm,,,0,0.75,31.31158638000488,29.802036,32.821136
Oral_cavity_and_pharynx,Male,pm,,,0,0.80000001,31.05759429931641,29.558184,32.557003
Oral_cavity_and_pharynx,Male,pm,,,0,0.85000002,30.83102226257324,29.340969,32.321075
Oral_cavity_and_pharynx,Male,pm,,,0,0.89999998,30.62843704223633,29.147043,32.109829
Oral_cavity_and_pharynx,Male,pm,,,0,0.94999999,30.447021484375,28.973658,31.920385
Oral_cavity_and_pharynx,Male,pm,,,0,1.0,30.28443336486816,28.818529,31.750338
Oral_cavity_and_pharynx,Male,pm,,,0,1.05,30.1381721496582,28.679205,31.597139
Oral_cavity_and_pharynx,Male,pm,,,0,1.1,30.00711441040039,28.554605,31.459623
Oral_cavity_and_pharynx,Male,pm,,,0,1.15,29.88983726501465,28.443344,31.33633
Oral_cavity_and_pharynx,Male,pm,,,0,1.2,29.78510475158691,28.344221,31.225988
Oral_cavity_and_pharynx,Male,pm,,,0,1.25,29.69185256958008,28.256199,31.127506
Oral_cavity_and_pharynx,Male,pm,,,0,1.3,29.60914611816406,28.178368,31.039925
Oral_cavity_and_pharynx,Male,pm,,,0,1.35,29.53611755371094,28.109886,30.962349
Oral_cavity_and_pharynx,Male,pm,,,0,1.4,29.47184562683105,28.049858,30.893833
Oral_cavity_and_pharynx,Male,pm,,,0,1.45,29.41549491882324,27.997469,30.833521
Oral_cavity_and_pharynx,Male,pm,,,0,1.5,29.3663330078125,27.952011,30.780655
Oral_cavity_and_pharynx,Male,pm,,,0,1.55,29.32371520996094,27.912857,30.734573
Oral_cavity_and_pharynx,Male,pm,,,0,1.6,29.28706741333008,27.87945,30.694685
Oral_cavity_and_pharynx,Male,pm,,,0,1.65,29.25588798522949,27.851303,30.660473
Oral_cavity_and_pharynx,Male,pm,,,0,1.7,29.2297191619873,27.827972,30.631466
Oral_cavity_and_pharynx,Male,pm,,,0,1.75,29.20816040039063,27.809071,30.60725
Oral_cavity_and_pharynx,Male,pm,,,0,1.8,29.19084548950195,27.794241,30.58745
Oral_cavity_and_pharynx,Male,pm,,,0,1.85,29.17745018005371,27.783175,30.571726
Oral_cavity_and_pharynx,Male,pm,,,0,1.9,29.16767692565918,27.775578,30.559776
Oral_cavity_and_pharynx,Male,pm,,,0,1.95,29.16125869750977,27.771196,30.551321
Oral_cavity_and_pharynx,Male,pm,,,0,2.0,29.15795135498047,27.769793,30.54611
Oral_cavity_and_pharynx,Male,pm,,,0,2.05,29.15704536437988,27.77066,30.54343
Oral_cavity_and_pharynx,Male,pm,,,0,2.0999999,29.15883255004883,27.774103,30.543562
Oral_cavity_and_pharynx,Male,pm,,,0,2.1500001,29.16313171386719,27.779945,30.546318
Oral_cavity_and_pharynx,Male,pm,,,0,2.2,29.16976737976074,27.788019,30.551516
Oral_cavity_and_pharynx,Male,pm,,,0,2.25,29.17857551574707,27.798164,30.558987
Oral_cavity_and_pharynx,Male,pm,,,0,2.3,29.18939590454102,27.810228,30.568563
Oral_cavity_and_pharynx,Male,pm,,,0,2.3499999,29.20208930969238,27.824078,30.580101
Oral_cavity_and_pharynx,Male,pm,,,0,2.4000001,29.21651649475098,27.839577,30.593456
Oral_cavity_and_pharynx,Male,pm,,,0,2.45,29.23255729675293,27.856611,30.608503
Oral_cavity_and_pharynx,Male,pm,,,0,2.5,29.25009727478027,27.875072,30.625122
Oral_cavity_and_pharynx,Male,pm,,,0,2.55,29.2690315246582,27.894855,30.643208
Oral_cavity_and_pharynx,Male,pm,,,0,2.5999999,29.28926467895508,27.915873,30.662657
Oral_cavity_and_pharynx,Male,pm,,,0,2.6500001,29.31070518493652,27.938034,30.683376
Oral_cavity_and_pharynx,Male,pm,,,0,2.7,29.3332691192627,27.961262,30.705276
Oral_cavity_and_pharynx,Male,pm,,,0,2.75,29.35688018798828,27.985479,30.728281
Oral_cavity_and_pharynx,Male,pm,,,0,2.8,29.38146781921387,28.01062,30.752316
Oral_cavity_and_pharynx,Male,pm,,,0,2.8499999,29.40696334838867,28.036619,30.777308
Oral_cavity_and_pharynx,Male,pm,,,0,2.9000001,29.43330574035645,28.063417,30.803194
Oral_cavity_and_pharynx,Male,pm,,,0,2.95,29.46043586730957,28.09096,30.829912
Oral_cavity_and_pharynx,Male,pm,,,0,3.0,29.48830032348633,28.119192,30.857409
Oral_cavity_and_pharynx,Male,pm,,,0,3.05,29.5163516998291,28.147562,30.885141
Oral_cavity_and_pharynx,Male,pm,,,0,3.0999999,29.54504585266113,28.176538,30.913553
Oral_cavity_and_pharynx,Male,pm,,,0,3.1500001,29.57433891296387,28.206074,30.942604
Oral_cavity_and_pharynx,Male,pm,,,0,3.2,29.60418891906738,28.236134,30.972244
Oral_cavity_and_pharynx,Male,pm,,,0,3.25,29.63455963134766,28.266678,31.002441
Oral_cavity_and_pharynx,Male,pm,,,0,3.3,29.66541290283203,28.297676,31.03315
Oral_cavity_and_pharynx,Male,pm,,,0,3.3499999,29.69671630859375,28.329092,31.064341
Oral_cavity_and_pharynx,Male,pm,,,0,3.4000001,29.72843742370605,28.360897,31.095978
Oral_cavity_and_pharynx,Male,pm,,,0,3.45,29.76054763793945,28.393064,31.128031
Oral_cavity_and_pharynx,Male,pm,,,0,3.5,29.79301643371582,28.425564,31.160469
Oral_cavity_and_pharynx,Male,pm,,,0,3.55,29.82582092285156,28.458374,31.193268
Oral_cavity_and_pharynx,Male,pm,,,0,3.5999999,29.85893249511719,28.491467,31.226398
Oral_cavity_and_pharynx,Male,pm,,,0,3.6500001,29.892333984375,28.524828,31.25984
Oral_cavity_and_pharynx,Male,pm,,,0,3.7,29.92599678039551,28.558428,31.293566
Oral_cavity_and_pharynx,Male,pm,,,0,3.75,29.95990562438965,28.592255,31.327557
Oral_cavity_and_pharynx,Male,pm,,,0,3.8,29.99403953552246,28.626286,31.361794
Oral_cavity_and_pharynx,Male,pm,,,0,3.8499999,30.02837944030762,28.660503,31.396255
Oral_cavity_and_pharynx,Male,pm,,,0,3.9000001,30.06291198730469,28.694897,31.430927
Oral_cavity_and_pharynx,Male,pm,,,0,3.95,30.09761619567871,28.729445,31.465788
Oral_cavity_and_pharynx,Male,pm,,,0,4.0,30.13247871398926,28.764133,31.500824
Oral_cavity_and_pharynx,Male,pm,,,0,4.0500002,30.16699409484863,28.798447,31.535542
Oral_cavity_and_pharynx,Male,pm,,,0,4.0999999,30.2016487121582,28.832884,31.570414
Oral_cavity_and_pharynx,Male,pm,,,0,4.1500001,30.23642730712891,28.86743,31.605425
Oral_cavity_and_pharynx,Male,pm,,,0,4.1999998,30.27131843566895,28.902075,31.640562
Oral_cavity_and_pharynx,Male,pm,,,0,4.25,30.30631256103516,28.93681,31.675816
Oral_cavity_and_pharynx,Male,pm,,,0,4.3000002,30.34139633178711,28.971622,31.71117
Oral_cavity_and_pharynx,Male,pm,,,0,4.3499999,30.37656211853027,29.006502,31.746622
Oral_cavity_and_pharynx,Male,pm,,,0,4.4000001,30.41179847717285,29.041443,31.782154
Oral_cavity_and_pharynx,Male,pm,,,0,4.4499998,30.44709777832031,29.076433,31.817762
Oral_cavity_and_pharynx,Male,pm,,,0,4.5,30.48245048522949,29.111467,31.853434
Oral_cavity_and_pharynx,Male,pm,,,0,4.5500002,30.51784896850586,29.146538,31.88916
Oral_cavity_and_pharynx,Male,pm,,,0,4.5999999,30.55328559875488,29.181635,31.924936
Oral_cavity_and_pharynx,Male,pm,,,0,4.6500001,30.58875274658203,29.216753,31.960752
Oral_cavity_and_pharynx,Male,pm,,,0,4.6999998,30.62424468994141,29.251888,31.996601
Oral_cavity_and_pharynx,Male,pm,,,0,4.75,30.65975570678711,29.287031,32.032478
Oral_cavity_and_pharynx,Male,pm,,,0,4.8000002,30.69527816772461,29.32218,32.068378
Oral_cavity_and_pharynx,Male,pm,,,0,4.8499999,30.73080444335938,29.357323,32.104286
Oral_cavity_and_pharynx,Male,pm,,,0,4.9000001,30.76633262634277,29.39246,32.140205
Oral_cavity_and_pharynx,Male,pm,,,0,4.9499998,30.80185699462891,29.427586,32.176128
Oral_cavity_and_pharynx,Male,pm,,,0,5.0,30.83737182617188,29.462696,32.212048
Oral_cavity_and_pharynx,Male,pm,,,1,0.0,0.0,0.0,0.0
Oral_cavity_and_pharynx,Male,pm,,,1,0.050000001,45.52632141113281,43.390976,47.661667
Oral_cavity_and_pharynx,Male,pm,,,1,0.1,40.56927108764648,38.566067,42.572475
Oral_cavity_and_pharynx,Male,pm,,,1,0.15000001,37.71671676635742,35.797981,39.635452
Oral_cavity_and_pharynx,Male,pm,,,1,0.2,35.83075714111328,33.972233,37.689281
Oral_cavity_and_pharynx,Male,pm,,,1,0.25,34.47003936767578,32.657444,36.282635
Oral_cavity_and_pharynx,Male,pm,,,1,0.30000001,33.43082427978516,31.654936,35.206711
Oral_cavity_and_pharynx,Male,pm,,,1,0.34999999,32.60523986816406,30.859701,34.350777
Oral_cavity_and_pharynx,Male,pm,,,1,0.40000001,31.93034362792969,30.210541,33.650146
Oral_cavity_and_pharynx,Male,pm,,,1,0.44999999,31.36664009094238,29.669086,33.064194
Oral_cavity_and_pharynx,Male,pm,,,1,0.5,30.88795280456543,29.209929,32.565975
Oral_cavity_and_pharynx,Male,pm,,,1,0.55000001,30.47614860534668,28.815475,32.136822
Oral_cavity_and_pharynx,Male,pm,,,1,0.60000002,30.11821365356445,28.473106,31.763321
Oral_cavity_and_pharynx,Male,pm,,,1,0.64999998,29.80452537536621,28.173496,31.435555
Oral_cavity_and_pharynx,Male,pm,,,1,0.69999999,29.52779197692871,27.909575,31.146009
Oral_cavity_and_pharynx,Male,pm,,,1,0.75,29.28236770629883,27.675877,30.888859
Oral_cavity_and_pharynx,Male,pm,,,1,0.80000001,29.06382942199707,27.468117,30.659542
Oral_cavity_and_pharynx,Male,pm,,,1,0.85000002,28.86868858337402,27.282917,30.45446
Oral_cavity_and_pharynx,Male,pm,,,1,0.89999998,28.69411659240723,27.117537,30.270697
Oral_cavity_and_pharynx,Male,pm,,,1,0.94999999,28.53777885437012,26.969717,30.105841
Oral_cavity_and_pharynx,Male,pm,,,1,1.0,28.39773559570313,26.83758,29.957891
Oral_cavity_and_pharynx,Male,pm,,,1,1.05,28.27239036560059,26.719591,29.82519
Oral_cavity_and_pharynx,Male,pm,,,1,1.1,28.16031455993652,26.614359,29.70627
Oral_cavity_and_pharynx,Male,pm,,,1,1.15,28.06031608581543,26.520733,29.599899
Oral_cavity_and_pharynx,Male,pm,,,1,1.2,27.97136116027832,26.437712,29.505011
Oral_cavity_and_pharynx,Male,pm,,,1,1.25,27.89255714416504,26.364433,29.420681
Oral_cavity_and_pharynx,Male,pm,,,1,1.3,27.82311058044434,26.300133,29.346088
Oral_cavity_and_pharynx,Male,pm,,,1,1.35,27.76228713989258,26.244102,29.280472
Oral_cavity_and_pharynx,Male,pm,,,1,1.4,27.70928955078125,26.195572,29.223007
Oral_cavity_and_pharynx,Male,pm,,,1,1.45,27.66338539123535,26.153833,29.172937
Oral_cavity_and_pharynx,Male,pm,,,1,1.5,27.62393951416016,26.118277,29.129602
Oral_cavity_and_pharynx,Male,pm,,,1,1.55,27.59038352966309,26.08835,29.092417
Oral_cavity_and_pharynx,Male,pm,,,1,1.6,27.56221771240234,26.063576,29.06086
Oral_cavity_and_pharynx,Male,pm,,,1,1.65,27.53899574279785,26.043524,29.034468
Oral_cavity_and_pharynx,Male,pm,,,1,1.7,27.52032089233398,26.027809,29.012833
Oral_cavity_and_pharynx,Male,pm,,,1,1.75,27.50583457946777,26.01609,28.995579
Oral_cavity_and_pharynx,Male,pm,,,1,1.8,27.49521636962891,26.008059,28.982374
Oral_cavity_and_pharynx,Male,pm,,,1,1.85,27.4881763458252,26.003433,28.972919
Oral_cavity_and_pharynx,Male,pm,,,1,1.9,27.48445320129395,26.001966,28.96694
Oral_cavity_and_pharynx,Male,pm,,,1,1.95,27.48380661010742,26.003426,28.964188
Oral_cavity_and_pharynx,Male,pm,,,1,2.0,27.48602104187012,26.007605,28.964437
Oral_cavity_and_pharynx,Male,pm,,,1,2.05,27.49095916748047,26.014381,28.967537
Oral_cavity_and_pharynx,Male,pm,,,1,2.0999999,27.49838066101074,26.023516,28.973246
Oral_cavity_and_pharynx,Male,pm,,,1,2.1500001,27.50812339782715,26.034851,28.981396
Oral_cavity_and_pharynx,Male,pm,,,1,2.2,27.52002906799316,26.048239,28.991819
Oral_cavity_and_pharynx,Male,pm,,,1,2.25,27.53395080566406,26.063536,29.004366
Oral_cavity_and_pharynx,Male,pm,,,1,2.3,27.54974174499512,26.080605,29.018879
Oral_cavity_and_pharynx,Male,pm,,,1,2.3499999,27.5672721862793,26.099318,29.035227
Oral_cavity_and_pharynx,Male,pm,,,1,2.4000001,27.5864200592041,26.11956,29.05328
Oral_cavity_and_pharynx,Male,pm,,,1,2.45,27.60707092285156,26.141224,29.072918
Oral_cavity_and_pharynx,Male,pm,,,1,2.5,27.62912368774414,26.164213,29.094034
Oral_cavity_and_pharynx,Male,pm,,,1,2.55,27.65247917175293,26.188431,29.116528
Oral_cavity_and_pharynx,Male,pm,,,1,2.5999999,27.67704963684082,26.213795,29.140305
Oral_cavity_and_pharynx,Male,pm,,,1,2.6500001,27.70275115966797,26.240223,29.165279
Oral_cavity_and_pharynx,Male,pm,,,1,2.7,27.72950744628906,26.267647,29.191368
Oral_cavity_and_pharynx,Male,pm,,,1,2.75,27.75724792480469,26.295996,29.2185
Oral_cavity_and_pharynx,Male,pm,,,1,2.8,27.7859058380127,26.325207,29.246605
Oral_cavity_and_pharynx,Male,pm,,,1,2.8499999,27.8154182434082,26.355221,29.275616
Oral_cavity_and_pharynx,Male,pm,,,1,2.9000001,27.84572792053223,26.385983,29.305473
Oral_cavity_and_pharynx,Male,pm,,,1,2.95,27.87678146362305,26.417442,29.336121
Oral_cavity_and_pharynx,Male,pm,,,1,3.0,27.90852737426758,26.449551,29.367504
Oral_cavity_and_pharynx,Male,pm,,,1,3.05,27.94098472595215,26.482334,29.399635
Oral_cavity_and_pharynx,Male,pm,,,1,3.0999999,27.97404670715332,26.515682,29.432411
Oral_cavity_and_pharynx,Male,pm,,,1,3.1500001,28.00767517089844,26.549561,29.46579
Oral_cavity_and_pharynx,Male,pm,,,1,3.2,28.04182624816895,26.583925,29.499727
Oral_cavity_and_pharynx,Male,pm,,,1,3.25,28.07646942138672,26.61875,29.534189
Oral_cavity_and_pharynx,Male,pm,,,1,3.3,28.1115665435791,26.653994,29.569139
Oral_cavity_and_pharynx,Male,pm,,,1,3.3499999,28.14708709716797,26.689632,29.604542
Oral_cavity_and_pharynx,Male,pm,,,1,3.4000001,28.18300247192383,26.725637,29.640368
Oral_cavity_and_pharynx,Male,pm,,,1,3.45,28.21928405761719,26.761982,29.676586
Oral_cavity_and_pharynx,Male,pm,,,1,3.5,28.25590515136719,26.798639,29.713171
Oral_cavity_and_pharynx,Male,pm,,,1,3.55,28.2928409576416,26.835587,29.750095
Oral_cavity_and_pharynx,Male,pm,,,1,3.5999999,28.33006858825684,26.872803,29.787334
Oral_cavity_and_pharynx,Male,pm,,,1,3.6500001,28.36756706237793,26.910267,29.824867
Oral_cavity_and_pharynx,Male,pm,,,1,3.7,28.40531349182129,26.947958,29.862669
Oral_cavity_and_pharynx,Male,pm,,,1,3.75,28.44329071044922,26.985861,29.900721
Oral_cavity_and_pharynx,Male,pm,,,1,3.8,28.48147964477539,27.023954,29.939005
Oral_cavity_and_pharynx,Male,pm,,,1,3.8499999,28.51986122131348,27.062225,29.977497
Oral_cavity_and_pharynx,Male,pm,,,1,3.9000001,28.55842208862305,27.100657,30.016188
Oral_cavity_and_pharynx,Male,pm,,,1,3.95,28.59714508056641,27.139235,30.055056
Oral_cavity_and_pharynx,Male,pm,,,1,4.0,28.63601684570313,27.177944,30.09409
Oral_cavity_and_pharynx,Male,pm,,,1,4.0500002,28.67511177062988,27.216869,30.133354
Oral_cavity_and_pharynx,Male,pm,,,1,4.0999999,28.71432876586914,27.255899,30.172758
Oral_cavity_and_pharynx,Male,pm,,,1,4.1500001,28.75366020202637,27.295033,30.212288
Oral_cavity_and_pharynx,Male,pm,,,1,4.1999998,28.79309272766113,27.334253,30.251932
Oral_cavity_and_pharynx,Male,pm,,,1,4.25,28.83261489868164,27.37355,30.291679
Oral_cavity_and_pharynx,Male,pm,,,1,4.3000002,28.87221527099609,27.412914,30.331516
Oral_cavity_and_pharynx,Male,pm,,,1,4.3499999,28.91188621520996,27.452339,30.371433
Oral_cavity_and_pharynx,Male,pm,,,1,4.4000001,28.95161819458008,27.491814,30.411423
Oral_cavity_and_pharynx,Male,pm,,,1,4.4499998,28.99140167236328,27.53133,30.451473
Oral_cavity_and_pharynx,Male,pm,,,1,4.5,29.03122901916504,27.570881,30.491577
Oral_cavity_and_pharynx,Male,pm,,,1,4.5500002,29.07109260559082,27.610458,30.531727
Oral_cavity_and_pharynx,Male,pm,,,1,4.5999999,29.11098289489746,27.650055,30.571911
Oral_cavity_and_pharynx,Male,pm,,,1,4.6500001,29.1508960723877,27.689665,30.612127
Oral_cavity_and_pharynx,Male,pm,,,1,4.6999998,29.19082260131836,27.729282,30.652363
Oral_cavity_and_pharynx,Male,pm,,,1,4.75,29.23075866699219,27.7689,30.692617
Oral_cavity_and_pharynx,Male,pm,,,1,4.8000002,29.27069664001465,27.808514,30.73288
Oral_cavity_and_pharynx,Male,pm,,,1,4.8499999,29.31063079833984,27.848116,30.773146
Oral_cavity_and_pharynx,Male,pm,,,1,4.9000001,29.35055923461914,27.887707,30.813412
Oral_cavity_and_pharynx,Male,pm,,,1,4.9499998,29.39047050476074,27.927275,30.853666
Oral_cavity_and_pharynx,Male,pm,,,1,5.0,29.43036651611328,27.966822,30.893911
Oral_cavity_and_pharynx,Male,pm,,,2,0.0,0.0,0.0,0.0
Oral_cavity_and_pharynx,Male,pm,,,2,0.050000001,97.98796081542967,96.503876,99.472046
Oral_cavity_and_pharynx,Male,pm,,,2,0.1,77.55308532714844,75.262032,79.844139
Oral_cavity_and_pharynx,Male,pm,,,2,0.15000001,68.6543197631836,65.79882,71.509819
Oral_cavity_and_pharynx,Male,pm,,,2,0.2,63.41271209716797,60.29554,66.529884
Oral_cavity_and_pharynx,Male,pm,,,2,0.25,59.87765502929688,56.622093,63.133217
Oral_cavity_and_pharynx,Male,pm,,,2,0.30000001,57.30145263671875,53.96701,60.635895
Oral_cavity_and_pharynx,Male,pm,,,2,0.34999999,55.32756423950195,51.946548,58.70858
Oral_cavity_and_pharynx,Male,pm,,,2,0.40000001,53.76147079467773,50.352875,57.170067
Oral_cavity_and_pharynx,Male,pm,,,2,0.44999999,52.48679733276367,49.062424,55.911171
Oral_cavity_and_pharynx,Male,pm,,,2,0.5,51.4290657043457,47.996544,54.861588
Oral_cavity_and_pharynx,Male,pm,,,2,0.55000001,50.53808212280273,47.102489,53.973675
Oral_cavity_and_pharynx,Male,pm,,,2,0.60000002,49.77861022949219,46.34338,53.21384
Oral_cavity_and_pharynx,Male,pm,,,2,0.64999998,49.12508392333984,45.692566,52.557602
Oral_cavity_and_pharynx,Male,pm,,,2,0.69999999,48.55843734741211,45.130245,51.986629
Oral_cavity_and_pharynx,Male,pm,,,2,0.75,48.06410980224609,44.641342,51.486877
Oral_cavity_and_pharynx,Male,pm,,,2,0.80000001,47.63080215454102,44.214191,51.047413
Oral_cavity_and_pharynx,Male,pm,,,2,0.85000002,47.24961853027344,43.839634,50.659603
Oral_cavity_and_pharynx,Male,pm,,,2,0.89999998,46.91340637207031,43.510326,50.316486
Oral_cavity_and_pharynx,Male,pm,,,2,0.94999999,46.6163330078125,43.220291,50.012375
Oral_cavity_and_pharynx,Male,pm,,,2,1.0,46.35358047485352,42.964611,49.74255
Oral_cavity_and_pharynx,Male,pm,,,2,1.05,46.120361328125,42.738586,49.502136
Oral_cavity_and_pharynx,Male,pm,,,2,1.1,45.91409683227539,42.539417,49.288776
Oral_cavity_and_pharynx,Male,pm,,,2,1.15,45.73191452026367,42.364197,49.099632
Oral_cavity_and_pharynx,Male,pm,,,2,1.2,45.57135009765625,42.210423,48.932278
Oral_cavity_and_pharynx,Male,pm,,,2,1.25,45.43028259277344,42.075958,48.784607
Oral_cavity_and_pharynx,Male,pm,,,2,1.3,45.30686950683594,41.958946,48.654793
Oral_cavity_and_pharynx,Male,pm,,,2,1.35,45.19944763183594,41.857719,48.541176
Oral_cavity_and_pharynx,Male,pm,,,2,1.4,45.10635757446289,41.770615,48.442101
Oral_cavity_and_pharynx,Male,pm,,,2,1.45,45.02611541748047,41.696148,48.356083
Oral_cavity_and_pharynx,Male,pm,,,2,1.5,44.95742797851563,41.633026,48.28183
Oral_cavity_and_pharynx,Male,pm,,,2,1.55,44.89916229248047,41.580128,48.218197
Oral_cavity_and_pharynx,Male,pm,,,2,1.6,44.85031890869141,41.536449,48.164188
Oral_cavity_and_pharynx,Male,pm,,,2,1.65,44.81001281738281,41.501122,48.118904
Oral_cavity_and_pharynx,Male,pm,,,2,1.7,44.77746200561523,41.473366,48.081558
Oral_cavity_and_pharynx,Male,pm,,,2,1.75,44.75196838378906,41.452496,48.051441
Oral_cavity_and_pharynx,Male,pm,,,2,1.8,44.73291015625,41.437889,48.027931
Oral_cavity_and_pharynx,Male,pm,,,2,1.85,44.7197265625,41.428997,48.010456
Oral_cavity_and_pharynx,Male,pm,,,2,1.9,44.71191787719727,41.425327,47.998508
Oral_cavity_and_pharynx,Male,pm,,,2,1.95,44.70903015136719,41.426434,47.991627
Oral_cavity_and_pharynx,Male,pm,,,2,2.0,44.71065139770508,41.431911,47.989391
Oral_cavity_and_pharynx,Male,pm,,,2,2.05,44.71571731567383,41.440872,47.990562
Oral_cavity_and_pharynx,Male,pm,,,2,2.0999999,44.72458648681641,41.45351,47.995663
Oral_cavity_and_pharynx,Male,pm,,,2,2.1500001,44.73695373535156,41.469528,48.004379
Oral_cavity_and_pharynx,Male,pm,,,2,2.2,44.75253677368164,41.488651,48.016422
Oral_cavity_and_pharynx,Male,pm,,,2,2.25,44.77108001708984,41.510628,48.031532
Oral_cavity_and_pharynx,Male,pm,,,2,2.3,44.79233932495117,41.535217,48.049461
Oral_cavity_and_pharynx,Male,pm,,,2,2.3499999,44.81609725952148,41.562214,48.069981
Oral_cavity_and_pharynx,Male,pm,,,2,2.4000001,44.8421516418457,41.591415,48.092888
Oral_cavity_and_pharynx,Male,pm,,,2,2.45,44.87031936645508,41.62265,48.117989
Oral_cavity_and_pharynx,Male,pm,,,2,2.5,44.90043258666992,41.655746,48.145119
Oral_cavity_and_pharynx,Male,pm,,,2,2.55,44.93233489990234,41.690563,48.174107
Oral_cavity_and_pharynx,Male,pm,,,2,2.5999999,44.96588134765625,41.726948,48.204815
Oral_cavity_and_pharynx,Male,pm,,,2,2.6500001,45.00094604492188,41.764786,48.237106
Oral_cavity_and_pharynx,Male,pm,,,2,2.7,45.03740692138672,41.803959,48.270855
Oral_cavity_and_pharynx,Male,pm,,,2,2.75,45.07515335083008,41.844357,48.30595
Oral_cavity_and_pharynx,Male,pm,,,2,2.8,45.11408233642578,41.88588,48.342285
Oral_cavity_and_pharynx,Male,pm,,,2,2.8499999,45.15409851074219,41.928436,48.379761
Oral_cavity_and_pharynx,Male,pm,,,2,2.9000001,45.19511413574219,41.971943,48.418285
Oral_cavity_and_pharynx,Male,pm,,,2,2.95,45.2370491027832,42.016323,48.457775
Oral_cavity_and_pharynx,Male,pm,,,2,3.0,45.27983093261719,42.061504,48.498158
Oral_cavity_and_pharynx,Male,pm,,,2,3.05,45.32255935668945,42.106773,48.538345
Oral_cavity_and_pharynx,Male,pm,,,2,3.0999999,45.36599731445313,42.15271,48.579285
Oral_cavity_and_pharynx,Male,pm,,,2,3.1500001,45.41007995605469,42.199253,48.620907
Oral_cavity_and_pharynx,Male,pm,,,2,3.2,45.45475006103516,42.246349,48.663151
Oral_cavity_and_pharynx,Male,pm,,,2,3.25,45.49996566772461,42.293953,48.705978
Oral_cavity_and_pharynx,Male,pm,,,2,3.3,45.54566955566406,42.34201,48.749329
Oral_cavity_and_pharynx,Male,pm,,,2,3.3499999,45.59182357788086,42.390491,48.793156
Oral_cavity_and_pharynx,Male,pm,,,2,3.4000001,45.63838195800781,42.439342,48.837421
Oral_cavity_and_pharynx,Male,pm,,,2,3.45,45.68531036376953,42.488537,48.882084
Oral_cavity_and_pharynx,Male,pm,,,2,3.5,45.73257064819336,42.538036,48.927105
Oral_cavity_and_pharynx,Male,pm,,,2,3.55,45.78012847900391,42.587803,48.972454
Oral_cavity_and_pharynx,Male,pm,,,2,3.5999999,45.82795333862305,42.637817,49.018089
Oral_cavity_and_pharynx,Male,pm,,,2,3.6500001,45.87601852416992,42.688046,49.063992
Oral_cavity_and_pharynx,Male,pm,,,2,3.7,45.92429733276367,42.738464,49.11013
Oral_cavity_and_pharynx,Male,pm,,,2,3.75,45.97275924682617,42.789047,49.156471
Oral_cavity_and_pharynx,Male,pm,,,2,3.8,46.02138519287109,42.839771,49.202999
Oral_cavity_and_pharynx,Male,pm,,,2,3.8499999,46.07015609741211,42.890621,49.249691
Oral_cavity_and_pharynx,Male,pm,,,2,3.9000001,46.11904525756836,42.94157,49.29652
Oral_cavity_and_pharynx,Male,pm,,,2,3.95,46.16803741455078,42.992603,49.343472
Oral_cavity_and_pharynx,Male,pm,,,2,4.0,46.21711349487305,43.043705,49.390522
Oral_cavity_and_pharynx,Male,pm,,,2,4.0500002,46.26534652709961,43.094131,49.436562
Oral_cavity_and_pharynx,Male,pm,,,2,4.0999999,46.31362915039063,43.144592,49.482666
Oral_cavity_and_pharynx,Male,pm,,,2,4.1500001,46.36194610595703,43.195068,49.528824
Oral_cavity_and_pharynx,Male,pm,,,2,4.1999998,46.41028213500977,43.245552,49.575012
Oral_cavity_and_pharynx,Male,pm,,,2,4.25,46.4586296081543,43.296032,49.621227
Oral_cavity_and_pharynx,Male,pm,,,2,4.3000002,46.50697326660156,43.346493,49.667454
Oral_cavity_and_pharynx,Male,pm,,,2,4.3499999,46.55530166625977,43.396923,49.71368
Oral_cavity_and_pharynx,Male,pm,,,2,4.4000001,46.60361099243164,43.447323,49.759899
Oral_cavity_and_pharynx,Male,pm,,,2,4.4499998,46.65188598632813,43.497673,49.806099
Oral_cavity_and_pharynx,Male,pm,,,2,4.5,46.70011901855469,43.54797,49.852268
Oral_cavity_and_pharynx,Male,pm,,,2,4.5500002,46.7483024597168,43.598206,49.898399
Oral_cavity_and_pharynx,Male,pm,,,2,4.5999999,46.79643249511719,43.648376,49.944489
Oral_cavity_and_pharynx,Male,pm,,,2,4.6500001,46.84449768066406,43.698471,49.990524
Oral_cavity_and_pharynx,Male,pm,,,2,4.6999998,46.89249038696289,43.748482,50.036499
Oral_cavity_and_pharynx,Male,pm,,,2,4.75,46.94041061401367,43.798409,50.082413
Oral_cavity_and_pharynx,Male,pm,,,2,4.8000002,46.98825073242188,43.848244,50.128258
Oral_cavity_and_pharynx,Male,pm,,,2,4.8499999,47.03600311279297,43.897984,50.174023
Oral_cavity_and_pharynx,Male,pm,,,2,4.9000001,47.08366394042969,43.94762,50.219707
Oral_cavity_and_pharynx,Male,pm,,,2,4.9499998,47.13122940063477,43.997154,50.265305
Oral_cavity_and_pharynx,Male,pm,,,2,5.0,47.1786994934082,44.046581,50.310818
Oral_cavity_and_pharynx,Male,tce,,,0,0.0,0.0,0.0,0.0
Oral_cavity_and_pharynx,Male,tce,,,0,0.050000001,0.0032181162579817,0.0030885064,0.0033477261
Oral_cavity_and_pharynx,Male,tce,,,0,0.1,0.0084537166122159,0.0081667518,0.0087406812
Oral_cavity_and_pharynx,Male,tce,,,0,0.15000001,0.0144515663651222,0.014008353,0.014894781
Oral_cavity_and_pharynx,Male,tce,,,0,0.2,0.0207114643649545,0.020118922,0.021304006
Oral_cavity_and_pharynx,Male,tce,,,0,0.25,0.0269816123878285,0.026248554,0.027714672
Oral_cavity_and_pharynx,Male,tce,,,0,0.30000001,0.033125176187254,0.032260899,0.033989452
Oral_cavity_and_pharynx,Male,tce,,,0,0.34999999,0.0390662601046441,0.038079944,0.040052578
Oral_cavity_and_pharynx,Male,tce,,,0,0.40000001,0.0447638127518147,0.043664243,0.045863383
Oral_cavity_and_pharynx,Male,tce,,,0,0.44999999,0.050197593771893,0.04899304,0.051402148
Oral_cavity_and_pharynx,Male,tce,,,0,0.5,0.0553601577483701,0.054058325,0.05666199
Oral_cavity_and_pharynx,Male,tce,,,0,0.55000001,0.0602519879862012,0.058860023,0.061643954
Oral_cavity_and_pharynx,Male,tce,,,0,0.60000002,0.0648784925538236,0.063402995,0.066353992
Oral_cavity_and_pharynx,Male,tce,,,0,0.64999998,0.0692480700616965,0.067695126,0.070801012
Oral_cavity_and_pharynx,Male,tce,,,0,0.69999999,0.0733708799985325,0.071746096,0.074995667
Oral_cavity_and_pharynx,Male,tce,,,0,0.75,0.0772579808972758,0.075566515,0.078949444
Oral_cavity_and_pharynx,Male,tce,,,0,0.80000001,0.0809198374410805,0.079166465,0.082673207
Oral_cavity_and_pharynx,Male,tce,,,0,0.85000002,0.0843654877022151,0.082554653,0.086176321
Oral_cavity_and_pharynx,Male,tce,,,0,0.89999998,0.0876042116520064,0.085740037,0.089468382
Oral_cavity_and_pharynx,Male,tce,,,0,0.94999999,0.0906454997779106,0.088731833,0.092559166
Oral_cavity_and_pharynx,Male,tce,,,0,1.0,0.0934988367403347,0.091539241,0.095458433
Oral_cavity_and_pharynx,Male,tce,,,0,1.05,0.0961627630194764,0.094160788,0.098164737
Oral_cavity_and_pharynx,Male,tce,,,0,1.1,0.0986567232651597,0.096615456,0.10069799
Oral_cavity_and_pharynx,Male,tce,,,0,1.15,0.1009895952324111,0.098911889,0.1030673
Oral_cavity_and_pharynx,Male,tce,,,0,1.2,0.103169939562102,0.10105845,0.10528143
Oral_cavity_and_pharynx,Male,tce,,,0,1.25,0.1052059297508639,0.1030631,0.10734876
Oral_cavity_and_pharynx,Male,tce,,,0,1.3,0.1071053765350248,0.1049335,0.10927726
Oral_cavity_and_pharynx,Male,tce,,,0,1.35,0.1088760174801149,0.1066772,0.11107483
Oral_cavity_and_pharynx,Male,tce,,,0,1.4,0.1105261848538066,0.10830239,0.11274998
Oral_cavity_and_pharynx,Male,tce,,,0,1.45,0.1120638497628552,0.10981688,0.11431082
Oral_cavity_and_pharynx,Male,tce,,,0,1.5,0.1134963775402497,0.11122789,0.11576486
Oral_cavity_and_pharynx,Male,tce,,,0,1.55,0.1148305990473456,0.11254214,0.11711906
Oral_cavity_and_pharynx,Male,tce,,,0,1.6,0.116072841033715,0.11376584,0.11837985
Oral_cavity_and_pharynx,Male,tce,,,0,1.65,0.1172289579701356,0.11490472,0.11955319
Oral_cavity_and_pharynx,Male,tce,,,0,1.7,0.1183043891211389,0.11596416,0.12064462
Oral_cavity_and_pharynx,Male,tce,,,0,1.75,0.1193041705122995,0.11694908,0.12165926
Oral_cavity_and_pharynx,Male,tce,,,0,1.8,0.1202329847715336,0.11786409,0.12260188
Oral_cavity_and_pharynx,Male,tce,,,0,1.85,0.1210951815447659,0.11871348,0.12347689
Oral_cavity_and_pharynx,Male,tce,,,0,1.9,0.1218947985819607,0.1195012,0.1242884
Oral_cavity_and_pharynx,Male,tce,,,0,1.95,0.1226356000315567,0.12023096,0.12504025
Oral_cavity_and_pharynx,Male,tce,,,0,2.0,0.1233210833753093,0.1209062,0.12573597
Oral_cavity_and_pharynx,Male,tce,,,0,2.05,0.1239401617853433,0.12151609,0.12636423
Oral_cavity_and_pharynx,Male,tce,,,0,2.0999999,0.1245101324598515,0.12207756,0.12694271
Oral_cavity_and_pharynx,Male,tce,,,0,2.1500001,0.1250338514901261,0.12259344,0.12747426
Oral_cavity_and_pharynx,Male,tce,,,0,2.2,0.125514004271631,0.12306637,0.12796164
Oral_cavity_and_pharynx,Male,tce,,,0,2.25,0.1259533079214564,0.12349901,0.1284076
Oral_cavity_and_pharynx,Male,tce,,,0,2.3,0.1263543781395292,0.12389396,0.1288148
Oral_cavity_and_pharynx,Male,tce,,,0,2.3499999,0.1267196390087209,0.12425359,0.12918569
Oral_cavity_and_pharynx,Male,tce,,,0,2.4000001,0.1270513398824706,0.12458012,0.12952256
Oral_cavity_and_pharynx,Male,tce,,,0,2.45,0.1273515638432466,0.12487561,0.12982751
Oral_cavity_and_pharynx,Male,tce,,,0,2.5,0.1276222504566325,0.12514196,0.13010253
Oral_cavity_and_pharynx,Male,tce,,,0,2.55,0.1278652013628614,0.12538096,0.13034944
Oral_cavity_and_pharynx,Male,tce,,,0,2.5999999,0.1280820929090739,0.12559424,0.13056993
Oral_cavity_and_pharynx,Male,tce,,,0,2.6500001,0.1282744869961484,0.12578337,0.1307656
Oral_cavity_and_pharynx,Male,tce,,,0,2.7,0.1284438366215953,0.12594976,0.13093792
Oral_cavity_and_pharynx,Male,tce,,,0,2.75,0.1285914996642208,0.12609474,0.13108826
Oral_cavity_and_pharynx,Male,tce,,,0,2.8,0.1287187426701023,0.1262196,0.1312179
Oral_cavity_and_pharynx,Male,tce,,,0,2.8499999,0.1288267487342274,0.12632546,0.13132803
Oral_cavity_and_pharynx,Male,tce,,,0,2.9000001,0.1289166242001452,0.12641343,0.13141981
Oral_cavity_and_pharynx,Male,tce,,,0,2.95,0.128989402807293,0.12648454,0.13149425
Oral_cavity_and_pharynx,Male,tce,,,0,3.0,0.1290460535418337,0.12653974,0.13155237
Oral_cavity_and_pharynx,Male,tce,,,0,3.05,0.129071698413823,0.12656446,0.13157895
Oral_cavity_and_pharynx,Male,tce,,,0,3.0999999,0.1290830043872042,0.12657501,0.13159099
Oral_cavity_and_pharynx,Male,tce,,,0,3.1500001,0.1290807736742779,0.12657222,0.13158934
Oral_cavity_and_pharynx,Male,tce,,,0,3.2,0.1290657592286208,0.1265568,0.13157472
Oral_cavity_and_pharynx,Male,tce,,,0,3.25,0.1290386681501025,0.12652947,0.13154787
Oral_cavity_and_pharynx,Male,tce,,,0,3.3,0.1290001648644187,0.12649089,0.13150944
Oral_cavity_and_pharynx,Male,tce,,,0,3.3499999,0.1289508740888377,0.12644166,0.1314601
Oral_cavity_and_pharynx,Male,tce,,,0,3.4000001,0.128891383239533,0.12638235,0.13140041
Oral_cavity_and_pharynx,Male,tce,,,0,3.45,0.1288222461194381,0.12631354,0.13133095
Oral_cavity_and_pharynx,Male,tce,,,0,3.5,0.128743983524343,0.12623572,0.13125224
Oral_cavity_and_pharynx,Male,tce,,,0,3.55,0.128657086468543,0.12614939,0.13116479
Oral_cavity_and_pharynx,Male,tce,,,0,3.5999999,0.1285620179006481,0.12605497,0.13106906
Oral_cavity_and_pharynx,Male,tce,,,0,3.6500001,0.128459214023932,0.12595294,0.13096549
Oral_cavity_and_pharynx,Male,tce,,,0,3.7,0.1283490879875921,0.12584369,0.13085449
Oral_cavity_and_pharynx,Male,tce,,,0,3.75,0.1282320285119882,0.12572759,0.13073647
Oral_cavity_and_pharynx,Male,tce,,,0,3.8,0.1281084032706011,0.12560502,0.13061179
Oral_cavity_and_pharynx,Male,tce,,,0,3.8499999,0.1279785597690355,0.12547632,0.13048081
Oral_cavity_and_pharynx,Male,tce,,,0,3.9000001,0.1278428259392051,0.1253418,0.13034385
Oral_cavity_and_pharynx,Male,tce,,,0,3.95,0.1277015139229717,0.12520178,0.13020125
Oral_cavity_and_pharynx,Male,tce,,,0,4.0,0.1275549172715014,0.12505655,0.13005328
Oral_cavity_and_pharynx,Male,tce,,,0,4.0500002,0.1273870195952626,0.12489042,0.12988363
Oral_cavity_and_pharynx,Male,tce,,,0,4.0999999,0.1272144599517394,0.12471967,0.12970924
Oral_cavity_and_pharynx,Male,tce,,,0,4.1500001,0.1270374862803423,0.12454458,0.12953039
Oral_cavity_and_pharynx,Male,tce,,,0,4.1999998,0.1268563400497552,0.12436538,0.12934729
Oral_cavity_and_pharynx,Male,tce,,,0,4.25,0.1266712435372594,0.12418228,0.12916021
Oral_cavity_and_pharynx,Male,tce,,,0,4.3000002,0.1264824125406979,0.1239955,0.12896933
Oral_cavity_and_pharynx,Male,tce,,,0,4.3499999,0.1262900520284308,0.12380523,0.12877487
Oral_cavity_and_pharynx,Male,tce,,,0,4.4000001,0.1260943511038013,0.12361168,0.12857702
Oral_cavity_and_pharynx,Male,tce,,,0,4.4499998,0.125895496513564,0.12341502,0.12837598
Oral_cavity_and_pharynx,Male,tce,,,0,4.5,0.1256936582753076,0.12321541,0.12817191
Oral_cavity_and_pharynx,Male,tce,,,0,4.5500002,0.1254890033915602,0.12301304,0.12796497
Oral_cavity_and_pharynx,Male,tce,,,0,4.5999999,0.1252816907639723,0.12280804,0.12775534
Oral_cavity_and_pharynx,Male,tce,,,0,4.6500001,0.1250718655933543,0.12260057,0.12754317
Oral_cavity_and_pharynx,Male,tce,,,0,4.6999998,0.1248596737031132,0.12239077,0.12732857
Oral_cavity_and_pharynx,Male,tce,,,0,4.75,0.1246452459353128,0.12217876,0.12711173
Oral_cavity_and_pharynx,Male,tce,,,0,4.8000002,0.1244287126327934,0.12196469,0.12689273
Oral_cavity_and_pharynx,Male,tce,,,0,4.8499999,0.1242101980097833,0.12174866,0.12667173
Oral_cavity_and_pharynx,Male,tce,,,0,4.9000001,0.1239898141396143,0.12153079,0.12644883
Oral_cavity_and_pharynx,Male,tce,,,0,4.9499998,0.1237676758967181,0.1213112,0.12622415
Oral_cavity_and_pharynx,Male,tce,,,0,5.0,0.1235438844394982,0.12108999,0.12599778
Oral_cavity_and_pharynx,Male,tce,,,1,0.0,0.0,0.0,0.0
Oral_cavity_and_pharynx,Male,tce,,,1,0.050000001,0.0032169950230914,0.0030914992,0.0033424909
Oral_cavity_and_pharynx,Male,tce,,,1,0.1,0.0084119275821392,0.0081300708,0.0086937845
Oral_cavity_and_pharynx,Male,tce,,,1,0.15000001,0.0143909628164938,0.01395115,0.014830776
Oral_cavity_and_pharynx,Male,tce,,,1,0.2,0.0206581412819585,0.020065524,0.02125076
Oral_cavity_and_pharynx,Male,tce,,,1,0.25,0.0269583595989053,0.026220625,0.027696094
Oral_cavity_and_pharynx,Male,tce,,,1,0.30000001,0.0331504238138159,0.032276183,0.034024663
Oral_cavity_and_pharynx,Male,tce,,,1,0.34999999,0.0391544384129205,0.038152482,0.040156394
Oral_cavity_and_pharynx,Male,tce,,,1,0.40000001,0.0449259977835379,0.043804917,0.04604708
Oral_cavity_and_pharynx,Male,tce,,,1,0.44999999,0.050442138689464,0.049210146,0.051674131
Oral_cavity_and_pharynx,Male,tce,,,1,0.5,0.055693234948957,0.054358076,0.057028394
Oral_cavity_and_pharynx,Male,tce,,,1,0.55000001,0.0606780326864373,0.059246954,0.062109113
Oral_cavity_and_pharynx,Male,tce,,,1,0.60000002,0.065400559246806,0.063880302,0.066920817
Oral_cavity_and_pharynx,Male,tce,,,1,0.64999998,0.0698681164807884,0.068264939,0.071471296
Oral_cavity_and_pharynx,Male,tce,,,1,0.69999999,0.0740899933827629,0.072409682,0.075770304
Oral_cavity_and_pharynx,Male,tce,,,1,0.75,0.0780765572057925,0.07632447,0.079828642
Oral_cavity_and_pharynx,Male,tce,,,1,0.80000001,0.081837708507236,0.080018818,0.083656602
Oral_cavity_and_pharynx,Male,tce,,,1,0.85000002,0.0853820060377464,0.083500944,0.087263063
Oral_cavity_and_pharynx,Male,tce,,,1,0.89999998,0.0887183405191226,0.086779445,0.090657234
Oral_cavity_and_pharynx,Male,tce,,,1,0.94999999,0.0918558906283302,0.089863196,0.093848586
Oral_cavity_and_pharynx,Male,tce,,,1,1.0,0.0948038925880492,0.092761151,0.096846633
Oral_cavity_and_pharynx,Male,tce,,,1,1.05,0.097563489203559,0.095474385,0.099652596
Oral_cavity_and_pharynx,Male,tce,,,1,1.1,0.100151285117451,0.098019071,0.1022835
Oral_cavity_and_pharynx,Male,tce,,,1,1.15,0.1025760255951934,0.10040373,0.10474833
Oral_cavity_and_pharynx,Male,tce,,,1,1.2,0.1048461710270666,0.1026366,0.10705575
Oral_cavity_and_pharynx,Male,tce,,,1,1.25,0.106969819874433,0.10472558,0.10921405
Oral_cavity_and_pharynx,Male,tce,,,1,1.3,0.108954730172668,0.10667827,0.11123119
Oral_cavity_and_pharynx,Male,tce,,,1,1.35,0.1108086202685525,0.10850219,0.11311505
Oral_cavity_and_pharynx,Male,tce,,,1,1.4,0.112539868356032,0.11020555,0.11487418
Oral_cavity_and_pharynx,Male,tce,,,1,1.45,0.1141565079054086,0.11179623,0.11651678
Oral_cavity_and_pharynx,Male,tce,,,1,1.5,0.1156659674833845,0.11328151,0.11805043
Oral_cavity_and_pharynx,Male,tce,,,1,1.55,0.117075142311502,0.11466815,0.11948213
Oral_cavity_and_pharynx,Male,tce,,,1,1.6,0.1183904232410644,0.11596244,0.12081841
Oral_cavity_and_pharynx,Male,tce,,,1,1.65,0.119617727497386,0.11717016,0.1220653
Oral_cavity_and_pharynx,Male,tce,,,1,1.7,0.1207625565348632,0.11829672,0.12322839
Oral_cavity_and_pharynx,Male,tce,,,1,1.75,0.1218300063446469,0.11934713,0.12431288
Oral_cavity_and_pharynx,Male,tce,,,1,1.8,0.122824818258952,0.12032604,0.12532359
Oral_cavity_and_pharynx,Male,tce,,,1,1.85,0.1237513987192806,0.12123779,0.126265
Oral_cavity_and_pharynx,Male,tce,,,1,1.9,0.1246138398421507,0.12208638,0.1271413
Oral_cavity_and_pharynx,Male,tce,,,1,1.95,0.1254159587430374,0.12287559,0.12795633
Oral_cavity_and_pharynx,Male,tce,,,1,2.0,0.1261613032681702,0.12360887,0.12871373
Oral_cavity_and_pharynx,Male,tce,,,1,2.05,0.1268423841755224,0.12427893,0.12940583
Oral_cavity_and_pharynx,Male,tce,,,1,2.0999999,0.1274729879083326,0.12489928,0.1300467
Oral_cavity_and_pharynx,Male,tce,,,1,2.1500001,0.1280560118101977,0.12547275,0.13063927
Oral_cavity_and_pharynx,Male,tce,,,1,2.2,0.1285941811947214,0.12600204,0.13118632
Oral_cavity_and_pharynx,Male,tce,,,1,2.25,0.1290902603006778,0.12648986,0.13169067
Oral_cavity_and_pharynx,Male,tce,,,1,2.3,0.1295469132946279,0.12693883,0.132155
Oral_cavity_and_pharynx,Male,tce,,,1,2.3499999,0.1299666103681832,0.12735139,0.13258184
Oral_cavity_and_pharynx,Male,tce,,,1,2.4000001,0.1303516449504902,0.12772977,0.13297351
Oral_cavity_and_pharynx,Male,tce,,,1,2.45,0.130704141257402,0.12807611,0.13333218
Oral_cavity_and_pharynx,Male,tce,,,1,2.5,0.1310260786740455,0.12839232,0.13365984
Oral_cavity_and_pharynx,Male,tce,,,1,2.55,0.1313192964258446,0.12868023,0.13395837
Oral_cavity_and_pharynx,Male,tce,,,1,2.5999999,0.1315855065673282,0.12894152,0.1342295
Oral_cavity_and_pharynx,Male,tce,,,1,2.6500001,0.131826305154448,0.12917775,0.13447486
Oral_cavity_and_pharynx,Male,tce,,,1,2.7,0.1320431769620848,0.1293904,0.13469595
Oral_cavity_and_pharynx,Male,tce,,,1,2.75,0.1322375107431493,0.12958086,0.13489418
Oral_cavity_and_pharynx,Male,tce,,,1,2.8,0.132410602173085,0.12975034,0.13507086
Oral_cavity_and_pharynx,Male,tce,,,1,2.8499999,0.1325636620464505,0.1299001,0.13522722
Oral_cavity_and_pharynx,Male,tce,,,1,2.9000001,0.1326978232639389,0.13003123,0.13536443
Oral_cavity_and_pharynx,Male,tce,,,1,2.95,0.1328141442127377,0.13014476,0.13548353
Oral_cavity_and_pharynx,Male,tce,,,1,3.0,0.1329136179543608,0.13024169,0.13558555
Oral_cavity_and_pharynx,Male,tce,,,1,3.05,0.1329849670295249,0.13031097,0.13565896
Oral_cavity_and_pharynx,Male,tce,,,1,3.0999999,0.1330412601680901,0.13036542,0.13571711
Oral_cavity_and_pharynx,Male,tce,,,1,3.1500001,0.1330833197407464,0.13040581,0.13576081
Oral_cavity_and_pharynx,Male,tce,,,1,3.2,0.1331119173594502,0.13043296,0.13579087
Oral_cavity_and_pharynx,Male,tce,,,1,3.25,0.1331277785937949,0.13044755,0.13580801
Oral_cavity_and_pharynx,Male,tce,,,1,3.3,0.1331315853446192,0.13045025,0.13581292
Oral_cavity_and_pharynx,Male,tce,,,1,3.3499999,0.13312397906245,0.1304417,0.13580626
Oral_cavity_and_pharynx,Male,tce,,,1,3.4000001,0.1331055633870201,0.1304225,0.13578863
Oral_cavity_and_pharynx,Male,tce,,,1,3.45,0.1330769070903264,0.13039321,0.13576061
Oral_cavity_and_pharynx,Male,tce,,,1,3.5,0.1330385458915931,0.13035434,0.13572274
Oral_cavity_and_pharynx,Male,tce,,,1,3.55,0.132990984928635,0.13030642,0.13567555
Oral_cavity_and_pharynx,Male,tce,,,1,3.5999999,0.1329347007012069,0.1302499,0.13561951
Oral_cavity_and_pharynx,Male,tce,,,1,3.6500001,0.1328701426010458,0.13018522,0.13555506
Oral_cavity_and_pharynx,Male,tce,,,1,3.7,0.1327977359032558,0.13011281,0.13548267
Oral_cavity_and_pharynx,Male,tce,,,1,3.75,0.1327178815112206,0.13003306,0.13540269
Oral_cavity_and_pharynx,Male,tce,,,1,3.8,0.1326309586307346,0.12994635,0.13531557
Oral_cavity_and_pharynx,Male,tce,,,1,3.8499999,0.1325373258554768,0.12985303,0.13522163
Oral_cavity_and_pharynx,Male,tce,,,1,3.9000001,0.132437321952021,0.12975343,0.13512121
Oral_cavity_and_pharynx,Male,tce,,,1,3.95,0.1323312689846854,0.12964787,0.13501467
Oral_cavity_and_pharynx,Male,tce,,,1,4.0,0.1322194705563496,0.12953666,0.13490228
Oral_cavity_and_pharynx,Male,tce,,,1,4.0500002,0.1320893791989732,0.1294075,0.13477126
Oral_cavity_and_pharynx,Male,tce,,,1,4.0999999,0.131954130270058,0.12927327,0.134635
Oral_cavity_and_pharynx,Male,tce,,,1,4.1500001,0.1318139814629006,0.12913419,0.13449377
Oral_cavity_and_pharynx,Male,tce,,,1,4.1999998,0.1316691822955984,0.12899056,0.13434781
Oral_cavity_and_pharynx,Male,tce,,,1,4.25,0.1315199642126615,0.12884256,0.13419737
Oral_cavity_and_pharynx,Male,tce,,,1,4.3000002,0.1313665508709089,0.12869045,0.13404265
Oral_cavity_and_pharynx,Male,tce,,,1,4.3499999,0.131209154860323,0.12853441,0.13388391
Oral_cavity_and_pharynx,Male,tce,,,1,4.4000001,0.131047973659759,0.12837464,0.13372131
Oral_cavity_and_pharynx,Male,tce,,,1,4.4499998,0.1308832008319775,0.12821135,0.13355505
Oral_cavity_and_pharynx,Male,tce,,,1,4.5,0.1307150142947025,0.12804468,0.13338535
Oral_cavity_and_pharynx,Male,tce,,,1,4.5500002,0.1305435877582524,0.12787485,0.13321233
Oral_cavity_and_pharynx,Male,tce,,,1,4.5999999,0.130369086641748,0.12770198,0.1330362
Oral_cavity_and_pharynx,Male,tce,,,1,4.6500001,0.130191663402074,0.12752624,0.13285708
Oral_cavity_and_pharynx,Male,tce,,,1,4.6999998,0.1300114696846022,0.12734778,0.13267516
Oral_cavity_and_pharynx,Male,tce,,,1,4.75,0.1298286431991726,0.12716673,0.13249056
Oral_cavity_and_pharynx,Male,tce,,,1,4.8000002,0.1296433200636662,0.12698323,0.13230342
Oral_cavity_and_pharynx,Male,tce,,,1,4.8499999,0.1294556301137616,0.12679741,0.13211386
Oral_cavity_and_pharynx,Male,tce,,,1,4.9000001,0.1292656917623282,0.12660937,0.13192202
Oral_cavity_and_pharynx,Male,tce,,,1,4.9499998,0.1290736248989277,0.12641925,0.13172801
Oral_cavity_and_pharynx,Male,tce,,,1,5.0,0.1288795367016994,0.12622713,0.13153194
Oral_cavity_and_pharynx,Male,tce,,,2,0.0,0.0,0.0,0.0
Oral_cavity_and_pharynx,Male,tce,,,2,0.050000001,0.0032265460927758,0.0028015031,0.0036515892
Oral_cavity_and_pharynx,Male,tce,,,2,0.1,0.0087679011089854,0.0078309411,0.0097048609
Oral_cavity_and_pharynx,Male,tce,,,2,0.15000001,0.014907204971553,0.013479982,0.016334429
Oral_cavity_and_pharynx,Male,tce,,,2,0.2,0.0211123658926171,0.019232836,0.022991896
Oral_cavity_and_pharynx,Male,tce,,,2,0.25,0.0271564349614302,0.024864787,0.029448083
Oral_cavity_and_pharynx,Male,tce,,,2,0.30000001,0.0329353557288373,0.03026996,0.035600752
Oral_cavity_and_pharynx,Male,tce,,,2,0.34999999,0.0384033048419605,0.035399474,0.041407134
Oral_cavity_and_pharynx,Male,tce,,,2,0.40000001,0.0435444491417495,0.040234186,0.046854716
Oral_cavity_and_pharynx,Male,tce,,,2,0.44999999,0.0483590198274032,0.04477112,0.051946919
Oral_cavity_and_pharynx,Male,tce,,,2,0.5,0.0528559672357004,0.049016286,0.056695651
Oral_cavity_and_pharynx,Male,tce,,,2,0.55000001,0.0570488354004812,0.052980565,0.061117105
Oral_cavity_and_pharynx,Male,tce,,,2,0.60000002,0.0609534131510795,0.056677375,0.065229453
Oral_cavity_and_pharynx,Male,tce,,,2,0.64999998,0.0645863449199919,0.060121253,0.069051437
Oral_cavity_and_pharynx,Male,tce,,,2,0.69999999,0.067964334875809,0.063327044,0.072601624
Oral_cavity_and_pharynx,Male,tce,,,2,0.75,0.0711036388346205,0.066309348,0.075897932
Oral_cavity_and_pharynx,Male,tce,,,2,0.80000001,0.074018962773976,0.069081463,0.078956462
Oral_cavity_and_pharynx,Male,tce,,,2,0.85000002,0.0767229484731527,0.071654864,0.081791036
Oral_cavity_and_pharynx,Male,tce,,,2,0.89999998,0.0792278024171282,0.074040689,0.084414914
Oral_cavity_and_pharynx,Male,tce,,,2,0.94999999,0.0815453593933333,0.076249801,0.08684092
Oral_cavity_and_pharynx,Male,tce,,,2,1.0,0.0836869719036181,0.078292675,0.089081272
Oral_cavity_and_pharynx,Male,tce,,,2,1.05,0.0856316152409839,0.080149859,0.091113366
Oral_cavity_and_pharynx,Male,tce,,,2,1.1,0.0874200862197215,0.081859112,0.092981063
Oral_cavity_and_pharynx,Male,tce,,,2,1.15,0.0890622586975471,0.08342962,0.094694898
Oral_cavity_and_pharynx,Male,tce,,,2,1.2,0.0905674470342257,0.084870078,0.096264817
Oral_cavity_and_pharynx,Male,tce,,,2,1.25,0.0919443888676992,0.086188674,0.097700104
Oral_cavity_and_pharynx,Male,tce,,,2,1.3,0.0932012911584324,0.08739309,0.099009492
Oral_cavity_and_pharynx,Male,tce,,,2,1.35,0.0943460359652104,0.088490754,0.10020132
Oral_cavity_and_pharynx,Male,tce,,,2,1.4,0.0953866102659742,0.089489192,0.10128403
Oral_cavity_and_pharynx,Male,tce,,,2,1.45,0.0963305162965939,0.09039551,0.10226552
Oral_cavity_and_pharynx,Male,tce,,,2,1.5,0.0971846439769569,0.091216229,0.10315306
Oral_cavity_and_pharynx,Male,tce,,,2,1.55,0.0979553402860962,0.091957361,0.10395332
Oral_cavity_and_pharynx,Male,tce,,,2,1.6,0.0986484500344233,0.092624448,0.10467245
Oral_cavity_and_pharynx,Male,tce,,,2,1.65,0.0992693558822303,0.093222611,0.1053161
Oral_cavity_and_pharynx,Male,tce,,,2,1.7,0.0998230295289644,0.093756571,0.10588949
Oral_cavity_and_pharynx,Male,tce,,,2,1.75,0.1003140561580915,0.094230682,0.10639744
Oral_cavity_and_pharynx,Male,tce,,,2,1.8,0.1007466770381451,0.09464898,0.10684437
Oral_cavity_and_pharynx,Male,tce,,,2,1.85,0.1011248148060982,0.095015213,0.10723442
Oral_cavity_and_pharynx,Male,tce,,,2,1.9,0.1014520984652113,0.095332824,0.10757138
Oral_cavity_and_pharynx,Male,tce,,,2,1.95,0.1017318939392781,0.095605023,0.10785877
Oral_cavity_and_pharynx,Male,tce,,,2,2.0,0.1019673200523776,0.095834784,0.10809986
Oral_cavity_and_pharynx,Male,tce,,,2,2.05,0.1021202420720247,0.095986702,0.10825378
Oral_cavity_and_pharynx,Male,tce,,,2,2.0999999,0.1022343522760877,0.096101478,0.10836723
Oral_cavity_and_pharynx,Male,tce,,,2,2.1500001,0.1023121966066521,0.096181557,0.10844284
Oral_cavity_and_pharynx,Male,tce,,,2,2.2,0.10235616034069,0.096229203,0.10848312
Oral_cavity_and_pharynx,Male,tce,,,2,2.25,0.1023686063180438,0.096246675,0.10849053
Oral_cavity_and_pharynx,Male,tce,,,2,2.3,0.1023517858495904,0.096236132,0.10846744
Oral_cavity_and_pharynx,Male,tce,,,2,2.3499999,0.1023077763566164,0.096199557,0.108416
Oral_cavity_and_pharynx,Male,tce,,,2,2.4000001,0.1022384958160287,0.096138775,0.10833821
Oral_cavity_and_pharynx,Male,tce,,,2,2.45,0.1021457180551698,0.096055493,0.10823594
Oral_cavity_and_pharynx,Male,tce,,,2,2.5,0.1020310832624123,0.095951274,0.1081109
Oral_cavity_and_pharynx,Male,tce,,,2,2.55,0.1018961104994231,0.095827565,0.10796466
Oral_cavity_and_pharynx,Male,tce,,,2,2.5999999,0.1017422076527491,0.095685728,0.10779869
Oral_cavity_and_pharynx,Male,tce,,,2,2.6500001,0.1015706798335206,0.095527001,0.10761436
Oral_cavity_and_pharynx,Male,tce,,,2,2.7,0.1013827411258962,0.095352545,0.10741293
Oral_cavity_and_pharynx,Male,tce,,,2,2.75,0.101179517286405,0.09516345,0.10719559
Oral_cavity_and_pharynx,Male,tce,,,2,2.8,0.1009620558563925,0.094960704,0.1069634
Oral_cavity_and_pharynx,Male,tce,,,2,2.8499999,0.100731331675816,0.094745256,0.10671741
Oral_cavity_and_pharynx,Male,tce,,,2,2.9000001,0.1004882514223567,0.094517961,0.10645854
Oral_cavity_and_pharynx,Male,tce,,,2,2.95,0.1002336635250737,0.094279639,0.10618769
Oral_cavity_and_pharynx,Male,tce,,,2,3.0,0.0999683559632469,0.094031043,0.10590567
Oral_cavity_and_pharynx,Male,tce,,,2,3.05,0.0996503807021923,0.093733154,0.10556761
Oral_cavity_and_pharynx,Male,tce,,,2,3.0999999,0.0993234574841216,0.093426675,0.10522024
Oral_cavity_and_pharynx,Male,tce,,,2,3.1500001,0.098988236963536,0.093112238,0.10486423
Oral_cavity_and_pharynx,Male,tce,,,2,3.2,0.0986453318138074,0.092790425,0.10450023
Oral_cavity_and_pharynx,Male,tce,,,2,3.25,0.0982953102729836,0.092461787,0.10412884
Oral_cavity_and_pharynx,Male,tce,,,2,3.3,0.0979387053825456,0.092126824,0.10375059
Oral_cavity_and_pharynx,Male,tce,,,2,3.3499999,0.0975760160532844,0.09178602,0.10336601
Oral_cavity_and_pharynx,Male,tce,,,2,3.4000001,0.0972077077270041,0.091439828,0.10297559
Oral_cavity_and_pharynx,Male,tce,,,2,3.45,0.096834221663998,0.09108866,0.10257979
Oral_cavity_and_pharynx,Male,tce,,,2,3.5,0.0964559664604761,0.09073291,0.10217903
Oral_cavity_and_pharynx,Male,tce,,,2,3.55,0.0960733269451905,0.09037295,0.10177371
Oral_cavity_and_pharynx,Male,tce,,,2,3.5999999,0.0956866641845202,0.090009123,0.10136421
Oral_cavity_and_pharynx,Male,tce,,,2,3.6500001,0.0952963152262741,0.08964175,0.10095087
Oral_cavity_and_pharynx,Male,tce,,,2,3.7,0.0949026020528545,0.089271151,0.10053405
Oral_cavity_and_pharynx,Male,tce,,,2,3.75,0.0945058217884017,0.088897601,0.10011404
Oral_cavity_and_pharynx,Male,tce,,,2,3.8,0.0941062554024423,0.088521369,0.099691138
Oral_cavity_and_pharynx,Male,tce,,,2,3.8499999,0.0937041670365698,0.088142715,0.09926562
Oral_cavity_and_pharynx,Male,tce,,,2,3.9000001,0.0932998031639514,0.087761864,0.098837741
Oral_cavity_and_pharynx,Male,tce,,,2,3.95,0.092893401325959,0.087379053,0.098407745
Oral_cavity_and_pharynx,Male,tce,,,2,4.0,0.0924851795014724,0.086994492,0.097975872
Oral_cavity_and_pharynx,Male,tce,,,2,4.0500002,0.0920330407398417,0.086568981,0.097497098
Oral_cavity_and_pharynx,Male,tce,,,2,4.0999999,0.0915799661364902,0.086142555,0.097017378
Oral_cavity_and_pharynx,Male,tce,,,2,4.1500001,0.0911261302977132,0.085715376,0.096536882
Oral_cavity_and_pharynx,Male,tce,,,2,4.1999998,0.0906717141738967,0.085287623,0.096055806
Oral_cavity_and_pharynx,Male,tce,,,2,4.25,0.0902168711199013,0.084859431,0.095574312
Oral_cavity_and_pharynx,Male,tce,,,2,4.3000002,0.0897617578470469,0.084430963,0.095092557
Oral_cavity_and_pharynx,Male,tce,,,2,4.3499999,0.0893065220216816,0.084002346,0.094610691
Oral_cavity_and_pharynx,Male,tce,,,2,4.4000001,0.0888512897771285,0.083573721,0.094128862
Oral_cavity_and_pharynx,Male,tce,,,2,4.4499998,0.0883961966150335,0.083145201,0.093647197
Oral_cavity_and_pharynx,Male,tce,,,2,4.5,0.0879413531570125,0.082716897,0.093165815
Oral_cavity_and_pharynx,Male,tce,,,2,4.5500002,0.0874868759740894,0.082288913,0.092684835
Oral_cavity_and_pharynx,Male,tce,,,2,4.5999999,0.087032874967301,0.081861369,0.092204377
Oral_cavity_and_pharynx,Male,tce,,,2,4.6500001,0.0865794407837603,0.081434347,0.091724537
Oral_cavity_and_pharynx,Male,tce,,,2,4.6999998,0.0861266754753132,0.081007943,0.091245413
Oral_cavity_and_pharynx,Male,tce,,,2,4.75,0.085674658249688,0.080582224,0.090767093
Oral_cavity_and_pharynx,Male,tce,,,2,4.8000002,0.0852234760309564,0.080157287,0.090289667
Oral_cavity_and_pharynx,Male,tce,,,2,4.8499999,0.0847732107693228,0.0797332,0.089813218
Oral_cavity_and_pharynx,Male,tce,,,2,4.9000001,0.0843239268752645,0.07931003,0.089337818
Oral_cavity_and_pharynx,Male,tce,,,2,4.9499998,0.0838757015177206,0.07888785,0.088863552
Oral_cavity_and_pharynx,Male,tce,,,2,5.0,0.0834285905966177,0.078466721,0.088390462
Oral_cavity_and_pharynx,Male,tde,,,0,0.0,0.0,0.0,0.0
Oral_cavity_and_pharynx,Male,tde,,,0,0.050000001,0.0015543141775051,0.0015425627,0.0015660656
Oral_cavity_and_pharynx,Male,tde,,,0,0.1,0.004643432614894,0.0046250001,0.0046618655
Oral_cavity_and_pharynx,Male,tde,,,0,0.15000001,0.0084594983393231,0.0084369322,0.0084820651
Oral_cavity_and_pharynx,Male,tde,,,0,0.2,0.0126067825407967,0.012580871,0.012632694
Oral_cavity_and_pharynx,Male,tde,,,0,0.25,0.0168710467144421,0.016841793,0.016900299
Oral_cavity_and_pharynx,Male,tde,,,0,0.30000001,0.0211282229355949,0.02109541,0.021161035
Oral_cavity_and_pharynx,Male,tde,,,0,0.34999999,0.0253042201318125,0.025267676,0.025340764
Oral_cavity_and_pharynx,Male,tde,,,0,0.40000001,0.0293546009355218,0.029314276,0.029394925
Oral_cavity_and_pharynx,Male,tde,,,0,0.44999999,0.033253295123746,0.033209264,0.033297326
Oral_cavity_and_pharynx,Male,tde,,,0,0.5,0.0369859719959044,0.036938403,0.037033543
Oral_cavity_and_pharynx,Male,tde,,,0,0.55000001,0.0405459210663593,0.040495038,0.040596806
Oral_cavity_and_pharynx,Male,tde,,,0,0.60000002,0.0439314417850989,0.043877505,0.043985378
Oral_cavity_and_pharynx,Male,tde,,,0,0.64999998,0.0471441213161902,0.047087397,0.047200844
Oral_cavity_and_pharynx,Male,tde,,,0,0.69999999,0.0501877033748755,0.050128464,0.050246943
Oral_cavity_and_pharynx,Male,tde,,,0,0.75,0.0530672809973222,0.053005785,0.053128775
Oral_cavity_and_pharynx,Male,tde,,,0,0.80000001,0.0557880831405615,0.055724572,0.055851594
Oral_cavity_and_pharynx,Male,tde,,,0,0.85000002,0.0583547459941874,0.058289446,0.058420047
Oral_cavity_and_pharynx,Male,tde,,,0,0.89999998,0.0607724103432889,0.060705524,0.060839299
Oral_cavity_and_pharynx,Male,tde,,,0,0.94999999,0.0630466445073002,0.06297835,0.063114941
Oral_cavity_and_pharynx,Male,tde,,,0,1.0,0.0651832445265872,0.065113693,0.065252796
Oral_cavity_and_pharynx,Male,tde,,,0,1.05,0.0671810644467946,0.067110404,0.067251727
Oral_cavity_and_pharynx,Male,tde,,,0,1.1,0.0690526865291237,0.068981029,0.069124341
Oral_cavity_and_pharynx,Male,tde,,,0,1.15,0.0708039698771705,0.070731409,0.070876531
Oral_cavity_and_pharynx,Male,tde,,,0,1.2,0.0724406641554901,0.072367273,0.072514057
Oral_cavity_and_pharynx,Male,tde,,,0,1.25,0.0739683393468718,0.07389418,0.074042499
Oral_cavity_and_pharynx,Male,tde,,,0,1.3,0.0753923888108552,0.075317495,0.075467281
Oral_cavity_and_pharynx,Male,tde,,,0,1.35,0.0767182699360105,0.076642677,0.076793864
Oral_cavity_and_pharynx,Male,tde,,,0,1.4,0.0779520790659953,0.077875793,0.078028366
Oral_cavity_and_pharynx,Male,tde,,,0,1.45,0.0790997141553983,0.07902275,0.079176679
Oral_cavity_and_pharynx,Male,tde,,,0,1.5,0.0801666534921025,0.080088995,0.08024431
Oral_cavity_and_pharynx,Male,tde,,,0,1.55,0.0811580021301726,0.081079647,0.081236355
Oral_cavity_and_pharynx,Male,tde,,,0,1.6,0.0820785090133579,0.081999436,0.082157582
Oral_cavity_and_pharynx,Male,tde,,,0,1.65,0.0829325863305206,0.082852781,0.083012395
Oral_cavity_and_pharynx,Male,tde,,,0,1.7,0.0837243483540393,0.083643779,0.08380492
Oral_cavity_and_pharynx,Male,tde,,,0,1.75,0.0844576175867519,0.084376253,0.084538981
Oral_cavity_and_pharynx,Male,tde,,,0,1.8,0.0851359593952118,0.085053772,0.085218146
Oral_cavity_and_pharynx,Male,tde,,,0,1.85,0.0857626953600247,0.08567965,0.085845739
Oral_cavity_and_pharynx,Male,tde,,,0,1.9,0.0863409175806602,0.086256988,0.08642485
Oral_cavity_and_pharynx,Male,tde,,,0,1.95,0.086873515695172,0.086788669,0.086958364
Oral_cavity_and_pharynx,Male,tde,,,0,2.0,0.0873631813866718,0.087277383,0.087448984
Oral_cavity_and_pharynx,Male,tde,,,0,2.05,0.087802872618932,0.087716103,0.087889642
Oral_cavity_and_pharynx,Male,tde,,,0,2.0999999,0.0882044303972004,0.088116653,0.088292204
Oral_cavity_and_pharynx,Male,tde,,,0,2.1500001,0.0885700658117563,0.088481262,0.088658869
Oral_cavity_and_pharynx,Male,tde,,,0,2.2,0.0889018619699784,0.088812001,0.088991724
Oral_cavity_and_pharynx,Male,tde,,,0,2.25,0.089201927957347,0.089110985,0.089292869
Oral_cavity_and_pharynx,Male,tde,,,0,2.3,0.0894722972972378,0.089380249,0.089564346
Oral_cavity_and_pharynx,Male,tde,,,0,2.3499999,0.0897148580045089,0.089621678,0.089808032
Oral_cavity_and_pharynx,Male,tde,,,0,2.4000001,0.0899313647905427,0.089837044,0.090025686
Oral_cavity_and_pharynx,Male,tde,,,0,2.45,0.0901234458169535,0.090027958,0.090218931
Oral_cavity_and_pharynx,Male,tde,,,0,2.5,0.0902926186942244,0.090195946,0.090389289
Oral_cavity_and_pharynx,Male,tde,,,0,2.55,0.0904402951973482,0.090342425,0.090538159
Oral_cavity_and_pharynx,Male,tde,,,0,2.5999999,0.0905677905414554,0.090468712,0.090666868
Oral_cavity_and_pharynx,Male,tde,,,0,2.6500001,0.0906763313325175,0.09057603,0.09077663
Oral_cavity_and_pharynx,Male,tde,,,0,2.7,0.0907670604235955,0.090665527,0.090868592
Oral_cavity_and_pharynx,Male,tde,,,0,2.75,0.0908410462653634,0.090738274,0.090943821
Oral_cavity_and_pharynx,Male,tde,,,0,2.8,0.0908992864766661,0.090795264,0.091003306
Oral_cavity_and_pharynx,Male,tde,,,0,2.8499999,0.0909427136504803,0.090837434,0.091047987
Oral_cavity_and_pharynx,Male,tde,,,0,2.9000001,0.0909722002700597,0.090865664,0.091078736
Oral_cavity_and_pharynx,Male,tde,,,0,2.95,0.090988562623816,0.090880759,0.091096364
Oral_cavity_and_pharynx,Male,tde,,,0,3.0,0.0909925656921085,0.090883493,0.091101639
Oral_cavity_and_pharynx,Male,tde,,,0,3.05,0.0909744423538019,0.090864114,0.091084771
Oral_cavity_and_pharynx,Male,tde,,,0,3.0999999,0.0909453720455021,0.090833783,0.091056958
Oral_cavity_and_pharynx,Male,tde,,,0,3.1500001,0.0909059884778892,0.09079314,0.091018833
Oral_cavity_and_pharynx,Male,tde,,,0,3.2,0.0908568871054406,0.090742782,0.090970993
Oral_cavity_and_pharynx,Male,tde,,,0,3.25,0.0907986266873263,0.090683259,0.090913989
Oral_cavity_and_pharynx,Male,tde,,,0,3.3,0.0907317324751858,0.090615109,0.090848356
Oral_cavity_and_pharynx,Male,tde,,,0,3.3499999,0.0906566983402233,0.090538822,0.090774573
Oral_cavity_and_pharynx,Male,tde,,,0,3.4000001,0.0905739884767975,0.090454862,0.090693109
Oral_cavity_and_pharynx,Male,tde,,,0,3.45,0.0904840409720277,0.090363674,0.09060441
Oral_cavity_and_pharynx,Male,tde,,,0,3.5,0.0903872672445924,0.090265654,0.090508878
Oral_cavity_and_pharynx,Male,tde,,,0,3.55,0.0902840552617751,0.090161204,0.090406902
Oral_cavity_and_pharynx,Male,tde,,,0,3.5999999,0.09017477071302,0.09005069,0.090298854
Oral_cavity_and_pharynx,Male,tde,,,0,3.6500001,0.0900597578849402,0.089934453,0.090185061
Oral_cavity_and_pharynx,Male,tde,,,0,3.7,0.0899393432148559,0.089812815,0.090065867
Oral_cavity_and_pharynx,Male,tde,,,0,3.75,0.0898138332344561,0.089686096,0.089941576
Oral_cavity_and_pharynx,Male,tde,,,0,3.8,0.0896835178863952,0.089554571,0.089812465
Oral_cavity_and_pharynx,Male,tde,,,0,3.8499999,0.0895486710564348,0.089418523,0.089678816
Oral_cavity_and_pharynx,Male,tde,,,0,3.9000001,0.0894095508926583,0.089278206,0.089540891
Oral_cavity_and_pharynx,Male,tde,,,0,3.95,0.0892664034029099,0.089133874,0.089398928
Oral_cavity_and_pharynx,Male,tde,,,0,4.0,0.0891194593325924,0.088985756,0.089253165
Oral_cavity_and_pharynx,Male,tde,,,0,4.0500002,0.0889581842741127,0.088823318,0.089093044
Oral_cavity_and_pharynx,Male,tde,,,0,4.0999999,0.088793596382543,0.088657588,0.088929608
Oral_cavity_and_pharynx,Male,tde,,,0,4.1500001,0.088625889497109,0.088488735,0.088763043
Oral_cavity_and_pharynx,Male,tde,,,0,4.1999998,0.0884552533197447,0.08831697,0.088593535
Oral_cavity_and_pharynx,Male,tde,,,0,4.25,0.0882818612416323,0.088142455,0.08842127
Oral_cavity_and_pharynx,Male,tde,,,0,4.3000002,0.0881058822367885,0.087965354,0.088246405
Oral_cavity_and_pharynx,Male,tde,,,0,4.3499999,0.0879274766268709,0.087785847,0.088069111
Oral_cavity_and_pharynx,Male,tde,,,0,4.4000001,0.087746791366847,0.087604061,0.087889522
Oral_cavity_and_pharynx,Male,tde,,,0,4.4499998,0.0875639724778439,0.087420151,0.087707795
Oral_cavity_and_pharynx,Male,tde,,,0,4.5,0.0873791517074645,0.087234251,0.087524049
Oral_cavity_and_pharynx,Male,tde,,,0,4.5500002,0.0871924590942485,0.087046489,0.087338433
Oral_cavity_and_pharynx,Male,tde,,,0,4.5999999,0.0870040182031969,0.086856984,0.087151051
Oral_cavity_and_pharynx,Male,tde,,,0,4.6500001,0.0868139410156654,0.086665854,0.086962029
Oral_cavity_and_pharynx,Male,tde,,,0,4.6999998,0.0866223408873018,0.086473204,0.086771473
Oral_cavity_and_pharynx,Male,tde,,,0,4.75,0.0864293183698293,0.086279146,0.086579494
Oral_cavity_and_pharynx,Male,tde,,,0,4.8000002,0.0862349742642364,0.086083777,0.086386174
Oral_cavity_and_pharynx,Male,tde,,,0,4.8499999,0.0860394044769673,0.085887186,0.086191624
Oral_cavity_and_pharynx,Male,tde,,,0,4.9000001,0.0858426946321475,0.085689463,0.085995927
Oral_cavity_and_pharynx,Male,tde,,,0,4.9499998,0.0856449334029026,0.085490704,0.085799165
Oral_cavity_and_pharynx,Male,tde,,,0,5.0,0.0854461977413582,0.085290976,0.085601419
Oral_cavity_and_pharynx,Male,tde,,,1,0.0,0.0,0.0,0.0
Oral_cavity_and_pharynx,Male,tde,,,1,0.050000001,0.0017524154987254,0.0017418582,0.0017629728
Oral_cavity_and_pharynx,Male,tde,,,1,0.1,0.0049992699763698,0.0049828822,0.0050156577
Oral_cavity_and_pharynx,Male,tde,,,1,0.15000001,0.0089631639527276,0.0089430204,0.0089833075
Oral_cavity_and_pharynx,Male,tde,,,1,0.2,0.0132561724950029,0.013232501,0.013279844
Oral_cavity_and_pharynx,Male,tde,,,1,0.25,0.0176658020780686,0.017638154,0.017693451
Oral_cavity_and_pharynx,Male,tde,,,1,0.30000001,0.0220679644875299,0.022035871,0.022100057
Oral_cavity_and_pharynx,Male,tde,,,1,0.34999999,0.0263880391213957,0.026351249,0.026424831
Oral_cavity_and_pharynx,Male,tde,,,1,0.40000001,0.0305809724189168,0.030539459,0.030622486
Oral_cavity_and_pharynx,Male,tde,,,1,0.44999999,0.0346201347102387,0.034574043,0.034666229
Oral_cavity_and_pharynx,Male,tde,,,1,0.5,0.0384907352333665,0.038440317,0.038541153
Oral_cavity_and_pharynx,Male,tde,,,1,0.55000001,0.0421857056216201,0.042131275,0.042240135
Oral_cavity_and_pharynx,Male,tde,,,1,0.60000002,0.0457030795114711,0.045644976,0.045761183
Oral_cavity_and_pharynx,Male,tde,,,1,0.64999998,0.0490442557775883,0.048982829,0.049105681
Oral_cavity_and_pharynx,Male,tde,,,1,0.69999999,0.0522128537875891,0.052148443,0.052277263
Oral_cavity_and_pharynx,Male,tde,,,1,0.75,0.0552138923083172,0.055146813,0.055280969
Oral_cavity_and_pharynx,Male,tde,,,1,0.80000001,0.058052535910518,0.057983086,0.058121983
Oral_cavity_and_pharynx,Male,tde,,,1,0.85000002,0.060733339835852,0.060661789,0.060804889
Oral_cavity_and_pharynx,Male,tde,,,1,0.89999998,0.0632613969421697,0.063187987,0.063334808
Oral_cavity_and_pharynx,Male,tde,,,1,0.94999999,0.0656422598031946,0.065567203,0.065717317
Oral_cavity_and_pharynx,Male,tde,,,1,1.0,0.0678817335982737,0.067805208,0.067958258
Oral_cavity_and_pharynx,Male,tde,,,1,1.05,0.0699799581562918,0.069902137,0.07005778
Oral_cavity_and_pharynx,Male,tde,,,1,1.1,0.0719483679436757,0.071869381,0.072027355
Oral_cavity_and_pharynx,Male,tde,,,1,1.15,0.0737928690014998,0.073712818,0.073872916
Oral_cavity_and_pharynx,Male,tde,,,1,1.2,0.0755192689588752,0.075438246,0.075600296
Oral_cavity_and_pharynx,Male,tde,,,1,1.25,0.0771332026544411,0.077051267,0.077215135
Oral_cavity_and_pharynx,Male,tde,,,1,1.3,0.0786401347894859,0.078557342,0.078722931
Oral_cavity_and_pharynx,Male,tde,,,1,1.35,0.0800456125512408,0.079961985,0.080129236
Oral_cavity_and_pharynx,Male,tde,,,1,1.4,0.081355870994558,0.081271432,0.081440307
Oral_cavity_and_pharynx,Male,tde,,,1,1.45,0.0825769521625225,0.082491703,0.082662195
Oral_cavity_and_pharynx,Male,tde,,,1,1.5,0.0837144707253229,0.083628409,0.083800532
Oral_cavity_and_pharynx,Male,tde,,,1,1.55,0.0847736617579908,0.084686778,0.084860548
Oral_cavity_and_pharynx,Male,tde,,,1,1.6,0.0857593974930952,0.085671663,0.085847132
Oral_cavity_and_pharynx,Male,tde,,,1,1.65,0.0866762064776009,0.0865876,0.086764812
Oral_cavity_and_pharynx,Male,tde,,,1,1.7,0.0875283137577847,0.087438807,0.087617822
Oral_cavity_and_pharynx,Male,tde,,,1,1.75,0.0883196461202831,0.088229209,0.088410087
Oral_cavity_and_pharynx,Male,tde,,,1,1.8,0.0890538680469821,0.088962458,0.089145273
Oral_cavity_and_pharynx,Male,tde,,,1,1.85,0.089734394911095,0.089641981,0.089826807
Oral_cavity_and_pharynx,Male,tde,,,1,1.9,0.0903644072166863,0.090270959,0.090457857
Oral_cavity_and_pharynx,Male,tde,,,1,1.95,0.0909468787917695,0.09085235,0.091041401
Oral_cavity_and_pharynx,Male,tde,,,1,2.0,0.091484580582615,0.091388948,0.09158022
Oral_cavity_and_pharynx,Male,tde,,,1,2.05,0.0919721962629204,0.091875426,0.09206897
Oral_cavity_and_pharynx,Male,tde,,,1,2.0999999,0.0924199795265688,0.092322037,0.09251792
Oral_cavity_and_pharynx,Male,tde,,,1,2.1500001,0.0928302071144496,0.092731066,0.092929348
Oral_cavity_and_pharynx,Male,tde,,,1,2.2,0.093205025109609,0.093104653,0.093305394
Oral_cavity_and_pharynx,Male,tde,,,1,2.25,0.0935466124939057,0.093444988,0.09364824
Oral_cavity_and_pharynx,Male,tde,,,1,2.3,0.0938570730122918,0.093754165,0.09395998
Oral_cavity_and_pharynx,Male,tde,,,1,2.3499999,0.094138360763508,0.09403415,0.094242573
Oral_cavity_and_pharynx,Male,tde,,,1,2.4000001,0.0943922928295425,0.094286755,0.09449783
Oral_cavity_and_pharynx,Male,tde,,,1,2.45,0.0946205555842817,0.09451367,0.094727442
Oral_cavity_and_pharynx,Male,tde,,,1,2.5,0.094824722006338,0.094716474,0.094932966
Oral_cavity_and_pharynx,Male,tde,,,1,2.55,0.0950062559013815,0.094896637,0.095115878
Oral_cavity_and_pharynx,Male,tde,,,1,2.5999999,0.0951665215693658,0.095055506,0.095277533
Oral_cavity_and_pharynx,Male,tde,,,1,2.6500001,0.0953067920990218,0.095194377,0.095419206
Oral_cavity_and_pharynx,Male,tde,,,1,2.7,0.0954282538047042,0.095314428,0.095542081
Oral_cavity_and_pharynx,Male,tde,,,1,2.75,0.0955320166521191,0.095416769,0.095647268
Oral_cavity_and_pharynx,Male,tde,,,1,2.8,0.0956191173745853,0.095502436,0.095735796
Oral_cavity_and_pharynx,Male,tde,,,1,2.8499999,0.0956905255771377,0.095572412,0.09580864
Oral_cavity_and_pharynx,Male,tde,,,1,2.9000001,0.0957471489141395,0.095627591,0.095866702
Oral_cavity_and_pharynx,Male,tde,,,1,2.95,0.0957898366150657,0.095668837,0.095910832
Oral_cavity_and_pharynx,Male,tde,,,1,3.0,0.0958193852630291,0.095696941,0.095941827
Oral_cavity_and_pharynx,Male,tde,,,1,3.05,0.0958276577446922,0.095703781,0.095951535
Oral_cavity_and_pharynx,Male,tde,,,1,3.0999999,0.0958242346406415,0.095698915,0.095949553
Oral_cavity_and_pharynx,Male,tde,,,1,3.1500001,0.0958097764010655,0.095683023,0.095936529
Oral_cavity_and_pharynx,Male,tde,,,1,3.2,0.0957849035809128,0.095656715,0.09591309
Oral_cavity_and_pharynx,Male,tde,,,1,3.25,0.0957501991888044,0.09562058,0.095879816
Oral_cavity_and_pharynx,Male,tde,,,1,3.3,0.0957062114661566,0.095575169,0.095837258
Oral_cavity_and_pharynx,Male,tde,,,1,3.3499999,0.0956534562002299,0.095520988,0.095785923
Oral_cavity_and_pharynx,Male,tde,,,1,3.4000001,0.0955924185907292,0.09545853,0.095726304
Oral_cavity_and_pharynx,Male,tde,,,1,3.45,0.0955235564660342,0.095388256,0.095658854
Oral_cavity_and_pharynx,Male,tde,,,1,3.5,0.0954473003952718,0.095310591,0.095584013
Oral_cavity_and_pharynx,Male,tde,,,1,3.55,0.0953640565391449,0.095225945,0.095502168
Oral_cavity_and_pharynx,Male,tde,,,1,3.5999999,0.095274207974988,0.095134698,0.095413715
Oral_cavity_and_pharynx,Male,tde,,,1,3.6500001,0.0951781157045526,0.095037222,0.09531901
Oral_cavity_and_pharynx,Male,tde,,,1,3.7,0.095076121890136,0.094933845,0.095218398
Oral_cavity_and_pharynx,Male,tde,,,1,3.75,0.0949685483778862,0.094824895,0.095112197
Oral_cavity_and_pharynx,Male,tde,,,1,3.8,0.0948556996872054,0.094710685,0.095000714
Oral_cavity_and_pharynx,Male,tde,,,1,3.8499999,0.0947378636681634,0.094591491,0.094884239
Oral_cavity_and_pharynx,Male,tde,,,1,3.9000001,0.0946153119304525,0.094467588,0.094763033
Oral_cavity_and_pharynx,Male,tde,,,1,3.95,0.0944883031567758,0.094339237,0.094637364
Oral_cavity_and_pharynx,Male,tde,,,1,4.0,0.0943570804826342,0.094206683,0.094507478
Oral_cavity_and_pharynx,Male,tde,,,1,4.0500002,0.0942126027874871,0.094060898,0.094364308
Oral_cavity_and_pharynx,Male,tde,,,1,4.0999999,0.0940643863252644,0.093911387,0.09421739
Oral_cavity_and_pharynx,Male,tde,,,1,4.1500001,0.0939126363787763,0.093758345,0.094066925
Oral_cavity_and_pharynx,Male,tde,,,1,4.1999998,0.0937575530633269,0.093601987,0.093913123
Oral_cavity_and_pharynx,Male,tde,,,1,4.25,0.0935993203905153,0.093442485,0.093756162
Oral_cavity_and_pharynx,Male,tde,,,1,4.3000002,0.0934381171321778,0.093280017,0.093596213
Oral_cavity_and_pharynx,Male,tde,,,1,4.3499999,0.0932741130639308,0.093114763,0.093433462
Oral_cavity_and_pharynx,Male,tde,,,1,4.4000001,0.0931074646627578,0.09294688,0.093268052
Oral_cavity_and_pharynx,Male,tde,,,1,4.4499998,0.0929383266025918,0.092776507,0.093100145
Oral_cavity_and_pharynx,Male,tde,,,1,4.5,0.0927668395005913,0.092603803,0.092929877
Oral_cavity_and_pharynx,Male,tde,,,1,4.5500002,0.0925931415736481,0.092428893,0.092757389
Oral_cavity_and_pharynx,Male,tde,,,1,4.5999999,0.0924173642930074,0.092251919,0.092582807
Oral_cavity_and_pharynx,Male,tde,,,1,4.6500001,0.0922396276343657,0.092072994,0.092406265
Oral_cavity_and_pharynx,Male,tde,,,1,4.6999998,0.0920600522099036,0.091892235,0.092227869
Oral_cavity_and_pharynx,Male,tde,,,1,4.75,0.0918787460430967,0.091709763,0.092047729
Oral_cavity_and_pharynx,Male,tde,,,1,4.8000002,0.0916958168222322,0.091525674,0.091865957
Oral_cavity_and_pharynx,Male,tde,,,1,4.8499999,0.0915113671236524,0.09134008,0.091682658
Oral_cavity_and_pharynx,Male,tde,,,1,4.9000001,0.0913254893387659,0.091153063,0.09149792
Oral_cavity_and_pharynx,Male,tde,,,1,4.9499998,0.0911382782789683,0.09096472,0.091311835
Oral_cavity_and_pharynx,Male,tde,,,1,5.0,0.0909498172409875,0.09077514,0.09112449
Oral_cavity_and_pharynx,Male,tde,,,2,0.0,0.0,0.0,0.0
Oral_cavity_and_pharynx,Male,tde,,,2,0.050000001,6.49193817253e-05,1.5034453e-05,0.00011480431
Oral_cavity_and_pharynx,Male,tde,,,2,0.1,0.0019681232779268,0.001883666,0.0020525805
Oral_cavity_and_pharynx,Male,tde,,,2,0.15000001,0.0046727646679014,0.0045638043,0.0047817249
Oral_cavity_and_pharynx,Male,tde,,,2,0.2,0.0077244424722467,0.0075971773,0.0078517077
Oral_cavity_and_pharynx,Male,tde,,,2,0.25,0.0108957988200207,0.010754281,0.011037316
Oral_cavity_and_pharynx,Male,tde,,,2,0.30000001,0.0140629183318266,0.013909921,0.014215915
Oral_cavity_and_pharynx,Male,tde,,,2,0.34999999,0.0171556911229739,0.016993184,0.017318198
Oral_cavity_and_pharynx,Male,tde,,,2,0.40000001,0.0201343125810063,0.019963734,0.02030489
Oral_cavity_and_pharynx,Male,tde,,,2,0.44999999,0.0229769185996106,0.022799352,0.023154486
Oral_cavity_and_pharynx,Male,tde,,,2,0.5,0.0256726373803062,0.025488913,0.025856363
Oral_cavity_and_pharynx,Male,tde,,,2,0.55000001,0.0282174491118982,0.028028216,0.028406681
Oral_cavity_and_pharynx,Male,tde,,,2,0.60000002,0.0306116517230615,0.030417433,0.030805871
Oral_cavity_and_pharynx,Male,tde,,,2,0.64999998,0.0328582480032013,0.03265946,0.033057034
Oral_cavity_and_pharynx,Male,tde,,,2,0.69999999,0.0349619165563538,0.034758907,0.035164926
Oral_cavity_and_pharynx,Male,tde,,,2,0.75,0.0369283088013547,0.036721367,0.037135251
Oral_cavity_and_pharynx,Male,tde,,,2,0.80000001,0.0387631377737781,0.038552504,0.038973771
Oral_cavity_and_pharynx,Male,tde,,,2,0.85000002,0.0404716482580017,0.040257532,0.040685765
Oral_cavity_and_pharynx,Male,tde,,,2,0.89999998,0.0420593413728044,0.041841928,0.042276755
Oral_cavity_and_pharynx,Male,tde,,,2,0.94999999,0.0435319038193605,0.043311354,0.043752454
Oral_cavity_and_pharynx,Male,tde,,,2,1.0,0.0448950629279896,0.044671521,0.045118608
Oral_cavity_and_pharynx,Male,tde,,,2,1.05,0.0461380057776859,0.045911696,0.046364315
Oral_cavity_and_pharynx,Male,tde,,,2,1.1,0.0472819441509094,0.047052983,0.047510907
Oral_cavity_and_pharynx,Male,tde,,,2,1.15,0.0483323842589332,0.04810087,0.048563901
Oral_cavity_and_pharynx,Male,tde,,,2,1.2,0.0492946399685713,0.049060658,0.049528621
Oral_cavity_and_pharynx,Male,tde,,,2,1.25,0.0501737936537243,0.049937423,0.050410163
Oral_cavity_and_pharynx,Male,tde,,,2,1.3,0.0509747023017926,0.05073601,0.051213391
Oral_cavity_and_pharynx,Male,tde,,,2,1.35,0.0517021481637054,0.051461197,0.051943097
Oral_cavity_and_pharynx,Male,tde,,,2,1.4,0.0523611847040032,0.052118029,0.05260434
Oral_cavity_and_pharynx,Male,tde,,,2,1.45,0.0529566265697265,0.052711319,0.053201932
Oral_cavity_and_pharynx,Male,tde,,,2,1.5,0.0534929266790377,0.053245515,0.053740337
Oral_cavity_and_pharynx,Male,tde,,,2,1.55,0.0539742125430433,0.05372474,0.054223683
Oral_cavity_and_pharynx,Male,tde,,,2,1.6,0.0544043061771681,0.054152817,0.054655794
Oral_cavity_and_pharynx,Male,tde,,,2,1.65,0.0547867449494907,0.054533277,0.055040214
Oral_cavity_and_pharynx,Male,tde,,,2,1.7,0.0551248102956046,0.054869402,0.055380218
Oral_cavity_and_pharynx,Male,tde,,,2,1.75,0.0554215406763949,0.055164225,0.055678856
Oral_cavity_and_pharynx,Male,tde,,,2,1.8,0.0556797562747926,0.055420574,0.05593894
Oral_cavity_and_pharynx,Male,tde,,,2,1.85,0.0559020735058773,0.055641055,0.056163095
Oral_cavity_and_pharynx,Male,tde,,,2,1.9,0.0560909198125551,0.055828094,0.056353744
Oral_cavity_and_pharynx,Male,tde,,,2,1.95,0.0562485518634135,0.055983957,0.056513146
Oral_cavity_and_pharynx,Male,tde,,,2,2.0,0.0563770654135025,0.056110729,0.0566434
Oral_cavity_and_pharynx,Male,tde,,,2,2.05,0.0564564439377527,0.056188524,0.056724362
Oral_cavity_and_pharynx,Male,tde,,,2,2.0999999,0.0565104624016276,0.056240994,0.056779932
Oral_cavity_and_pharynx,Male,tde,,,2,2.1500001,0.0565408383112323,0.056269847,0.056811828
Oral_cavity_and_pharynx,Male,tde,,,2,2.2,0.0565491813009216,0.056276701,0.056821663
Oral_cavity_and_pharynx,Male,tde,,,2,2.25,0.0565370749508347,0.056263134,0.056811016
Oral_cavity_and_pharynx,Male,tde,,,2,2.3,0.0565060248340575,0.056230653,0.056781396
Oral_cavity_and_pharynx,Male,tde,,,2,2.3499999,0.0564574221237769,0.056180649,0.056734197
Oral_cavity_and_pharynx,Male,tde,,,2,2.4000001,0.0563925526074208,0.056114402,0.056670703
Oral_cavity_and_pharynx,Male,tde,,,2,2.45,0.0563126067864444,0.056033108,0.056592103
Oral_cavity_and_pharynx,Male,tde,,,2,2.5,0.056218685994435,0.055937868,0.056499504
Oral_cavity_and_pharynx,Male,tde,,,2,2.55,0.0561118108216115,0.0558297,0.056393921
Oral_cavity_and_pharynx,Male,tde,,,2,2.5999999,0.0559929274462944,0.055709552,0.056276303
Oral_cavity_and_pharynx,Male,tde,,,2,2.6500001,0.0558629130008645,0.055578299,0.056147527
Oral_cavity_and_pharynx,Male,tde,,,2,2.7,0.0557225835812235,0.05543676,0.05600841
Oral_cavity_and_pharynx,Male,tde,,,2,2.75,0.0555726955135625,0.055285685,0.055859707
Oral_cavity_and_pharynx,Male,tde,,,2,2.8,0.0554139523404753,0.055125784,0.05570212
Oral_cavity_and_pharynx,Male,tde,,,2,2.8499999,0.0552470083853819,0.054957706,0.055536311
Oral_cavity_and_pharynx,Male,tde,,,2,2.9000001,0.055072471702873,0.054782063,0.05536288
Oral_cavity_and_pharynx,Male,tde,,,2,2.95,0.0548909109189616,0.054599423,0.055182401
Oral_cavity_and_pharynx,Male,tde,,,2,3.0,0.0547028534134904,0.054410312,0.054995395
Oral_cavity_and_pharynx,Male,tde,,,2,3.05,0.0544862770984383,0.054192852,0.054779701
Oral_cavity_and_pharynx,Male,tde,,,2,3.0999999,0.0542643821673663,0.053970106,0.054558661
Oral_cavity_and_pharynx,Male,tde,,,2,3.1500001,0.0540376012940091,0.053742494,0.054332707
Oral_cavity_and_pharynx,Male,tde,,,2,3.2,0.0538063412187479,0.053510435,0.054102249
Oral_cavity_and_pharynx,Male,tde,,,2,3.25,0.0535709783849286,0.053274292,0.053867664
Oral_cavity_and_pharynx,Male,tde,,,2,3.3,0.0533318651990334,0.053034429,0.053629301
Oral_cavity_and_pharynx,Male,tde,,,2,3.3499999,0.0530893307597149,0.052791171,0.053387493
Oral_cavity_and_pharynx,Male,tde,,,2,3.4000001,0.0528436813358157,0.052544821,0.053142544
Oral_cavity_and_pharynx,Male,tde,,,2,3.45,0.0525952065927765,0.05229567,0.052894745
Oral_cavity_and_pharynx,Male,tde,,,2,3.5,0.0523441739695297,0.052043986,0.052644361
Oral_cavity_and_pharynx,Male,tde,,,2,3.55,0.05209083464889,0.051790021,0.052391648
Oral_cavity_and_pharynx,Male,tde,,,2,3.5999999,0.0518354235920779,0.051534008,0.052136838
Oral_cavity_and_pharynx,Male,tde,,,2,3.6500001,0.0515781594154691,0.051276166,0.051880151
Oral_cavity_and_pharynx,Male,tde,,,2,3.7,0.0513192503305255,0.051016703,0.051621795
Oral_cavity_and_pharynx,Male,tde,,,2,3.75,0.0510588877294937,0.050755814,0.051361963
Oral_cavity_and_pharynx,Male,tde,,,2,3.8,0.0507972519619555,0.050493669,0.051100835
Oral_cavity_and_pharynx,Male,tde,,,2,3.8499999,0.0505345119251357,0.050230447,0.050838578
Oral_cavity_and_pharynx,Male,tde,,,2,3.9000001,0.0502708245580496,0.049966298,0.050575349
Oral_cavity_and_pharynx,Male,tde,,,2,3.95,0.0500063405745326,0.049701378,0.050311305
Oral_cavity_and_pharynx,Male,tde,,,2,4.0,0.049741197566911,0.04943582,0.050046574
Oral_cavity_and_pharynx,Male,tde,,,2,4.0500002,0.0494536340749355,0.049148027,0.049759243
Oral_cavity_and_pharynx,Male,tde,,,2,4.0999999,0.0491659600700635,0.048860144,0.049471777
Oral_cavity_and_pharynx,Male,tde,,,2,4.1500001,0.0488782833546653,0.04857228,0.049184285
Oral_cavity_and_pharynx,Male,tde,,,2,4.1999998,0.0485907153393264,0.048284546,0.048896883
Oral_cavity_and_pharynx,Male,tde,,,2,4.25,0.0483033495672323,0.047997035,0.048609663
Oral_cavity_and_pharynx,Male,tde,,,2,4.3000002,0.0480162813489771,0.047709841,0.048322719
Oral_cavity_and_pharynx,Male,tde,,,2,4.3499999,0.0477295999280586,0.047423057,0.048036143
Oral_cavity_and_pharynx,Male,tde,,,2,4.4000001,0.0474433806696087,0.047136754,0.047750007
Oral_cavity_and_pharynx,Male,tde,,,2,4.4499998,0.0471577045399465,0.046851013,0.047464397
Oral_cavity_and_pharynx,Male,tde,,,2,4.5,0.0468726366022588,0.046565901,0.047179371
Oral_cavity_and_pharynx,Male,tde,,,2,4.5500002,0.0465882454073856,0.046281483,0.046895009
Oral_cavity_and_pharynx,Male,tde,,,2,4.5999999,0.0463045950784296,0.045997825,0.046611365
Oral_cavity_and_pharynx,Male,tde,,,2,4.6500001,0.0460217374925009,0.045714982,0.046328496
Oral_cavity_and_pharynx,Male,tde,,,2,4.6999998,0.0457397314481078,0.045433003,0.046046458
Oral_cavity_and_pharynx,Male,tde,,,2,4.75,0.0454586213217315,0.045151941,0.045765303
Oral_cavity_and_pharynx,Male,tde,,,2,4.8000002,0.0451784561332497,0.044871841,0.045485072
Oral_cavity_and_pharynx,Male,tde,,,2,4.8499999,0.044899281642487,0.044592749,0.045205813
Oral_cavity_and_pharynx,Male,tde,,,2,4.9000001,0.0446211325947725,0.044314701,0.044927567
Oral_cavity_and_pharynx,Male,tde,,,2,4.9499998,0.0443440515135832,0.044037733,0.044650368
Oral_cavity_and_pharynx,Male,tde,,,2,5.0,0.0440680676501078,0.043761883,0.04437425
Oral_cavity_and_pharynx,Male,tie,,,0,0.0,0.0,0.0,0.0
Oral_cavity_and_pharynx,Male,tie,,,0,0.050000001,0.0016638020804766,0.0015344857,0.0017931184
Oral_cavity_and_pharynx,Male,tie,,,0,0.1,0.0038102839973219,0.0035236578,0.0040969099
Oral_cavity_and_pharynx,Male,tie,,,0,0.15000001,0.005992068025799,0.0055487994,0.0064353365
Oral_cavity_and_pharynx,Male,tie,,,0,0.2,0.0081046818241578,0.0075114225,0.008697941
Oral_cavity_and_pharynx,Male,tie,,,0,0.25,0.0101105656733864,0.0093759904,0.010845141
Oral_cavity_and_pharynx,Male,tie,,,0,0.30000001,0.0119969532516591,0.011130311,0.012863596
Oral_cavity_and_pharynx,Male,tie,,,0,0.34999999,0.0137620399728316,0.012772517,0.014751563
Oral_cavity_and_pharynx,Male,tie,,,0,0.40000001,0.0154092118162929,0.014305636,0.016512787
Oral_cavity_and_pharynx,Male,tie,,,0,0.44999999,0.016944298648147,0.015735002,0.018153595
Oral_cavity_and_pharynx,Male,tie,,,0,0.5,0.0183741857524657,0.017066948,0.019681424
Oral_cavity_and_pharynx,Male,tie,,,0,0.55000001,0.0197060669198419,0.018308111,0.021104023
Oral_cavity_and_pharynx,Male,tie,,,0,0.60000002,0.0209470507687247,0.019465053,0.022429047
Oral_cavity_and_pharynx,Male,tie,,,0,0.64999998,0.0221039487455063,0.020544073,0.023663824
Oral_cavity_and_pharynx,Male,tie,,,0,0.69999999,0.023183176623657,0.021551099,0.024815254
Oral_cavity_and_pharynx,Male,tie,,,0,0.75,0.0241906998999537,0.022491649,0.025889751
Oral_cavity_and_pharynx,Male,tie,,,0,0.80000001,0.0251317543005191,0.023370564,0.026892945
Oral_cavity_and_pharynx,Male,tie,,,0,0.85000002,0.0260107417080278,0.024191909,0.027829576
Oral_cavity_and_pharynx,Male,tie,,,0,0.89999998,0.0268318013087175,0.024959506,0.028704096
Oral_cavity_and_pharynx,Male,tie,,,0,0.94999999,0.0275988552706104,0.025676986,0.029520724
Oral_cavity_and_pharynx,Male,tie,,,0,1.0,0.0283155922137475,0.026347753,0.030283431
Oral_cavity_and_pharynx,Male,tie,,,0,1.05,0.0289816985726817,0.026971478,0.030991919
Oral_cavity_and_pharynx,Male,tie,,,0,1.1,0.029604036736036,0.027554546,0.031653527
Oral_cavity_and_pharynx,Male,tie,,,0,1.15,0.0301856253552405,0.028099746,0.032271504
Oral_cavity_and_pharynx,Male,tie,,,0,1.2,0.030729275406612,0.02860968,0.032848872
Oral_cavity_and_pharynx,Male,tie,,,0,1.25,0.0312375904039921,0.029086757,0.033388425
Oral_cavity_and_pharynx,Male,tie,,,0,1.3,0.0317129877241695,0.029533215,0.033892762
Oral_cavity_and_pharynx,Male,tie,,,0,1.35,0.0321577475441045,0.029951164,0.034364332
Oral_cavity_and_pharynx,Male,tie,,,0,1.4,0.0325741057878113,0.030342676,0.034805536
Oral_cavity_and_pharynx,Male,tie,,,0,1.45,0.0329641356074569,0.030709669,0.035218604
Oral_cavity_and_pharynx,Male,tie,,,0,1.5,0.0333297240481472,0.031053891,0.035605557
Oral_cavity_and_pharynx,Male,tie,,,0,1.55,0.033672596917173,0.031376943,0.035968252
Oral_cavity_and_pharynx,Male,tie,,,0,1.6,0.0339943320203571,0.031680286,0.036308378
Oral_cavity_and_pharynx,Male,tie,,,0,1.65,0.0342963716396149,0.031965259,0.036627486
Oral_cavity_and_pharynx,Male,tie,,,0,1.7,0.0345800407670997,0.032233085,0.036926996
Oral_cavity_and_pharynx,Male,tie,,,0,1.75,0.0348465529255476,0.032484896,0.037208211
Oral_cavity_and_pharynx,Male,tie,,,0,1.8,0.0350970253763218,0.032721724,0.037472326
Oral_cavity_and_pharynx,Male,tie,,,0,1.85,0.0353324861847413,0.032944527,0.037720446
Oral_cavity_and_pharynx,Male,tie,,,0,1.9,0.0355538810013005,0.033154178,0.037953585
Oral_cavity_and_pharynx,Male,tie,,,0,1.95,0.0357620843363847,0.033351492,0.038172677
Oral_cavity_and_pharynx,Male,tie,,,0,2.0,0.0359579019886374,0.033537216,0.038378585
Oral_cavity_and_pharynx,Male,tie,,,0,2.05,0.0361372891664114,0.033707552,0.038567029
Oral_cavity_and_pharynx,Male,tie,,,0,2.0999999,0.0363057020626511,0.033867601,0.038743801
Oral_cavity_and_pharynx,Male,tie,,,0,2.1500001,0.0364637856783698,0.034017976,0.038909595
Oral_cavity_and_pharynx,Male,tie,,,0,2.2,0.0366121423016526,0.034159232,0.039065052
Oral_cavity_and_pharynx,Male,tie,,,0,2.25,0.0367513799641094,0.034291934,0.039210826
Oral_cavity_and_pharynx,Male,tie,,,0,2.3,0.0368820808422914,0.034416627,0.039347533
Oral_cavity_and_pharynx,Male,tie,,,0,2.3499999,0.037004781004212,0.03453381,0.03947575
Oral_cavity_and_pharynx,Male,tie,,,0,2.4000001,0.0371199750919278,0.034643944,0.039596006
Oral_cavity_and_pharynx,Male,tie,,,0,2.45,0.037228118026293,0.034747455,0.039708782
Oral_cavity_and_pharynx,Male,tie,,,0,2.5,0.037329631762408,0.034844734,0.039814532
Oral_cavity_and_pharynx,Male,tie,,,0,2.55,0.0374249061655132,0.034936145,0.039913666
Oral_cavity_and_pharynx,Male,tie,,,0,2.5999999,0.0375143023676185,0.035022028,0.040006578
Oral_cavity_and_pharynx,Male,tie,,,0,2.6500001,0.0375981556636309,0.035102695,0.040093616
Oral_cavity_and_pharynx,Male,tie,,,0,2.7,0.0376767761979997,0.035178434,0.040175118
Oral_cavity_and_pharynx,Male,tie,,,0,2.75,0.0377504533988575,0.035249516,0.040251389
Oral_cavity_and_pharynx,Male,tie,,,0,2.8,0.0378194561934362,0.035316195,0.040322717
Oral_cavity_and_pharynx,Male,tie,,,0,2.8499999,0.037884035083747,0.035378702,0.040389366
Oral_cavity_and_pharynx,Male,tie,,,0,2.9000001,0.0379444239300854,0.03543726,0.040451586
Oral_cavity_and_pharynx,Male,tie,,,0,2.95,0.038000840183477,0.03549207,0.040509611
Oral_cavity_and_pharynx,Male,tie,,,0,3.0,0.0380534878497252,0.035543319,0.040563658
Oral_cavity_and_pharynx,Male,tie,,,0,3.05,0.0380972560600211,0.035586201,0.040608309
Oral_cavity_and_pharynx,Male,tie,,,0,3.0999999,0.0381376323417022,0.035625879,0.040649384
Oral_cavity_and_pharynx,Male,tie,,,0,3.1500001,0.0381747851963887,0.03566251,0.040687062
Oral_cavity_and_pharynx,Male,tie,,,0,3.2,0.0382088721231802,0.035696242,0.040721502
Oral_cavity_and_pharynx,Male,tie,,,0,3.25,0.0382400414627761,0.03572721,0.040752873
Oral_cavity_and_pharynx,Male,tie,,,0,3.3,0.038268432389233,0.035755552,0.040781315
Oral_cavity_and_pharynx,Male,tie,,,0,3.3499999,0.0382941757486144,0.035781384,0.040806968
Oral_cavity_and_pharynx,Male,tie,,,0,3.4000001,0.0383173947627355,0.035804827,0.040829964
Oral_cavity_and_pharynx,Male,tie,,,0,3.45,0.0383382051474104,0.035825983,0.040850427
Oral_cavity_and_pharynx,Male,tie,,,0,3.5,0.0383567162797507,0.035844963,0.040868472
Oral_cavity_and_pharynx,Male,tie,,,0,3.55,0.0383730312067679,0.035861857,0.040884204
Oral_cavity_and_pharynx,Male,tie,,,0,3.5999999,0.038387247187628,0.035876758,0.040897734
Oral_cavity_and_pharynx,Male,tie,,,0,3.6500001,0.0383994561389917,0.035889756,0.040909156
Oral_cavity_and_pharynx,Male,tie,,,0,3.7,0.0384097447727362,0.035900932,0.040918559
Oral_cavity_and_pharynx,Male,tie,,,0,3.75,0.038418195277532,0.035910357,0.040926032
Oral_cavity_and_pharynx,Male,tie,,,0,3.8,0.0384248853842059,0.035918109,0.040931661
Oral_cavity_and_pharynx,Male,tie,,,0,3.8499999,0.0384298887126007,0.03592426,0.040935516
Oral_cavity_and_pharynx,Male,tie,,,0,3.9000001,0.0384332750465468,0.035928871,0.040937677
Oral_cavity_and_pharynx,Male,tie,,,0,3.95,0.0384351105200618,0.035932008,0.040938213
Oral_cavity_and_pharynx,Male,tie,,,0,4.0,0.038435457938909,0.035933726,0.040937193
Oral_cavity_and_pharynx,Male,tie,,,0,4.0500002,0.0384288353211499,0.035928857,0.040928815
Oral_cavity_and_pharynx,Male,tie,,,0,4.0999999,0.0384208635691964,0.035922702,0.040919024
Oral_cavity_and_pharynx,Male,tie,,,0,4.1500001,0.0384115967832333,0.035915311,0.040907882
Oral_cavity_and_pharynx,Male,tie,,,0,4.1999998,0.0384010867300104,0.035906736,0.040895436
Oral_cavity_and_pharynx,Male,tie,,,0,4.25,0.0383893822956271,0.03589702,0.040881746
Oral_cavity_and_pharynx,Male,tie,,,0,4.3000002,0.0383765303039093,0.035886206,0.040866856
Oral_cavity_and_pharynx,Male,tie,,,0,4.3499999,0.0383625754015599,0.035874337,0.040850811
Oral_cavity_and_pharynx,Male,tie,,,0,4.4000001,0.0383475597369544,0.035861459,0.040833663
Oral_cavity_and_pharynx,Male,tie,,,0,4.4499998,0.0383315240357201,0.035847601,0.04081545
Oral_cavity_and_pharynx,Male,tie,,,0,4.5,0.0383145065678431,0.035832804,0.040796209
Oral_cavity_and_pharynx,Male,tie,,,0,4.5500002,0.0382965442973118,0.035817102,0.040775988
Oral_cavity_and_pharynx,Male,tie,,,0,4.5999999,0.0382776725607754,0.035800528,0.040754817
Oral_cavity_and_pharynx,Male,tie,,,0,4.6500001,0.0382579245776889,0.035783116,0.040732734
Oral_cavity_and_pharynx,Male,tie,,,0,4.6999998,0.0382373328158114,0.035764895,0.040709771
Oral_cavity_and_pharynx,Male,tie,,,0,4.75,0.0382159275654835,0.035745893,0.040685963
Oral_cavity_and_pharynx,Male,tie,,,0,4.8000002,0.038193738368557,0.035726137,0.040661339
Oral_cavity_and_pharynx,Male,tie,,,0,4.8499999,0.038170793532816,0.03570566,0.040635929
Oral_cavity_and_pharynx,Male,tie,,,0,4.9000001,0.0381471195074668,0.035684478,0.040609762
Oral_cavity_and_pharynx,Male,tie,,,0,4.9499998,0.0381227424938154,0.035662625,0.040582862
Oral_cavity_and_pharynx,Male,tie,,,0,5.0,0.03809768669814,0.035640117,0.040555257
Oral_cavity_and_pharynx,Male,tie,,,1,0.0,0.0,0.0,0.0
Oral_cavity_and_pharynx,Male,tie,,,1,0.050000001,0.0014645795243661,0.0013389467,0.0015902123
Oral_cavity_and_pharynx,Male,tie,,,1,0.1,0.0034126576057693,0.0031297244,0.0036955909
Oral_cavity_and_pharynx,Male,tie,,,1,0.15000001,0.0054277988637662,0.0049854214,0.0058701765
Oral_cavity_and_pharynx,Male,tie,,,1,0.2,0.0074019687869556,0.0068050572,0.00799888
Oral_cavity_and_pharynx,Male,tie,,,1,0.25,0.0092925575208367,0.0085487412,0.010036374
Oral_cavity_and_pharynx,Male,tie,,,1,0.30000001,0.0110824593262859,0.010200392,0.011964526
Oral_cavity_and_pharynx,Male,tie,,,1,0.34999999,0.0127663992915248,0.011754972,0.013777827
Oral_cavity_and_pharynx,Male,tie,,,1,0.40000001,0.0143450253646211,0.013212961,0.015477089
Oral_cavity_and_pharynx,Male,tie,,,1,0.44999999,0.0158220039792253,0.014577661,0.017066346
Oral_cavity_and_pharynx,Male,tie,,,1,0.5,0.0172024997155906,0.01585377,0.018551229
Oral_cavity_and_pharynx,Male,tie,,,1,0.55000001,0.0184923270648172,0.017046601,0.019938054
Oral_cavity_and_pharynx,Male,tie,,,1,0.60000002,0.0196974797353349,0.018161636,0.021233324
Oral_cavity_and_pharynx,Male,tie,,,1,0.64999998,0.0208238607032001,0.019204283,0.02244344
Oral_cavity_and_pharynx,Male,tie,,,1,0.69999999,0.0218771395951738,0.020179735,0.023574544
Oral_cavity_and_pharynx,Male,tie,,,1,0.75,0.0228626648974753,0.021092899,0.024632432
Oral_cavity_and_pharynx,Male,tie,,,1,0.80000001,0.023785172596718,0.02194811,0.025622234
Oral_cavity_and_pharynx,Male,tie,,,1,0.85000002,0.0246486662018943,0.022749038,0.026548294
Oral_cavity_and_pharynx,Male,tie,,,1,0.89999998,0.0254569435769529,0.023499161,0.027414728
Oral_cavity_and_pharynx,Male,tie,,,1,0.94999999,0.0262136308251357,0.024201797,0.028225465
Oral_cavity_and_pharynx,Male,tie,,,1,1.0,0.0269221589897755,0.024860093,0.028984224
Oral_cavity_and_pharynx,Male,tie,,,1,1.05,0.0275835310472673,0.025474966,0.029692097
Oral_cavity_and_pharynx,Male,tie,,,1,1.1,0.0282029171737753,0.026051154,0.030354679
Oral_cavity_and_pharynx,Male,tie,,,1,1.15,0.0287831565936936,0.026591266,0.030975047
Oral_cavity_and_pharynx,Male,tie,,,1,1.2,0.0293269020681914,0.027097732,0.031556074
Oral_cavity_and_pharynx,Male,tie,,,1,1.25,0.0298366172199919,0.027572811,0.032100424
Oral_cavity_and_pharynx,Male,tie,,,1,1.3,0.030314595383182,0.028018611,0.03261058
Oral_cavity_and_pharynx,Male,tie,,,1,1.35,0.0307630077173117,0.028437121,0.033088896
Oral_cavity_and_pharynx,Male,tie,,,1,1.4,0.031183997361474,0.02883031,0.033537686
Oral_cavity_and_pharynx,Male,tie,,,1,1.45,0.0315795557428861,0.02920001,0.033959102
Oral_cavity_and_pharynx,Male,tie,,,1,1.5,0.0319514967580616,0.029547885,0.034355108
Oral_cavity_and_pharynx,Male,tie,,,1,1.55,0.0323014805535112,0.029875461,0.034727499
Oral_cavity_and_pharynx,Male,tie,,,1,1.6,0.0326310257479693,0.030184135,0.035077918
Oral_cavity_and_pharynx,Male,tie,,,1,1.65,0.0329415210197851,0.030475181,0.035407864
Oral_cavity_and_pharynx,Male,tie,,,1,1.7,0.0332342427770785,0.030749774,0.035718713
Oral_cavity_and_pharynx,Male,tie,,,1,1.75,0.0335103602243638,0.03100899,0.036011729
Oral_cavity_and_pharynx,Male,tie,,,1,1.8,0.0337709502119699,0.031253822,0.036288079
Oral_cavity_and_pharynx,Male,tie,,,1,1.85,0.0340170038081857,0.031485178,0.036548831
Oral_cavity_and_pharynx,Male,tie,,,1,1.9,0.0342494326254643,0.031703897,0.036794968
Oral_cavity_and_pharynx,Male,tie,,,1,1.95,0.0344690799512679,0.031910762,0.0370274
Oral_cavity_and_pharynx,Male,tie,,,1,2.0,0.0346767226855552,0.032106481,0.037246965
Oral_cavity_and_pharynx,Male,tie,,,1,2.05,0.034870187912602,0.032289058,0.037451316
Oral_cavity_and_pharynx,Male,tie,,,1,2.0999999,0.0350530083817638,0.032461748,0.037644271
Oral_cavity_and_pharynx,Male,tie,,,1,2.1500001,0.0352258046957481,0.03262512,0.03782649
Oral_cavity_and_pharynx,Male,tie,,,1,2.2,0.0353891560851125,0.032779705,0.037998606
Oral_cavity_and_pharynx,Male,tie,,,1,2.25,0.0355436478067722,0.032926049,0.038161244
Oral_cavity_and_pharynx,Male,tie,,,1,2.3,0.0356898402823361,0.033064671,0.038315009
Oral_cavity_and_pharynx,Male,tie,,,1,2.3499999,0.0358282496046752,0.033196043,0.038460456
Oral_cavity_and_pharynx,Male,tie,,,1,2.4000001,0.0359593521209478,0.033320609,0.038598094
Oral_cavity_and_pharynx,Male,tie,,,1,2.45,0.0360835856731202,0.033438772,0.038728397
Oral_cavity_and_pharynx,Male,tie,,,1,2.5,0.0362013566677075,0.033550911,0.038851801
Oral_cavity_and_pharynx,Male,tie,,,1,2.55,0.036313040524463,0.033657372,0.038968708
Oral_cavity_and_pharynx,Male,tie,,,1,2.5999999,0.0364189849979625,0.033758476,0.039079495
Oral_cavity_and_pharynx,Male,tie,,,1,2.6500001,0.0365195130554262,0.033854526,0.039184503
Oral_cavity_and_pharynx,Male,tie,,,1,2.7,0.0366149231573806,0.033945791,0.039284054
Oral_cavity_and_pharynx,Male,tie,,,1,2.75,0.0367054940910303,0.034032539,0.039378449
Oral_cavity_and_pharynx,Male,tie,,,1,2.8,0.0367914847984998,0.034115002,0.039467968
Oral_cavity_and_pharynx,Male,tie,,,1,2.8499999,0.0368731364693128,0.034193408,0.039552864
Oral_cavity_and_pharynx,Male,tie,,,1,2.9000001,0.0369506743497994,0.034267966,0.039633382
Oral_cavity_and_pharynx,Male,tie,,,1,2.95,0.037024307597672,0.034338869,0.039709747
Oral_cavity_and_pharynx,Male,tie,,,1,3.0,0.0370942326913317,0.034406301,0.039782163
Oral_cavity_and_pharynx,Male,tie,,,1,3.05,0.0371573092848328,0.034467362,0.039847258
Oral_cavity_and_pharynx,Male,tie,,,1,3.0999999,0.0372170255274486,0.034525272,0.039908782
Oral_cavity_and_pharynx,Male,tie,,,1,3.1500001,0.0372735433396809,0.034580182,0.039966904
Oral_cavity_and_pharynx,Male,tie,,,1,3.2,0.0373270137785374,0.034632236,0.040021792
Oral_cavity_and_pharynx,Male,tie,,,1,3.25,0.0373775794049904,0.034681559,0.0400736
Oral_cavity_and_pharynx,Male,tie,,,1,3.3,0.0374253738784625,0.034728285,0.040122464
Oral_cavity_and_pharynx,Male,tie,,,1,3.3499999,0.0374705228622202,0.034772523,0.04016852
Oral_cavity_and_pharynx,Male,tie,,,1,3.4000001,0.0375131447962909,0.034814388,0.040211901
Oral_cavity_and_pharynx,Male,tie,,,1,3.45,0.0375533506242922,0.03485398,0.040252719
Oral_cavity_and_pharynx,Male,tie,,,1,3.5,0.0375912454963214,0.0348914,0.04029109
Oral_cavity_and_pharynx,Male,tie,,,1,3.55,0.0376269283894902,0.034926739,0.040327117
Oral_cavity_and_pharynx,Male,tie,,,1,3.5999999,0.0376604927262189,0.034960084,0.040360902
Oral_cavity_and_pharynx,Male,tie,,,1,3.6500001,0.0376920268964932,0.034991518,0.040392537
Oral_cavity_and_pharynx,Male,tie,,,1,3.7,0.0377216140131198,0.035021115,0.040422112
Oral_cavity_and_pharynx,Male,tie,,,1,3.75,0.0377493331333344,0.035048954,0.040449712
Oral_cavity_and_pharynx,Male,tie,,,1,3.8,0.0377752589435291,0.035075102,0.040475417
Oral_cavity_and_pharynx,Male,tie,,,1,3.8499999,0.0377994621873134,0.035099622,0.0404993
Oral_cavity_and_pharynx,Male,tie,,,1,3.9000001,0.0378220100215685,0.035122585,0.040521435
Oral_cavity_and_pharynx,Male,tie,,,1,3.95,0.0378429658279096,0.035144042,0.040541891
Oral_cavity_and_pharynx,Male,tie,,,1,4.0,0.0378623900737155,0.035164054,0.040560726
Oral_cavity_and_pharynx,Male,tie,,,1,4.0500002,0.0378767764114861,0.035179377,0.040574178
Oral_cavity_and_pharynx,Male,tie,,,1,4.0999999,0.0378897439447936,0.035193358,0.040586133
Oral_cavity_and_pharynx,Male,tie,,,1,4.1500001,0.0379013450841243,0.035206042,0.040596645
Oral_cavity_and_pharynx,Male,tie,,,1,4.1999998,0.0379116292322715,0.035217486,0.040605772
Oral_cavity_and_pharynx,Male,tie,,,1,4.25,0.0379206438221462,0.035227727,0.040613562
Oral_cavity_and_pharynx,Male,tie,,,1,4.3000002,0.0379284337387311,0.035236806,0.040620063
Oral_cavity_and_pharynx,Male,tie,,,1,4.3499999,0.0379350417963922,0.035244767,0.040625319
Oral_cavity_and_pharynx,Male,tie,,,1,4.4000001,0.0379405089970012,0.035251647,0.040629372
Oral_cavity_and_pharynx,Male,tie,,,1,4.4499998,0.0379448742293857,0.035257481,0.040632267
Oral_cavity_and_pharynx,Male,tie,,,1,4.5,0.0379481747941111,0.035262305,0.040634044
Oral_cavity_and_pharynx,Male,tie,,,1,4.5500002,0.0379504461846043,0.035266154,0.04063474
Oral_cavity_and_pharynx,Male,tie,,,1,4.5999999,0.0379517223487406,0.035269056,0.04063439
Oral_cavity_and_pharynx,Male,tie,,,1,4.6500001,0.0379520357677083,0.035271045,0.040633027
Oral_cavity_and_pharynx,Male,tie,,,1,4.6999998,0.0379514174746986,0.035272148,0.040630687
Oral_cavity_and_pharynx,Male,tie,,,1,4.75,0.037949897156076,0.035272393,0.040627401
Oral_cavity_and_pharynx,Male,tie,,,1,4.8000002,0.037947503241434,0.035271809,0.040623195
Oral_cavity_and_pharynx,Male,tie,,,1,4.8499999,0.0379442629901092,0.035270419,0.040618107
Oral_cavity_and_pharynx,Male,tie,,,1,4.9000001,0.0379402024235623,0.035268251,0.040612154
Oral_cavity_and_pharynx,Male,tie,,,1,4.9499998,0.0379353466199593,0.035265323,0.04060537
Oral_cavity_and_pharynx,Male,tie,,,1,5.0,0.0379297194607119,0.035261661,0.040597778
Oral_cavity_and_pharynx,Male,tie,,,2,0.0,0.0,0.0,0.0
Oral_cavity_and_pharynx,Male,tie,,,2,0.050000001,0.0031616267110505,0.0027489283,0.0035743252
Oral_cavity_and_pharynx,Male,tie,,,2,0.1,0.0067997778310586,0.0058828914,0.0077166646
Oral_cavity_and_pharynx,Male,tie,,,2,0.15000001,0.0102344403036516,0.0088321296,0.011636751
Oral_cavity_and_pharynx,Male,tie,,,2,0.2,0.0133879234203704,0.011536406,0.01523944
Oral_cavity_and_pharynx,Male,tie,,,2,0.25,0.0162606361414095,0.013998992,0.018522281
Oral_cavity_and_pharynx,Male,tie,,,2,0.30000001,0.0188724373970107,0.0162383,0.021506574
Oral_cavity_and_pharynx,Male,tie,,,2,0.34999999,0.0212476137189867,0.018275794,0.024219433
Oral_cavity_and_pharynx,Male,tie,,,2,0.40000001,0.0234101365607432,0.020132283,0.026687991
Oral_cavity_and_pharynx,Male,tie,,,2,0.44999999,0.0253821012277926,0.021826761,0.028937442
Oral_cavity_and_pharynx,Male,tie,,,2,0.5,0.0271833298553942,0.023376172,0.030990487
Oral_cavity_and_pharynx,Male,tie,,,2,0.55000001,0.0288313862885829,0.024795469,0.032867305
Oral_cavity_and_pharynx,Male,tie,,,2,0.60000002,0.0303417614280179,0.026097802,0.034585722
Oral_cavity_and_pharynx,Male,tie,,,2,0.64999998,0.0317280969167906,0.027294736,0.036161456
Oral_cavity_and_pharynx,Male,tie,,,2,0.69999999,0.0330024183194552,0.028396446,0.037608393
Oral_cavity_and_pharynx,Male,tie,,,2,0.75,0.0341753300332657,0.029411899,0.038938761
Oral_cavity_and_pharynx,Male,tie,,,2,0.80000001,0.0352558250001979,0.030348688,0.040162962
Oral_cavity_and_pharynx,Male,tie,,,2,0.85000002,0.036251300215151,0.031213043,0.041289557
Oral_cavity_and_pharynx,Male,tie,,,2,0.89999998,0.0371684610443238,0.032010611,0.042326309
Oral_cavity_and_pharynx,Male,tie,,,2,0.94999999,0.0380134555739729,0.032746579,0.043280333
Oral_cavity_and_pharynx,Male,tie,,,2,1.0,0.0387919089756285,0.033425685,0.044158135
Oral_cavity_and_pharynx,Male,tie,,,2,1.05,0.039493609463298,0.034039292,0.044947926
Oral_cavity_and_pharynx,Male,tie,,,2,1.1,0.0401381420688121,0.03460395,0.045672335
Oral_cavity_and_pharynx,Male,tie,,,2,1.15,0.0407298744386139,0.035123345,0.046336401
Oral_cavity_and_pharynx,Male,tie,,,2,1.2,0.0412728070656544,0.035600871,0.046944745
Oral_cavity_and_pharynx,Male,tie,,,2,1.25,0.0417705952139749,0.036039617,0.047501575
Oral_cavity_and_pharynx,Male,tie,,,2,1.3,0.0422265888566398,0.036442421,0.048010755
Oral_cavity_and_pharynx,Male,tie,,,2,1.35,0.042643887801505,0.036811922,0.048475854
Oral_cavity_and_pharynx,Male,tie,,,2,1.4,0.043025425561971,0.037150603,0.048900247
Oral_cavity_and_pharynx,Male,tie,,,2,1.45,0.0433738897268673,0.037460748,0.049287032
Oral_cavity_and_pharynx,Male,tie,,,2,1.5,0.0436917172979192,0.037744429,0.049639005
Oral_cavity_and_pharynx,Male,tie,,,2,1.55,0.0439811277430529,0.038003538,0.049958717
Oral_cavity_and_pharynx,Male,tie,,,2,1.6,0.0442441438572552,0.038239796,0.050248493
Oral_cavity_and_pharynx,Male,tie,,,2,1.65,0.0444826109327395,0.038454778,0.050510444
Oral_cavity_and_pharynx,Male,tie,,,2,1.7,0.0446982192333598,0.038649928,0.050746512
Oral_cavity_and_pharynx,Male,tie,,,2,1.75,0.0448925154816966,0.03882657,0.050958462
Oral_cavity_and_pharynx,Male,tie,,,2,1.8,0.0450669207633525,0.038985915,0.051147923
Oral_cavity_and_pharynx,Male,tie,,,2,1.85,0.0452227413002209,0.03912909,0.051316392
Oral_cavity_and_pharynx,Male,tie,,,2,1.9,0.0453611786526562,0.03925712,0.051465236
Oral_cavity_and_pharynx,Male,tie,,,2,1.95,0.0454833420758646,0.039370961,0.051595721
Oral_cavity_and_pharynx,Male,tie,,,2,2.0,0.0455902546388751,0.039471492,0.051709019
Oral_cavity_and_pharynx,Male,tie,,,2,2.05,0.045663798134272,0.039543305,0.051784292
Oral_cavity_and_pharynx,Male,tie,,,2,2.0999999,0.0457238898744601,0.039603353,0.051844429
Oral_cavity_and_pharynx,Male,tie,,,2,2.1500001,0.0457713582954198,0.03965234,0.051890377
Oral_cavity_and_pharynx,Male,tie,,,2,2.2,0.0458069790397684,0.039690942,0.051923014
Oral_cavity_and_pharynx,Male,tie,,,2,2.25,0.045831531367209,0.039719831,0.051943231
Oral_cavity_and_pharynx,Male,tie,,,2,2.3,0.0458457610155329,0.039739653,0.051951867
Oral_cavity_and_pharynx,Male,tie,,,2,2.3499999,0.0458503542328395,0.039751001,0.051949706
Oral_cavity_and_pharynx,Male,tie,,,2,2.4000001,0.0458459432086079,0.039754424,0.051937465
Oral_cavity_and_pharynx,Male,tie,,,2,2.45,0.0458331112687254,0.039750423,0.051915798
Oral_cavity_and_pharynx,Male,tie,,,2,2.5,0.0458123972679773,0.039739475,0.051885322
Oral_cavity_and_pharynx,Male,tie,,,2,2.55,0.0457842996778116,0.039722003,0.051846597
Oral_cavity_and_pharynx,Male,tie,,,2,2.5999999,0.0457492802064546,0.039698415,0.051800147
Oral_cavity_and_pharynx,Male,tie,,,2,2.6500001,0.0457077668326561,0.039669078,0.051746454
Oral_cavity_and_pharynx,Male,tie,,,2,2.7,0.0456601575446728,0.039634343,0.05168597
Oral_cavity_and_pharynx,Male,tie,,,2,2.75,0.0456068217728425,0.039594531,0.051619112
Oral_cavity_and_pharynx,Male,tie,,,2,2.8,0.0455481035159172,0.039549936,0.051546272
Oral_cavity_and_pharynx,Male,tie,,,2,2.8499999,0.0454843232904341,0.039500844,0.051467802
Oral_cavity_and_pharynx,Male,tie,,,2,2.9000001,0.0454157797194838,0.039447516,0.051384043
Oral_cavity_and_pharynx,Male,tie,,,2,2.95,0.0453427526061121,0.039390188,0.051295314
Oral_cavity_and_pharynx,Male,tie,,,2,3.0,0.0452655025497565,0.039329097,0.05120191
Oral_cavity_and_pharynx,Male,tie,,,2,3.05,0.0451641036037539,0.039247241,0.051080968
Oral_cavity_and_pharynx,Male,tie,,,2,3.0999999,0.0450590753167553,0.039162125,0.050956026
Oral_cavity_and_pharynx,Male,tie,,,2,3.1500001,0.044950635669527,0.039073948,0.050827324
Oral_cavity_and_pharynx,Male,tie,,,2,3.2,0.0448389905950595,0.038982883,0.050695099
Oral_cavity_and_pharynx,Male,tie,,,2,3.25,0.044724331888055,0.038889103,0.050559562
Oral_cavity_and_pharynx,Male,tie,,,2,3.3,0.0446068401835122,0.038792763,0.050420918
Oral_cavity_and_pharynx,Male,tie,,,2,3.3499999,0.0444866852935694,0.038694009,0.05027936
Oral_cavity_and_pharynx,Male,tie,,,2,3.4000001,0.0443640263911885,0.03859299,0.050135061
Oral_cavity_and_pharynx,Male,tie,,,2,3.45,0.0442390150712215,0.038489833,0.049988199
Oral_cavity_and_pharynx,Male,tie,,,2,3.5,0.0441117924909464,0.038384661,0.049838923
Oral_cavity_and_pharynx,Male,tie,,,2,3.55,0.0439824922963005,0.038277596,0.049687389
Oral_cavity_and_pharynx,Male,tie,,,2,3.5999999,0.0438512405924423,0.038168743,0.049533736
Oral_cavity_and_pharynx,Male,tie,,,2,3.6500001,0.043718155810805,0.038058214,0.049378097
Oral_cavity_and_pharynx,Male,tie,,,2,3.7,0.043583351722329,0.037946101,0.049220599
Oral_cavity_and_pharynx,Male,tie,,,2,3.75,0.043446934058908,0.037832506,0.049061362
Oral_cavity_and_pharynx,Male,tie,,,2,3.8,0.0433090034404868,0.03771751,0.048900496
Oral_cavity_and_pharynx,Male,tie,,,2,3.8499999,0.043169655111434,0.037601199,0.048738111
Oral_cavity_and_pharynx,Male,tie,,,2,3.9000001,0.0430289786059019,0.037483655,0.048574302
Oral_cavity_and_pharynx,Male,tie,,,2,3.95,0.0428870607514264,0.037364952,0.048409168
Oral_cavity_and_pharynx,Male,tie,,,2,4.0,0.0427439819345614,0.037245162,0.0482428
Oral_cavity_and_pharynx,Male,tie,,,2,4.0500002,0.0425794066649062,0.037106868,0.048051946
Oral_cavity_and_pharynx,Male,tie,,,2,4.0999999,0.0424140060664266,0.036967769,0.047860242
Oral_cavity_and_pharynx,Male,tie,,,2,4.1500001,0.0422478469430479,0.036827933,0.04766776
Oral_cavity_and_pharynx,Male,tie,,,2,4.1999998,0.0420809988345703,0.036687415,0.047474582
Oral_cavity_and_pharynx,Male,tie,,,2,4.25,0.0419135215526689,0.036546271,0.04728077
Oral_cavity_and_pharynx,Male,tie,,,2,4.3000002,0.0417454764980698,0.036404558,0.047086395
Oral_cavity_and_pharynx,Male,tie,,,2,4.3499999,0.041576922093623,0.036262322,0.046891522
Oral_cavity_and_pharynx,Male,tie,,,2,4.4000001,0.0414079091075198,0.03611961,0.046696205
Oral_cavity_and_pharynx,Male,tie,,,2,4.4499998,0.041238492075087,0.035976477,0.046500508
Oral_cavity_and_pharynx,Male,tie,,,2,4.5,0.0410687165547537,0.035832956,0.046304476
Oral_cavity_and_pharynx,Male,tie,,,2,4.5500002,0.0408986305667038,0.035689093,0.046108168
Oral_cavity_and_pharynx,Male,tie,,,2,4.5999999,0.0407282798888714,0.035544932,0.045911629
Oral_cavity_and_pharynx,Male,tie,,,2,4.6500001,0.0405577032912594,0.035400499,0.045714907
Oral_cavity_and_pharynx,Male,tie,,,2,4.6999998,0.0403869440272054,0.035255842,0.045518048
Oral_cavity_and_pharynx,Male,tie,,,2,4.75,0.0402160369279564,0.035110988,0.045321088
Oral_cavity_and_pharynx,Male,tie,,,2,4.8000002,0.0400450198977067,0.03496597,0.045124073
Oral_cavity_and_pharynx,Male,tie,,,2,4.8499999,0.0398739291268358,0.034820821,0.044927038
Oral_cavity_and_pharynx,Male,tie,,,2,4.9000001,0.0397027942804921,0.034675568,0.044730019
Oral_cavity_and_pharynx,Male,tie,,,2,4.9499998,0.0395316500041374,0.034530245,0.044533055
Oral_cavity_and_pharynx,Male,tie,,,2,5.0,0.03936052294651,0.034384873,0.04433617
