site,sex,estimate,race,stage,agegroup,tt,PE,lci,uci
Oral_cavity_and_pharynx,Female,AD,,,0,0.0,0.0,0.0,0.0
Oral_cavity_and_pharynx,Female,AD,,,0,0.050000001,2.166705639975083,2.1038504,2.2295609
Oral_cavity_and_pharynx,Female,AD,,,0,0.1,4.944277978999849,4.7837305,5.1048255
Oral_cavity_and_pharynx,Female,AD,,,0,0.15000001,7.693318713757725,7.4287448,7.9578924
Oral_cavity_and_pharynx,Female,AD,,,0,0.2,10.28712130801879,9.9197598,10.654483
Oral_cavity_and_pharynx,Female,AD,,,0,0.25,12.69574350503854,12.229613,13.161874
Oral_cavity_and_pharynx,Female,AD,,,0,0.30000001,14.9189936541187,14.359161,15.478826
Oral_cavity_and_pharynx,Female,AD,,,0,0.34999999,16.96682198769912,16.318661,17.614983
Oral_cavity_and_pharynx,Female,AD,,,0,0.40000001,18.85233518198867,18.121178,19.583492
Oral_cavity_and_pharynx,Female,AD,,,0,0.44999999,20.58906902776079,19.780045,21.398094
Oral_cavity_and_pharynx,Female,AD,,,0,0.5,22.18992814287954,21.307888,23.071968
Oral_cavity_and_pharynx,Female,AD,,,0,0.55000001,23.66679374754438,22.716288,24.6173
Oral_cavity_and_pharynx,Female,AD,,,0,0.60000002,25.03043698350947,24.015707,26.045166
Oral_cavity_and_pharynx,Female,AD,,,0,0.64999998,26.29055067575664,25.215546,27.365555
Oral_cavity_and_pharynx,Female,AD,,,0,0.69999999,27.45583902888956,26.324228,28.58745
Oral_cavity_and_pharynx,Female,AD,,,0,0.75,28.53395769997794,27.349152,29.718765
Oral_cavity_and_pharynx,Female,AD,,,0,0.80000001,29.5312264843622,28.296423,30.766029
Oral_cavity_and_pharynx,Female,AD,,,0,0.85000002,30.45332107108979,29.171524,31.735119
Oral_cavity_and_pharynx,Female,AD,,,0,0.89999998,31.30549144846372,29.979515,32.63147
Oral_cavity_and_pharynx,Female,AD,,,0,0.94999999,32.09259275804509,30.725077,33.46011
Oral_cavity_and_pharynx,Female,AD,,,0,1.0,32.81910716161019,31.412529,34.225685
Oral_cavity_and_pharynx,Female,AD,,,0,1.05,33.48578956890438,32.042629,34.928947
Oral_cavity_and_pharynx,Female,AD,,,0,1.1,34.09977439625903,32.622219,35.577332
Oral_cavity_and_pharynx,Female,AD,,,0,1.15,34.66460699683162,33.154705,36.174511
Oral_cavity_and_pharynx,Female,AD,,,0,1.2,35.1835861156524,33.643257,36.723915
Oral_cavity_and_pharynx,Female,AD,,,0,1.25,35.65985842219122,34.090908,37.228809
Oral_cavity_and_pharynx,Female,AD,,,0,1.3,36.09637143585101,34.500481,37.692265
Oral_cavity_and_pharynx,Female,AD,,,0,1.35,36.49584491898121,34.874588,38.117104
Oral_cavity_and_pharynx,Female,AD,,,0,1.4,36.86078776206352,35.215637,38.505936
Oral_cavity_and_pharynx,Female,AD,,,0,1.45,37.19352215641455,35.525867,38.861179
Oral_cavity_and_pharynx,Female,AD,,,0,1.5,37.49619272902674,35.807327,39.185059
Oral_cavity_and_pharynx,Female,AD,,,0,1.55,37.77078695663605,36.061932,39.479641
Oral_cavity_and_pharynx,Female,AD,,,0,1.6,38.01914582329194,36.291447,39.746845
Oral_cavity_and_pharynx,Female,AD,,,0,1.65,38.24297447707774,36.497509,39.988438
Oral_cavity_and_pharynx,Female,AD,,,0,1.7,38.44385726428251,36.681641,40.206074
Oral_cavity_and_pharynx,Female,AD,,,0,1.75,38.62326348267045,36.845253,40.401276
Oral_cavity_and_pharynx,Female,AD,,,0,1.8,38.78256001140983,36.989655,40.575466
Oral_cavity_and_pharynx,Female,AD,,,0,1.85,38.92301798095161,37.116066,40.729969
Oral_cavity_and_pharynx,Female,AD,,,0,1.9,39.04581956836742,37.225628,40.866013
Oral_cavity_and_pharynx,Female,AD,,,0,1.95,39.15206715193949,37.319393,40.984741
Oral_cavity_and_pharynx,Female,AD,,,0,2.0,39.24278726637232,37.398346,41.087227
Oral_cavity_and_pharynx,Female,AD,,,0,2.05,39.31504348559008,37.459713,41.170376
Oral_cavity_and_pharynx,Female,AD,,,0,2.0999999,39.37376935403842,37.508183,41.239357
Oral_cavity_and_pharynx,Female,AD,,,0,2.1500001,39.4199769838086,37.544727,41.295227
Oral_cavity_and_pharynx,Female,AD,,,0,2.2,39.45459549256763,37.57024,41.338951
Oral_cavity_and_pharynx,Female,AD,,,0,2.25,39.47847856794026,37.585537,41.371422
Oral_cavity_and_pharynx,Female,AD,,,0,2.3,39.49241060097714,37.591366,41.393456
Oral_cavity_and_pharynx,Female,AD,,,0,2.3499999,39.49711327412437,37.588425,41.405804
Oral_cavity_and_pharynx,Female,AD,,,0,2.4000001,39.49325121323715,37.577339,41.409161
Oral_cavity_and_pharynx,Female,AD,,,0,2.45,39.4814372157569,37.558704,41.404167
Oral_cavity_and_pharynx,Female,AD,,,0,2.5,39.46223673638922,37.533062,41.391415
Oral_cavity_and_pharynx,Female,AD,,,0,2.55,39.43617206746289,37.500904,41.371441
Oral_cavity_and_pharynx,Female,AD,,,0,2.5999999,39.40372607748689,37.462696,41.344757
Oral_cavity_and_pharynx,Female,AD,,,0,2.6500001,39.3653453886888,37.418865,41.311825
Oral_cavity_and_pharynx,Female,AD,,,0,2.7,39.32144418739153,37.369808,41.273079
Oral_cavity_and_pharynx,Female,AD,,,0,2.75,39.27240588288576,37.315895,41.22892
Oral_cavity_and_pharynx,Female,AD,,,0,2.8,39.2185863139911,37.257458,41.179718
Oral_cavity_and_pharynx,Female,AD,,,0,2.8499999,39.16031584771773,37.194813,41.125816
Oral_cavity_and_pharynx,Female,AD,,,0,2.9000001,39.097901131482,37.128262,41.067543
Oral_cavity_and_pharynx,Female,AD,,,0,2.95,39.03162817536732,37.058067,41.005188
Oral_cavity_and_pharynx,Female,AD,,,0,3.0,38.96176226779493,36.984489,40.939037
Oral_cavity_and_pharynx,Female,AD,,,0,3.05,38.88448385525961,36.903908,40.865059
Oral_cavity_and_pharynx,Female,AD,,,0,3.0999999,38.80413055562011,36.820438,40.787823
Oral_cavity_and_pharynx,Female,AD,,,0,3.1500001,38.72091721672233,36.73428,40.707554
Oral_cavity_and_pharynx,Female,AD,,,0,3.2,38.63504541623657,36.64563,40.624462
Oral_cavity_and_pharynx,Female,AD,,,0,3.25,38.54670216572423,36.554665,40.538742
Oral_cavity_and_pharynx,Female,AD,,,0,3.3,38.45606247979448,36.461548,40.450577
Oral_cavity_and_pharynx,Female,AD,,,0,3.3499999,38.363289897287,36.366444,40.360138
Oral_cavity_and_pharynx,Female,AD,,,0,3.4000001,38.26853686087574,36.269489,40.267586
Oral_cavity_and_pharynx,Female,AD,,,0,3.45,38.17194730130216,36.170822,40.173073
Oral_cavity_and_pharynx,Female,AD,,,0,3.5,38.07365463068142,36.070576,40.076733
Oral_cavity_and_pharynx,Female,AD,,,0,3.55,37.97378418977022,35.968864,39.978706
Oral_cavity_and_pharynx,Female,AD,,,0,3.5999999,37.872453397829,35.865799,39.879108
Oral_cavity_and_pharynx,Female,AD,,,0,3.6500001,37.76977181004222,35.761486,39.778057
Oral_cavity_and_pharynx,Female,AD,,,0,3.7,37.66584358973899,35.656025,39.675663
Oral_cavity_and_pharynx,Female,AD,,,0,3.75,37.56076503801511,35.549503,39.572025
Oral_cavity_and_pharynx,Female,AD,,,0,3.8,37.45462697869245,35.442013,39.467243
Oral_cavity_and_pharynx,Female,AD,,,0,3.8499999,37.3475146714166,35.33363,39.361401
Oral_cavity_and_pharynx,Female,AD,,,0,3.9000001,37.23950766424682,35.22443,39.254585
Oral_cavity_and_pharynx,Female,AD,,,0,3.95,37.13068220017822,35.114491,39.146873
Oral_cavity_and_pharynx,Female,AD,,,0,4.0,37.02110844347148,35.003876,39.038342
Oral_cavity_and_pharynx,Female,AD,,,0,4.0500002,36.90692233353308,34.888931,38.924911
Oral_cavity_and_pharynx,Female,AD,,,0,4.0999999,36.79216451493484,34.773483,38.810848
Oral_cavity_and_pharynx,Female,AD,,,0,4.1500001,36.67689135352028,34.657578,38.696205
Oral_cavity_and_pharynx,Female,AD,,,0,4.1999998,36.56116010532217,34.541271,38.581047
Oral_cavity_and_pharynx,Female,AD,,,0,4.25,36.44502034443714,34.424614,38.465427
Oral_cavity_and_pharynx,Female,AD,,,0,4.3000002,36.32852188244025,34.307648,38.349396
Oral_cavity_and_pharynx,Female,AD,,,0,4.3499999,36.21171166316285,34.190422,38.233002
Oral_cavity_and_pharynx,Female,AD,,,0,4.4000001,36.09463058265198,34.072971,38.116291
Oral_cavity_and_pharynx,Female,AD,,,0,4.4499998,35.97732145876501,33.955338,37.999306
Oral_cavity_and_pharynx,Female,AD,,,0,4.5,35.85982025453823,33.837555,37.882084
Oral_cavity_and_pharynx,Female,AD,,,0,4.5500002,35.74216404759778,33.719662,37.764668
Oral_cavity_and_pharynx,Female,AD,,,0,4.5999999,35.62438781478042,33.601685,37.647091
Oral_cavity_and_pharynx,Female,AD,,,0,4.6500001,35.50652118117588,33.483654,37.529388
Oral_cavity_and_pharynx,Female,AD,,,0,4.6999998,35.3885964017828,33.365601,37.411591
Oral_cavity_and_pharynx,Female,AD,,,0,4.75,35.27063947988804,33.247551,37.293728
Oral_cavity_and_pharynx,Female,AD,,,0,4.8000002,35.15267814035873,33.129528,37.175827
Oral_cavity_and_pharynx,Female,AD,,,0,4.8499999,35.03473855187291,33.011559,37.057919
Oral_cavity_and_pharynx,Female,AD,,,0,4.9000001,34.91684204221596,32.893661,36.940025
Oral_cavity_and_pharynx,Female,AD,,,0,4.9499998,34.79901305467923,32.775856,36.82217
Oral_cavity_and_pharynx,Female,AD,,,0,5.0,34.68127023316062,32.658169,36.704372
Oral_cavity_and_pharynx,Female,AD,,,1,0.0,0.0,0.0,0.0
Oral_cavity_and_pharynx,Female,AD,,,1,0.050000001,1.557449363783777,1.5059143,1.6089844
Oral_cavity_and_pharynx,Female,AD,,,1,0.1,3.647297332968324,3.514581,3.7800136
Oral_cavity_and_pharynx,Female,AD,,,1,0.15000001,5.782813314063391,5.5628581,6.0027685
Oral_cavity_and_pharynx,Female,AD,,,1,0.2,7.846688612203712,7.5398054,8.1535721
Oral_cavity_and_pharynx,Female,AD,,,1,0.25,9.800029680885054,9.4089565,10.191102
Oral_cavity_and_pharynx,Female,AD,,,1,0.30000001,11.63135272440974,11.159816,12.102889
Oral_cavity_and_pharynx,Female,AD,,,1,0.34999999,13.34039020260231,12.792471,13.888309
Oral_cavity_and_pharynx,Female,AD,,,1,0.40000001,14.93171418957555,14.311546,15.551883
Oral_cavity_and_pharynx,Female,AD,,,1,0.44999999,16.41190477362025,15.723525,17.100285
Oral_cavity_and_pharynx,Female,AD,,,1,0.5,17.78822502768766,17.0355,18.540949
Oral_cavity_and_pharynx,Female,AD,,,1,0.55000001,19.06796769344545,18.254562,19.881372
Oral_cavity_and_pharynx,Female,AD,,,1,0.60000002,20.25814701565498,19.38751,21.128782
Oral_cavity_and_pharynx,Female,AD,,,1,0.64999998,21.36535532382974,20.440725,22.289986
Oral_cavity_and_pharynx,Female,AD,,,1,0.69999999,22.39571561768607,21.42012,23.371311
Oral_cavity_and_pharynx,Female,AD,,,1,0.75,23.35474182535904,22.331022,24.378462
Oral_cavity_and_pharynx,Female,AD,,,1,0.80000001,24.24702944672864,23.177864,25.316196
Oral_cavity_and_pharynx,Female,AD,,,1,0.85000002,25.07678234803391,23.964703,26.188862
Oral_cavity_and_pharynx,Female,AD,,,1,0.89999998,25.84796308599201,24.695358,27.000568
Oral_cavity_and_pharynx,Female,AD,,,1,0.94999999,26.56429510463145,25.373419,27.755171
Oral_cavity_and_pharynx,Female,AD,,,1,1.0,27.22926208547336,26.002237,28.456285
Oral_cavity_and_pharynx,Female,AD,,,1,1.05,27.84447401908141,26.58338,29.105568
Oral_cavity_and_pharynx,Female,AD,,,1,1.1,28.41455938029261,27.121284,29.707834
Oral_cavity_and_pharynx,Female,AD,,,1,1.15,28.94235718904242,27.618687,30.266027
Oral_cavity_and_pharynx,Female,AD,,,1,1.2,29.4305350527372,28.078146,30.782925
Oral_cavity_and_pharynx,Female,AD,,,1,1.25,29.88167900535174,28.502151,31.261206
Oral_cavity_and_pharynx,Female,AD,,,1,1.3,30.2982334312183,28.893049,31.703417
Oral_cavity_and_pharynx,Female,AD,,,1,1.35,30.68246377718745,29.253016,32.111912
Oral_cavity_and_pharynx,Female,AD,,,1,1.4,31.03646794705784,29.584066,32.488869
Oral_cavity_and_pharynx,Female,AD,,,1,1.45,31.36219546408374,29.888073,32.836319
Oral_cavity_and_pharynx,Female,AD,,,1,1.5,31.66145266688839,30.166767,33.156139
Oral_cavity_and_pharynx,Female,AD,,,1,1.55,31.93591935989713,30.421764,33.450073
Oral_cavity_and_pharynx,Female,AD,,,1,1.6,32.18715638137434,30.654564,33.719749
Oral_cavity_and_pharynx,Female,AD,,,1,1.65,32.41661341111875,30.866554,33.966675
Oral_cavity_and_pharynx,Female,AD,,,1,1.7,32.62564160352455,31.059032,34.192249
Oral_cavity_and_pharynx,Female,AD,,,1,1.75,32.8154970532987,31.233206,34.397789
Oral_cavity_and_pharynx,Female,AD,,,1,1.8,32.98735160827179,31.390198,34.584507
Oral_cavity_and_pharynx,Female,AD,,,1,1.85,33.1422977791664,31.531057,34.75354
Oral_cavity_and_pharynx,Female,AD,,,1,1.9,33.28135387044897,31.656759,34.905949
Oral_cavity_and_pharynx,Female,AD,,,1,1.95,33.4054720123587,31.768219,35.042725
Oral_cavity_and_pharynx,Female,AD,,,1,2.0,33.51554057658321,31.866289,35.164791
Oral_cavity_and_pharynx,Female,AD,,,1,2.05,33.61038442126035,31.949858,35.270912
Oral_cavity_and_pharynx,Female,AD,,,1,2.0999999,33.69290235011906,32.02169,35.364117
Oral_cavity_and_pharynx,Female,AD,,,1,2.1500001,33.76397968671429,32.08263,35.445328
Oral_cavity_and_pharynx,Female,AD,,,1,2.2,33.82443074272771,32.133461,35.5154
Oral_cavity_and_pharynx,Female,AD,,,1,2.25,33.87500591875018,32.1749,35.575111
Oral_cavity_and_pharynx,Female,AD,,,1,2.3,33.91639617031223,32.207603,35.625187
Oral_cavity_and_pharynx,Female,AD,,,1,2.3499999,33.94923865659992,32.232189,35.66629
Oral_cavity_and_pharynx,Female,AD,,,1,2.4000001,33.97412159921153,32.24921,35.699032
Oral_cavity_and_pharynx,Female,AD,,,1,2.45,33.99158813533357,32.259193,35.72398
Oral_cavity_and_pharynx,Female,AD,,,1,2.5,34.00214089665164,32.262619,35.741665
Oral_cavity_and_pharynx,Female,AD,,,1,2.55,34.0062449966198,32.259926,35.752563
Oral_cavity_and_pharynx,Female,AD,,,1,2.5999999,34.00433132955527,32.25153,35.757133
Oral_cavity_and_pharynx,Female,AD,,,1,2.6500001,33.99679938414119,32.237812,35.755787
Oral_cavity_and_pharynx,Female,AD,,,1,2.7,33.98402000773473,32.219128,35.748913
Oral_cavity_and_pharynx,Female,AD,,,1,2.75,33.96633754100034,32.195805,35.73687
Oral_cavity_and_pharynx,Female,AD,,,1,2.8,33.94407207343253,32.168148,35.719997
Oral_cavity_and_pharynx,Female,AD,,,1,2.8499999,33.91752136267603,32.13644,35.698601
Oral_cavity_and_pharynx,Female,AD,,,1,2.9000001,33.88696244697827,32.100948,35.672974
Oral_cavity_and_pharynx,Female,AD,,,1,2.95,33.85265385717346,32.06192,35.643387
Oral_cavity_and_pharynx,Female,AD,,,1,3.0,33.81483620848215,32.019585,35.610088
Oral_cavity_and_pharynx,Female,AD,,,1,3.05,33.77155103712337,31.972088,35.571014
Oral_cavity_and_pharynx,Female,AD,,,1,3.0999999,33.72520756275334,31.921713,35.528702
Oral_cavity_and_pharynx,Female,AD,,,1,3.1500001,33.67600184373006,31.868649,35.483356
Oral_cavity_and_pharynx,Female,AD,,,1,3.2,33.62411782323602,31.813068,35.435169
Oral_cavity_and_pharynx,Female,AD,,,1,3.25,33.56972686355768,31.755135,35.384319
Oral_cavity_and_pharynx,Female,AD,,,1,3.3,33.51298953719878,31.695004,35.330975
Oral_cavity_and_pharynx,Female,AD,,,1,3.3499999,33.45405619311813,31.632814,35.275299
Oral_cavity_and_pharynx,Female,AD,,,1,3.4000001,33.39306739091917,31.568705,35.21743
Oral_cavity_and_pharynx,Female,AD,,,1,3.45,33.33015574501307,31.502798,35.157513
Oral_cavity_and_pharynx,Female,AD,,,1,3.5,33.26544479638116,31.435211,35.095676
Oral_cavity_and_pharynx,Female,AD,,,1,3.55,33.19905073572126,31.366058,35.032043
Oral_cavity_and_pharynx,Female,AD,,,1,3.5999999,33.13108264193539,31.295439,34.966724
Oral_cavity_and_pharynx,Female,AD,,,1,3.6500001,33.06164263163114,31.223454,34.89983
Oral_cavity_and_pharynx,Female,AD,,,1,3.7,32.99082763757215,31.150192,34.831463
Oral_cavity_and_pharynx,Female,AD,,,1,3.75,32.91872783433281,31.075741,34.761715
Oral_cavity_and_pharynx,Female,AD,,,1,3.8,32.84542833829908,31.000181,34.690674
Oral_cavity_and_pharynx,Female,AD,,,1,3.8499999,32.77100923356289,30.923588,34.618431
Oral_cavity_and_pharynx,Female,AD,,,1,3.9000001,32.69554553722209,30.846033,34.545055
Oral_cavity_and_pharynx,Female,AD,,,1,3.95,32.61910894734139,30.767586,34.470631
Oral_cavity_and_pharynx,Female,AD,,,1,4.0,32.5417659650338,30.688307,34.395226
Oral_cavity_and_pharynx,Female,AD,,,1,4.0500002,32.46146028626664,30.606262,34.316658
Oral_cavity_and_pharynx,Female,AD,,,1,4.0999999,32.38039174366229,30.523525,34.237259
Oral_cavity_and_pharynx,Female,AD,,,1,4.1500001,32.29861480420713,30.440147,34.157082
Oral_cavity_and_pharynx,Female,AD,,,1,4.1999998,32.21618384792997,30.356176,34.076191
Oral_cavity_and_pharynx,Female,AD,,,1,4.25,32.13314712764128,30.271662,33.994633
Oral_cavity_and_pharynx,Female,AD,,,1,4.3000002,32.04955243894683,30.186647,33.912457
Oral_cavity_and_pharynx,Female,AD,,,1,4.3499999,31.96544495632775,30.101175,33.829716
Oral_cavity_and_pharynx,Female,AD,,,1,4.4000001,31.88086496178102,30.015284,33.746449
Oral_cavity_and_pharynx,Female,AD,,,1,4.4499998,31.7958536191054,29.929012,33.662697
Oral_cavity_and_pharynx,Female,AD,,,1,4.5,31.71044666119969,29.842394,33.578499
Oral_cavity_and_pharynx,Female,AD,,,1,4.5500002,31.62468018407646,29.755463,33.493896
Oral_cavity_and_pharynx,Female,AD,,,1,4.5999999,31.53858835097476,29.668253,33.408924
Oral_cavity_and_pharynx,Female,AD,,,1,4.6500001,31.45220102681281,29.58079,33.323612
Oral_cavity_and_pharynx,Female,AD,,,1,4.6999998,31.36554963817991,29.493103,33.237995
Oral_cavity_and_pharynx,Female,AD,,,1,4.75,31.27866068285057,29.40522,33.1521
Oral_cavity_and_pharynx,Female,AD,,,1,4.8000002,31.19156160070214,29.317165,33.065956
Oral_cavity_and_pharynx,Female,AD,,,1,4.8499999,31.10427839050347,29.228964,32.979591
Oral_cavity_and_pharynx,Female,AD,,,1,4.9000001,31.01683318513105,29.140635,32.893032
Oral_cavity_and_pharynx,Female,AD,,,1,4.9499998,30.92925015858626,29.052202,32.806297
Oral_cavity_and_pharynx,Female,AD,,,1,5.0,30.84154892718916,28.963684,32.719414
Oral_cavity_and_pharynx,Female,AD,,,2,0.0,0.0,0.0,0.0
Oral_cavity_and_pharynx,Female,AD,,,2,0.050000001,0.5992324381267106,0.56148636,0.63697851
Oral_cavity_and_pharynx,Female,AD,,,2,0.1,1.276977449553202,1.1872464,1.3667085
Oral_cavity_and_pharynx,Female,AD,,,2,0.15000001,1.882690848702428,1.7414551,2.0239267
Oral_cavity_and_pharynx,Female,AD,,,2,0.2,2.406753955811894,2.2173572,2.5961506
Oral_cavity_and_pharynx,Female,AD,,,2,0.25,2.857722150664086,2.6241786,3.0912657
Oral_cavity_and_pharynx,Female,AD,,,2,0.30000001,3.246539390663155,2.9728549,3.5202241
Oral_cavity_and_pharynx,Female,AD,,,2,0.34999999,3.583149134674168,3.2730849,3.8932133
Oral_cavity_and_pharynx,Female,AD,,,2,0.40000001,3.875876159975832,3.5328753,4.2188773
Oral_cavity_and_pharynx,Female,AD,,,2,0.44999999,4.131516648071743,3.7586935,4.5043397
Oral_cavity_and_pharynx,Female,AD,,,2,0.5,4.355590514138695,3.9557474,4.7554336
Oral_cavity_and_pharynx,Female,AD,,,2,0.55000001,4.552592886791691,4.1282458,4.9769397
Oral_cavity_and_pharynx,Female,AD,,,2,0.60000002,4.726208429805485,4.2796173,5.1727996
Oral_cavity_and_pharynx,Female,AD,,,2,0.64999998,4.879481260344148,4.4126759,5.3462863
Oral_cavity_and_pharynx,Female,AD,,,2,0.69999999,5.01494820253766,4.5297561,5.5001402
Oral_cavity_and_pharynx,Female,AD,,,2,0.75,5.134715905321198,4.6327868,5.6366448
Oral_cavity_and_pharynx,Female,AD,,,2,0.80000001,5.240481050355491,4.7233157,5.7576461
Oral_cavity_and_pharynx,Female,AD,,,2,0.85000002,5.333693021841991,4.80266,5.8647261
Oral_cavity_and_pharynx,Female,AD,,,2,0.89999998,5.415620772394836,4.8719697,5.9592719
Oral_cavity_and_pharynx,Female,AD,,,2,0.94999999,5.487380722720767,4.9322529,6.0425086
Oral_cavity_and_pharynx,Female,AD,,,2,1.0,5.549958673651146,4.9843988,6.1155186
Oral_cavity_and_pharynx,Female,AD,,,2,1.05,5.60252889033737,5.0277028,6.1773548
Oral_cavity_and_pharynx,Female,AD,,,2,1.1,5.64754893093003,5.0643396,6.2307582
Oral_cavity_and_pharynx,Female,AD,,,2,1.15,5.685717666967889,5.0949354,6.2765002
Oral_cavity_and_pharynx,Female,AD,,,2,1.2,5.717660095313915,5.1200485,6.3152714
Oral_cavity_and_pharynx,Female,AD,,,2,1.25,5.743932267703322,5.1401739,6.3476906
Oral_cavity_and_pharynx,Female,AD,,,2,1.3,5.765033702967569,5.1557536,6.3743138
Oral_cavity_and_pharynx,Female,AD,,,2,1.35,5.78141568567154,5.1671877,6.3956432
Oral_cavity_and_pharynx,Female,AD,,,2,1.4,5.793486655900264,5.1748385,6.4121346
Oral_cavity_and_pharynx,Female,AD,,,2,1.45,5.801617162600605,5.1790338,6.4242005
Oral_cavity_and_pharynx,Female,AD,,,2,1.5,5.806143718089631,5.1800728,6.4322147
Oral_cavity_and_pharynx,Female,AD,,,2,1.55,5.807372528059579,5.178226,6.4365191
Oral_cavity_and_pharynx,Female,AD,,,2,1.6,5.805582528953237,5.1737409,6.4374242
Oral_cavity_and_pharynx,Female,AD,,,2,1.65,5.801028192226741,5.1668439,6.4352121
Oral_cavity_and_pharynx,Female,AD,,,2,1.7,5.793941912097514,5.1577406,6.4301434
Oral_cavity_and_pharynx,Female,AD,,,2,1.75,5.784536245873293,5.1466193,6.4224529
Oral_cavity_and_pharynx,Female,AD,,,2,1.8,5.773005725997788,5.1336532,6.4123583
Oral_cavity_and_pharynx,Female,AD,,,2,1.85,5.759528592854251,5.1189995,6.4000578
Oral_cavity_and_pharynx,Female,AD,,,2,1.9,5.744268435391975,5.1028037,6.3857331
Oral_cavity_and_pharynx,Female,AD,,,2,1.95,5.727375315996221,5.0851989,6.3695517
Oral_cavity_and_pharynx,Female,AD,,,2,2.0,5.708987278577523,5.0663071,6.3516674
Oral_cavity_and_pharynx,Female,AD,,,2,2.05,5.687385408260681,5.0446467,6.3301244
Oral_cavity_and_pharynx,Female,AD,,,2,2.0999999,5.664561701301706,5.0219426,6.3071809
Oral_cavity_and_pharynx,Female,AD,,,2,2.1500001,5.640643119031179,4.9983068,6.2829795
Oral_cavity_and_pharynx,Female,AD,,,2,2.2,5.615744674846532,4.9738417,6.2576475
Oral_cavity_and_pharynx,Female,AD,,,2,2.25,5.589969913993681,4.948638,6.2313018
Oral_cavity_and_pharynx,Female,AD,,,2,2.3,5.563412554390356,4.9227786,6.2040462
Oral_cavity_and_pharynx,Female,AD,,,2,2.3499999,5.536157423498046,4.896338,6.1759768
Oral_cavity_and_pharynx,Female,AD,,,2,2.4000001,5.508281249921916,4.8693838,6.1471786
Oral_cavity_and_pharynx,Female,AD,,,2,2.45,5.479854017151109,4.8419776,6.1177306
Oral_cavity_and_pharynx,Female,AD,,,2,2.5,5.450938891248324,4.8141737,6.0877037
Oral_cavity_and_pharynx,Female,AD,,,2,2.55,5.421593394057857,4.7860236,6.0571628
Oral_cavity_and_pharynx,Female,AD,,,2,2.5999999,5.391869844194627,4.7575731,6.0261669
Oral_cavity_and_pharynx,Female,AD,,,2,2.6500001,5.361815722668744,4.7288628,5.9947691
Oral_cavity_and_pharynx,Female,AD,,,2,2.7,5.331474702106981,4.6999307,5.9630184
Oral_cavity_and_pharynx,Female,AD,,,2,2.75,5.300886192305724,4.6708121,5.9309602
Oral_cavity_and_pharynx,Female,AD,,,2,2.8,5.270086274915745,4.6415377,5.8986349
Oral_cavity_and_pharynx,Female,AD,,,2,2.8499999,5.239107885712619,4.6121359,5.8660798
Oral_cavity_and_pharynx,Female,AD,,,2,2.9000001,5.20798095711226,4.5826325,5.8333292
Oral_cavity_and_pharynx,Female,AD,,,2,2.95,5.17673327407836,4.5530524,5.8004146
Oral_cavity_and_pharynx,Female,AD,,,2,3.0,5.145389818456009,4.523416,5.7673635
Oral_cavity_and_pharynx,Female,AD,,,2,3.05,5.112131386043573,4.4921656,5.7320971
Oral_cavity_and_pharynx,Female,AD,,,2,3.0999999,5.078844503824393,4.4609184,5.6967707
Oral_cavity_and_pharynx,Female,AD,,,2,3.1500001,5.045548247934695,4.4296908,5.6614056
Oral_cavity_and_pharynx,Female,AD,,,2,3.2,5.012260521635254,4.3984981,5.6260233
Oral_cavity_and_pharynx,Female,AD,,,2,3.25,4.978997245424933,4.3673534,5.590641
Oral_cavity_and_pharynx,Female,AD,,,2,3.3,4.945773121487337,4.3362694,5.5552769
Oral_cavity_and_pharynx,Female,AD,,,2,3.3499999,4.912601592119423,4.3052573,5.5199456
Oral_cavity_and_pharynx,Female,AD,,,2,3.4000001,4.879494788353036,4.2743278,5.4846621
Oral_cavity_and_pharynx,Female,AD,,,2,3.45,4.846464257657017,4.2434897,5.4494386
Oral_cavity_and_pharynx,Female,AD,,,2,3.5,4.813520104431128,4.2127523,5.4142876
Oral_cavity_and_pharynx,Female,AD,,,2,3.55,4.780671701698896,4.1821232,5.3792205
Oral_cavity_and_pharynx,Female,AD,,,2,3.5999999,4.747927605812003,4.1516089,5.3442459
Oral_cavity_and_pharynx,Female,AD,,,2,3.6500001,4.715295467433307,4.1212168,5.3093743
Oral_cavity_and_pharynx,Female,AD,,,2,3.7,4.682782713912609,4.0909519,5.2746139
Oral_cavity_and_pharynx,Female,AD,,,2,3.75,4.650395670878519,4.0608196,5.2399716
Oral_cavity_and_pharynx,Female,AD,,,2,3.8,4.618140235722749,4.0308251,5.2054553
Oral_cavity_and_pharynx,Female,AD,,,2,3.8499999,4.586021767923706,4.0009727,5.1710711
Oral_cavity_and_pharynx,Female,AD,,,2,3.9000001,4.554044979210971,3.9712658,5.1368241
Oral_cavity_and_pharynx,Female,AD,,,2,3.95,4.522214581550988,3.9417083,5.1027207
Oral_cavity_and_pharynx,Female,AD,,,2,4.0,4.490534407790684,3.9123032,5.0687656
Oral_cavity_and_pharynx,Female,AD,,,2,4.0500002,4.4572367668995,3.8815484,5.0329251
Oral_cavity_and_pharynx,Female,AD,,,2,4.0999999,4.424122099031437,3.8509748,4.9972696
Oral_cavity_and_pharynx,Female,AD,,,2,4.1500001,4.391192471486763,3.8205833,4.9618015
Oral_cavity_and_pharynx,Female,AD,,,2,4.1999998,4.358450902232382,3.7903767,4.9265251
Oral_cavity_and_pharynx,Female,AD,,,2,4.25,4.325898871431608,3.7603555,4.8914423
Oral_cavity_and_pharynx,Female,AD,,,2,4.3000002,4.293538533513843,3.7305214,4.8565555
Oral_cavity_and_pharynx,Female,AD,,,2,4.3499999,4.26137179233488,3.700876,4.8218675
Oral_cavity_and_pharynx,Female,AD,,,2,4.4000001,4.229399407652896,3.6714196,4.7873793
Oral_cavity_and_pharynx,Female,AD,,,2,4.4499998,4.197623154972827,3.6421533,4.7530932
Oral_cavity_and_pharynx,Female,AD,,,2,4.5,4.166043402097169,3.6130772,4.7190099
Oral_cavity_and_pharynx,Female,AD,,,2,4.5500002,4.134661249670817,3.5841916,4.6851311
Oral_cavity_and_pharynx,Female,AD,,,2,4.5999999,4.103477627036386,3.5554976,4.6514578
Oral_cavity_and_pharynx,Female,AD,,,2,4.6500001,4.072492420980522,3.5269947,4.61799
Oral_cavity_and_pharynx,Female,AD,,,2,4.6999998,4.041706564246796,3.4986832,4.5847297
Oral_cavity_and_pharynx,Female,AD,,,2,4.75,4.011119682220349,3.4705627,4.5516768
Oral_cavity_and_pharynx,Female,AD,,,2,4.8000002,3.980732162711182,3.4426332,4.5188313
Oral_cavity_and_pharynx,Female,AD,,,2,4.8499999,3.950544275725842,3.4148948,4.4861937
Oral_cavity_and_pharynx,Female,AD,,,2,4.9000001,3.920555326783838,3.3873463,4.4537644
Oral_cavity_and_pharynx,Female,AD,,,2,4.9499998,3.890765675270582,3.3599882,4.4215431
Oral_cavity_and_pharynx,Female,AD,,,2,5.0,3.861174453720492,3.3328192,4.3895297
Oral_cavity_and_pharynx,Female,ADa,,,0,0.0,0.0,0.0,0.0
Oral_cavity_and_pharynx,Female,ADa,,,0,0.050000001,1.573757589431803,1.5653385,1.5821767
Oral_cavity_and_pharynx,Female,ADa,,,0,0.1,3.362711495465718,3.3475235,3.3778996
Oral_cavity_and_pharynx,Female,ADa,,,0,0.15000001,5.054901570960618,5.0345287,5.0752745
Oral_cavity_and_pharynx,Female,ADa,,,0,0.2,6.60209114846218,6.5773091,6.626873
Oral_cavity_and_pharynx,Female,ADa,,,0,0.25,8.003213425502667,7.9743094,8.0321169
Oral_cavity_and_pharynx,Female,ADa,,,0,0.30000001,9.26917208108333,9.2362204,9.302124
Oral_cavity_and_pharynx,Female,ADa,,,0,0.34999999,10.41336853572281,10.376386,10.450352
Oral_cavity_and_pharynx,Female,ADa,,,0,0.40000001,11.44879007538414,11.407805,11.489775
Oral_cavity_and_pharynx,Female,ADa,,,0,0.44999999,12.38714853891898,12.342224,12.432073
Oral_cavity_and_pharynx,Female,ADa,,,0,0.5,13.23873454648223,13.189969,13.2875
Oral_cavity_and_pharynx,Female,ADa,,,0,0.55000001,14.01250329550928,13.96002,14.064986
Oral_cavity_and_pharynx,Female,ADa,,,0,0.60000002,14.71623678550463,14.660178,14.772296
Oral_cavity_and_pharynx,Female,ADa,,,0,0.64999998,15.35670923330874,15.297228,15.416191
Oral_cavity_and_pharynx,Female,ADa,,,0,0.69999999,15.93984153970415,15.877094,16.002588
Oral_cavity_and_pharynx,Female,ADa,,,0,0.75,16.47073860323509,16.404882,16.536594
Oral_cavity_and_pharynx,Female,ADa,,,0,0.80000001,16.95357359467856,16.884766,17.022383
Oral_cavity_and_pharynx,Female,ADa,,,0,0.85000002,17.39203747749985,17.320429,17.463646
Oral_cavity_and_pharynx,Female,ADa,,,0,0.89999998,17.78949285015208,17.715231,17.863754
Oral_cavity_and_pharynx,Female,ADa,,,0,0.94999999,18.14900939444671,18.072237,18.225782
Oral_cavity_and_pharynx,Female,ADa,,,0,1.0,18.47339096698241,18.394241,18.552542
Oral_cavity_and_pharynx,Female,ADa,,,0,1.05,18.76344522857125,18.682053,18.844837
Oral_cavity_and_pharynx,Female,ADa,,,0,1.1,19.02326292626631,18.939749,19.106777
Oral_cavity_and_pharynx,Female,ADa,,,0,1.15,19.25500801063077,19.169485,19.34053
Oral_cavity_and_pharynx,Female,ADa,,,0,1.2,19.46067798273533,19.373255,19.548101
Oral_cavity_and_pharynx,Female,ADa,,,0,1.25,19.64215177187957,19.552927,19.731377
Oral_cavity_and_pharynx,Female,ADa,,,0,1.3,19.80117753236899,19.710243,19.892113
Oral_cavity_and_pharynx,Female,ADa,,,0,1.35,19.93936579355612,19.846806,20.031925
Oral_cavity_and_pharynx,Female,ADa,,,0,1.4,20.05820091566042,19.964094,20.152308
Oral_cavity_and_pharynx,Female,ADa,,,0,1.45,20.15905430600576,20.063475,20.254635
Oral_cavity_and_pharynx,Female,ADa,,,0,1.5,20.24319207195656,20.146206,20.340178
Oral_cavity_and_pharynx,Female,ADa,,,0,1.55,20.31178577837655,20.213455,20.410116
Oral_cavity_and_pharynx,Female,ADa,,,0,1.6,20.36591966098686,20.266302,20.465536
Oral_cavity_and_pharynx,Female,ADa,,,0,1.65,20.40659773645371,20.305748,20.507446
Oral_cavity_and_pharynx,Female,ADa,,,0,1.7,20.43475126611198,20.332718,20.536783
Oral_cavity_and_pharynx,Female,ADa,,,0,1.75,20.45124399134679,20.348074,20.554415
Oral_cavity_and_pharynx,Female,ADa,,,0,1.8,20.45687814584255,20.352613,20.561142
Oral_cavity_and_pharynx,Female,ADa,,,0,1.85,20.45239910575899,20.34708,20.557718
Oral_cavity_and_pharynx,Female,ADa,,,0,1.9,20.43850005826576,20.332163,20.544836
Oral_cavity_and_pharynx,Female,ADa,,,0,1.95,20.41582598702036,20.308506,20.523146
Oral_cavity_and_pharynx,Female,ADa,,,0,2.0,20.38497768220213,20.276709,20.493248
Oral_cavity_and_pharynx,Female,ADa,,,0,2.05,20.34468251848795,20.2355,20.453863
Oral_cavity_and_pharynx,Female,ADa,,,0,2.0999999,20.29738600516329,20.187321,20.407452
Oral_cavity_and_pharynx,Female,ADa,,,0,2.1500001,20.24366572938797,20.132742,20.354589
Oral_cavity_and_pharynx,Female,ADa,,,0,2.2,20.18405138509081,20.072294,20.295809
Oral_cavity_and_pharynx,Female,ADa,,,0,2.25,20.11902709884755,20.006456,20.231598
Oral_cavity_and_pharynx,Female,ADa,,,0,2.3,20.0490366638839,19.935673,20.162401
Oral_cavity_and_pharynx,Female,ADa,,,0,2.3499999,19.97448709186914,19.860348,20.088627
Oral_cavity_and_pharynx,Female,ADa,,,0,2.4000001,19.89575162775063,19.780853,20.010649
Oral_cavity_and_pharynx,Female,ADa,,,0,2.45,19.81317432235265,19.697535,19.928816
Oral_cavity_and_pharynx,Female,ADa,,,0,2.5,19.72707051808357,19.610701,19.843439
Oral_cavity_and_pharynx,Female,ADa,,,0,2.55,19.63773079800448,19.520645,19.754816
Oral_cavity_and_pharynx,Female,ADa,,,0,2.5999999,19.54542284016155,19.427635,19.663212
Oral_cavity_and_pharynx,Female,ADa,,,0,2.6500001,19.45039295995149,19.331911,19.568874
Oral_cavity_and_pharynx,Female,ADa,,,0,2.7,19.35286974253351,19.233707,19.472033
Oral_cavity_and_pharynx,Female,ADa,,,0,2.75,19.25306295515393,19.133228,19.372898
Oral_cavity_and_pharynx,Female,ADa,,,0,2.8,19.15116682523841,19.030668,19.271666
Oral_cavity_and_pharynx,Female,ADa,,,0,2.8499999,19.04736093151568,18.926207,19.168516
Oral_cavity_and_pharynx,Female,ADa,,,0,2.9000001,18.94181090999649,18.820009,19.063614
Oral_cavity_and_pharynx,Female,ADa,,,0,2.95,18.83467157681952,18.712229,18.957115
Oral_cavity_and_pharynx,Female,ADa,,,0,3.0,18.72608490806406,18.603008,18.849161
Oral_cavity_and_pharynx,Female,ADa,,,0,3.05,18.6144311907026,18.490736,18.738127
Oral_cavity_and_pharynx,Female,ADa,,,0,3.0999999,18.50161902882643,18.377312,18.625925
Oral_cavity_and_pharynx,Female,ADa,,,0,3.1500001,18.38776147640731,18.262848,18.512674
Oral_cavity_and_pharynx,Female,ADa,,,0,3.2,18.27296503948853,18.147449,18.398479
Oral_cavity_and_pharynx,Female,ADa,,,0,3.25,18.15732705082132,18.031216,18.28344
Oral_cavity_and_pharynx,Female,ADa,,,0,3.3,18.04093841565508,17.914234,18.167643
Oral_cavity_and_pharynx,Female,ADa,,,0,3.3499999,17.92388360054287,17.796591,18.051178
Oral_cavity_and_pharynx,Female,ADa,,,0,3.4000001,17.80624055584079,17.678362,17.934118
Oral_cavity_and_pharynx,Female,ADa,,,0,3.45,17.68808340673451,17.559624,17.816544
Oral_cavity_and_pharynx,Female,ADa,,,0,3.5,17.56947949457346,17.440441,17.698517
Oral_cavity_and_pharynx,Female,ADa,,,0,3.55,17.45049199264299,17.320879,17.580105
Oral_cavity_and_pharynx,Female,ADa,,,0,3.5999999,17.33117969051222,17.200994,17.461365
Oral_cavity_and_pharynx,Female,ADa,,,0,3.6500001,17.21159673962107,17.080843,17.342352
Oral_cavity_and_pharynx,Female,ADa,,,0,3.7,17.09179522665493,16.960474,17.223116
Oral_cavity_and_pharynx,Female,ADa,,,0,3.75,16.97182202015301,16.839937,17.103708
Oral_cavity_and_pharynx,Female,ADa,,,0,3.8,16.8517212976757,16.719275,16.984169
Oral_cavity_and_pharynx,Female,ADa,,,0,3.8499999,16.73153420435456,16.598528,16.864542
Oral_cavity_and_pharynx,Female,ADa,,,0,3.9000001,16.61129849016541,16.477734,16.744864
Oral_cavity_and_pharynx,Female,ADa,,,0,3.95,16.49105099811553,16.35693,16.625172
Oral_cavity_and_pharynx,Female,ADa,,,0,4.0,16.37082440398495,16.236151,16.505499
Oral_cavity_and_pharynx,Female,ADa,,,0,4.0500002,16.24913235727382,16.113918,16.384346
Oral_cavity_and_pharynx,Female,ADa,,,0,4.0999999,16.12755740501055,15.991804,16.263311
Oral_cavity_and_pharynx,Female,ADa,,,0,4.1500001,16.00612381053202,15.869833,16.142414
Oral_cavity_and_pharynx,Female,ADa,,,0,4.1999998,15.88485861646449,15.748033,16.021685
Oral_cavity_and_pharynx,Female,ADa,,,0,4.25,15.76378250466966,15.626422,15.901143
Oral_cavity_and_pharynx,Female,ADa,,,0,4.3000002,15.64291801007601,15.505025,15.78081
Oral_cavity_and_pharynx,Female,ADa,,,0,4.3499999,15.522286148573,15.383862,15.66071
Oral_cavity_and_pharynx,Female,ADa,,,0,4.4000001,15.40190307361672,15.26295,15.540856
Oral_cavity_and_pharynx,Female,ADa,,,0,4.4499998,15.28178821524788,15.142306,15.42127
Oral_cavity_and_pharynx,Female,ADa,,,0,4.5,15.16195518189392,15.021946,15.301964
Oral_cavity_and_pharynx,Female,ADa,,,0,4.5500002,15.04241986482032,14.901885,15.182955
Oral_cavity_and_pharynx,Female,ADa,,,0,4.5999999,14.92319706294215,14.782138,15.064257
Oral_cavity_and_pharynx,Female,ADa,,,0,4.6500001,14.80429715362358,14.662714,14.94588
Oral_cavity_and_pharynx,Female,ADa,,,0,4.6999998,14.68573410832241,14.543629,14.827839
Oral_cavity_and_pharynx,Female,ADa,,,0,4.75,14.56751648183147,14.424891,14.710143
Oral_cavity_and_pharynx,Female,ADa,,,0,4.8000002,14.44965539122643,14.306509,14.592802
Oral_cavity_and_pharynx,Female,ADa,,,0,4.8499999,14.33216116072929,14.188496,14.475826
Oral_cavity_and_pharynx,Female,ADa,,,0,4.9000001,14.21504002428031,14.070857,14.359223
Oral_cavity_and_pharynx,Female,ADa,,,0,4.9499998,14.09830200586607,13.953602,14.243002
Oral_cavity_and_pharynx,Female,ADa,,,0,5.0,13.98195202692338,13.836737,14.127168
Oral_cavity_and_pharynx,Female,ADa,,,1,0.0,0.0,0.0,0.0
Oral_cavity_and_pharynx,Female,ADa,,,1,0.050000001,1.125445244508687,1.1186737,1.1322168
Oral_cavity_and_pharynx,Female,ADa,,,1,0.1,2.486364952167238,2.473568,2.4991617
Oral_cavity_and_pharynx,Female,ADa,,,1,0.15000001,3.83074431164938,3.812609,3.8488796
Oral_cavity_and_pharynx,Female,ADa,,,1,0.2,5.100299896950236,5.0773163,5.1232839
Oral_cavity_and_pharynx,Female,ADa,,,1,0.25,6.279439428288429,6.2519622,6.3069167
Oral_cavity_and_pharynx,Female,ADa,,,1,0.30000001,7.366765807554703,7.3350706,7.3984609
Oral_cavity_and_pharynx,Female,ADa,,,1,0.34999999,8.366174352606397,8.3304911,8.4018574
Oral_cavity_and_pharynx,Female,ADa,,,1,0.40000001,9.28347310151486,9.2440033,9.3229427
Oral_cavity_and_pharynx,Female,ADa,,,1,0.44999999,10.12496443556044,10.081893,10.168036
Oral_cavity_and_pharynx,Female,ADa,,,1,0.5,10.8968380485876,10.850336,10.94334
Oral_cavity_and_pharynx,Female,ADa,,,1,0.55000001,11.60491035824015,11.55514,11.654681
Oral_cavity_and_pharynx,Female,ADa,,,1,0.60000002,12.25453346521893,12.201646,12.307421
Oral_cavity_and_pharynx,Female,ADa,,,1,0.64999998,12.85057785044668,12.794719,12.906437
Oral_cavity_and_pharynx,Female,ADa,,,1,0.69999999,13.397454540567,13.338762,13.456147
Oral_cavity_and_pharynx,Female,ADa,,,1,0.75,13.89906945160312,13.837674,13.960464
Oral_cavity_and_pharynx,Female,ADa,,,1,0.80000001,14.35866752225076,14.294695,14.42264
Oral_cavity_and_pharynx,Female,ADa,,,1,0.85000002,14.77917688645134,14.712748,14.845607
Oral_cavity_and_pharynx,Female,ADa,,,1,0.89999998,15.16331526105809,15.094543,15.232087
Oral_cavity_and_pharynx,Female,ADa,,,1,0.94999999,15.51360246608208,15.442597,15.584607
Oral_cavity_and_pharynx,Female,ADa,,,1,1.0,15.83236996092553,15.759236,15.905503
Oral_cavity_and_pharynx,Female,ADa,,,1,1.05,16.12075688759402,16.045599,16.195915
Oral_cavity_and_pharynx,Female,ADa,,,1,1.1,16.38174961536874,16.304661,16.458838
Oral_cavity_and_pharynx,Female,ADa,,,1,1.15,16.61719956174542,16.538269,16.696131
Oral_cavity_and_pharynx,Female,ADa,,,1,1.2,16.82883189367961,16.748144,16.909519
Oral_cavity_and_pharynx,Female,ADa,,,1,1.25,17.01830048497343,16.935934,17.100668
Oral_cavity_and_pharynx,Female,ADa,,,1,1.3,17.18715774696497,17.103186,17.27113
Oral_cavity_and_pharynx,Female,ADa,,,1,1.35,17.33683732042156,17.251329,17.422346
Oral_cavity_and_pharynx,Female,ADa,,,1,1.4,17.46866316889608,17.381683,17.555643
Oral_cavity_and_pharynx,Female,ADa,,,1,1.45,17.58386111781283,17.495468,17.672255
Oral_cavity_and_pharynx,Female,ADa,,,1,1.5,17.68356466734399,17.593815,17.773315
Oral_cavity_and_pharynx,Female,ADa,,,1,1.55,17.76882461315668,17.677771,17.859879
Oral_cavity_and_pharynx,Female,ADa,,,1,1.6,17.84061498390652,17.748304,17.932926
Oral_cavity_and_pharynx,Female,ADa,,,1,1.65,17.89983897806758,17.806316,17.993361
Oral_cavity_and_pharynx,Female,ADa,,,1,1.7,17.94733581719208,17.852646,18.042027
Oral_cavity_and_pharynx,Female,ADa,,,1,1.75,17.9838848231784,17.888065,18.079704
Oral_cavity_and_pharynx,Female,ADa,,,1,1.8,18.01021103244465,17.9133,18.107122
Oral_cavity_and_pharynx,Female,ADa,,,1,1.85,18.02698907531977,17.929022,18.124956
Oral_cavity_and_pharynx,Female,ADa,,,1,1.9,18.03484711293342,17.935856,18.133839
Oral_cavity_and_pharynx,Female,ADa,,,1,1.95,18.0343706656838,17.934385,18.134356
Oral_cavity_and_pharynx,Female,ADa,,,1,2.0,18.026105745164,17.925156,18.127056
Oral_cavity_and_pharynx,Female,ADa,,,1,2.05,18.00940541626079,17.907524,18.111286
Oral_cavity_and_pharynx,Female,ADa,,,1,2.0999999,17.98597301684206,17.883186,18.08876
Oral_cavity_and_pharynx,Female,ADa,,,1,2.1500001,17.95633689519692,17.852667,18.060005
Oral_cavity_and_pharynx,Female,ADa,,,1,2.2,17.9209825011134,17.816452,18.025513
Oral_cavity_and_pharynx,Female,ADa,,,1,2.25,17.88035486046683,17.774984,17.985725
Oral_cavity_and_pharynx,Female,ADa,,,1,2.3,17.8348628106131,17.728668,17.941057
Oral_cavity_and_pharynx,Female,ADa,,,1,2.3499999,17.78488219240831,17.677883,17.891882
Oral_cavity_and_pharynx,Female,ADa,,,1,2.4000001,17.73075856548357,17.622969,17.838549
Oral_cavity_and_pharynx,Female,ADa,,,1,2.45,17.6728109438733,17.564245,17.781376
Oral_cavity_and_pharynx,Female,ADa,,,1,2.5,17.61133266194805,17.502005,17.720661
Oral_cavity_and_pharynx,Female,ADa,,,1,2.55,17.54659456770785,17.436518,17.656672
Oral_cavity_and_pharynx,Female,ADa,,,1,2.5999999,17.47884674092581,17.368032,17.589663
Oral_cavity_and_pharynx,Female,ADa,,,1,2.6500001,17.40831992755191,17.296778,17.519861
Oral_cavity_and_pharynx,Female,ADa,,,1,2.7,17.33522850566035,17.222969,17.447487
Oral_cavity_and_pharynx,Female,ADa,,,1,2.75,17.25976992172222,17.146803,17.372736
Oral_cavity_and_pharynx,Female,ADa,,,1,2.8,17.18212734331036,17.068462,17.295792
Oral_cavity_and_pharynx,Female,ADa,,,1,2.8499999,17.10247052672237,16.988115,17.216825
Oral_cavity_and_pharynx,Female,ADa,,,1,2.9000001,17.02095651196209,16.905918,17.135996
Oral_cavity_and_pharynx,Female,ADa,,,1,2.95,16.93773217573935,16.822018,17.053446
Oral_cavity_and_pharynx,Female,ADa,,,1,3.0,16.85293279892447,16.736549,16.969316
Oral_cavity_and_pharynx,Female,ADa,,,1,3.05,16.76552628382314,16.648487,16.882565
Oral_cavity_and_pharynx,Female,ADa,,,1,3.0999999,16.67680724507429,16.55912,16.794495
Oral_cavity_and_pharynx,Female,ADa,,,1,3.1500001,16.58688441835787,16.468554,16.705215
Oral_cavity_and_pharynx,Female,ADa,,,1,3.2,16.49586024338621,16.37689,16.61483
Oral_cavity_and_pharynx,Female,ADa,,,1,3.25,16.40382886481585,16.284225,16.523434
Oral_cavity_and_pharynx,Female,ADa,,,1,3.3,16.31087836811246,16.190645,16.431112
Oral_cavity_and_pharynx,Female,ADa,,,1,3.3499999,16.21709083549942,16.096233,16.337948
Oral_cavity_and_pharynx,Female,ADa,,,1,3.4000001,16.12254233549904,16.001064,16.24402
Oral_cavity_and_pharynx,Female,ADa,,,1,3.45,16.02730513582826,15.90521,16.149401
Oral_cavity_and_pharynx,Female,ADa,,,1,3.5,15.93144537078292,15.808737,16.054153
Oral_cavity_and_pharynx,Female,ADa,,,1,3.55,15.83502518435626,15.711707,15.958344
Oral_cavity_and_pharynx,Female,ADa,,,1,3.5999999,15.73810259682125,15.614178,15.862027
Oral_cavity_and_pharynx,Female,ADa,,,1,3.6500001,15.64073133021938,15.516204,15.765259
Oral_cavity_and_pharynx,Female,ADa,,,1,3.7,15.54296293578735,15.417834,15.668091
Oral_cavity_and_pharynx,Female,ADa,,,1,3.75,15.44484425509775,15.319118,15.57057
Oral_cavity_and_pharynx,Female,ADa,,,1,3.8,15.34641950374959,15.220099,15.47274
Oral_cavity_and_pharynx,Female,ADa,,,1,3.8499999,15.24773001906612,15.120817,15.374642
Oral_cavity_and_pharynx,Female,ADa,,,1,3.9000001,15.14881398301986,15.021312,15.276317
Oral_cavity_and_pharynx,Female,ADa,,,1,3.95,15.04970849049673,14.921618,15.177798
Oral_cavity_and_pharynx,Female,ADa,,,1,4.0,14.95044688616888,14.821772,15.079122
Oral_cavity_and_pharynx,Female,ADa,,,1,4.0500002,14.85004110155199,14.720792,14.979291
Oral_cavity_and_pharynx,Female,ADa,,,1,4.0999999,14.74956222680126,14.61974,14.879384
Oral_cavity_and_pharynx,Female,ADa,,,1,4.1500001,14.64903595545575,14.518643,14.779428
Oral_cavity_and_pharynx,Female,ADa,,,1,4.1999998,14.54849002780994,14.417529,14.679451
Oral_cavity_and_pharynx,Female,ADa,,,1,4.25,14.44794667808165,14.31642,14.579474
Oral_cavity_and_pharynx,Female,ADa,,,1,4.3000002,14.34742945339816,14.215338,14.479522
Oral_cavity_and_pharynx,Female,ADa,,,1,4.3499999,14.24696043590249,14.114305,14.379616
Oral_cavity_and_pharynx,Female,ADa,,,1,4.4000001,14.14655746233115,14.013341,14.279774
Oral_cavity_and_pharynx,Female,ADa,,,1,4.4499998,14.04624091597583,13.912465,14.180017
Oral_cavity_and_pharynx,Female,ADa,,,1,4.5,13.94602614800435,13.811692,14.080359
Oral_cavity_and_pharynx,Female,ADa,,,1,4.5500002,13.84593025144575,13.71104,13.98082
Oral_cavity_and_pharynx,Female,ADa,,,1,4.5999999,13.74596925607782,13.610524,13.881413
Oral_cavity_and_pharynx,Female,ADa,,,1,4.6500001,13.6461553389761,13.510158,13.782153
Oral_cavity_and_pharynx,Female,ADa,,,1,4.6999998,13.54650355515249,13.409954,13.683053
Oral_cavity_and_pharynx,Female,ADa,,,1,4.75,13.44702427998545,13.309924,13.584125
Oral_cavity_and_pharynx,Female,ADa,,,1,4.8000002,13.3477299187966,13.210081,13.485379
Oral_cavity_and_pharynx,Female,ADa,,,1,4.8499999,13.24863209765928,13.110435,13.386828
Oral_cavity_and_pharynx,Female,ADa,,,1,4.9000001,13.14973888268907,13.010997,13.288482
Oral_cavity_and_pharynx,Female,ADa,,,1,4.9499998,13.0510614342567,12.911775,13.190349
Oral_cavity_and_pharynx,Female,ADa,,,1,5.0,12.95260650329547,12.812776,13.092437
Oral_cavity_and_pharynx,Female,ADa,,,2,0.0,0.0,0.0,0.0
Oral_cavity_and_pharynx,Female,ADa,,,2,0.050000001,0.4408536139281309,0.43683833,0.44486889
Oral_cavity_and_pharynx,Female,ADa,,,2,0.1,0.8629190942876612,0.85605586,0.86978233
Oral_cavity_and_pharynx,Female,ADa,,,2,0.15000001,1.206839803456409,1.19863,1.2150497
Oral_cavity_and_pharynx,Female,ADa,,,2,0.2,1.482159254449305,1.4733727,1.4909458
Oral_cavity_and_pharynx,Female,ADa,,,2,0.25,1.702951737332087,1.6937916,1.7121118
Oral_cavity_and_pharynx,Female,ADa,,,2,0.30000001,1.881183466836055,1.8715307,1.8908362
Oral_cavity_and_pharynx,Female,ADa,,,2,0.34999999,2.026122017738361,2.0157499,2.036494
Oral_cavity_and_pharynx,Female,ADa,,,2,0.40000001,2.144778031665349,2.1334898,2.1560662
Oral_cavity_and_pharynx,Female,ADa,,,2,0.44999999,2.242441676144299,2.2301204,2.2547629
Oral_cavity_and_pharynx,Female,ADa,,,2,0.5,2.323129125772898,2.3097358,2.3365226
Oral_cavity_and_pharynx,Female,ADa,,,2,0.55000001,2.3899186353395,2.3754702,2.404367
Oral_cavity_and_pharynx,Female,ADa,,,2,0.60000002,2.445196666269209,2.4297457,2.4606476
Oral_cavity_and_pharynx,Female,ADa,,,2,0.64999998,2.490835648957593,2.4744537,2.5072174
Oral_cavity_and_pharynx,Female,ADa,,,2,0.69999999,2.528322835181472,2.51109,2.5455556
Oral_cavity_and_pharynx,Female,ADa,,,2,0.75,2.558840865766739,2.5408387,2.576843
Oral_cavity_and_pharynx,Female,ADa,,,2,0.80000001,2.583306210998311,2.5646143,2.6019983
Oral_cavity_and_pharynx,Female,ADa,,,2,0.85000002,2.602473086599916,2.5831659,2.6217802
Oral_cavity_and_pharynx,Female,ADa,,,2,0.89999998,2.616980067560955,2.597127,2.6368332
Oral_cavity_and_pharynx,Female,ADa,,,2,0.94999999,2.627372453524064,2.6070359,2.6477091
Oral_cavity_and_pharynx,Female,ADa,,,2,1.0,2.634119392913172,2.6133559,2.6548829
Oral_cavity_and_pharynx,Female,ADa,,,2,1.05,2.636902853656087,2.6157694,2.6580362
Oral_cavity_and_pharynx,Female,ADa,,,2,1.1,2.636809700654598,2.615351,2.6582685
Oral_cavity_and_pharynx,Female,ADa,,,2,1.15,2.634151561090738,2.612407,2.6558962
Oral_cavity_and_pharynx,Female,ADa,,,2,1.2,2.629200430029245,2.6072042,2.6511967
Oral_cavity_and_pharynx,Female,ADa,,,2,1.25,2.622182001266955,2.5999639,2.6443999
Oral_cavity_and_pharynx,Female,ADa,,,2,1.3,2.613293031556433,2.590879,2.6357071
Oral_cavity_and_pharynx,Female,ADa,,,2,1.35,2.6027114494263,2.5801232,2.6252997
Oral_cavity_and_pharynx,Female,ADa,,,2,1.4,2.590598691068874,2.5678554,2.613342
Oral_cavity_and_pharynx,Female,ADa,,,2,1.45,2.577101379085422,2.554219,2.5999837
Oral_cavity_and_pharynx,Female,ADa,,,2,1.5,2.562353136736226,2.5393457,2.5853605
Oral_cavity_and_pharynx,Female,ADa,,,2,1.55,2.546475732976997,2.5233552,2.5695963
Oral_cavity_and_pharynx,Female,ADa,,,2,1.6,2.529580348102596,2.5063567,2.552804
Oral_cavity_and_pharynx,Female,ADa,,,2,1.65,2.511768739525061,2.4884505,2.5350869
Oral_cavity_and_pharynx,Female,ADa,,,2,1.7,2.493133863496301,2.4697285,2.5165391
Oral_cavity_and_pharynx,Female,ADa,,,2,1.75,2.473761018662336,2.4502747,2.4972472
Oral_cavity_and_pharynx,Female,ADa,,,2,1.8,2.453728256090073,2.4301662,2.4772902
Oral_cavity_and_pharynx,Female,ADa,,,2,1.85,2.433107145054182,2.4094739,2.4567404
Oral_cavity_and_pharynx,Female,ADa,,,2,1.9,2.411963500962152,2.3882627,2.4356642
Oral_cavity_and_pharynx,Female,ADa,,,2,1.95,2.390357553574622,2.3665926,2.4141226
Oral_cavity_and_pharynx,Female,ADa,,,2,2.0,2.368344814236912,2.3445182,2.3921714
Oral_cavity_and_pharynx,Female,ADa,,,2,2.05,2.345313720721041,2.3214359,2.3691914
Oral_cavity_and_pharynx,Female,ADa,,,2,2.0999999,2.32199345345597,2.2980664,2.3459206
Oral_cavity_and_pharynx,Female,ADa,,,2,2.1500001,2.298434061118799,2.2744591,2.3224089
Oral_cavity_and_pharynx,Female,ADa,,,2,2.2,2.27468055856266,2.250659,2.298702
Oral_cavity_and_pharynx,Female,ADa,,,2,2.25,2.250772792042823,2.2267056,2.2748399
Oral_cavity_and_pharynx,Female,ADa,,,2,2.3,2.226746428169188,2.2026343,2.2508585
Oral_cavity_and_pharynx,Female,ADa,,,2,2.3499999,2.202633316906575,2.1784768,2.2267897
Oral_cavity_and_pharynx,Female,ADa,,,2,2.4000001,2.178461794052666,2.1542616,2.202662
Oral_cavity_and_pharynx,Female,ADa,,,2,2.45,2.154257510861936,2.1300137,2.1785014
Oral_cavity_and_pharynx,Female,ADa,,,2,2.5,2.130043067473013,2.1057558,2.1543303
Oral_cavity_and_pharynx,Female,ADa,,,2,2.55,2.105838761326116,2.0815084,2.1301692
Oral_cavity_and_pharynx,Female,ADa,,,2,2.5999999,2.08166272662511,2.0572894,2.1060362
Oral_cavity_and_pharynx,Female,ADa,,,2,2.6500001,2.057531045185502,2.0331147,2.0819476
Oral_cavity_and_pharynx,Female,ADa,,,2,2.7,2.033458407014207,2.0089991,2.0579178
Oral_cavity_and_pharynx,Female,ADa,,,2,2.75,2.009457598103781,1.9849554,2.0339599
Oral_cavity_and_pharynx,Female,ADa,,,2,2.8,1.985540119772831,1.9609951,2.0100851
Oral_cavity_and_pharynx,Female,ADa,,,2,2.8499999,1.961716215030214,1.9371283,1.986304
Oral_cavity_and_pharynx,Female,ADa,,,2,2.9000001,1.937994882075674,1.9133642,1.9626255
Oral_cavity_and_pharynx,Female,ADa,,,2,2.95,1.914384439183089,1.889711,1.9390578
Oral_cavity_and_pharynx,Female,ADa,,,2,3.0,1.890891947007066,1.8661759,1.915608
Oral_cavity_and_pharynx,Female,ADa,,,2,3.05,1.866941349803475,1.8421921,1.8916906
Oral_cavity_and_pharynx,Female,ADa,,,2,3.0999999,1.843135428746199,1.8183532,1.8679177
Oral_cavity_and_pharynx,Female,ADa,,,2,3.1500001,1.819478824294356,1.7946638,1.844294
Oral_cavity_and_pharynx,Female,ADa,,,2,3.2,1.795975906343703,1.7711282,1.8208237
Oral_cavity_and_pharynx,Female,ADa,,,2,3.25,1.772630156652619,1.7477499,1.7975104
Oral_cavity_and_pharynx,Female,ADa,,,2,3.3,1.749444674130372,1.7245322,1.7743571
Oral_cavity_and_pharynx,Female,ADa,,,2,3.3499999,1.726422109714641,1.7014776,1.7513665
Oral_cavity_and_pharynx,Female,ADa,,,2,3.4000001,1.703564601080498,1.6785884,1.7285408
Oral_cavity_and_pharynx,Female,ADa,,,2,3.45,1.680874246891726,1.6558666,1.7058818
Oral_cavity_and_pharynx,Female,ADa,,,2,3.5,1.658352488104026,1.6333138,1.6833912
Oral_cavity_and_pharynx,Female,ADa,,,2,3.55,1.636000576604722,1.6109312,1.66107
Oral_cavity_and_pharynx,Female,ADa,,,2,3.5999999,1.613819494640562,1.5887197,1.6389194
Oral_cavity_and_pharynx,Female,ADa,,,2,3.6500001,1.591809876350216,1.5666801,1.6169397
Oral_cavity_and_pharynx,Female,ADa,,,2,3.7,1.569972450349386,1.544813,1.5951319
Oral_cavity_and_pharynx,Female,ADa,,,2,3.75,1.548307431413703,1.5231189,1.573496
Oral_cavity_and_pharynx,Female,ADa,,,2,3.8,1.526814960482604,1.5015976,1.5520322
Oral_cavity_and_pharynx,Female,ADa,,,2,3.8499999,1.505495016880211,1.4802495,1.5307405
Oral_cavity_and_pharynx,Female,ADa,,,2,3.9000001,1.484347333838533,1.459074,1.5096207
Oral_cavity_and_pharynx,Female,ADa,,,2,3.95,1.463371815515585,1.4380713,1.4886724
Oral_cavity_and_pharynx,Female,ADa,,,2,4.0,1.442567945113498,1.4172406,1.4678953
Oral_cavity_and_pharynx,Female,ADa,,,2,4.0500002,1.421446788523838,1.396104,1.4467895
Oral_cavity_and_pharynx,Female,ADa,,,2,4.0999999,1.400510436548667,1.3751528,1.425868
Oral_cavity_and_pharynx,Female,ADa,,,2,4.1500001,1.379757600643861,1.3543856,1.4051296
Oral_cavity_and_pharynx,Female,ADa,,,2,4.1999998,1.359187713448091,1.3338021,1.3845733
Oral_cavity_and_pharynx,Female,ADa,,,2,4.25,1.338799353606728,1.3134006,1.3641981
Oral_cavity_and_pharynx,Female,ADa,,,2,4.3000002,1.318591630761929,1.2931803,1.344003
Oral_cavity_and_pharynx,Female,ADa,,,2,4.3499999,1.298563596050406,1.2731404,1.3239868
Oral_cavity_and_pharynx,Female,ADa,,,2,4.4000001,1.278713682994995,1.2532792,1.3041482
Oral_cavity_and_pharynx,Female,ADa,,,2,4.4499998,1.259041045875605,1.233596,1.2844862
Oral_cavity_and_pharynx,Female,ADa,,,2,4.5,1.239544050341059,1.2140889,1.2649993
Oral_cavity_and_pharynx,Female,ADa,,,2,4.5500002,1.220221595561398,1.194757,1.2456862
Oral_cavity_and_pharynx,Female,ADa,,,2,4.5999999,1.201072548106064,1.1755992,1.2265459
Oral_cavity_and_pharynx,Female,ADa,,,2,4.6500001,1.182095205401398,1.1566137,1.2075766
Oral_cavity_and_pharynx,Female,ADa,,,2,4.6999998,1.163288573462954,1.1377996,1.1887776
Oral_cavity_and_pharynx,Female,ADa,,,2,4.75,1.144650922149334,1.1191552,1.1701467
Oral_cavity_and_pharynx,Female,ADa,,,2,4.8000002,1.126181047593506,1.100679,1.151683
Oral_cavity_and_pharynx,Female,ADa,,,2,4.8499999,1.107877729550522,1.0823703,1.1333852
Oral_cavity_and_pharynx,Female,ADa,,,2,4.9000001,1.089739217304726,1.0642269,1.1152517
Oral_cavity_and_pharynx,Female,ADa,,,2,4.9499998,1.071764449779141,1.0462478,1.0972811
Oral_cavity_and_pharynx,Female,ADa,,,2,5.0,1.053951673572046,1.0284314,1.0794719
Oral_cavity_and_pharynx,Female,ADb,,,0,0.0,0.0,0.0,0.0
Oral_cavity_and_pharynx,Female,ADb,,,0,0.050000001,0.8057501427471465,0.70966667,0.90183359
Oral_cavity_and_pharynx,Female,ADb,,,0,0.1,1.971365469212869,1.7468337,2.1958973
Oral_cavity_and_pharynx,Female,ADb,,,0,0.15000001,3.192303506061531,2.8354521,3.5491548
Oral_cavity_and_pharynx,Female,ADb,,,0,0.2,4.394948040707159,3.9086745,4.8812218
Oral_cavity_and_pharynx,Female,ADb,,,0,0.25,5.551234164770323,4.9409528,6.1615157
Oral_cavity_and_pharynx,Female,ADb,,,0,0.30000001,6.650120655074623,5.9221826,7.3780584
Oral_cavity_and_pharynx,Female,ADb,,,0,0.34999999,7.68818785227008,6.8491788,8.5271969
Oral_cavity_and_pharynx,Female,ADb,,,0,0.40000001,8.66570696253986,7.7221088,9.6093044
Oral_cavity_and_pharynx,Female,ADb,,,0,0.44999999,9.584767263757213,8.5427971,10.626738
Oral_cavity_and_pharynx,Female,ADb,,,0,0.5,10.44832533024768,9.3138609,11.58279
Oral_cavity_and_pharynx,Female,ADb,,,0,0.55000001,11.25969104385823,10.038245,12.481137
Oral_cavity_and_pharynx,Female,ADb,,,0,0.60000002,12.02225212418492,10.718972,13.325532
Oral_cavity_and_pharynx,Female,ADb,,,0,0.64999998,12.73932199336233,11.359001,14.119642
Oral_cavity_and_pharynx,Female,ADb,,,0,0.69999999,13.41406373005711,11.961162,14.866966
Oral_cavity_and_pharynx,Female,ADb,,,0,0.75,14.0491247783011,12.527823,15.570426
Oral_cavity_and_pharynx,Female,ADb,,,0,0.80000001,14.64612384363801,13.060442,16.231806
Oral_cavity_and_pharynx,Female,ADb,,,0,0.85000002,15.20663085343639,13.560428,16.852835
Oral_cavity_and_pharynx,Female,ADb,,,0,0.89999998,15.73230839555358,14.029275,17.435343
Oral_cavity_and_pharynx,Female,ADb,,,0,0.94999999,16.22486027244074,14.468514,17.981205
Oral_cavity_and_pharynx,Female,ADb,,,0,1.0,16.68598897864717,14.879677,18.492302
Oral_cavity_and_pharynx,Female,ADb,,,0,1.05,17.11540384157734,15.262493,18.968315
Oral_cavity_and_pharynx,Female,ADb,,,0,1.1,17.51663424361071,15.620136,19.413132
Oral_cavity_and_pharynx,Female,ADb,,,0,1.15,17.89126004449555,15.954024,19.828495
Oral_cavity_and_pharynx,Female,ADb,,,0,1.2,18.24095252940229,16.265656,20.216249
Oral_cavity_and_pharynx,Female,ADb,,,0,1.25,18.56763651184825,16.556749,20.578524
Oral_cavity_and_pharynx,Female,ADb,,,0,1.3,18.87311432301406,16.828918,20.917311
Oral_cavity_and_pharynx,Female,ADb,,,0,1.35,19.15901830529214,17.083622,21.234415
Oral_cavity_and_pharynx,Female,ADb,,,0,1.4,19.42682680828516,17.32218,21.531473
Oral_cavity_and_pharynx,Female,ADb,,,0,1.45,19.67788480964311,17.545795,21.809975
Oral_cavity_and_pharynx,Female,ADb,,,0,1.5,19.9134130286132,17.755558,22.071268
Oral_cavity_and_pharynx,Female,ADb,,,0,1.55,20.13452488706446,17.952463,22.316587
Oral_cavity_and_pharynx,Female,ADb,,,0,1.6,20.34223581741817,18.137415,22.547056
Oral_cavity_and_pharynx,Female,ADb,,,0,1.65,20.53747192966951,18.311245,22.7637
Oral_cavity_and_pharynx,Female,ADb,,,0,1.7,20.72108228085471,18.474707,22.967459
Oral_cavity_and_pharynx,Female,ADb,,,0,1.75,20.89384302596076,18.628494,23.159191
Oral_cavity_and_pharynx,Female,ADb,,,0,1.8,21.05646755929562,18.773245,23.339689
Oral_cavity_and_pharynx,Female,ADb,,,0,1.85,21.20961132467053,18.909544,23.509678
Oral_cavity_and_pharynx,Female,ADb,,,0,1.9,21.35387637828399,19.037928,23.669825
Oral_cavity_and_pharynx,Female,ADb,,,0,1.95,21.48981883881827,19.158894,23.820744
Oral_cavity_and_pharynx,Female,ADb,,,0,2.0,21.61795083222892,19.272896,23.963005
Oral_cavity_and_pharynx,Female,ADb,,,0,2.05,21.73630867779758,19.378155,24.094461
Oral_cavity_and_pharynx,Female,ADb,,,0,2.0999999,21.84783689706964,19.477325,24.218348
Oral_cavity_and_pharynx,Female,ADb,,,0,2.1500001,21.95299238769757,19.570816,24.335169
Oral_cavity_and_pharynx,Female,ADb,,,0,2.2,22.0521936656255,19.658997,24.445391
Oral_cavity_and_pharynx,Female,ADb,,,0,2.25,22.14582736318815,19.742214,24.54944
Oral_cavity_and_pharynx,Female,ADb,,,0,2.3,22.23424931352133,19.820786,24.647713
Oral_cavity_and_pharynx,Female,ADb,,,0,2.3499999,22.31778785442925,19.895002,24.740572
Oral_cavity_and_pharynx,Female,ADb,,,0,2.4000001,22.39674669018458,19.965137,24.828356
Oral_cavity_and_pharynx,Female,ADb,,,0,2.45,22.47140564519545,20.031437,24.911375
Oral_cavity_and_pharynx,Female,ADb,,,0,2.5,22.54202493020297,20.094133,24.989916
Oral_cavity_and_pharynx,Female,ADb,,,0,2.55,22.60884542263041,20.153444,25.064247
Oral_cavity_and_pharynx,Female,ADb,,,0,2.5999999,22.67209068047259,20.209566,25.134615
Oral_cavity_and_pharynx,Female,ADb,,,0,2.6500001,22.73196868688063,20.262684,25.201254
Oral_cavity_and_pharynx,Female,ADb,,,0,2.7,22.78867204866458,20.312971,25.264374
Oral_cavity_and_pharynx,Female,ADb,,,0,2.75,22.84238090552356,20.360586,25.324175
Oral_cavity_and_pharynx,Female,ADb,,,0,2.8,22.8932628572103,20.40568,25.380846
Oral_cavity_and_pharynx,Female,ADb,,,0,2.8499999,22.94147423980664,20.448391,25.434557
Oral_cavity_and_pharynx,Female,ADb,,,0,2.9000001,22.98716122998317,20.48885,25.485474
Oral_cavity_and_pharynx,Female,ADb,,,0,2.95,23.03045979663272,20.527176,25.533743
Oral_cavity_and_pharynx,Female,ADb,,,0,3.0,23.07149774496613,20.563486,25.57951
Oral_cavity_and_pharynx,Female,ADb,,,0,3.05,23.10766454124919,20.595409,25.619919
Oral_cavity_and_pharynx,Female,ADb,,,0,3.0999999,23.14181108132164,20.62553,25.658092
Oral_cavity_and_pharynx,Female,ADb,,,0,3.1500001,23.17404285504146,20.65394,25.694145
Oral_cavity_and_pharynx,Female,ADb,,,0,3.2,23.20445838970763,20.680727,25.728189
Oral_cavity_and_pharynx,Female,ADb,,,0,3.25,23.23315064399618,20.705976,25.760324
Oral_cavity_and_pharynx,Female,ADb,,,0,3.3,23.2602068175599,20.729765,25.790649
Oral_cavity_and_pharynx,Female,ADb,,,0,3.3499999,23.28570890631974,20.752163,25.819254
Oral_cavity_and_pharynx,Female,ADb,,,0,3.4000001,23.30973417826567,20.773243,25.846226
Oral_cavity_and_pharynx,Female,ADb,,,0,3.45,23.33235505747346,20.793068,25.871643
Oral_cavity_and_pharynx,Female,ADb,,,0,3.5,23.35364011934792,20.811697,25.895582
Oral_cavity_and_pharynx,Female,ADb,,,0,3.55,23.37365390979124,20.829191,25.918116
Oral_cavity_and_pharynx,Female,ADb,,,0,3.5999999,23.39245732507993,20.845604,25.93931
Oral_cavity_and_pharynx,Female,ADb,,,0,3.6500001,23.41010793499952,20.860985,25.95923
Oral_cavity_and_pharynx,Female,ADb,,,0,3.7,23.4266598748945,20.875383,25.977936
Oral_cavity_and_pharynx,Female,ADb,,,0,3.75,23.4421645565839,20.888845,25.995483
Oral_cavity_and_pharynx,Female,ADb,,,0,3.8,23.4566705174182,20.901415,26.011927
Oral_cavity_and_pharynx,Female,ADb,,,0,3.8499999,23.47022368393519,20.913132,26.027317
Oral_cavity_and_pharynx,Female,ADb,,,0,3.9000001,23.48286759390557,20.924034,26.041702
Oral_cavity_and_pharynx,Female,ADb,,,0,3.95,23.4946433115292,20.934158,26.055128
Oral_cavity_and_pharynx,Female,ADb,,,0,4.0,23.50558992999574,20.943542,26.067638
Oral_cavity_and_pharynx,Female,ADb,,,0,4.0500002,23.51291193132534,20.949642,26.076181
Oral_cavity_and_pharynx,Female,ADb,,,0,4.0999999,23.51949163260285,20.955078,26.083906
Oral_cavity_and_pharynx,Female,ADb,,,0,4.1500001,23.52536253090334,20.959879,26.090847
Oral_cavity_and_pharynx,Female,ADb,,,0,4.1999998,23.53055619193089,20.964071,26.09704
Oral_cavity_and_pharynx,Female,ADb,,,0,4.25,23.53510279869732,20.967686,26.10252
Oral_cavity_and_pharynx,Female,ADb,,,0,4.3000002,23.53903088118334,20.970743,26.107317
Oral_cavity_and_pharynx,Female,ADb,,,0,4.3499999,23.54236757794632,20.973272,26.111462
Oral_cavity_and_pharynx,Female,ADb,,,0,4.4000001,23.54513878575248,20.975294,26.114983
Oral_cavity_and_pharynx,Female,ADb,,,0,4.4499998,23.5473690256873,20.976831,26.117907
Oral_cavity_and_pharynx,Female,ADb,,,0,4.5,23.5490817262062,20.977903,26.120258
Oral_cavity_and_pharynx,Female,ADb,,,0,4.5500002,23.55029912724535,20.978533,26.122066
Oral_cavity_and_pharynx,Female,ADb,,,0,4.5999999,23.55104242708014,20.978735,26.12335
Oral_cavity_and_pharynx,Female,ADb,,,0,4.6500001,23.55133184019949,20.978531,26.124134
Oral_cavity_and_pharynx,Female,ADb,,,0,4.6999998,23.5511866127129,20.977936,26.124437
Oral_cavity_and_pharynx,Female,ADb,,,0,4.75,23.5506250961712,20.976967,26.124283
Oral_cavity_and_pharynx,Female,ADb,,,0,4.8000002,23.54966479457552,20.975639,26.12369
Oral_cavity_and_pharynx,Female,ADb,,,0,4.8499999,23.5483224221861,20.97397,26.122675
Oral_cavity_and_pharynx,Female,ADb,,,0,4.9000001,23.54661389012129,20.971972,26.121256
Oral_cavity_and_pharynx,Female,ADb,,,0,4.9499998,23.54455444426804,20.969656,26.119452
Oral_cavity_and_pharynx,Female,ADb,,,0,5.0,23.54215857285769,20.967041,26.117277
Oral_cavity_and_pharynx,Female,ADb,,,1,0.0,0.0,0.0,0.0
Oral_cavity_and_pharynx,Female,ADb,,,1,0.050000001,0.6350222831007734,0.54994965,0.72009492
Oral_cavity_and_pharynx,Female,ADb,,,1,0.1,1.513699246183375,1.3184831,1.7089155
Oral_cavity_and_pharynx,Female,ADb,,,1,0.15000001,2.42125072348226,2.1139913,2.7285101
Oral_cavity_and_pharynx,Female,ADb,,,1,0.2,3.312331861687868,2.8959308,3.7287331
Oral_cavity_and_pharynx,Female,ADb,,,1,0.25,4.170776143285504,3.6497607,4.6917915
Oral_cavity_and_pharynx,Female,ADb,,,1,0.30000001,4.990589994568394,4.3700285,5.6111512
Oral_cavity_and_pharynx,Female,ADb,,,1,0.34999999,5.770117561596397,5.0551662,6.4850688
Oral_cavity_and_pharynx,Female,ADb,,,1,0.40000001,6.509731089524136,5.7054267,7.3140354
Oral_cavity_and_pharynx,Female,ADb,,,1,0.44999999,7.210775121841641,6.3219419,8.0996084
Oral_cavity_and_pharynx,Female,ADb,,,1,0.5,7.875049081879933,6.9062572,8.8438406
Oral_cavity_and_pharynx,Female,ADb,,,1,0.55000001,8.50453279290403,7.4600868,9.5489788
Oral_cavity_and_pharynx,Female,ADb,,,1,0.60000002,9.10124278214126,7.9851832,10.217302
Oral_cavity_and_pharynx,Female,ADb,,,1,0.64999998,9.667153008673408,8.4832668,10.85104
Oral_cavity_and_pharynx,Female,ADb,,,1,0.69999999,10.20415634684244,8.9559879,11.452325
Oral_cavity_and_pharynx,Female,ADb,,,1,0.75,10.71378535235619,9.404686,12.022884
Oral_cavity_and_pharynx,Female,ADb,,,1,0.80000001,11.19680134763767,9.8300219,12.563581
Oral_cavity_and_pharynx,Female,ADb,,,1,0.85000002,11.6539635290363,10.232658,13.075269
Oral_cavity_and_pharynx,Female,ADb,,,1,0.89999998,12.08614407315593,10.613356,13.558932
Oral_cavity_and_pharynx,Female,ADb,,,1,0.94999999,12.49428913530675,10.972941,14.015637
Oral_cavity_and_pharynx,Female,ADb,,,1,1.0,12.87938474129321,11.312279,14.446491
Oral_cavity_and_pharynx,Female,ADb,,,1,1.05,13.24170522657127,11.631609,14.851801
Oral_cavity_and_pharynx,Female,ADb,,,1,1.1,13.58295442315605,11.932425,15.233484
Oral_cavity_and_pharynx,Female,ADb,,,1,1.15,13.90412736287478,12.215596,15.592658
Oral_cavity_and_pharynx,Female,ADb,,,1,1.2,14.20632412677543,12.48209,15.930558
Oral_cavity_and_pharynx,Female,ADb,,,1,1.25,14.49087807679926,12.733076,16.24868
Oral_cavity_and_pharynx,Female,ADb,,,1,1.3,14.75905608322162,12.969665,16.548447
Oral_cavity_and_pharynx,Female,ADb,,,1,1.35,15.01201617685928,13.192873,16.83116
Oral_cavity_and_pharynx,Female,ADb,,,1,1.4,15.25081605601531,13.403629,17.098001
Oral_cavity_and_pharynx,Female,ADb,,,1,1.45,15.47642649988643,13.602786,17.350067
Oral_cavity_and_pharynx,Female,ADb,,,1,1.5,15.68973523455992,13.791122,17.588348
Oral_cavity_and_pharynx,Female,ADb,,,1,1.55,15.8915584091532,13.969355,17.813763
Oral_cavity_and_pharynx,Female,ADb,,,1,1.6,16.08264574535513,14.138142,18.027149
Oral_cavity_and_pharynx,Female,ADb,,,1,1.65,16.26368549714532,14.298087,18.229284
Oral_cavity_and_pharynx,Female,ADb,,,1,1.7,16.43531316125709,14.44975,18.420876
Oral_cavity_and_pharynx,Female,ADb,,,1,1.75,16.59811303545662,14.593643,18.602583
Oral_cavity_and_pharynx,Female,ADb,,,1,1.8,16.75262565157989,14.730241,18.775011
Oral_cavity_and_pharynx,Female,ADb,,,1,1.85,16.89935051615345,14.859983,18.938719
Oral_cavity_and_pharynx,Female,ADb,,,1,1.9,17.03874879993198,14.983274,19.094223
Oral_cavity_and_pharynx,Female,ADb,,,1,1.95,17.17124902876719,15.100492,19.242006
Oral_cavity_and_pharynx,Female,ADb,,,1,2.0,17.29724762456206,15.211982,19.382513
Oral_cavity_and_pharynx,Female,ADb,,,1,2.05,17.41615228840894,15.31723,19.515074
Oral_cavity_and_pharynx,Female,ADb,,,1,2.0999999,17.52932135873597,15.417425,19.641218
Oral_cavity_and_pharynx,Female,ADb,,,1,2.1500001,17.63711691999599,15.512885,19.761349
Oral_cavity_and_pharynx,Female,ADb,,,1,2.2,17.73987162762912,15.603904,19.875839
Oral_cavity_and_pharynx,Female,ADb,,,1,2.25,17.83789430660501,15.690752,19.985037
Oral_cavity_and_pharynx,Female,ADb,,,1,2.3,17.93147013286955,15.77368,20.08926
Oral_cavity_and_pharynx,Female,ADb,,,1,2.3499999,18.02086319357161,15.852921,20.188807
Oral_cavity_and_pharynx,Female,ADb,,,1,2.4000001,18.10631871671596,15.928689,20.283949
Oral_cavity_and_pharynx,Female,ADb,,,1,2.45,18.18806311093898,16.001184,20.374941
Oral_cavity_and_pharynx,Female,ADb,,,1,2.5,18.2663078987307,16.070595,20.462021
Oral_cavity_and_pharynx,Female,ADb,,,1,2.55,18.34124941543319,16.137089,20.54541
Oral_cavity_and_pharynx,Female,ADb,,,1,2.5999999,18.41307044404498,16.20083,20.625311
Oral_cavity_and_pharynx,Female,ADb,,,1,2.6500001,18.48194164024753,16.261969,20.701914
Oral_cavity_and_pharynx,Female,ADb,,,1,2.7,18.548021233637,16.320644,20.775398
Oral_cavity_and_pharynx,Female,ADb,,,1,2.75,18.61145790560824,16.376986,20.84593
Oral_cavity_and_pharynx,Female,ADb,,,1,2.8,18.6723902885678,16.431116,20.913664
Oral_cavity_and_pharynx,Female,ADb,,,1,2.8499999,18.73094805296632,16.483149,20.978746
Oral_cavity_and_pharynx,Female,ADb,,,1,2.9000001,18.78725285553555,16.533194,21.041313
Oral_cavity_and_pharynx,Female,ADb,,,1,2.95,18.84141790097795,16.581347,21.10149
Oral_cavity_and_pharynx,Female,ADb,,,1,3.0,18.89355012262165,16.627705,21.159397
Oral_cavity_and_pharynx,Female,ADb,,,1,3.05,18.94257906328376,16.671324,21.213833
Oral_cavity_and_pharynx,Female,ADb,,,1,3.0999999,18.98976651940754,16.713318,21.266214
Oral_cavity_and_pharynx,Female,ADb,,,1,3.1500001,19.03520135254809,16.753761,21.316641
Oral_cavity_and_pharynx,Female,ADb,,,1,3.2,19.07896651526278,16.792728,21.365204
Oral_cavity_and_pharynx,Female,ADb,,,1,3.25,19.12114072020211,16.83029,21.411993
Oral_cavity_and_pharynx,Female,ADb,,,1,3.3,19.16179790546396,16.866507,21.457088
Oral_cavity_and_pharynx,Female,ADb,,,1,3.3499999,19.20100776795851,16.901443,21.50057
Oral_cavity_and_pharynx,Female,ADb,,,1,3.4000001,19.23883622843508,16.93516,21.542513
Oral_cavity_and_pharynx,Female,ADb,,,1,3.45,19.27534498188027,16.967707,21.582985
Oral_cavity_and_pharynx,Female,ADb,,,1,3.5,19.31059282408659,16.999136,21.622049
Oral_cavity_and_pharynx,Female,ADb,,,1,3.55,19.34463514988143,17.029499,21.659773
Oral_cavity_and_pharynx,Female,ADb,,,1,3.5999999,19.37752434559592,17.05884,21.696209
Oral_cavity_and_pharynx,Female,ADb,,,1,3.6500001,19.40931013125775,17.087202,21.731417
Oral_cavity_and_pharynx,Female,ADb,,,1,3.7,19.44003913846744,17.11463,21.765448
Oral_cavity_and_pharynx,Female,ADb,,,1,3.75,19.46975598517461,17.141159,21.798351
Oral_cavity_and_pharynx,Female,ADb,,,1,3.8,19.49850281809847,17.16683,21.830175
Oral_cavity_and_pharynx,Female,ADb,,,1,3.8499999,19.52631960951307,17.191675,21.860964
Oral_cavity_and_pharynx,Female,ADb,,,1,3.9000001,19.55324441604249,17.215729,21.89076
Oral_cavity_and_pharynx,Female,ADb,,,1,3.95,19.57931299253447,17.239023,21.919603
Oral_cavity_and_pharynx,Female,ADb,,,1,4.0,19.60455967668417,17.261589,21.947531
Oral_cavity_and_pharynx,Female,ADb,,,1,4.0500002,19.62776432317163,17.282351,21.973177
Oral_cavity_and_pharynx,Female,ADb,,,1,4.0999999,19.6502100371721,17.302441,21.99798
Oral_cavity_and_pharynx,Female,ADb,,,1,4.1500001,19.67192676238221,17.321882,22.021973
Oral_cavity_and_pharynx,Female,ADb,,,1,4.1999998,19.69294217415795,17.3407,22.045183
Oral_cavity_and_pharynx,Female,ADb,,,1,4.25,19.71328341871617,17.358919,22.067648
Oral_cavity_and_pharynx,Female,ADb,,,1,4.3000002,19.73297576913937,17.376562,22.08939
Oral_cavity_and_pharynx,Female,ADb,,,1,4.3499999,19.7520433253308,17.393648,22.110437
Oral_cavity_and_pharynx,Female,ADb,,,1,4.4000001,19.77050959794619,17.4102,22.130817
Oral_cavity_and_pharynx,Female,ADb,,,1,4.4499998,19.78839631180488,17.426237,22.150555
Oral_cavity_and_pharynx,Female,ADb,,,1,4.5,19.80572487382953,17.441778,22.169672
Oral_cavity_and_pharynx,Female,ADb,,,1,4.5500002,19.82251521952369,17.456839,22.188192
Oral_cavity_and_pharynx,Female,ADb,,,1,4.5999999,19.83878639889093,17.471436,22.206137
Oral_cavity_and_pharynx,Female,ADb,,,1,4.6500001,19.85455706676893,17.485588,22.223526
Oral_cavity_and_pharynx,Female,ADb,,,1,4.6999998,19.86984445348957,17.499311,22.240377
Oral_cavity_and_pharynx,Female,ADb,,,1,4.75,19.88466561112689,17.512617,22.256714
Oral_cavity_and_pharynx,Female,ADb,,,1,4.8000002,19.89903642108974,17.525522,22.272551
Oral_cavity_and_pharynx,Female,ADb,,,1,4.8499999,19.91297208819936,17.53804,22.287905
Oral_cavity_and_pharynx,Female,ADb,,,1,4.9000001,19.92648755522008,17.550182,22.302794
Oral_cavity_and_pharynx,Female,ADb,,,1,4.9499998,19.93959661563859,17.561962,22.317232
Oral_cavity_and_pharynx,Female,ADb,,,1,5.0,19.9523129766173,17.573391,22.331234
Oral_cavity_and_pharynx,Female,ADb,,,2,0.0,0.0,0.0,0.0
Oral_cavity_and_pharynx,Female,ADb,,,2,0.050000001,0.1740450518196247,0.14065954,0.20743056
Oral_cavity_and_pharynx,Female,ADb,,,2,0.1,0.4681046080445819,0.37990978,0.55629945
Oral_cavity_and_pharynx,Female,ADb,,,2,0.15000001,0.789695998997161,0.64171642,0.9376756
Oral_cavity_and_pharynx,Female,ADb,,,2,0.2,1.109508234500902,0.90215063,1.3168658
Oral_cavity_and_pharynx,Female,ADb,,,2,0.25,1.415181463117554,1.1511344,1.6792285
Oral_cavity_and_pharynx,Female,ADb,,,2,0.30000001,1.701465180991363,1.3843811,2.0185494
Oral_cavity_and_pharynx,Female,ADb,,,2,0.34999999,1.966521104375234,1.6003807,2.3326616
Oral_cavity_and_pharynx,Female,ADb,,,2,0.40000001,2.210240098541601,1.7990316,2.6214485
Oral_cavity_and_pharynx,Female,ADb,,,2,0.44999999,2.433393054072115,1.9809502,2.8858359
Oral_cavity_and_pharynx,Female,ADb,,,2,0.5,2.637180137794438,2.1471047,3.1272557
Oral_cavity_and_pharynx,Female,ADb,,,2,0.55000001,2.822981577130205,2.2986121,3.3473511
Oral_cavity_and_pharynx,Female,ADb,,,2,0.60000002,2.992220485877514,2.4366269,3.5478141
Oral_cavity_and_pharynx,Female,ADb,,,2,0.64999998,3.146287013495273,2.5622778,3.7302961
Oral_cavity_and_pharynx,Female,ADb,,,2,0.69999999,3.286499257899792,2.6766369,3.8963616
Oral_cavity_and_pharynx,Female,ADb,,,2,0.75,3.414015201185773,2.7806468,4.0473838
Oral_cavity_and_pharynx,Female,ADb,,,2,0.80000001,3.529728787595637,2.8750346,4.184423
Oral_cavity_and_pharynx,Female,ADb,,,2,0.85000002,3.634484997724371,2.9604888,4.3084812
Oral_cavity_and_pharynx,Female,ADb,,,2,0.89999998,3.729106551780981,3.0376804,4.4205327
Oral_cavity_and_pharynx,Female,ADb,,,2,0.94999999,3.814381163727542,3.1072521,4.5215101
Oral_cavity_and_pharynx,Female,ADb,,,2,1.0,3.891052986555337,3.169812,4.6122942
Oral_cavity_and_pharynx,Female,ADb,,,2,1.05,3.958526556765487,3.2249029,4.6921501
Oral_cavity_and_pharynx,Female,ADb,,,2,1.1,4.018704592178746,3.274051,4.7633581
Oral_cavity_and_pharynx,Female,ADb,,,2,1.15,4.072192959332014,3.3177509,4.8266349
Oral_cavity_and_pharynx,Female,ADb,,,2,1.2,4.11958235963939,3.3564856,4.882679
Oral_cavity_and_pharynx,Female,ADb,,,2,1.25,4.161482840327244,3.3907528,4.9322128
Oral_cavity_and_pharynx,Female,ADb,,,2,1.3,4.198446207873193,3.4210029,4.9758897
Oral_cavity_and_pharynx,Female,ADb,,,2,1.35,4.230960958983002,3.447634,5.0142879
Oral_cavity_and_pharynx,Female,ADb,,,2,1.4,4.259460073774249,3.4709995,5.0479207
Oral_cavity_and_pharynx,Female,ADb,,,2,1.45,4.284328473053708,3.4914131,5.0772438
Oral_cavity_and_pharynx,Female,ADb,,,2,1.5,4.30590849614587,3.5091541,5.102663
Oral_cavity_and_pharynx,Female,ADb,,,2,1.55,4.324505565514324,3.5244708,5.1245403
Oral_cavity_and_pharynx,Female,ADb,,,2,1.6,4.340392510530781,3.5375857,5.1431994
Oral_cavity_and_pharynx,Female,ADb,,,2,1.65,4.353813419194052,3.5486977,5.1589293
Oral_cavity_and_pharynx,Female,ADb,,,2,1.7,4.364987303399365,3.5579848,5.1719899
Oral_cavity_and_pharynx,Female,ADb,,,2,1.75,4.374110808223841,3.5656071,5.1826143
Oral_cavity_and_pharynx,Female,ADb,,,2,1.8,4.381360994529594,3.5717087,5.1910133
Oral_cavity_and_pharynx,Female,ADb,,,2,1.85,4.386897489374668,3.5764191,5.1973758
Oral_cavity_and_pharynx,Female,ADb,,,2,1.9,4.390864430832336,3.5798557,5.2018733
Oral_cavity_and_pharynx,Female,ADb,,,2,1.95,4.393392268389237,3.5821245,5.2046599
Oral_cavity_and_pharynx,Female,ADb,,,2,2.0,4.394599232428624,3.5833213,5.2058773
Oral_cavity_and_pharynx,Female,ADb,,,2,2.05,4.393050334418203,3.5823073,5.2037935
Oral_cavity_and_pharynx,Female,ADb,,,2,2.0999999,4.390399807551859,3.580399,5.2004004
Oral_cavity_and_pharynx,Female,ADb,,,2,2.1500001,4.386744229941299,3.5776751,5.1958132
Oral_cavity_and_pharynx,Female,ADb,,,2,2.2,4.382171021323657,3.5742061,5.190136
Oral_cavity_and_pharynx,Female,ADb,,,2,2.25,4.37675934162904,3.5700564,5.1834621
Oral_cavity_and_pharynx,Female,ADb,,,2,2.3,4.370581037534909,3.5652845,5.1758776
Oral_cavity_and_pharynx,Female,ADb,,,2,2.3499999,4.363701402241857,3.5599427,5.16746
Oral_cavity_and_pharynx,Female,ADb,,,2,2.4000001,4.356179820900562,3.5540795,5.1582804
Oral_cavity_and_pharynx,Female,ADb,,,2,2.45,4.348070519815653,3.5477388,5.1484022
Oral_cavity_and_pharynx,Female,ADb,,,2,2.5,4.339422883799577,3.5409606,5.1378851
Oral_cavity_and_pharynx,Female,ADb,,,2,2.55,4.3302820690135,3.5337811,5.1267829
Oral_cavity_and_pharynx,Female,ADb,,,2,2.5999999,4.320689387574547,3.5262341,5.1151447
Oral_cavity_and_pharynx,Female,ADb,,,2,2.6500001,4.31068263138512,3.5183504,5.1030149
Oral_cavity_and_pharynx,Female,ADb,,,2,2.7,4.300296596677695,3.5101576,5.0904355
Oral_cavity_and_pharynx,Female,ADb,,,2,2.75,4.289563093332927,3.5016816,5.0774446
Oral_cavity_and_pharynx,Female,ADb,,,2,2.8,4.278511398301013,3.4929464,5.0640764
Oral_cavity_and_pharynx,Female,ADb,,,2,2.8499999,4.267168445380602,3.4839733,5.0503635
Oral_cavity_and_pharynx,Female,ADb,,,2,2.9000001,4.255558981257097,3.4747825,5.0363355
Oral_cavity_and_pharynx,Female,ADb,,,2,2.95,4.243705978506001,3.4653928,5.0220194
Oral_cavity_and_pharynx,Female,ADb,,,2,3.0,4.231630474340164,3.4558208,5.0074401
Oral_cavity_and_pharynx,Female,ADb,,,2,3.05,4.217724283819902,3.4447849,4.9906635
Oral_cavity_and_pharynx,Female,ADb,,,2,3.0999999,4.203645493457372,3.4336066,4.9736843
Oral_cavity_and_pharynx,Female,ADb,,,2,3.1500001,4.189410833189092,3.4222999,4.956522
Oral_cavity_and_pharynx,Female,ADb,,,2,3.2,4.175035975236364,3.4108768,4.9391952
Oral_cavity_and_pharynx,Female,ADb,,,2,3.25,4.160535231530596,3.3993495,4.921721
Oral_cavity_and_pharynx,Female,ADb,,,2,3.3,4.145921919527722,3.3877282,4.9041157
Oral_cavity_and_pharynx,Female,ADb,,,2,3.3499999,4.131208380856092,3.3760233,4.8863935
Oral_cavity_and_pharynx,Female,ADb,,,2,3.4000001,4.116405988816899,3.3642437,4.8685684
Oral_cavity_and_pharynx,Female,ADb,,,2,3.45,4.101525502342971,3.3523984,4.8506527
Oral_cavity_and_pharynx,Female,ADb,,,2,3.5,4.086576707257947,3.3404951,4.8326583
Oral_cavity_and_pharynx,Female,ADb,,,2,3.55,4.071568757351168,3.3285413,4.8145962
Oral_cavity_and_pharynx,Female,ADb,,,2,3.5999999,4.056510157939694,3.3165438,4.7964764
Oral_cavity_and_pharynx,Female,ADb,,,2,3.6500001,4.041408743053259,3.3045089,4.7783084
Oral_cavity_and_pharynx,Female,ADb,,,2,3.7,4.026272008753086,3.2924428,4.7601013
Oral_cavity_and_pharynx,Female,ADb,,,2,3.75,4.011106722295096,3.2803509,4.7418623
Oral_cavity_and_pharynx,Female,ADb,,,2,3.8,3.9959192478258,3.2682385,4.7235999
Oral_cavity_and_pharynx,Female,ADb,,,2,3.8499999,3.980715509165817,3.2561102,4.7053208
Oral_cavity_and_pharynx,Female,ADb,,,2,3.9000001,3.965500949104213,3.2439704,4.6870317
Oral_cavity_and_pharynx,Female,ADb,,,2,3.95,3.950280848929035,3.2318234,4.6687384
Oral_cavity_and_pharynx,Female,ADb,,,2,4.0,3.935059920038881,3.2196732,4.6504464
Oral_cavity_and_pharynx,Female,ADb,,,2,4.0500002,3.918194146470707,3.2062058,4.6301827
Oral_cavity_and_pharynx,Female,ADb,,,2,4.0999999,3.901352057399611,3.1927543,4.6099501
Oral_cavity_and_pharynx,Female,ADb,,,2,4.1500001,3.884537138117786,3.1793215,4.5897527
Oral_cavity_and_pharynx,Female,ADb,,,2,4.1999998,3.867753246305247,3.165911,4.5695953
Oral_cavity_and_pharynx,Female,ADb,,,2,4.25,3.85100334781564,3.1525247,4.5494819
Oral_cavity_and_pharynx,Female,ADb,,,2,4.3000002,3.83429065494966,3.1391654,4.5294161
Oral_cavity_and_pharynx,Female,ADb,,,2,4.3499999,3.81761816048647,3.1258357,4.5094008
Oral_cavity_and_pharynx,Female,ADb,,,2,4.4000001,3.800988176916025,3.1125371,4.489439
Oral_cavity_and_pharynx,Female,ADb,,,2,4.4499998,3.784403461999954,3.0992725,4.4695344
Oral_cavity_and_pharynx,Female,ADb,,,2,4.5,3.767865962696177,3.0860429,4.4496889
Oral_cavity_and_pharynx,Female,ADb,,,2,4.5500002,3.751377935048342,3.0728502,4.4299054
Oral_cavity_and_pharynx,Female,ADb,,,2,4.5999999,3.734941478402559,3.0596964,4.4101863
Oral_cavity_and_pharynx,Female,ADb,,,2,4.6500001,3.718558077338807,3.0465827,4.3905334
Oral_cavity_and_pharynx,Female,ADb,,,2,4.6999998,3.702229707012345,3.0335107,4.3709488
Oral_cavity_and_pharynx,Female,ADb,,,2,4.75,3.685957591979648,3.0204811,4.3514342
Oral_cavity_and_pharynx,Female,ADb,,,2,4.8000002,3.669743305640612,3.0074954,4.3319912
Oral_cavity_and_pharynx,Female,ADb,,,2,4.8499999,3.65358830813924,2.994555,4.3126216
Oral_cavity_and_pharynx,Female,ADb,,,2,4.9000001,3.637493493671192,2.9816604,4.2933264
Oral_cavity_and_pharynx,Female,ADb,,,2,4.9499998,3.621460274064555,2.9688129,4.2741075
Oral_cavity_and_pharynx,Female,ADb,,,2,5.0,3.605489357009535,2.9560132,4.2549658
Oral_cavity_and_pharynx,Female,pm,,,0,0.0,0.0,0.0,0.0
Oral_cavity_and_pharynx,Female,pm,,,0,0.050000001,27.36634063720703,25.201643,29.531038
Oral_cavity_and_pharynx,Female,pm,,,0,0.1,31.98781394958496,29.720345,34.255283
Oral_cavity_and_pharynx,Female,pm,,,0,0.15000001,34.29491424560547,31.977659,36.612167
Oral_cavity_and_pharynx,Female,pm,,,0,0.2,35.82178115844727,33.474098,38.169464
Oral_cavity_and_pharynx,Female,pm,,,0,0.25,36.96144485473633,34.592865,39.330025
Oral_cavity_and_pharynx,Female,pm,,,0,0.30000001,37.86999130249023,35.485992,40.25399
Oral_cavity_and_pharynx,Female,pm,,,0,0.34999999,38.6251106262207,36.22916,41.021061
Oral_cavity_and_pharynx,Female,pm,,,0,0.40000001,39.27123641967773,36.865662,41.676811
Oral_cavity_and_pharynx,Female,pm,,,0,0.44999999,39.83628463745117,37.422726,42.249844
Oral_cavity_and_pharynx,Female,pm,,,0,0.5,40.33899307250977,37.91864,42.759346
Oral_cavity_and_pharynx,Female,pm,,,0,0.55000001,40.79255676269531,38.366299,43.218815
Oral_cavity_and_pharynx,Female,pm,,,0,0.60000002,41.20663070678711,38.775154,43.638107
Oral_cavity_and_pharynx,Female,pm,,,0,0.64999998,41.58848571777344,39.152321,44.024651
Oral_cavity_and_pharynx,Female,pm,,,0,0.69999999,41.94371032714844,39.503284,44.384136
Oral_cavity_and_pharynx,Female,pm,,,0,0.75,42.27671051025391,39.832367,44.721054
Oral_cavity_and_pharynx,Female,pm,,,0,0.80000001,42.59102630615234,40.143047,45.039005
Oral_cavity_and_pharynx,Female,pm,,,0,0.85000002,42.88952255249023,40.438148,45.340897
Oral_cavity_and_pharynx,Female,pm,,,0,0.89999998,43.17453002929688,40.719963,45.629097
Oral_cavity_and_pharynx,Female,pm,,,0,0.94999999,43.44797897338867,40.990395,45.905563
Oral_cavity_and_pharynx,Female,pm,,,0,1.0,43.71147537231445,41.251026,46.171925
Oral_cavity_and_pharynx,Female,pm,,,0,1.05,43.96594619750977,41.502777,46.429115
Oral_cavity_and_pharynx,Female,pm,,,0,1.1,44.21293640136719,41.747166,46.678707
Oral_cavity_and_pharynx,Female,pm,,,0,1.15,44.45340728759766,41.985149,46.921665
Oral_cavity_and_pharynx,Female,pm,,,0,1.2,44.68819046020508,42.217548,47.158833
Oral_cavity_and_pharynx,Female,pm,,,0,1.25,44.91803359985352,42.445103,47.390965
Oral_cavity_and_pharynx,Female,pm,,,0,1.3,45.14357757568359,42.668449,47.618706
Oral_cavity_and_pharynx,Female,pm,,,0,1.35,45.36537933349609,42.888138,47.842621
Oral_cavity_and_pharynx,Female,pm,,,0,1.4,45.58390426635742,43.104626,48.063183
Oral_cavity_and_pharynx,Female,pm,,,0,1.45,45.79955673217773,43.318321,48.280792
Oral_cavity_and_pharynx,Female,pm,,,0,1.5,46.01267242431641,43.529556,48.495789
Oral_cavity_and_pharynx,Female,pm,,,0,1.55,46.22355651855469,43.738632,48.708481
Oral_cavity_and_pharynx,Female,pm,,,0,1.6,46.43246459960938,43.945801,48.919128
Oral_cavity_and_pharynx,Female,pm,,,0,1.65,46.63961791992188,44.151287,49.127949
Oral_cavity_and_pharynx,Female,pm,,,0,1.7,46.84521102905273,44.355278,49.335144
Oral_cavity_and_pharynx,Female,pm,,,0,1.75,47.04941558837891,44.557953,49.540878
Oral_cavity_and_pharynx,Female,pm,,,0,1.8,47.25237655639648,44.759449,49.745304
Oral_cavity_and_pharynx,Female,pm,,,0,1.85,47.45423126220703,44.959908,49.948555
Oral_cavity_and_pharynx,Female,pm,,,0,1.9,47.65508651733398,45.159435,50.150738
Oral_cavity_and_pharynx,Female,pm,,,0,1.95,47.85504913330078,45.358131,50.351967
Oral_cavity_and_pharynx,Female,pm,,,0,2.0,48.05420684814453,45.556091,50.552322
Oral_cavity_and_pharynx,Female,pm,,,0,2.05,48.25216674804688,45.752911,50.751423
Oral_cavity_and_pharynx,Female,pm,,,0,2.0999999,48.44947052001953,45.949139,50.949802
Oral_cavity_and_pharynx,Female,pm,,,0,2.1500001,48.64617538452148,46.144833,51.147518
Oral_cavity_and_pharynx,Female,pm,,,0,2.2,48.84233093261719,46.340042,51.34462
Oral_cavity_and_pharynx,Female,pm,,,0,2.25,49.03798675537109,46.534813,51.541161
Oral_cavity_and_pharynx,Female,pm,,,0,2.3,49.23319244384766,46.729198,51.737186
Oral_cavity_and_pharynx,Female,pm,,,0,2.3499999,49.42798233032227,46.923229,51.932735
Oral_cavity_and_pharynx,Female,pm,,,0,2.4000001,49.62240219116211,47.116955,52.12785
Oral_cavity_and_pharynx,Female,pm,,,0,2.45,49.81648254394531,47.310402,52.322563
Oral_cavity_and_pharynx,Female,pm,,,0,2.5,50.01025772094727,47.503609,52.516907
Oral_cavity_and_pharynx,Female,pm,,,0,2.55,50.20376205444336,47.696606,52.710918
Oral_cavity_and_pharynx,Female,pm,,,0,2.5999999,50.39701843261719,47.889412,52.904625
Oral_cavity_and_pharynx,Female,pm,,,0,2.6500001,50.59006118774414,48.082073,53.098049
Oral_cavity_and_pharynx,Female,pm,,,0,2.7,50.78291320800781,48.274601,53.291225
Oral_cavity_and_pharynx,Female,pm,,,0,2.75,50.9755973815918,48.467026,53.484169
Oral_cavity_and_pharynx,Female,pm,,,0,2.8,51.16813659667969,48.659367,53.676907
Oral_cavity_and_pharynx,Female,pm,,,0,2.8499999,51.36055374145508,48.851643,53.869465
Oral_cavity_and_pharynx,Female,pm,,,0,2.9000001,51.55287170410156,49.043884,54.061859
Oral_cavity_and_pharynx,Female,pm,,,0,2.95,51.7451057434082,49.236103,54.254108
Oral_cavity_and_pharynx,Female,pm,,,0,3.0,51.93727493286133,49.428322,54.446228
Oral_cavity_and_pharynx,Female,pm,,,0,3.05,52.12889862060547,49.620033,54.637764
Oral_cavity_and_pharynx,Female,pm,,,0,3.0999999,52.32049179077148,49.811779,54.829205
Oral_cavity_and_pharynx,Female,pm,,,0,3.1500001,52.51206970214844,50.003567,55.020573
Oral_cavity_and_pharynx,Female,pm,,,0,3.2,52.70365142822266,50.195423,55.21188
Oral_cavity_and_pharynx,Female,pm,,,0,3.25,52.8952522277832,50.387356,55.403149
Oral_cavity_and_pharynx,Female,pm,,,0,3.3,53.08687973022461,50.579376,55.594383
Oral_cavity_and_pharynx,Female,pm,,,0,3.3499999,53.2785530090332,50.771507,55.785599
Oral_cavity_and_pharynx,Female,pm,,,0,3.4000001,53.47028732299805,50.963757,55.976818
Oral_cavity_and_pharynx,Female,pm,,,0,3.45,53.66208648681641,51.156136,56.168037
Oral_cavity_and_pharynx,Female,pm,,,0,3.5,53.85397338867188,51.34866,56.359287
Oral_cavity_and_pharynx,Female,pm,,,0,3.55,54.04594802856445,51.541336,56.55056
Oral_cavity_and_pharynx,Female,pm,,,0,3.5999999,54.23803329467773,51.734184,56.741882
Oral_cavity_and_pharynx,Female,pm,,,0,3.6500001,54.43023300170898,51.927208,56.933258
Oral_cavity_and_pharynx,Female,pm,,,0,3.7,54.62256240844727,52.120426,57.124699
Oral_cavity_and_pharynx,Female,pm,,,0,3.75,54.81502532958984,52.313839,57.316212
Oral_cavity_and_pharynx,Female,pm,,,0,3.8,55.00763702392578,52.507462,57.507813
Oral_cavity_and_pharynx,Female,pm,,,0,3.8499999,55.20040893554688,52.701309,57.699509
Oral_cavity_and_pharynx,Female,pm,,,0,3.9000001,55.39334487915039,52.895386,57.891304
Oral_cavity_and_pharynx,Female,pm,,,0,3.95,55.58646011352539,53.089703,58.083218
Oral_cavity_and_pharynx,Female,pm,,,0,4.0,55.77975463867188,53.28426,58.275249
Oral_cavity_and_pharynx,Female,pm,,,0,4.0500002,55.97267150878906,53.478477,58.466866
Oral_cavity_and_pharynx,Female,pm,,,0,4.0999999,56.1657829284668,53.672955,58.658611
Oral_cavity_and_pharynx,Female,pm,,,0,4.1500001,56.35910415649414,53.867702,58.850506
Oral_cavity_and_pharynx,Female,pm,,,0,4.1999998,56.55263900756836,54.062729,59.042549
Oral_cavity_and_pharynx,Female,pm,,,0,4.25,56.74640274047852,54.258049,59.234756
Oral_cavity_and_pharynx,Female,pm,,,0,4.3000002,56.94039535522461,54.453663,59.427128
Oral_cavity_and_pharynx,Female,pm,,,0,4.3499999,57.13462448120117,54.649578,59.619671
Oral_cavity_and_pharynx,Female,pm,,,0,4.4000001,57.3291015625,54.845802,59.812401
Oral_cavity_and_pharynx,Female,pm,,,0,4.4499998,57.52383041381836,55.042351,60.00531
Oral_cavity_and_pharynx,Female,pm,,,0,4.5,57.71881866455078,55.23922,60.198418
Oral_cavity_and_pharynx,Female,pm,,,0,4.5500002,57.91407775878906,55.436428,60.391727
Oral_cavity_and_pharynx,Female,pm,,,0,4.5999999,58.10960388183594,55.633972,60.585236
Oral_cavity_and_pharynx,Female,pm,,,0,4.6500001,58.30541229248047,55.831863,60.778961
Oral_cavity_and_pharynx,Female,pm,,,0,4.6999998,58.50150680541992,56.030106,60.972908
Oral_cavity_and_pharynx,Female,pm,,,0,4.75,58.69789505004883,56.228714,61.167076
Oral_cavity_and_pharynx,Female,pm,,,0,4.8000002,58.89458084106445,56.427685,61.361477
Oral_cavity_and_pharynx,Female,pm,,,0,4.8499999,59.09157180786133,56.627033,61.55611
Oral_cavity_and_pharynx,Female,pm,,,0,4.9000001,59.28887176513672,56.826756,61.750988
Oral_cavity_and_pharynx,Female,pm,,,0,4.9499998,59.48648834228516,57.026867,61.94611
Oral_cavity_and_pharynx,Female,pm,,,0,5.0,59.68442916870117,57.227371,62.141487
Oral_cavity_and_pharynx,Female,pm,,,1,0.0,0.0,0.0,0.0
Oral_cavity_and_pharynx,Female,pm,,,1,0.050000001,27.73792457580566,25.301186,30.174664
Oral_cavity_and_pharynx,Female,pm,,,1,0.1,31.82993507385254,29.29636,34.36351
Oral_cavity_and_pharynx,Female,pm,,,1,0.15000001,33.75638961791992,31.181061,36.331718
Oral_cavity_and_pharynx,Female,pm,,,1,0.2,35.00060653686523,32.402073,37.59914
Oral_cavity_and_pharynx,Female,pm,,,1,0.25,35.92428207397461,33.311035,38.537529
Oral_cavity_and_pharynx,Female,pm,,,1,0.30000001,36.66458129882813,34.041176,39.287987
Oral_cavity_and_pharynx,Female,pm,,,1,0.34999999,37.28688430786133,34.656013,39.917755
Oral_cavity_and_pharynx,Female,pm,,,1,0.40000001,37.82714462280273,35.190491,40.463799
Oral_cavity_and_pharynx,Female,pm,,,1,0.44999999,38.30719375610352,35.665863,40.948524
Oral_cavity_and_pharynx,Female,pm,,,1,0.5,38.74128341674805,36.09602,41.386547
Oral_cavity_and_pharynx,Female,pm,,,1,0.55000001,39.13924026489258,36.490562,41.787918
Oral_cavity_and_pharynx,Female,pm,,,1,0.60000002,39.50812149047852,36.856388,42.159855
Oral_cavity_and_pharynx,Female,pm,,,1,0.64999998,39.85319900512695,37.198673,42.507725
Oral_cavity_and_pharynx,Female,pm,,,1,0.69999999,40.17849349975586,37.521366,42.835621
Oral_cavity_and_pharynx,Female,pm,,,1,0.75,40.48716354370117,37.827576,43.146751
Oral_cavity_and_pharynx,Female,pm,,,1,0.80000001,40.78174591064453,38.119804,43.443687
Oral_cavity_and_pharynx,Female,pm,,,1,0.85000002,41.06430053710938,38.400082,43.728519
Oral_cavity_and_pharynx,Female,pm,,,1,0.89999998,41.33651733398438,38.67009,44.002945
Oral_cavity_and_pharynx,Female,pm,,,1,0.94999999,41.59979629516602,38.93121,44.268383
Oral_cavity_and_pharynx,Female,pm,,,1,1.0,41.85530853271484,39.184605,44.526012
Oral_cavity_and_pharynx,Female,pm,,,1,1.05,42.10428619384766,39.431519,44.777054
Oral_cavity_and_pharynx,Female,pm,,,1,1.1,42.34733963012695,39.672543,45.022137
Oral_cavity_and_pharynx,Female,pm,,,1,1.15,42.58518981933594,39.908394,45.261986
Oral_cavity_and_pharynx,Female,pm,,,1,1.2,42.81846618652344,40.139709,45.497223
Oral_cavity_and_pharynx,Female,pm,,,1,1.25,43.04771041870117,40.367023,45.728397
Oral_cavity_and_pharynx,Female,pm,,,1,1.3,43.27339935302734,40.590813,45.955986
Oral_cavity_and_pharynx,Female,pm,,,1,1.35,43.49594116210938,40.811493,46.180389
Oral_cavity_and_pharynx,Female,pm,,,1,1.4,43.7156867980957,41.029415,46.401958
Oral_cavity_and_pharynx,Female,pm,,,1,1.45,43.93293762207031,41.244877,46.620998
Oral_cavity_and_pharynx,Female,pm,,,1,1.5,44.14796829223633,41.458157,46.83778
Oral_cavity_and_pharynx,Female,pm,,,1,1.55,44.36100387573242,41.669483,47.052525
Oral_cavity_and_pharynx,Female,pm,,,1,1.6,44.5722541809082,41.879066,47.265442
Oral_cavity_and_pharynx,Female,pm,,,1,1.65,44.78189849853516,42.08709,47.476707
Oral_cavity_and_pharynx,Female,pm,,,1,1.7,44.99008941650391,42.293701,47.686478
Oral_cavity_and_pharynx,Female,pm,,,1,1.75,45.19697570800781,42.499054,47.894897
Oral_cavity_and_pharynx,Female,pm,,,1,1.8,45.40267562866211,42.70327,48.102081
Oral_cavity_and_pharynx,Female,pm,,,1,1.85,45.60730361938477,42.906464,48.308144
Oral_cavity_and_pharynx,Female,pm,,,1,1.9,45.81095886230469,43.10873,48.513187
Oral_cavity_and_pharynx,Female,pm,,,1,1.95,46.01372146606445,43.310162,48.717281
Oral_cavity_and_pharynx,Female,pm,,,1,2.0,46.21567916870117,43.510838,48.920521
Oral_cavity_and_pharynx,Female,pm,,,1,2.05,46.41714096069336,43.711086,49.123196
Oral_cavity_and_pharynx,Female,pm,,,1,2.0999999,46.61791610717773,43.910702,49.32513
Oral_cavity_and_pharynx,Female,pm,,,1,2.1500001,46.81806564331055,44.109745,49.526386
Oral_cavity_and_pharynx,Female,pm,,,1,2.2,47.01763916015625,44.30827,49.727009
Oral_cavity_and_pharynx,Female,pm,,,1,2.25,47.2166748046875,44.506313,49.927036
Oral_cavity_and_pharynx,Female,pm,,,1,2.3,47.41521835327148,44.703922,50.126514
Oral_cavity_and_pharynx,Female,pm,,,1,2.3499999,47.61331176757813,44.901142,50.325481
Oral_cavity_and_pharynx,Female,pm,,,1,2.4000001,47.81098937988281,45.098,50.523979
Oral_cavity_and_pharynx,Female,pm,,,1,2.45,48.00828170776367,45.294533,50.722031
Oral_cavity_and_pharynx,Female,pm,,,1,2.5,48.20522308349609,45.490776,50.91967
Oral_cavity_and_pharynx,Female,pm,,,1,2.55,48.40184783935547,45.68676,51.116936
Oral_cavity_and_pharynx,Female,pm,,,1,2.5999999,48.59817504882813,45.882504,51.313847
Oral_cavity_and_pharynx,Female,pm,,,1,2.6500001,48.79423904418945,46.078049,51.510429
Oral_cavity_and_pharynx,Female,pm,,,1,2.7,48.99005889892578,46.273407,51.706711
Oral_cavity_and_pharynx,Female,pm,,,1,2.75,49.18566131591797,46.468613,51.90271
Oral_cavity_and_pharynx,Female,pm,,,1,2.8,49.38106536865234,46.663677,52.098454
Oral_cavity_and_pharynx,Female,pm,,,1,2.8499999,49.57629776000977,46.858635,52.293961
Oral_cavity_and_pharynx,Female,pm,,,1,2.9000001,49.77136993408203,47.05349,52.48925
Oral_cavity_and_pharynx,Female,pm,,,1,2.95,49.96630859375,47.248276,52.684341
Oral_cavity_and_pharynx,Female,pm,,,1,3.0,50.16112899780273,47.443005,52.879253
Oral_cavity_and_pharynx,Female,pm,,,1,3.05,50.3560676574707,47.637932,53.074203
Oral_cavity_and_pharynx,Female,pm,,,1,3.0999999,50.5509147644043,47.832829,53.269001
Oral_cavity_and_pharynx,Female,pm,,,1,3.1500001,50.74568557739258,48.02771,53.463661
Oral_cavity_and_pharynx,Female,pm,,,1,3.2,50.94039154052734,48.222591,53.658192
Oral_cavity_and_pharynx,Female,pm,,,1,3.25,51.13505554199219,48.417496,53.852615
Oral_cavity_and_pharynx,Female,pm,,,1,3.3,51.32968139648438,48.612423,54.04694
Oral_cavity_and_pharynx,Female,pm,,,1,3.3499999,51.5242919921875,48.8074,54.241184
Oral_cavity_and_pharynx,Female,pm,,,1,3.4000001,51.71889495849609,49.00243,54.43536
Oral_cavity_and_pharynx,Female,pm,,,1,3.45,51.91350173950195,49.197533,54.629471
Oral_cavity_and_pharynx,Female,pm,,,1,3.5,52.10812377929688,49.392712,54.823536
Oral_cavity_and_pharynx,Female,pm,,,1,3.55,52.30277633666992,49.587986,55.017567
Oral_cavity_and_pharynx,Female,pm,,,1,3.5999999,52.49747085571289,49.783367,55.211575
Oral_cavity_and_pharynx,Female,pm,,,1,3.6500001,52.69221496582031,49.978863,55.405567
Oral_cavity_and_pharynx,Female,pm,,,1,3.7,52.88701629638672,50.17448,55.599552
Oral_cavity_and_pharynx,Female,pm,,,1,3.75,53.08189392089844,50.370243,55.793545
Oral_cavity_and_pharynx,Female,pm,,,1,3.8,53.27684783935547,50.566143,55.987553
Oral_cavity_and_pharynx,Female,pm,,,1,3.8499999,53.47189331054688,50.762203,56.181583
Oral_cavity_and_pharynx,Female,pm,,,1,3.9000001,53.66704177856445,50.958431,56.375652
Oral_cavity_and_pharynx,Female,pm,,,1,3.95,53.8622932434082,51.154831,56.569756
Oral_cavity_and_pharynx,Female,pm,,,1,4.0,54.05766677856445,51.351414,56.76392
Oral_cavity_and_pharynx,Female,pm,,,1,4.0500002,54.25331878662109,51.548363,56.958275
Oral_cavity_and_pharynx,Female,pm,,,1,4.0999999,54.44909286499023,51.745499,57.152687
Oral_cavity_and_pharynx,Female,pm,,,1,4.1500001,54.64500427246094,51.942841,57.347168
Oral_cavity_and_pharynx,Female,pm,,,1,4.1999998,54.84104919433594,52.140381,57.541718
Oral_cavity_and_pharynx,Female,pm,,,1,4.25,55.03725051879883,52.338146,57.736355
Oral_cavity_and_pharynx,Female,pm,,,1,4.3000002,55.23360443115234,52.536133,57.931076
Oral_cavity_and_pharynx,Female,pm,,,1,4.3499999,55.43011856079102,52.734348,58.125889
Oral_cavity_and_pharynx,Female,pm,,,1,4.4000001,55.62680816650391,52.932808,58.320808
Oral_cavity_and_pharynx,Female,pm,,,1,4.4499998,55.82366943359375,53.131504,58.515835
Oral_cavity_and_pharynx,Female,pm,,,1,4.5,56.02072143554688,53.330463,58.710979
Oral_cavity_and_pharynx,Female,pm,,,1,4.5500002,56.21796035766602,53.529678,58.906242
Oral_cavity_and_pharynx,Female,pm,,,1,4.5999999,56.4153938293457,53.729156,59.101631
Oral_cavity_and_pharynx,Female,pm,,,1,4.6500001,56.613037109375,53.928917,59.297157
Oral_cavity_and_pharynx,Female,pm,,,1,4.6999998,56.81088256835938,54.128948,59.492817
Oral_cavity_and_pharynx,Female,pm,,,1,4.75,57.00895309448242,54.329273,59.688633
Oral_cavity_and_pharynx,Female,pm,,,1,4.8000002,57.20724105834961,54.529888,59.884594
Oral_cavity_and_pharynx,Female,pm,,,1,4.8499999,57.40575790405273,54.730801,60.080715
Oral_cavity_and_pharynx,Female,pm,,,1,4.9000001,57.60450744628906,54.932018,60.276997
Oral_cavity_and_pharynx,Female,pm,,,1,4.9499998,57.80349731445313,55.133549,60.473446
Oral_cavity_and_pharynx,Female,pm,,,1,5.0,58.00273513793945,55.3354,60.670071
Oral_cavity_and_pharynx,Female,pm,,,2,0.0,0.0,0.0,0.0
Oral_cavity_and_pharynx,Female,pm,,,2,0.050000001,26.43028259277344,21.726419,31.134146
Oral_cavity_and_pharynx,Female,pm,,,2,0.1,32.42487716674805,27.622429,37.227325
Oral_cavity_and_pharynx,Female,pm,,,2,0.15000001,35.89814376831055,31.047968,40.748322
Oral_cavity_and_pharynx,Female,pm,,,2,0.2,38.41666793823242,33.5397,43.293636
Oral_cavity_and_pharynx,Female,pm,,,2,0.25,40.40877151489258,35.516636,45.300907
Oral_cavity_and_pharynx,Female,pm,,,2,0.30000001,42.05573272705078,37.155651,46.955814
Oral_cavity_and_pharynx,Female,pm,,,2,0.34999999,43.45415496826172,38.550831,48.357479
Oral_cavity_and_pharynx,Female,pm,,,2,0.40000001,44.66340255737305,39.759953,49.566853
Oral_cavity_and_pharynx,Female,pm,,,2,0.44999999,45.7235221862793,40.822029,50.625015
Oral_cavity_and_pharynx,Female,pm,,,2,0.5,46.66328048706055,41.765125,51.561436
Oral_cavity_and_pharynx,Female,pm,,,2,0.55000001,47.50423049926758,42.610329,52.398132
Oral_cavity_and_pharynx,Female,pm,,,2,0.60000002,48.26303863525391,43.373978,53.1521
Oral_cavity_and_pharynx,Female,pm,,,2,0.64999998,48.95285797119141,44.069016,53.8367
Oral_cavity_and_pharynx,Female,pm,,,2,0.69999999,49.58426666259766,44.705868,54.462666
Oral_cavity_and_pharynx,Female,pm,,,2,0.75,50.16587448120117,45.293053,55.038696
Oral_cavity_and_pharynx,Female,pm,,,2,0.80000001,50.70478820800781,45.837608,55.571968
Oral_cavity_and_pharynx,Female,pm,,,2,0.85000002,51.2069206237793,46.345406,56.068436
Oral_cavity_and_pharynx,Female,pm,,,2,0.89999998,51.67719268798828,46.821354,56.533031
Oral_cavity_and_pharynx,Female,pm,,,2,0.94999999,52.11973571777344,47.269566,56.969906
Oral_cavity_and_pharynx,Female,pm,,,2,1.0,52.53803634643555,47.693527,57.382545
Oral_cavity_and_pharynx,Female,pm,,,2,1.05,52.9337043762207,48.094997,57.772411
Oral_cavity_and_pharynx,Female,pm,,,2,1.1,53.310546875,48.477634,58.143459
Oral_cavity_and_pharynx,Female,pm,,,2,1.15,53.67073059082031,48.843616,58.497845
Oral_cavity_and_pharynx,Female,pm,,,2,1.2,54.01614761352539,49.194847,58.837448
Oral_cavity_and_pharynx,Female,pm,,,2,1.25,54.34865951538086,49.533199,59.16412
Oral_cavity_and_pharynx,Female,pm,,,2,1.3,54.66994476318359,49.860371,59.479519
Oral_cavity_and_pharynx,Female,pm,,,2,1.35,54.98141479492188,50.177784,59.785046
Oral_cavity_and_pharynx,Female,pm,,,2,1.4,55.2842903137207,50.486671,60.081909
Oral_cavity_and_pharynx,Female,pm,,,2,1.45,55.5796012878418,50.788078,60.371124
Oral_cavity_and_pharynx,Female,pm,,,2,1.5,55.86824417114258,51.082912,60.653576
Oral_cavity_and_pharynx,Female,pm,,,2,1.55,56.15098190307617,51.371944,60.930019
Oral_cavity_and_pharynx,Female,pm,,,2,1.6,56.42848205566406,51.655853,61.201111
Oral_cavity_and_pharynx,Female,pm,,,2,1.65,56.70131683349609,51.935219,61.467415
Oral_cavity_and_pharynx,Female,pm,,,2,1.7,56.96998977661133,52.210548,61.729431
Oral_cavity_and_pharynx,Female,pm,,,2,1.75,57.23492813110352,52.482285,61.987572
Oral_cavity_and_pharynx,Female,pm,,,2,1.8,57.49652099609375,52.750813,62.242229
Oral_cavity_and_pharynx,Female,pm,,,2,1.85,57.75510025024414,53.016476,62.493725
Oral_cavity_and_pharynx,Female,pm,,,2,1.9,58.01095581054688,53.279564,62.742348
Oral_cavity_and_pharynx,Female,pm,,,2,1.95,58.26434707641602,53.54034,62.988354
Oral_cavity_and_pharynx,Female,pm,,,2,2.0,58.51549911499023,53.799038,63.23196
Oral_cavity_and_pharynx,Female,pm,,,2,2.05,58.76288223266602,54.054226,63.471539
Oral_cavity_and_pharynx,Female,pm,,,2,2.0999999,59.00841903686523,54.307728,63.70911
Oral_cavity_and_pharynx,Female,pm,,,2,2.1500001,59.25226974487305,54.5597,63.944839
Oral_cavity_and_pharynx,Female,pm,,,2,2.2,59.49458694458008,54.810303,64.178871
Oral_cavity_and_pharynx,Female,pm,,,2,2.25,59.73551177978516,55.059677,64.411346
Oral_cavity_and_pharynx,Female,pm,,,2,2.3,59.97517013549805,55.307953,64.642387
Oral_cavity_and_pharynx,Female,pm,,,2,2.3499999,60.21368026733398,55.555244,64.872116
Oral_cavity_and_pharynx,Female,pm,,,2,2.4000001,60.45115280151367,55.80167,65.100639
Oral_cavity_and_pharynx,Female,pm,,,2,2.45,60.68768310546875,56.047321,65.328049
Oral_cavity_and_pharynx,Female,pm,,,2,2.5,60.92337417602539,56.292305,65.554443
Oral_cavity_and_pharynx,Female,pm,,,2,2.55,61.15830612182617,56.536701,65.779915
Oral_cavity_and_pharynx,Female,pm,,,2,2.5999999,61.39256286621094,56.780598,66.004532
Oral_cavity_and_pharynx,Female,pm,,,2,2.6500001,61.62622451782227,57.024075,66.228378
Oral_cavity_and_pharynx,Female,pm,,,2,2.7,61.8593635559082,57.267204,66.451523
Oral_cavity_and_pharynx,Female,pm,,,2,2.75,62.09204483032227,57.510052,66.674034
Oral_cavity_and_pharynx,Female,pm,,,2,2.8,62.32433319091797,57.752689,66.895981
Oral_cavity_and_pharynx,Female,pm,,,2,2.8499999,62.55629348754883,57.995178,67.117409
Oral_cavity_and_pharynx,Female,pm,,,2,2.9000001,62.78797912597656,58.237572,67.338387
Oral_cavity_and_pharynx,Female,pm,,,2,2.95,63.01945114135742,58.479939,67.55896
Oral_cavity_and_pharynx,Female,pm,,,2,3.0,63.25075531005859,58.722321,67.77919
Oral_cavity_and_pharynx,Female,pm,,,2,3.05,63.48017501831055,58.96307,67.997276
Oral_cavity_and_pharynx,Female,pm,,,2,3.0999999,63.70955276489258,59.203964,68.215141
Oral_cavity_and_pharynx,Female,pm,,,2,3.1500001,63.93892669677734,59.445038,68.432816
Oral_cavity_and_pharynx,Female,pm,,,2,3.2,64.16834259033203,59.686344,68.650345
Oral_cavity_and_pharynx,Female,pm,,,2,3.25,64.3978500366211,59.927929,68.867775
Oral_cavity_and_pharynx,Female,pm,,,2,3.3,64.62747955322266,60.169827,69.085136
Oral_cavity_and_pharynx,Female,pm,,,2,3.3499999,64.8572769165039,60.412086,69.302467
Oral_cavity_and_pharynx,Female,pm,,,2,3.4000001,65.08727264404297,60.654736,69.519806
Oral_cavity_and_pharynx,Female,pm,,,2,3.45,65.31751251220703,60.897831,69.737198
Oral_cavity_and_pharynx,Female,pm,,,2,3.5,65.54802703857422,61.141396,69.954659
Oral_cavity_and_pharynx,Female,pm,,,2,3.55,65.77885437011719,61.385479,70.172234
Oral_cavity_and_pharynx,Female,pm,,,2,3.5999999,66.01002502441406,61.630104,70.389946
Oral_cavity_and_pharynx,Female,pm,,,2,3.6500001,66.24156951904297,61.875309,70.607826
Oral_cavity_and_pharynx,Female,pm,,,2,3.7,66.47351837158203,62.121128,70.825912
Oral_cavity_and_pharynx,Female,pm,,,2,3.75,66.70590209960938,62.367588,71.044212
Oral_cavity_and_pharynx,Female,pm,,,2,3.8,66.93875122070312,62.614727,71.262772
Oral_cavity_and_pharynx,Female,pm,,,2,3.8499999,67.17208862304688,62.862572,71.481606
Oral_cavity_and_pharynx,Female,pm,,,2,3.9000001,67.40596008300781,63.111164,71.70076
Oral_cavity_and_pharynx,Female,pm,,,2,3.95,67.64037322998047,63.360516,71.920227
Oral_cavity_and_pharynx,Female,pm,,,2,4.0,67.87535858154297,63.610664,72.140053
Oral_cavity_and_pharynx,Female,pm,,,2,4.0500002,68.10923767089844,63.859966,72.358505
Oral_cavity_and_pharynx,Female,pm,,,2,4.0999999,68.34376525878906,64.110138,72.577393
Oral_cavity_and_pharynx,Female,pm,,,2,4.1500001,68.5789794921875,64.361229,72.79673
Oral_cavity_and_pharynx,Female,pm,,,2,4.1999998,68.81488800048828,64.613235,73.016541
Oral_cavity_and_pharynx,Female,pm,,,2,4.25,69.0515365600586,64.866219,73.236855
Oral_cavity_and_pharynx,Female,pm,,,2,4.3000002,69.28893280029297,65.120186,73.45768
Oral_cavity_and_pharynx,Female,pm,,,2,4.3499999,69.527099609375,65.37516,73.679039
Oral_cavity_and_pharynx,Female,pm,,,2,4.4000001,69.76606750488281,65.631172,73.900963
Oral_cavity_and_pharynx,Female,pm,,,2,4.4499998,70.005859375,65.888252,74.123466
Oral_cavity_and_pharynx,Female,pm,,,2,4.5,70.24649047851562,66.146423,74.346558
Oral_cavity_and_pharynx,Female,pm,,,2,4.5500002,70.48799133300781,66.405708,74.570274
Oral_cavity_and_pharynx,Female,pm,,,2,4.5999999,70.73037719726562,66.66613,74.794624
Oral_cavity_and_pharynx,Female,pm,,,2,4.6500001,70.97367095947266,66.927719,75.019623
Oral_cavity_and_pharynx,Female,pm,,,2,4.6999998,71.21788787841797,67.190491,75.245285
Oral_cavity_and_pharynx,Female,pm,,,2,4.75,71.46305847167969,67.454483,75.471634
Oral_cavity_and_pharynx,Female,pm,,,2,4.8000002,71.70919799804688,67.719704,75.698692
Oral_cavity_and_pharynx,Female,pm,,,2,4.8499999,71.95632934570312,67.986183,75.926476
Oral_cavity_and_pharynx,Female,pm,,,2,4.9000001,72.2044677734375,68.253944,76.154991
Oral_cavity_and_pharynx,Female,pm,,,2,4.9499998,72.4536361694336,68.523018,76.384254
Oral_cavity_and_pharynx,Female,pm,,,2,5.0,72.703857421875,68.793411,76.614304
Oral_cavity_and_pharynx,Female,tce,,,0,0.0,0.0,0.0,0.0
Oral_cavity_and_pharynx,Female,tce,,,0,0.050000001,0.0048042253657984,0.0046648569,0.0049435939
Oral_cavity_and_pharynx,Female,tce,,,0,0.1,0.010962922348115,0.010606941,0.011318903
Oral_cavity_and_pharynx,Female,tce,,,0,0.15000001,0.0170583563497954,0.016471718,0.017644994
Oral_cavity_and_pharynx,Female,tce,,,0,0.2,0.0228095816142324,0.021995034,0.02362413
Oral_cavity_and_pharynx,Female,tce,,,0,0.25,0.0281502073282451,0.027116658,0.029183757
Oral_cavity_and_pharynx,Female,tce,,,0,0.30000001,0.0330798085457177,0.031838495,0.034321122
Oral_cavity_and_pharynx,Female,tce,,,0,0.34999999,0.0376204478662952,0.036183286,0.039057612
Oral_cavity_and_pharynx,Female,tce,,,0,0.40000001,0.0418011866562942,0.040179994,0.043422379
Oral_cavity_and_pharynx,Female,tce,,,0,0.44999999,0.0456520377555672,0.043858189,0.047445886
Oral_cavity_and_pharynx,Female,tce,,,0,0.5,0.0492016145074934,0.047245871,0.051157359
Oral_cavity_and_pharynx,Female,tce,,,0,0.55000001,0.0524762610810297,0.050368708,0.054583814
Oral_cavity_and_pharynx,Female,tce,,,0,0.60000002,0.0554998602738569,0.053249907,0.057749815
Oral_cavity_and_pharynx,Female,tce,,,0,0.64999998,0.0582939039373761,0.0559103,0.060677506
Oral_cavity_and_pharynx,Female,tce,,,0,0.69999999,0.0608776918600655,0.058368575,0.063386805
Oral_cavity_and_pharynx,Female,tce,,,0,0.75,0.0632681988913036,0.060641132,0.065895267
Oral_cavity_and_pharynx,Female,tce,,,0,0.80000001,0.0654794378810692,0.062741518,0.068217359
Oral_cavity_and_pharynx,Female,tce,,,0,0.85000002,0.0675239935057423,0.064681873,0.070366114
Oral_cavity_and_pharynx,Female,tce,,,0,0.89999998,0.0694135065376136,0.066473424,0.072353587
Oral_cavity_and_pharynx,Female,tce,,,0,0.94999999,0.0711587422573062,0.068126559,0.07419093
Oral_cavity_and_pharynx,Female,tce,,,0,1.0,0.0727696389392687,0.069650836,0.07588844
Oral_cavity_and_pharynx,Female,tce,,,0,1.05,0.0742478704410297,0.071047962,0.077447779
Oral_cavity_and_pharynx,Female,tce,,,0,1.1,0.0756092558675366,0.072333075,0.078885436
Oral_cavity_and_pharynx,Female,tce,,,0,1.15,0.0768616563122652,0.073513754,0.080209553
Oral_cavity_and_pharynx,Female,tce,,,0,1.2,0.0780123860657481,0.074597023,0.081427746
Oral_cavity_and_pharynx,Female,tce,,,0,1.25,0.0790684222221535,0.075589597,0.082547247
Oral_cavity_and_pharynx,Female,tce,,,0,1.3,0.0800363003012218,0.076497734,0.083574861
Oral_cavity_and_pharynx,Female,tce,,,0,1.35,0.0809220508181402,0.077327244,0.084516861
Oral_cavity_and_pharynx,Female,tce,,,0,1.4,0.081731236722979,0.078083456,0.085379019
Oral_cavity_and_pharynx,Female,tce,,,0,1.45,0.0824690069987019,0.078771323,0.086166695
Oral_cavity_and_pharynx,Female,tce,,,0,1.5,0.0831401169158021,0.079395406,0.086884826
Oral_cavity_and_pharynx,Female,tce,,,0,1.55,0.0837489732963105,0.079959936,0.087538011
Oral_cavity_and_pharynx,Female,tce,,,0,1.6,0.0842996581447715,0.080468841,0.088130474
Oral_cavity_and_pharynx,Female,tce,,,0,1.65,0.0847959522773342,0.08092574,0.088666163
Oral_cavity_and_pharynx,Female,tce,,,0,1.7,0.0852413686569457,0.081334017,0.089148723
Oral_cavity_and_pharynx,Female,tce,,,0,1.75,0.0856391651500453,0.081696786,0.089581542
Oral_cavity_and_pharynx,Female,tce,,,0,1.8,0.0859923725308422,0.082016967,0.089967772
Oral_cavity_and_pharynx,Female,tce,,,0,1.85,0.0863038092704027,0.082297266,0.09031035
Oral_cavity_and_pharynx,Female,tce,,,0,1.9,0.0865760966039189,0.082540192,0.090612002
Oral_cavity_and_pharynx,Female,tce,,,0,1.95,0.0868116788291341,0.0827481,0.090875261
Oral_cavity_and_pharynx,Female,tce,,,0,2.0,0.0870128320762135,0.082923166,0.091102503
Oral_cavity_and_pharynx,Female,tce,,,0,2.05,0.0871730454225944,0.083059229,0.09128686
Oral_cavity_and_pharynx,Female,tce,,,0,2.0999999,0.087303257991216,0.083166704,0.091439813
Oral_cavity_and_pharynx,Female,tce,,,0,2.1500001,0.0874057139330567,0.083247736,0.091563694
Oral_cavity_and_pharynx,Female,tce,,,0,2.2,0.0874824733759814,0.083304301,0.091660641
Oral_cavity_and_pharynx,Female,tce,,,0,2.25,0.0875354291972068,0.083338216,0.091732636
Oral_cavity_and_pharynx,Female,tce,,,0,2.3,0.0875663206230092,0.08335115,0.091781497
Oral_cavity_and_pharynx,Female,tce,,,0,2.3499999,0.0875767478361959,0.083344616,0.091808878
Oral_cavity_and_pharynx,Female,tce,,,0,2.4000001,0.0875681845082864,0.083320044,0.091816321
Oral_cavity_and_pharynx,Female,tce,,,0,2.45,0.0875419893919222,0.083278731,0.091805249
Oral_cavity_and_pharynx,Female,tce,,,0,2.5,0.0874994162669384,0.08322186,0.091776967
Oral_cavity_and_pharynx,Female,tce,,,0,2.55,0.087441623209452,0.083150558,0.091732688
Oral_cavity_and_pharynx,Female,tce,,,0,2.5999999,0.0873696808813457,0.083065845,0.091673516
Oral_cavity_and_pharynx,Female,tce,,,0,2.6500001,0.0872845795758067,0.08296866,0.0916005
Oral_cavity_and_pharynx,Female,tce,,,0,2.7,0.0871872376660566,0.082859889,0.091514587
Oral_cavity_and_pharynx,Female,tce,,,0,2.75,0.0870785052835604,0.082740337,0.091416672
Oral_cavity_and_pharynx,Female,tce,,,0,2.8,0.0869591714279182,0.082610771,0.091307573
Oral_cavity_and_pharynx,Female,tce,,,0,2.8499999,0.0868299686202167,0.08247187,0.091188066
Oral_cavity_and_pharynx,Female,tce,,,0,2.9000001,0.0866915767882084,0.082324304,0.09105885
Oral_cavity_and_pharynx,Female,tce,,,0,2.95,0.0865446301005927,0.082168661,0.090920597
Oral_cavity_and_pharynx,Female,tce,,,0,3.0,0.0863897167800331,0.082005516,0.090773918
Oral_cavity_and_pharynx,Female,tce,,,0,3.05,0.0862183677500213,0.081826851,0.090609886
Oral_cavity_and_pharynx,Female,tce,,,0,3.0999999,0.0860402007885147,0.081641763,0.090438634
Oral_cavity_and_pharynx,Female,tce,,,0,3.1500001,0.0858556922765461,0.081450731,0.090260655
Oral_cavity_and_pharynx,Female,tce,,,0,3.2,0.0856652891712563,0.081254169,0.090076409
Oral_cavity_and_pharynx,Female,tce,,,0,3.25,0.0854694061324263,0.081052467,0.089886345
Oral_cavity_and_pharynx,Female,tce,,,0,3.3,0.0852684312190565,0.080846004,0.089690857
Oral_cavity_and_pharynx,Female,tce,,,0,3.3499999,0.0850627270449822,0.08063513,0.089490324
Oral_cavity_and_pharynx,Female,tce,,,0,3.4000001,0.084852631620567,0.080420151,0.089285113
Oral_cavity_and_pharynx,Female,tce,,,0,3.45,0.0846384640827099,0.08020138,0.089075543
Oral_cavity_and_pharynx,Female,tce,,,0,3.5,0.0844205202454134,0.079979107,0.088861935
Oral_cavity_and_pharynx,Female,tce,,,0,3.55,0.0841990780260981,0.079753578,0.088644579
Oral_cavity_and_pharynx,Female,tce,,,0,3.5999999,0.0839743977778913,0.079525054,0.088423744
Oral_cavity_and_pharynx,Female,tce,,,0,3.6500001,0.083746722416945,0.079293758,0.088199683
Oral_cavity_and_pharynx,Female,tce,,,0,3.7,0.0835162829040776,0.079059921,0.087972648
Oral_cavity_and_pharynx,Female,tce,,,0,3.75,0.0832832927672175,0.07882373,0.087742858
Oral_cavity_and_pharynx,Female,tce,,,0,3.8,0.083047953389562,0.078585394,0.087510519
Oral_cavity_and_pharynx,Female,tce,,,0,3.8499999,0.0828104538168882,0.078345075,0.087275833
Oral_cavity_and_pharynx,Female,tce,,,0,3.9000001,0.0825709704307025,0.078102954,0.087038986
Oral_cavity_and_pharynx,Female,tce,,,0,3.95,0.0823296722842089,0.077859186,0.086800165
Oral_cavity_and_pharynx,Female,tce,,,0,4.0,0.0820867149522649,0.077613913,0.086559519
Oral_cavity_and_pharynx,Female,tce,,,0,4.0500002,0.0818335306730223,0.077359051,0.08630801
Oral_cavity_and_pharynx,Female,tce,,,0,4.0999999,0.0815790787470839,0.077103063,0.086055093
Oral_cavity_and_pharynx,Female,tce,,,0,4.1500001,0.081323484154147,0.076846071,0.085800901
Oral_cavity_and_pharynx,Female,tce,,,0,4.1999998,0.081066873847721,0.076588184,0.085545562
Oral_cavity_and_pharynx,Female,tce,,,0,4.25,0.0808093577481976,0.076329522,0.085289195
Oral_cavity_and_pharynx,Female,tce,,,0,4.3000002,0.0805510463025283,0.076070175,0.085031919
Oral_cavity_and_pharynx,Female,tce,,,0,4.3499999,0.0802920435990307,0.075810246,0.084773839
Oral_cavity_and_pharynx,Female,tce,,,0,4.4000001,0.0800324403163015,0.075549826,0.084515058
Oral_cavity_and_pharynx,Female,tce,,,0,4.4499998,0.0797723313941575,0.075288996,0.084255666
Oral_cavity_and_pharynx,Female,tce,,,0,4.5,0.0795117965732555,0.075027846,0.083995752
Oral_cavity_and_pharynx,Female,tce,,,0,4.5500002,0.079250918065627,0.074766435,0.083735406
Oral_cavity_and_pharynx,Female,tce,,,0,4.5999999,0.0789897734252337,0.074504845,0.083474703
Oral_cavity_and_pharynx,Female,tce,,,0,4.6500001,0.0787284283396361,0.074243136,0.083213717
Oral_cavity_and_pharynx,Female,tce,,,0,4.6999998,0.078466954327678,0.073981382,0.082952529
Oral_cavity_and_pharynx,Female,tce,,,0,4.75,0.0782054090463149,0.073719628,0.082691193
Oral_cavity_and_pharynx,Female,tce,,,0,4.8000002,0.0779438539697533,0.073457934,0.082429774
Oral_cavity_and_pharynx,Female,tce,,,0,4.8499999,0.0776823471216694,0.073196359,0.082168333
Oral_cavity_and_pharynx,Female,tce,,,0,4.9000001,0.0774209357920531,0.07293494,0.08190693
Oral_cavity_and_pharynx,Female,tce,,,0,4.9499998,0.0771596741788897,0.072673738,0.081645608
Oral_cavity_and_pharynx,Female,tce,,,0,5.0,0.0768986036211987,0.072412789,0.08138442
Oral_cavity_and_pharynx,Female,tce,,,1,0.0,0.0,0.0,0.0
Oral_cavity_and_pharynx,Female,tce,,,1,0.050000001,0.0039730851116933,0.0038416183,0.0041045519
Oral_cavity_and_pharynx,Female,tce,,,1,0.1,0.0093043299310416,0.0089657679,0.0096428916
Oral_cavity_and_pharynx,Female,tce,,,1,0.15000001,0.014752074780774,0.014190965,0.015313185
Oral_cavity_and_pharynx,Female,tce,,,1,0.2,0.020017062786234,0.019234197,0.020799927
Oral_cavity_and_pharynx,Female,tce,,,1,0.25,0.0250000757165435,0.02400244,0.025997709
Oral_cavity_and_pharynx,Female,tce,,,1,0.30000001,0.0296718181745146,0.028468918,0.030874718
Oral_cavity_and_pharynx,Female,tce,,,1,0.34999999,0.0340316076596998,0.032633852,0.035429362
Oral_cavity_and_pharynx,Female,tce,,,1,0.40000001,0.0380911076264682,0.036509044,0.039673168
Oral_cavity_and_pharynx,Female,tce,,,1,0.44999999,0.0418671040143374,0.040111031,0.043623175
Oral_cavity_and_pharynx,Female,tce,,,1,0.5,0.0453781250706318,0.04345791,0.047298342
Oral_cavity_and_pharynx,Female,tce,,,1,0.55000001,0.0486427747281772,0.04656776,0.05071779
Oral_cavity_and_pharynx,Female,tce,,,1,0.60000002,0.0516789464685076,0.049457937,0.053899955
Oral_cavity_and_pharynx,Female,tce,,,1,0.64999998,0.0545034574587493,0.052144706,0.056862209
Oral_cavity_and_pharynx,Female,tce,,,1,0.69999999,0.0571319275961379,0.054643165,0.05962069
Oral_cavity_and_pharynx,Female,tce,,,1,0.75,0.0595784230238751,0.05696689,0.062189955
Oral_cavity_and_pharynx,Female,tce,,,1,0.80000001,0.0618546669559404,0.059127204,0.064582132
Oral_cavity_and_pharynx,Female,tce,,,1,0.85000002,0.0639713835409028,0.061134443,0.066808321
Oral_cavity_and_pharynx,Female,tce,,,1,0.89999998,0.0659386813418163,0.062998362,0.068879001
Oral_cavity_and_pharynx,Female,tce,,,1,0.94999999,0.0677660589403863,0.064728111,0.070804007
Oral_cavity_and_pharynx,Female,tce,,,1,1.0,0.0694624032792688,0.066332243,0.072592564
Oral_cavity_and_pharynx,Female,tce,,,1,1.05,0.0710318214772485,0.067814745,0.074248895
Oral_cavity_and_pharynx,Female,tce,,,1,1.1,0.0724861208680934,0.069186956,0.075785287
Oral_cavity_and_pharynx,Female,tce,,,1,1.15,0.073832543849598,0.070455834,0.077209257
Oral_cavity_and_pharynx,Female,tce,,,1,1.2,0.0750778955426969,0.071627922,0.078527868
Oral_cavity_and_pharynx,Female,tce,,,1,1.25,0.0762287729728361,0.072709568,0.079747975
Oral_cavity_and_pharynx,Female,tce,,,1,1.3,0.0772914118143324,0.073706761,0.080876067
Oral_cavity_and_pharynx,Female,tce,,,1,1.35,0.0782715912683354,0.074625045,0.081918143
Oral_cavity_and_pharynx,Female,tce,,,1,1.4,0.0791746631302496,0.075469561,0.082879767
Oral_cavity_and_pharynx,Female,tce,,,1,1.45,0.080005600673683,0.076245084,0.083766118
Oral_cavity_and_pharynx,Female,tce,,,1,1.5,0.0807690119053275,0.076956041,0.084581986
Oral_cavity_and_pharynx,Female,tce,,,1,1.55,0.0814691820405539,0.077606544,0.08533182
Oral_cavity_and_pharynx,Female,tce,,,1,1.6,0.0821100928096284,0.078200415,0.086019769
Oral_cavity_and_pharynx,Female,tce,,,1,1.65,0.0826954423753029,0.078741208,0.086649679
Oral_cavity_and_pharynx,Female,tce,,,1,1.7,0.0832286775600116,0.079232223,0.087225132
Oral_cavity_and_pharynx,Female,tce,,,1,1.75,0.0837130026869865,0.079676546,0.087749459
Oral_cavity_and_pharynx,Female,tce,,,1,1.8,0.0841514071639586,0.080077037,0.088225782
Oral_cavity_and_pharynx,Female,tce,,,1,1.85,0.0845466780080775,0.080436371,0.088656984
Oral_cavity_and_pharynx,Female,tce,,,1,1.9,0.0849014129348188,0.080757037,0.089045785
Oral_cavity_and_pharynx,Female,tce,,,1,1.95,0.0852180408478538,0.081041373,0.089394704
Oral_cavity_and_pharynx,Female,tce,,,1,2.0,0.0854988280014878,0.081291556,0.089706101
Oral_cavity_and_pharynx,Female,tce,,,1,2.05,0.0857407765848479,0.08150474,0.08997681
Oral_cavity_and_pharynx,Female,tce,,,1,2.0999999,0.0859512815054057,0.081687987,0.09021458
Oral_cavity_and_pharynx,Female,tce,,,1,2.1500001,0.0861326012416181,0.081843443,0.090421759
Oral_cavity_and_pharynx,Female,tce,,,1,2.2,0.0862868131192033,0.081973113,0.090600513
Oral_cavity_and_pharynx,Female,tce,,,1,2.25,0.0864158314253831,0.082078822,0.09075284
Oral_cavity_and_pharynx,Female,tce,,,1,2.3,0.0865214188018169,0.082162254,0.09088058
Oral_cavity_and_pharynx,Female,tce,,,1,2.3499999,0.0866052006545916,0.082224973,0.090985432
Oral_cavity_and_pharynx,Female,tce,,,1,2.4000001,0.086668677549009,0.082268395,0.091068961
Oral_cavity_and_pharynx,Female,tce,,,1,2.45,0.0867132350391163,0.082293868,0.091132604
Oral_cavity_and_pharynx,Female,tce,,,1,2.5,0.0867401553486011,0.0823026,0.091177709
Oral_cavity_and_pharynx,Female,tce,,,1,2.55,0.086750624991377,0.082295731,0.091205522
Oral_cavity_and_pharynx,Female,tce,,,1,2.5999999,0.086745743187641,0.08227431,0.091217175
Oral_cavity_and_pharynx,Female,tce,,,1,2.6500001,0.0867265290411765,0.082239322,0.09121374
Oral_cavity_and_pharynx,Female,tce,,,1,2.7,0.08669392859116,0.082191654,0.091196202
Oral_cavity_and_pharynx,Female,tce,,,1,2.75,0.0866488202576539,0.082132153,0.09116549
Oral_cavity_and_pharynx,Female,tce,,,1,2.8,0.0865920205954911,0.082061596,0.091122441
Oral_cavity_and_pharynx,Female,tce,,,1,2.8499999,0.0865242891905001,0.081980713,0.091067865
Oral_cavity_and_pharynx,Female,tce,,,1,2.9000001,0.0864463327729037,0.081890181,0.091002487
Oral_cavity_and_pharynx,Female,tce,,,1,2.95,0.0863588108601364,0.081790611,0.090927005
Oral_cavity_and_pharynx,Female,tce,,,1,3.0,0.0862623372665361,0.081682608,0.090842061
Oral_cavity_and_pharynx,Female,tce,,,1,3.05,0.086151915911029,0.081561446,0.090742387
Oral_cavity_and_pharynx,Female,tce,,,1,3.0999999,0.0860336927621259,0.081432939,0.090634443
Oral_cavity_and_pharynx,Female,tce,,,1,3.1500001,0.0859081679686991,0.081297569,0.090518765
Oral_cavity_and_pharynx,Female,tce,,,1,3.2,0.0857758107735613,0.081155784,0.090395838
Oral_cavity_and_pharynx,Female,tce,,,1,3.25,0.0856370583254023,0.081007995,0.090266116
Oral_cavity_and_pharynx,Female,tce,,,1,3.3,0.0854923202479561,0.080854602,0.090130039
Oral_cavity_and_pharynx,Female,tce,,,1,3.3499999,0.085341980084485,0.080695957,0.089988001
Oral_cavity_and_pharynx,Female,tce,,,1,3.4000001,0.085186396405406,0.080532409,0.089840382
Oral_cavity_and_pharynx,Female,tce,,,1,3.45,0.0850259075127884,0.080364279,0.089687534
Oral_cavity_and_pharynx,Female,tce,,,1,3.5,0.0848608285621969,0.080191866,0.08952979
Oral_cavity_and_pharynx,Female,tce,,,1,3.55,0.0846914559584726,0.080015451,0.089367457
Oral_cavity_and_pharynx,Female,tce,,,1,3.5999999,0.0845180679641209,0.079835303,0.089200832
Oral_cavity_and_pharynx,Female,tce,,,1,3.6500001,0.0843409250806917,0.079651669,0.089030184
Oral_cavity_and_pharynx,Female,tce,,,1,3.7,0.0841602745856432,0.079464778,0.088855773
Oral_cavity_and_pharynx,Female,tce,,,1,3.75,0.0839763465161551,0.079274848,0.088677846
Oral_cavity_and_pharynx,Female,tce,,,1,3.8,0.083789358005865,0.079082094,0.088496618
Oral_cavity_and_pharynx,Female,tce,,,1,3.8499999,0.0835995133509258,0.078886703,0.08831232
Oral_cavity_and_pharynx,Female,tce,,,1,3.9000001,0.0834070039214849,0.07868886,0.088125147
Oral_cavity_and_pharynx,Female,tce,,,1,3.95,0.0832120126207689,0.078488737,0.087935284
Oral_cavity_and_pharynx,Female,tce,,,1,4.0,0.083014709094474,0.078286499,0.087742925
Oral_cavity_and_pharynx,Female,tce,,,1,4.0500002,0.0828098476690476,0.078077205,0.087542497
Oral_cavity_and_pharynx,Female,tce,,,1,4.0999999,0.0826030401624038,0.077866137,0.087339945
Oral_cavity_and_pharynx,Female,tce,,,1,4.1500001,0.0823944255209366,0.077653438,0.087135419
Oral_cavity_and_pharynx,Female,tce,,,1,4.1999998,0.0821841424692091,0.077439226,0.086929061
Oral_cavity_and_pharynx,Female,tce,,,1,4.25,0.0819723141011257,0.077223629,0.086721003
Oral_cavity_and_pharynx,Female,tce,,,1,4.3000002,0.0817590623442521,0.07700675,0.086511374
Oral_cavity_and_pharynx,Female,tce,,,1,4.3499999,0.0815445024396116,0.076788709,0.086300291
Oral_cavity_and_pharynx,Female,tce,,,1,4.4000001,0.0813287371474006,0.076569602,0.086087875
Oral_cavity_and_pharynx,Female,tce,,,1,4.4499998,0.0811118714773097,0.076349519,0.085874222
Oral_cavity_and_pharynx,Female,tce,,,1,4.5,0.0808939965846931,0.076128557,0.085659437
Oral_cavity_and_pharynx,Female,tce,,,1,4.5500002,0.0806752045512155,0.075906791,0.085443616
Oral_cavity_and_pharynx,Female,tce,,,1,4.5999999,0.0804555825279968,0.075684316,0.085226849
Oral_cavity_and_pharynx,Female,tce,,,1,4.6500001,0.0802352067010531,0.075461194,0.085009217
Oral_cavity_and_pharynx,Female,tce,,,1,4.6999998,0.0800141572402549,0.075237513,0.084790803
Oral_cavity_and_pharynx,Female,tce,,,1,4.75,0.0797925017419658,0.075013317,0.084571682
Oral_cavity_and_pharynx,Female,tce,,,1,4.8000002,0.0795703102058728,0.07478869,0.084351934
Oral_cavity_and_pharynx,Female,tce,,,1,4.8499999,0.079347648955366,0.074563682,0.084131613
Oral_cavity_and_pharynx,Female,tce,,,1,4.9000001,0.0791245744518649,0.074338354,0.083910793
Oral_cavity_and_pharynx,Female,tce,,,1,4.9499998,0.0789011483637405,0.074112758,0.083689533
Oral_cavity_and_pharynx,Female,tce,,,1,5.0,0.0786774207326254,0.073886946,0.083467893
Oral_cavity_and_pharynx,Female,tce,,,2,0.0,0.0,0.0,0.0
Oral_cavity_and_pharynx,Female,tce,,,2,0.050000001,0.0101564820021476,0.0095167179,0.010796246
Oral_cavity_and_pharynx,Female,tce,,,2,0.1,0.0216436855856475,0.020122821,0.02316455
Oral_cavity_and_pharynx,Female,tce,,,2,0.15000001,0.0319100143847869,0.029516187,0.03430384
Oral_cavity_and_pharynx,Female,tce,,,2,0.2,0.0407924399290151,0.037582327,0.044002555
Oral_cavity_and_pharynx,Female,tce,,,2,0.25,0.0484359686553235,0.044477604,0.052394334
Oral_cavity_and_pharynx,Female,tce,,,2,0.30000001,0.0550260913671721,0.050387368,0.059664812
Oral_cavity_and_pharynx,Female,tce,,,2,0.34999999,0.0607313412656639,0.055476017,0.065986663
Oral_cavity_and_pharynx,Female,tce,,,2,0.40000001,0.0656928162707768,0.05987924,0.071506388
Oral_cavity_and_pharynx,Female,tce,,,2,0.44999999,0.0700257058995211,0.063706666,0.076344743
Oral_cavity_and_pharynx,Female,tce,,,2,0.5,0.0738235680362491,0.06704656,0.080600575
Oral_cavity_and_pharynx,Female,tce,,,2,0.55000001,0.0771625913015541,0.069970272,0.084354915
Oral_cavity_and_pharynx,Female,tce,,,2,0.60000002,0.0801052276238218,0.072535887,0.087674573
Oral_cavity_and_pharynx,Female,tce,,,2,0.64999998,0.0827030722092228,0.074791119,0.090615027
Oral_cavity_and_pharynx,Female,tce,,,2,0.69999999,0.0849991220769095,0.076775528,0.093222715
Oral_cavity_and_pharynx,Female,tce,,,2,0.75,0.0870290831410373,0.07852181,0.095536351
Oral_cavity_and_pharynx,Female,tce,,,2,0.80000001,0.0888217127178897,0.080056198,0.097587228
Oral_cavity_and_pharynx,Female,tce,,,2,0.85000002,0.0904015766413897,0.08140102,0.099402137
Oral_cavity_and_pharynx,Female,tce,,,2,0.89999998,0.0917901825829633,0.082575753,0.10100461
Oral_cavity_and_pharynx,Female,tce,,,2,0.94999999,0.0930064529274707,0.083597504,0.1024154
Oral_cavity_and_pharynx,Female,tce,,,2,1.0,0.0940670961635787,0.084481336,0.10365286
Oral_cavity_and_pharynx,Female,tce,,,2,1.05,0.0949581167853791,0.0852153,0.10470093
Oral_cavity_and_pharynx,Female,tce,,,2,1.1,0.095721168320848,0.085836262,0.10560607
Oral_cavity_and_pharynx,Female,tce,,,2,1.15,0.0963680960503032,0.086354837,0.10638136
Oral_cavity_and_pharynx,Female,tce,,,2,1.2,0.0969094931409138,0.086780488,0.1070385
Oral_cavity_and_pharynx,Female,tce,,,2,1.25,0.0973547841983614,0.087121591,0.10758798
Oral_cavity_and_pharynx,Female,tce,,,2,1.3,0.0977124356435181,0.087385654,0.10803922
Oral_cavity_and_pharynx,Female,tce,,,2,1.35,0.0979900963673142,0.087579459,0.10840074
Oral_cavity_and_pharynx,Female,tce,,,2,1.4,0.0981946890830554,0.087709129,0.10868025
Oral_cavity_and_pharynx,Female,tce,,,2,1.45,0.0983324942813662,0.087780237,0.10888475
Oral_cavity_and_pharynx,Female,tce,,,2,1.5,0.0984092155608412,0.087797843,0.10902059
Oral_cavity_and_pharynx,Female,tce,,,2,1.55,0.0984300428484674,0.087766536,0.10909355
Oral_cavity_and_pharynx,Female,tce,,,2,1.6,0.0983997038805634,0.087690525,0.10910888
Oral_cavity_and_pharynx,Female,tce,,,2,1.65,0.0983225117326566,0.087573625,0.1090714
Oral_cavity_and_pharynx,Female,tce,,,2,1.7,0.0982024052897884,0.087419331,0.10898548
Oral_cavity_and_pharynx,Female,tce,,,2,1.75,0.0980429872181914,0.087230839,0.10885514
Oral_cavity_and_pharynx,Female,tce,,,2,1.8,0.0978475546779286,0.087011069,0.10868404
Oral_cavity_and_pharynx,Female,tce,,,2,1.85,0.0976191286924449,0.086762704,0.10847555
Oral_cavity_and_pharynx,Female,tce,,,2,1.9,0.0973604819557962,0.086488202,0.10823277
Oral_cavity_and_pharynx,Female,tce,,,2,1.95,0.097074157898241,0.086189814,0.1079585
Oral_cavity_and_pharynx,Female,tce,,,2,2.0,0.0967624962470767,0.08586961,0.10765538
Oral_cavity_and_pharynx,Female,tce,,,2,2.05,0.0963963628518759,0.085502483,0.10729024
Oral_cavity_and_pharynx,Female,tce,,,2,2.0999999,0.0960095203610459,0.085117668,0.10690137
Oral_cavity_and_pharynx,Female,tce,,,2,2.1500001,0.0956041206615454,0.084717065,0.10649117
Oral_cavity_and_pharynx,Female,tce,,,2,2.2,0.095182113132992,0.084302403,0.10606182
Oral_cavity_and_pharynx,Female,tce,,,2,2.25,0.0947452527795539,0.083875224,0.10561528
Oral_cavity_and_pharynx,Female,tce,,,2,2.3,0.0942951280405145,0.083436929,0.10515333
Oral_cavity_and_pharynx,Female,tce,,,2,2.3499999,0.0938331766694584,0.082988784,0.10467757
Oral_cavity_and_pharynx,Female,tce,,,2,2.4000001,0.0933606991512189,0.082531929,0.10418947
Oral_cavity_and_pharynx,Female,tce,,,2,2.45,0.092878881646629,0.082067415,0.10369035
Oral_cavity_and_pharynx,Female,tce,,,2,2.5,0.0923887947669207,0.081596166,0.10318142
Oral_cavity_and_pharynx,Female,tce,,,2,2.55,0.0918914134586077,0.081119046,0.10266378
Oral_cavity_and_pharynx,Female,tce,,,2,2.5999999,0.091387624477875,0.080636829,0.10213842
Oral_cavity_and_pharynx,Female,tce,,,2,2.6500001,0.0908782325876058,0.080150217,0.10160625
Oral_cavity_and_pharynx,Female,tce,,,2,2.7,0.0903639780018132,0.079659849,0.10106811
Oral_cavity_and_pharynx,Female,tce,,,2,2.75,0.0898455286831479,0.079166308,0.10052475
Oral_cavity_and_pharynx,Female,tce,,,2,2.8,0.0893234961850127,0.078670129,0.09997686
Oral_cavity_and_pharynx,Female,tce,,,2,2.8499999,0.0887984387408919,0.078171797,0.099425085
Oral_cavity_and_pharynx,Female,tce,,,2,2.9000001,0.0882708636798687,0.077671744,0.098869987
Oral_cavity_and_pharynx,Female,tce,,,2,2.95,0.0877412419335315,0.077170379,0.09831211
Oral_cavity_and_pharynx,Female,tce,,,2,3.0,0.0872099969229832,0.076668069,0.09775193
Oral_cavity_and_pharynx,Female,tce,,,2,3.05,0.0866462946787046,0.0761384,0.097154193
Oral_cavity_and_pharynx,Female,tce,,,2,3.0999999,0.0860821102343118,0.07560879,0.096555434
Oral_cavity_and_pharynx,Female,tce,,,2,3.1500001,0.0855177669141473,0.075079508,0.095956028
Oral_cavity_and_pharynx,Female,tce,,,2,3.2,0.0849535681633094,0.074550815,0.095356323
Oral_cavity_and_pharynx,Female,tce,,,2,3.25,0.0843897838207616,0.074022934,0.094756633
Oral_cavity_and_pharynx,Female,tce,,,2,3.3,0.0838266630760565,0.073496088,0.094157234
Oral_cavity_and_pharynx,Female,tce,,,2,3.3499999,0.083264433764736,0.072970465,0.093558401
Oral_cavity_and_pharynx,Female,tce,,,2,3.4000001,0.0827033014975092,0.072446235,0.092960373
Oral_cavity_and_pharynx,Female,tce,,,2,3.45,0.0821434619941867,0.071923554,0.092363365
Oral_cavity_and_pharynx,Female,tce,,,2,3.5,0.0815850865157819,0.071402587,0.091767587
Oral_cavity_and_pharynx,Female,tce,,,2,3.55,0.0810283339270999,0.070883445,0.091173224
Oral_cavity_and_pharynx,Female,tce,,,2,3.5999999,0.0804733492510509,0.070366256,0.090580441
Oral_cavity_and_pharynx,Female,tce,,,2,3.6500001,0.0799202621598866,0.06985113,0.089989394
Oral_cavity_and_pharynx,Female,tce,,,2,3.7,0.0793691985408917,0.069338165,0.089400232
Oral_cavity_and_pharynx,Female,tce,,,2,3.75,0.0788202656081105,0.06882745,0.088813081
Oral_cavity_and_pharynx,Female,tce,,,2,3.8,0.0782735633173347,0.068319075,0.088228054
Oral_cavity_and_pharynx,Female,tce,,,2,3.8499999,0.0777291825071815,0.067813098,0.08764527
Oral_cavity_and_pharynx,Female,tce,,,2,3.9000001,0.0771872030374741,0.067309588,0.087064818
Oral_cavity_and_pharynx,Female,tce,,,2,3.95,0.0766477047720507,0.066808619,0.086486794
Oral_cavity_and_pharynx,Female,tce,,,2,4.0,0.0761107526744184,0.066310227,0.085911281
Oral_cavity_and_pharynx,Female,tce,,,2,4.0500002,0.0755463858796526,0.065788954,0.085303813
Oral_cavity_and_pharynx,Female,tce,,,2,4.0999999,0.0749851203225668,0.065270759,0.084699482
Oral_cavity_and_pharynx,Female,tce,,,2,4.1500001,0.0744269910421485,0.064755648,0.084098332
Oral_cavity_and_pharynx,Female,tce,,,2,4.1999998,0.0738720491903794,0.064243667,0.08350043
Oral_cavity_and_pharynx,Female,tce,,,2,4.25,0.073320319854773,0.063734837,0.082905799
Oral_cavity_and_pharynx,Female,tce,,,2,4.3000002,0.072771839551082,0.063229181,0.082314499
Oral_cavity_and_pharynx,Female,tce,,,2,4.3499999,0.0722266405480489,0.062726714,0.081726566
Oral_cavity_and_pharynx,Female,tce,,,2,4.4000001,0.0716847357229304,0.06222745,0.081142023
Oral_cavity_and_pharynx,Female,tce,,,2,4.4499998,0.0711461551690309,0.061731409,0.0805609
Oral_cavity_and_pharynx,Female,tce,,,2,4.5,0.070610905120291,0.061238594,0.07998322
Oral_cavity_and_pharynx,Female,tce,,,2,4.5500002,0.0700790042317088,0.060749013,0.079408996
Oral_cavity_and_pharynx,Female,tce,,,2,4.5999999,0.0695504682548541,0.060262673,0.078838266
Oral_cavity_and_pharynx,Female,tce,,,2,4.6500001,0.0690252952708563,0.059779573,0.078271016
Oral_cavity_and_pharynx,Female,tce,,,2,4.6999998,0.0685035010889288,0.059299715,0.077707283
Oral_cavity_and_pharynx,Female,tce,,,2,4.75,0.0679850793596669,0.058823097,0.077147059
Oral_cavity_and_pharynx,Female,tce,,,2,4.8000002,0.0674700366561217,0.058349714,0.076590359
Oral_cavity_and_pharynx,Female,tce,,,2,4.8499999,0.0669583775546753,0.057879571,0.076037183
Oral_cavity_and_pharynx,Female,tce,,,2,4.9000001,0.0664500902844718,0.05741265,0.075487532
Oral_cavity_and_pharynx,Female,tce,,,2,4.9499998,0.0659451809367895,0.056948952,0.074941412
Oral_cavity_and_pharynx,Female,tce,,,2,5.0,0.0654436348088219,0.056488462,0.074398808
Oral_cavity_and_pharynx,Female,tde,,,0,0.0,0.0,0.0,0.0
Oral_cavity_and_pharynx,Female,tde,,,0,0.050000001,0.0034894846772324,0.0034708169,0.0035081524
Oral_cavity_and_pharynx,Female,tde,,,0,0.1,0.0074561230498131,0.0074224467,0.0074897995
Oral_cavity_and_pharynx,Female,tde,,,0,0.15000001,0.0112082074744138,0.011163034,0.01125338
Oral_cavity_and_pharynx,Female,tde,,,0,0.2,0.0146387830342842,0.014583834,0.014693732
Oral_cavity_and_pharynx,Female,tde,,,0,0.25,0.0177454843137531,0.017681396,0.017809574
Oral_cavity_and_pharynx,Female,tde,,,0,0.30000001,0.0205524879846637,0.020479424,0.020625552
Oral_cavity_and_pharynx,Female,tde,,,0,0.34999999,0.0230895089483876,0.023007507,0.023171511
Oral_cavity_and_pharynx,Female,tde,,,0,0.40000001,0.0253853438478584,0.025294468,0.025476219
Oral_cavity_and_pharynx,Female,tde,,,0,0.44999999,0.0274659612836341,0.027366351,0.027565571
Oral_cavity_and_pharynx,Female,tde,,,0,0.5,0.0293541785953043,0.029246051,0.029462306
Oral_cavity_and_pharynx,Female,tde,,,0,0.55000001,0.0310698520964729,0.030953482,0.031186223
Oral_cavity_and_pharynx,Female,tde,,,0,0.60000002,0.0326302367749549,0.032505937,0.032754537
Oral_cavity_and_pharynx,Female,tde,,,0,0.64999998,0.0340503530672034,0.033918466,0.034182243
Oral_cavity_and_pharynx,Female,tde,,,0,0.69999999,0.0353433293563285,0.035204198,0.035482459
Oral_cavity_and_pharynx,Female,tde,,,0,0.75,0.0365204847078383,0.036374461,0.036666505
Oral_cavity_and_pharynx,Female,tde,,,0,0.80000001,0.0375910722720145,0.037438504,0.037743639
Oral_cavity_and_pharynx,Female,tde,,,0,0.85000002,0.0385632760033256,0.038404498,0.038722053
Oral_cavity_and_pharynx,Female,tde,,,0,0.89999998,0.0394445517741731,0.039279893,0.039609212
Oral_cavity_and_pharynx,Female,tde,,,0,0.94999999,0.040241705974383,0.040071476,0.040411934
Oral_cavity_and_pharynx,Female,tde,,,0,1.0,0.0409609555808923,0.040785458,0.041136455
Oral_cavity_and_pharynx,Female,tde,,,0,1.05,0.0416040914159008,0.041423619,0.041784562
Oral_cavity_and_pharynx,Female,tde,,,0,1.1,0.0421801838719874,0.041995008,0.042365361
Oral_cavity_and_pharynx,Female,tde,,,0,1.15,0.0426940310657002,0.042504404,0.042883661
Oral_cavity_and_pharynx,Female,tde,,,0,1.2,0.0431500620459764,0.042956218,0.043343905
Oral_cavity_and_pharynx,Female,tde,,,0,1.25,0.0435524429531698,0.043354604,0.043750282
Oral_cavity_and_pharynx,Female,tde,,,0,1.3,0.0439050499609068,0.043703422,0.044106681
Oral_cavity_and_pharynx,Female,tde,,,0,1.35,0.0442114540877076,0.044006221,0.044416688
Oral_cavity_and_pharynx,Female,tde,,,0,1.4,0.0444749465979167,0.044266284,0.044683609
Oral_cavity_and_pharynx,Female,tde,,,0,1.45,0.0446985683059994,0.044486638,0.044910498
Oral_cavity_and_pharynx,Female,tde,,,0,1.5,0.0448851265453582,0.044670079,0.045100175
Oral_cavity_and_pharynx,Female,tde,,,0,1.55,0.0450372190207906,0.044819191,0.045255248
Oral_cavity_and_pharynx,Female,tde,,,0,1.6,0.0451572498026316,0.04493637,0.04537813
Oral_cavity_and_pharynx,Female,tde,,,0,1.65,0.0452474450919151,0.045023832,0.045471057
Oral_cavity_and_pharynx,Female,tde,,,0,1.7,0.0453098697696496,0.045083635,0.045536105
Oral_cavity_and_pharynx,Female,tde,,,0,1.75,0.0453464390052035,0.04511768,0.045575198
Oral_cavity_and_pharynx,Female,tde,,,0,1.8,0.045358931587234,0.045127746,0.045590118
Oral_cavity_and_pharynx,Female,tde,,,0,1.85,0.0453490002344989,0.045115478,0.045582522
Oral_cavity_and_pharynx,Female,tde,,,0,1.9,0.0453181819473742,0.045082401,0.04555396
Oral_cavity_and_pharynx,Female,tde,,,0,1.95,0.0452679068448345,0.045029949,0.045505866
Oral_cavity_and_pharynx,Female,tde,,,0,2.0,0.0451995070558806,0.044959441,0.045439575
Oral_cavity_and_pharynx,Female,tde,,,0,2.05,0.0451101607948735,0.044868074,0.045352247
Oral_cavity_and_pharynx,Female,tde,,,0,2.0999999,0.0450052904770805,0.044761244,0.045249335
Oral_cavity_and_pharynx,Female,tde,,,0,2.1500001,0.0448861767835653,0.044640228,0.045132127
Oral_cavity_and_pharynx,Female,tde,,,0,2.2,0.0447539942019752,0.044506196,0.045001794
Oral_cavity_and_pharynx,Female,tde,,,0,2.25,0.0446098161836974,0.044360213,0.044859421
Oral_cavity_and_pharynx,Female,tde,,,0,2.3,0.0444546267491882,0.044203267,0.044705987
Oral_cavity_and_pharynx,Female,tde,,,0,2.3499999,0.0442893283633462,0.044036247,0.044542409
Oral_cavity_and_pharynx,Female,tde,,,0,2.4000001,0.0441147486202897,0.043859985,0.044369511
Oral_cavity_and_pharynx,Female,tde,,,0,2.45,0.0439316503821567,0.04367524,0.04418806
Oral_cavity_and_pharynx,Female,tde,,,0,2.5,0.0437407328560611,0.043482706,0.043998759
Oral_cavity_and_pharynx,Female,tde,,,0,2.55,0.0435426403503425,0.043283027,0.043802254
Oral_cavity_and_pharynx,Female,tde,,,0,2.5999999,0.0433379663861675,0.043076795,0.04359914
Oral_cavity_and_pharynx,Female,tde,,,0,2.6500001,0.0431272571174091,0.04286455,0.043389965
Oral_cavity_and_pharynx,Female,tde,,,0,2.7,0.0429110193847749,0.042646799,0.043175239
Oral_cavity_and_pharynx,Female,tde,,,0,2.75,0.0426897183041107,0.042424008,0.042955428
Oral_cavity_and_pharynx,Female,tde,,,0,2.8,0.0424637845348967,0.042196602,0.042730965
Oral_cavity_and_pharynx,Female,tde,,,0,2.8499999,0.0422336162561324,0.041964982,0.042502251
Oral_cavity_and_pharynx,Female,tde,,,0,2.9000001,0.0419995807316995,0.04172951,0.042269651
Oral_cavity_and_pharynx,Female,tde,,,0,2.95,0.0417620212346331,0.041490529,0.042033512
Oral_cavity_and_pharynx,Female,tde,,,0,3.0,0.0415212525677695,0.041248355,0.041794151
Oral_cavity_and_pharynx,Female,tde,,,0,3.05,0.0412736833496732,0.040999416,0.04154795
Oral_cavity_and_pharynx,Female,tde,,,0,3.0999999,0.0410235455184622,0.040747922,0.041299172
Oral_cavity_and_pharynx,Female,tde,,,0,3.1500001,0.0407710897481315,0.040494122,0.041048057
Oral_cavity_and_pharynx,Female,tde,,,0,3.2,0.0405165521939878,0.04023825,0.040794857
Oral_cavity_and_pharynx,Female,tde,,,0,3.25,0.0402601486714442,0.03998052,0.040539775
Oral_cavity_and_pharynx,Female,tde,,,0,3.3,0.0400020807442463,0.039721139,0.040283021
Oral_cavity_and_pharynx,Female,tde,,,0,3.3499999,0.0397425356996516,0.03946029,0.040024783
Oral_cavity_and_pharynx,Female,tde,,,0,3.4000001,0.0394816863765872,0.039198142,0.039765231
Oral_cavity_and_pharynx,Female,tde,,,0,3.45,0.039219697132449,0.038934864,0.039504532
Oral_cavity_and_pharynx,Female,tde,,,0,3.5,0.038956717282868,0.038670603,0.039242834
Oral_cavity_and_pharynx,Female,tde,,,0,3.55,0.0386928869016474,0.038405497,0.038980279
Oral_cavity_and_pharynx,Female,tde,,,0,3.5999999,0.0384283363425991,0.038139679,0.038716994
Oral_cavity_and_pharynx,Female,tde,,,0,3.6500001,0.0381631856754347,0.037873264,0.038453106
Oral_cavity_and_pharynx,Female,tde,,,0,3.7,0.0378975503916961,0.037606373,0.038188729
Oral_cavity_and_pharynx,Female,tde,,,0,3.75,0.0376315344127561,0.037339106,0.037923962
Oral_cavity_and_pharynx,Female,tde,,,0,3.8,0.0373652356932942,0.03707156,0.037658911
Oral_cavity_and_pharynx,Female,tde,,,0,3.8499999,0.0370987454642008,0.03680383,0.037393663
Oral_cavity_and_pharynx,Female,tde,,,0,3.9000001,0.0368321474283047,0.036535997,0.037128299
Oral_cavity_and_pharynx,Female,tde,,,0,3.95,0.036565523277418,0.036268137,0.036862906
Oral_cavity_and_pharynx,Female,tde,,,0,4.0,0.0362989454633813,0.036000334,0.036597557
Oral_cavity_and_pharynx,Female,tde,,,0,4.0500002,0.0360291183088111,0.035729308,0.03632893
Oral_cavity_and_pharynx,Female,tde,,,0,4.0999999,0.0357595507871631,0.035458546,0.036060557
Oral_cavity_and_pharynx,Female,tde,,,0,4.1500001,0.0354902966974102,0.035188101,0.035792492
Oral_cavity_and_pharynx,Female,tde,,,0,4.1999998,0.0352214160010299,0.034918033,0.0355248
Oral_cavity_and_pharynx,Female,tde,,,0,4.25,0.0349529545558086,0.034648385,0.035257522
Oral_cavity_and_pharynx,Female,tde,,,0,4.3000002,0.0346849623283282,0.034379214,0.034990713
Oral_cavity_and_pharynx,Female,tde,,,0,4.3499999,0.0344174859170133,0.034110561,0.034724411
Oral_cavity_and_pharynx,Female,tde,,,0,4.4000001,0.0341505611388397,0.033842459,0.034458663
Oral_cavity_and_pharynx,Female,tde,,,0,4.4499998,0.0338842310759376,0.033574957,0.034193505
Oral_cavity_and_pharynx,Female,tde,,,0,4.5,0.0336185259022038,0.033308085,0.033928968
Oral_cavity_and_pharynx,Female,tde,,,0,4.5500002,0.0333534808532601,0.033041872,0.033665087
Oral_cavity_and_pharynx,Female,tde,,,0,4.5999999,0.0330891287426655,0.032776359,0.033401899
Oral_cavity_and_pharynx,Female,tde,,,0,4.6500001,0.0328254925800966,0.032511562,0.033139423
Oral_cavity_and_pharynx,Female,tde,,,0,4.6999998,0.0325626033443955,0.032247514,0.032877691
Oral_cavity_and_pharynx,Female,tde,,,0,4.75,0.0323004800040609,0.031984236,0.032616723
Oral_cavity_and_pharynx,Female,tde,,,0,4.8000002,0.0320391472089278,0.031721748,0.032356545
Oral_cavity_and_pharynx,Female,tde,,,0,4.8499999,0.0317786278508411,0.03146008,0.032097176
Oral_cavity_and_pharynx,Female,tde,,,0,4.9000001,0.0315189357522845,0.031199239,0.031838633
Oral_cavity_and_pharynx,Female,tde,,,0,4.9499998,0.0312600931393926,0.030939251,0.031580936
Oral_cavity_and_pharynx,Female,tde,,,0,5.0,0.0310021109244421,0.030680126,0.031324096
Oral_cavity_and_pharynx,Female,tde,,,1,0.0,0.0,0.0,0.0
Oral_cavity_and_pharynx,Female,tde,,,1,0.050000001,0.002871033787012,0.0028537593,0.0028883081
Oral_cavity_and_pharynx,Female,tde,,,1,0.1,0.0063427677351205,0.0063101226,0.0063754129
Oral_cavity_and_pharynx,Female,tde,,,1,0.15000001,0.0097723069174729,0.0097260429,0.0098185707
Oral_cavity_and_pharynx,Female,tde,,,1,0.2,0.013010969124873,0.012952337,0.013069602
Oral_cavity_and_pharynx,Female,tde,,,1,0.25,0.0160189781333888,0.015948882,0.016089072
Oral_cavity_and_pharynx,Female,tde,,,1,0.30000001,0.0187927699172314,0.018711915,0.018873625
Oral_cavity_and_pharynx,Female,tde,,,1,0.34999999,0.021342281511751,0.021251254,0.021433311
Oral_cavity_and_pharynx,Female,tde,,,1,0.40000001,0.0236823293405991,0.023581643,0.023783017
Oral_cavity_and_pharynx,Female,tde,,,1,0.44999999,0.0258289909070419,0.025719116,0.025938867
Oral_cavity_and_pharynx,Female,tde,,,1,0.5,0.0277980562463969,0.027679428,0.027916685
Oral_cavity_and_pharynx,Female,tde,,,1,0.55000001,0.0296043631587759,0.029477395,0.029731331
Oral_cavity_and_pharynx,Female,tde,,,1,0.60000002,0.0312615649622932,0.031126648,0.031396482
Oral_cavity_and_pharynx,Female,tde,,,1,0.64999998,0.0327820863531803,0.032639589,0.032924585
Oral_cavity_and_pharynx,Female,tde,,,1,0.69999999,0.034177179950426,0.034027454,0.034326907
Oral_cavity_and_pharynx,Female,tde,,,1,0.75,0.0354568098255182,0.035300188,0.035613429
Oral_cavity_and_pharynx,Female,tde,,,1,0.80000001,0.0366292538832928,0.036466058,0.03679245
Oral_cavity_and_pharynx,Female,tde,,,1,0.85000002,0.0377019818531922,0.03753252,0.037871446
Oral_cavity_and_pharynx,Female,tde,,,1,0.89999998,0.0386819266863727,0.038506489,0.038857367
Oral_cavity_and_pharynx,Female,tde,,,1,0.94999999,0.0395755164951074,0.039394382,0.039756652
Oral_cavity_and_pharynx,Female,tde,,,1,1.0,0.0403886988799121,0.040202133,0.040575262
Oral_cavity_and_pharynx,Female,tde,,,1,1.05,0.0411243798152908,0.040932652,0.041316111
Oral_cavity_and_pharynx,Female,tde,,,1,1.1,0.0417901775902264,0.041593522,0.041986834
Oral_cavity_and_pharynx,Female,tde,,,1,1.15,0.0423908152085342,0.04218946,0.042592168
Oral_cavity_and_pharynx,Female,tde,,,1,1.2,0.0429306936063255,0.042724855,0.04313653
Oral_cavity_and_pharynx,Female,tde,,,1,1.25,0.043414031849422,0.043203913,0.043624151
Oral_cavity_and_pharynx,Female,tde,,,1,1.3,0.043844790170829,0.043630578,0.044059005
Oral_cavity_and_pharynx,Female,tde,,,1,1.35,0.044226625817402,0.044008493,0.044444758
Oral_cavity_and_pharynx,Female,tde,,,1,1.4,0.0445629162471839,0.044341028,0.044784807
Oral_cavity_and_pharynx,Female,tde,,,1,1.45,0.044856788565849,0.044631295,0.045082282
Oral_cavity_and_pharynx,Female,tde,,,1,1.5,0.0451111343554694,0.044882182,0.045340087
Oral_cavity_and_pharynx,Female,tde,,,1,1.55,0.0453286342172364,0.045096353,0.045560915
Oral_cavity_and_pharynx,Female,tde,,,1,1.6,0.0455117729181289,0.045276284,0.045747261
Oral_cavity_and_pharynx,Female,tde,,,1,1.65,0.0456628545358867,0.045424279,0.045901433
Oral_cavity_and_pharynx,Female,tde,,,1,1.7,0.0457840199418165,0.045542464,0.046025578
Oral_cavity_and_pharynx,Female,tde,,,1,1.75,0.0458772572019857,0.045632821,0.046121694
Oral_cavity_and_pharynx,Female,tde,,,1,1.8,0.0459444158990935,0.045697194,0.046191636
Oral_cavity_and_pharynx,Female,tde,,,1,1.85,0.045987217028877,0.0457373,0.046237133
Oral_cavity_and_pharynx,Female,tde,,,1,1.9,0.0460072630431975,0.045754734,0.046259794
Oral_cavity_and_pharynx,Female,tde,,,1,1.95,0.0460060476165403,0.045750983,0.046261113
Oral_cavity_and_pharynx,Female,tde,,,1,2.0,0.0459849636356225,0.045727439,0.046242487
Oral_cavity_and_pharynx,Female,tde,,,1,2.05,0.0459423607557673,0.04568246,0.046202261
Oral_cavity_and_pharynx,Female,tde,,,1,2.0999999,0.0458825842266379,0.045620374,0.046144795
Oral_cavity_and_pharynx,Female,tde,,,1,2.1500001,0.0458069818755023,0.04554252,0.046071444
Oral_cavity_and_pharynx,Female,tde,,,1,2.2,0.0457167920946771,0.045450132,0.045983452
Oral_cavity_and_pharynx,Female,tde,,,1,2.25,0.0456131501542521,0.045344345,0.045881953
Oral_cavity_and_pharynx,Female,tde,,,1,2.3,0.0454970990066661,0.045226194,0.045768004
Oral_cavity_and_pharynx,Female,tde,,,1,2.3499999,0.045369597429613,0.04509664,0.045642555
Oral_cavity_and_pharynx,Female,tde,,,1,2.4000001,0.0452315269527642,0.044956554,0.045506503
Oral_cavity_and_pharynx,Female,tde,,,1,2.45,0.0450837013874319,0.044806749,0.045360655
Oral_cavity_and_pharynx,Female,tde,,,1,2.5,0.0449268690355818,0.044647973,0.045205764
Oral_cavity_and_pharynx,Female,tde,,,1,2.55,0.0447617208359894,0.044480912,0.04504253
Oral_cavity_and_pharynx,Female,tde,,,1,2.5999999,0.0445888947472597,0.044306204,0.044871587
Oral_cavity_and_pharynx,Female,tde,,,1,2.6500001,0.0444089794070202,0.044124436,0.044693526
Oral_cavity_and_pharynx,Female,tde,,,1,2.7,0.0442225216981131,0.043936148,0.044508897
Oral_cavity_and_pharynx,Female,tde,,,1,2.75,0.0440300253105159,0.043741845,0.044318203
Oral_cavity_and_pharynx,Female,tde,,,1,2.8,0.0438319575084448,0.043541998,0.044121917
Oral_cavity_and_pharynx,Female,tde,,,1,2.8499999,0.0436287513436795,0.043337028,0.043920476
Oral_cavity_and_pharynx,Female,tde,,,1,2.9000001,0.0434208074284747,0.043127343,0.043714274
Oral_cavity_and_pharynx,Female,tde,,,1,2.95,0.0432085004483147,0.04291331,0.043503691
Oral_cavity_and_pharynx,Female,tde,,,1,3.0,0.0429921755074604,0.04269528,0.043289073
Oral_cavity_and_pharynx,Female,tde,,,1,3.05,0.0427691997036305,0.04247063,0.043067768
Oral_cavity_and_pharynx,Female,tde,,,1,3.0999999,0.0425428756251895,0.04224265,0.0428431
Oral_cavity_and_pharynx,Female,tde,,,1,3.1500001,0.0423134806590762,0.042011615,0.042615347
Oral_cavity_and_pharynx,Female,tde,,,1,3.2,0.0420812761310873,0.041777782,0.04238477
Oral_cavity_and_pharynx,Female,tde,,,1,3.25,0.0418465022061629,0.04154139,0.042151615
Oral_cavity_and_pharynx,Female,tde,,,1,3.3,0.0416093835921237,0.041302666,0.041916102
Oral_cavity_and_pharynx,Female,tde,,,1,3.3499999,0.0413701296823965,0.041061819,0.04167844
Oral_cavity_and_pharynx,Female,tde,,,1,3.4000001,0.0411289345293343,0.040819041,0.041438829
Oral_cavity_and_pharynx,Female,tde,,,1,3.45,0.0408859824893578,0.040574513,0.041197449
Oral_cavity_and_pharynx,Female,tde,,,1,3.5,0.0406414422724054,0.04032841,0.040954474
Oral_cavity_and_pharynx,Female,tde,,,1,3.55,0.0403954724090721,0.040080886,0.040710058
Oral_cavity_and_pharynx,Female,tde,,,1,3.5999999,0.0401482209102582,0.039832085,0.040464357
Oral_cavity_and_pharynx,Female,tde,,,1,3.6500001,0.0398998248219882,0.039582152,0.040217496
Oral_cavity_and_pharynx,Female,tde,,,1,3.7,0.0396504156525187,0.039331213,0.039969619
Oral_cavity_and_pharynx,Female,tde,,,1,3.75,0.0394001128956575,0.039079383,0.039720841
Oral_cavity_and_pharynx,Female,tde,,,1,3.8,0.0391490293463,0.038826782,0.039471276
Oral_cavity_and_pharynx,Female,tde,,,1,3.8499999,0.0388972704568013,0.038573515,0.039221026
Oral_cavity_and_pharynx,Female,tde,,,1,3.9000001,0.0386449336301527,0.038319673,0.038970195
Oral_cavity_and_pharynx,Female,tde,,,1,3.95,0.0383921134961651,0.038065355,0.038718872
Oral_cavity_and_pharynx,Female,tde,,,1,4.0,0.0381388951177778,0.037810642,0.038467146
Oral_cavity_and_pharynx,Female,tde,,,1,4.0500002,0.0378827579121224,0.037553038,0.038212474
Oral_cavity_and_pharynx,Female,tde,,,1,4.0999999,0.037626434252044,0.037295256,0.037957612
Oral_cavity_and_pharynx,Female,tde,,,1,4.1500001,0.0373699896822851,0.037037358,0.037702624
Oral_cavity_and_pharynx,Female,tde,,,1,4.1999998,0.0371134949689029,0.036779411,0.037447579
Oral_cavity_and_pharynx,Female,tde,,,1,4.25,0.0368570068318409,0.036521479,0.037192535
Oral_cavity_and_pharynx,Female,tde,,,1,4.3000002,0.0366005853403014,0.036263615,0.036937553
Oral_cavity_and_pharynx,Female,tde,,,1,4.3499999,0.0363442868262819,0.036005881,0.036682691
Oral_cavity_and_pharynx,Female,tde,,,1,4.4000001,0.0360881567916611,0.035748318,0.036427993
Oral_cavity_and_pharynx,Female,tde,,,1,4.4499998,0.0358322472346322,0.035490982,0.036173511
Oral_cavity_and_pharynx,Female,tde,,,1,4.5,0.0355765973163376,0.035233911,0.035919286
Oral_cavity_and_pharynx,Female,tde,,,1,4.5500002,0.0353212506414432,0.034977145,0.035665359
Oral_cavity_and_pharynx,Female,tde,,,1,4.5999999,0.0350662481022394,0.034720726,0.035411771
Oral_cavity_and_pharynx,Female,tde,,,1,4.6500001,0.0348116207626941,0.034464687,0.035158556
Oral_cavity_and_pharynx,Female,tde,,,1,4.6999998,0.0345574070284502,0.034209065,0.034905747
Oral_cavity_and_pharynx,Female,tde,,,1,4.75,0.0343036333673098,0.03395389,0.034653377
Oral_cavity_and_pharynx,Female,tde,,,1,4.8000002,0.0340503314255015,0.033699185,0.034401476
Oral_cavity_and_pharynx,Female,tde,,,1,4.8499999,0.0337975308613757,0.033444989,0.034150071
Oral_cavity_and_pharynx,Female,tde,,,1,4.9000001,0.0335452522517578,0.033191316,0.033899188
Oral_cavity_and_pharynx,Female,tde,,,1,4.9499998,0.0332935240669814,0.032938201,0.033648849
Oral_cavity_and_pharynx,Female,tde,,,1,5.0,0.033042363528815,0.032685652,0.033399075
Oral_cavity_and_pharynx,Female,tde,,,2,0.0,0.0,0.0,0.0
Oral_cavity_and_pharynx,Female,tde,,,2,0.050000001,0.0074720951513243,0.0074040391,0.007540151
Oral_cavity_and_pharynx,Female,tde,,,2,0.1,0.0146257473608078,0.014509422,0.014742074
Oral_cavity_and_pharynx,Female,tde,,,2,0.15000001,0.02045491192299,0.020315761,0.020594062
Oral_cavity_and_pharynx,Female,tde,,,2,0.2,0.0251213432957509,0.024972418,0.025270268
Oral_cavity_and_pharynx,Female,tde,,,2,0.25,0.0288635887683405,0.028708333,0.029018844
Oral_cavity_and_pharynx,Female,tde,,,2,0.30000001,0.0318844655395942,0.031720858,0.032048073
Oral_cavity_and_pharynx,Female,tde,,,2,0.34999999,0.0343410511481078,0.034165252,0.034516849
Oral_cavity_and_pharynx,Female,tde,,,2,0.40000001,0.0363521700282263,0.036160845,0.036543496
Oral_cavity_and_pharynx,Female,tde,,,2,0.44999999,0.0380074860363441,0.037798654,0.038216319
Oral_cavity_and_pharynx,Female,tde,,,2,0.5,0.0393750699283542,0.039148062,0.039602075
Oral_cavity_and_pharynx,Female,tde,,,2,0.55000001,0.0405070955142288,0.040262207,0.040751982
Oral_cavity_and_pharynx,Female,tde,,,2,0.60000002,0.0414440112926985,0.041182131,0.041705891
Oral_cavity_and_pharynx,Female,tde,,,2,0.64999998,0.0422175533721626,0.041939896,0.042495213
Oral_cavity_and_pharynx,Female,tde,,,2,0.69999999,0.0428529294098555,0.042560849,0.043145012
Oral_cavity_and_pharynx,Female,tde,,,2,0.75,0.043370184165538,0.043065064,0.043675303
Oral_cavity_and_pharynx,Female,tde,,,2,0.80000001,0.0437848510338697,0.043468036,0.044101663
Oral_cavity_and_pharynx,Female,tde,,,2,0.85000002,0.044109713332202,0.043782473,0.044436954
Oral_cavity_and_pharynx,Female,tde,,,2,0.89999998,0.0443555943654399,0.044019099,0.044692088
Oral_cavity_and_pharynx,Female,tde,,,2,0.94999999,0.0445317365004078,0.04418705,0.044876423
Oral_cavity_and_pharynx,Female,tde,,,2,1.0,0.044646091405308,0.044294167,0.044998016
Oral_cavity_and_pharynx,Female,tde,,,2,1.05,0.0446932687060354,0.044335075,0.045051463
Oral_cavity_and_pharynx,Female,tde,,,2,1.1,0.0446916898416033,0.044327985,0.045055397
Oral_cavity_and_pharynx,Female,tde,,,2,1.15,0.0446466366286566,0.044278085,0.04501519
Oral_cavity_and_pharynx,Female,tde,,,2,1.2,0.044562719153038,0.044189904,0.044935536
Oral_cavity_and_pharynx,Female,tde,,,2,1.25,0.0444437627333382,0.044067185,0.044820338
Oral_cavity_and_pharynx,Female,tde,,,2,1.3,0.0442931022297701,0.0439132,0.044673003
Oral_cavity_and_pharynx,Female,tde,,,2,1.35,0.0441137533801068,0.043730903,0.044496603
Oral_cavity_and_pharynx,Female,tde,,,2,1.4,0.0439084523909979,0.043522973,0.044293933
Oral_cavity_and_pharynx,Female,tde,,,2,1.45,0.0436796843912783,0.043291848,0.044067521
Oral_cavity_and_pharynx,Female,tde,,,2,1.5,0.0434297141819699,0.043039758,0.04381967
Oral_cavity_and_pharynx,Female,tde,,,2,1.55,0.0431606056436779,0.042768732,0.043552481
Oral_cavity_and_pharynx,Female,tde,,,2,1.6,0.0428742431881796,0.042480621,0.043267865
Oral_cavity_and_pharynx,Female,tde,,,2,1.65,0.0425723515173739,0.04217713,0.042967577
Oral_cavity_and_pharynx,Female,tde,,,2,1.7,0.0422565061609543,0.041859806,0.042653207
Oral_cavity_and_pharynx,Female,tde,,,2,1.75,0.0419281528586837,0.04153008,0.042326227
Oral_cavity_and_pharynx,Female,tde,,,2,1.8,0.0415886145100012,0.041189261,0.04198797
Oral_cavity_and_pharynx,Female,tde,,,2,1.85,0.0412391041534607,0.04083854,0.041639667
Oral_cavity_and_pharynx,Female,tde,,,2,1.9,0.0408807373044433,0.04047903,0.041282445
Oral_cavity_and_pharynx,Female,tde,,,2,1.95,0.0405145348063495,0.040111739,0.040917329
Oral_cavity_and_pharynx,Female,tde,,,2,2.0,0.0401414375294392,0.039737597,0.040545277
Oral_cavity_and_pharynx,Female,tde,,,2,2.05,0.039751080012221,0.039346371,0.040155787
Oral_cavity_and_pharynx,Female,tde,,,2,2.0999999,0.0393558212450164,0.038950276,0.039761364
Oral_cavity_and_pharynx,Female,tde,,,2,2.1500001,0.0389565095104881,0.038550153,0.039362863
Oral_cavity_and_pharynx,Female,tde,,,2,2.2,0.0385539077722485,0.038146764,0.038961053
Oral_cavity_and_pharynx,Female,tde,,,2,2.25,0.0381486913905563,0.037740774,0.038556609
Oral_cavity_and_pharynx,Female,tde,,,2,2.3,0.0377414648842235,0.037332784,0.038150143
Oral_cavity_and_pharynx,Female,tde,,,2,2.3499999,0.0373327680831623,0.036923338,0.037742198
Oral_cavity_and_pharynx,Female,tde,,,2,2.4000001,0.0369230812551299,0.036512908,0.037333257
Oral_cavity_and_pharynx,Female,tde,,,2,2.45,0.0365128391671515,0.036101926,0.036923751
Oral_cavity_and_pharynx,Female,tde,,,2,2.5,0.036102424872424,0.035690777,0.036514074
Oral_cavity_and_pharynx,Female,tde,,,2,2.55,0.0356921823953579,0.035279803,0.03610456
Oral_cavity_and_pharynx,Female,tde,,,2,2.5999999,0.0352824190953409,0.03486931,0.035695527
Oral_cavity_and_pharynx,Female,tde,,,2,2.6500001,0.034873407545517,0.034459569,0.035287246
Oral_cavity_and_pharynx,Female,tde,,,2,2.7,0.0344653967290543,0.034050833,0.03487996
Oral_cavity_and_pharynx,Female,tde,,,2,2.75,0.0340586033576912,0.033643313,0.034473896
Oral_cavity_and_pharynx,Female,tde,,,2,2.8,0.033653222369031,0.033237204,0.03406924
Oral_cavity_and_pharynx,Female,tde,,,2,2.8499999,0.0332494273733935,0.032832682,0.033666171
Oral_cavity_and_pharynx,Female,tde,,,2,2.9000001,0.0328473708826385,0.0324299,0.033264838
Oral_cavity_and_pharynx,Female,tde,,,2,2.95,0.0324471938844591,0.032028999,0.032865386
Oral_cavity_and_pharynx,Female,tde,,,2,3.0,0.0320490160509672,0.031630099,0.032467932
Oral_cavity_and_pharynx,Female,tde,,,2,3.05,0.0316430737254826,0.031223595,0.032062553
Oral_cavity_and_pharynx,Female,tde,,,2,3.0999999,0.0312395835380711,0.030819546,0.031659622
Oral_cavity_and_pharynx,Female,tde,,,2,3.1500001,0.0308386241405823,0.030418029,0.03125922
Oral_cavity_and_pharynx,Female,tde,,,2,3.2,0.0304402695990458,0.030019121,0.030861419
Oral_cavity_and_pharynx,Female,tde,,,2,3.25,0.0300445789263156,0.029622881,0.030466277
Oral_cavity_and_pharynx,Female,tde,,,2,3.3,0.0296516046462774,0.02922936,0.030073849
Oral_cavity_and_pharynx,Female,tde,,,2,3.3499999,0.0292613916900786,0.028838605,0.029684179
Oral_cavity_and_pharynx,Female,tde,,,2,3.4000001,0.0288739762894999,0.028450651,0.029297302
Oral_cavity_and_pharynx,Female,tde,,,2,3.45,0.0284893940151141,0.028065536,0.028913252
Oral_cavity_and_pharynx,Female,tde,,,2,3.5,0.0281076692898987,0.027683284,0.028532054
Oral_cavity_and_pharynx,Female,tde,,,2,3.55,0.0277288233322834,0.027303917,0.028153729
Oral_cavity_and_pharynx,Female,tde,,,2,3.5999999,0.027352872790518,0.026927453,0.027778294
Oral_cavity_and_pharynx,Female,tde,,,2,3.6500001,0.0269798284127155,0.026553899,0.027405757
Oral_cavity_and_pharynx,Female,tde,,,2,3.7,0.0266097025482947,0.026183272,0.027036132
Oral_cavity_and_pharynx,Female,tde,,,2,3.75,0.0262424988375204,0.025815574,0.026669424
Oral_cavity_and_pharynx,Female,tde,,,2,3.8,0.0258782196691967,0.025450809,0.026305631
Oral_cavity_and_pharynx,Female,tde,,,2,3.8499999,0.025516864692885,0.025088975,0.025944754
Oral_cavity_and_pharynx,Female,tde,,,2,3.9000001,0.0251584293870938,0.024730068,0.025586789
Oral_cavity_and_pharynx,Female,tde,,,2,3.95,0.0248029121273828,0.024374088,0.025231736
Oral_cavity_and_pharynx,Female,tde,,,2,4.0,0.0244503041544661,0.024021028,0.02487958
Oral_cavity_and_pharynx,Female,tde,,,2,4.0500002,0.0240923184495566,0.023662779,0.024521858
Oral_cavity_and_pharynx,Female,tde,,,2,4.0999999,0.0237374650262486,0.023307675,0.024167255
Oral_cavity_and_pharynx,Female,tde,,,2,4.1500001,0.0233857220448112,0.02295569,0.023815755
Oral_cavity_and_pharynx,Female,tde,,,2,4.1999998,0.0230370798889507,0.022606814,0.023467345
Oral_cavity_and_pharynx,Female,tde,,,2,4.25,0.0226915144679106,0.022261027,0.023122001
Oral_cavity_and_pharynx,Female,tde,,,2,4.3000002,0.0223490106908801,0.021918312,0.022779711
Oral_cavity_and_pharynx,Female,tde,,,2,4.3499999,0.0220095524754306,0.021578651,0.022440454
Oral_cavity_and_pharynx,Female,tde,,,2,4.4000001,0.0216731132711016,0.021242021,0.022104206
Oral_cavity_and_pharynx,Female,tde,,,2,4.4499998,0.0213396787436543,0.020908406,0.021770952
Oral_cavity_and_pharynx,Female,tde,,,2,4.5,0.0210092211922214,0.020577777,0.021440664
Oral_cavity_and_pharynx,Female,tde,,,2,4.5500002,0.0206817219586678,0.020250119,0.021113325
Oral_cavity_and_pharynx,Female,tde,,,2,4.5999999,0.0203571618323062,0.01992541,0.020788914
Oral_cavity_and_pharynx,Female,tde,,,2,4.6500001,0.0200355119559558,0.019603623,0.020467401
Oral_cavity_and_pharynx,Female,tde,,,2,4.6999998,0.019716755482423,0.01928474,0.020148771
Oral_cavity_and_pharynx,Female,tde,,,2,4.75,0.0194008630872769,0.018968731,0.019832995
Oral_cavity_and_pharynx,Female,tde,,,2,4.8000002,0.0190878143659916,0.018655578,0.019520052
Oral_cavity_and_pharynx,Female,tde,,,2,4.8499999,0.0187775886364496,0.018345257,0.019209919
Oral_cavity_and_pharynx,Female,tde,,,2,4.9000001,0.0184701562255038,0.018037742,0.01890257
Oral_cavity_and_pharynx,Female,tde,,,2,4.9499998,0.018165499148799,0.017733013,0.018597985
Oral_cavity_and_pharynx,Female,tde,,,2,5.0,0.0178635876876618,0.017431041,0.018296134
Oral_cavity_and_pharynx,Female,tie,,,0,0.0,0.0,0.0,0.0
Oral_cavity_and_pharynx,Female,tie,,,0,0.050000001,0.001314740688566,0.0011732361,0.0014562453
Oral_cavity_and_pharynx,Female,tie,,,0,0.1,0.0035067992983018,0.0031453751,0.0038682236
Oral_cavity_and_pharynx,Female,tie,,,0,0.15000001,0.0058501488753816,0.0052548796,0.0064454186
Oral_cavity_and_pharynx,Female,tie,,,0,0.2,0.0081707985799482,0.0073447945,0.0089968024
Oral_cavity_and_pharynx,Female,tie,,,0,0.25,0.010404723014492,0.0093572559,0.01145219
Oral_cavity_and_pharynx,Female,tie,,,0,0.30000001,0.012527320561054,0.011269932,0.013784709
Oral_cavity_and_pharynx,Female,tie,,,0,0.34999999,0.0145309389179076,0.013075785,0.015986092
Oral_cavity_and_pharynx,Female,tie,,,0,0.40000001,0.0164158428084358,0.014774937,0.018056748
Oral_cavity_and_pharynx,Female,tie,,,0,0.44999999,0.018186076471933,0.016370943,0.02000121
Oral_cavity_and_pharynx,Female,tie,,,0,0.5,0.0198474359121891,0.017868953,0.021825919
Oral_cavity_and_pharynx,Female,tie,,,0,0.55000001,0.0214064089845568,0.01927476,0.023538057
Oral_cavity_and_pharynx,Female,tie,,,0,0.60000002,0.0228696234989021,0.020594299,0.025144948
Oral_cavity_and_pharynx,Female,tie,,,0,0.64999998,0.0242435508701727,0.021833371,0.026653731
Oral_cavity_and_pharynx,Female,tie,,,0,0.69999999,0.0255343625037371,0.022997515,0.02807121
Oral_cavity_and_pharynx,Female,tie,,,0,0.75,0.0267477141834653,0.024091814,0.029403614
Oral_cavity_and_pharynx,Female,tie,,,0,0.80000001,0.0278883656090546,0.025120549,0.030656183
Oral_cavity_and_pharynx,Female,tie,,,0,0.85000002,0.0289607175024167,0.026087679,0.031833757
Oral_cavity_and_pharynx,Female,tie,,,0,0.89999998,0.0299689547634404,0.026996974,0.032940935
Oral_cavity_and_pharynx,Female,tie,,,0,0.94999999,0.0309170362829232,0.027852001,0.033982072
Oral_cavity_and_pharynx,Female,tie,,,0,1.0,0.0318086833583764,0.028656112,0.034961253
Oral_cavity_and_pharynx,Female,tie,,,0,1.05,0.0326437790251289,0.029409209,0.035878349
Oral_cavity_and_pharynx,Female,tie,,,0,1.1,0.0334290719955493,0.03011737,0.036740772
Oral_cavity_and_pharynx,Female,tie,,,0,1.15,0.0341676252465651,0.030783363,0.037551887
Oral_cavity_and_pharynx,Female,tie,,,0,1.2,0.0348623240197718,0.031409789,0.038314857
Oral_cavity_and_pharynx,Female,tie,,,0,1.25,0.0355159792689837,0.031999186,0.039032772
Oral_cavity_and_pharynx,Female,tie,,,0,1.3,0.0361312503403149,0.032553952,0.039708547
Oral_cavity_and_pharynx,Female,tie,,,0,1.35,0.0367105967304326,0.033076309,0.040344886
Oral_cavity_and_pharynx,Female,tie,,,0,1.4,0.0372562901250623,0.0335683,0.040944278
Oral_cavity_and_pharynx,Female,tie,,,0,1.45,0.0377704386927024,0.034031834,0.041509043
Oral_cavity_and_pharynx,Female,tie,,,0,1.5,0.0382549903704439,0.034468669,0.042041309
Oral_cavity_and_pharynx,Female,tie,,,0,1.55,0.03871175427552,0.034880437,0.042543072
Oral_cavity_and_pharynx,Female,tie,,,0,1.6,0.0391424083421399,0.035268649,0.043016165
Oral_cavity_and_pharynx,Female,tie,,,0,1.65,0.0395485071854191,0.035634715,0.043462303
Oral_cavity_and_pharynx,Female,tie,,,0,1.7,0.0399314988872961,0.035979934,0.043883063
Oral_cavity_and_pharynx,Female,tie,,,0,1.75,0.0402927261448418,0.036305524,0.044279929
Oral_cavity_and_pharynx,Female,tie,,,0,1.8,0.0406334409436082,0.036612615,0.044654269
Oral_cavity_and_pharynx,Female,tie,,,0,1.85,0.0409548090359038,0.036902256,0.045007363
Oral_cavity_and_pharynx,Female,tie,,,0,1.9,0.0412579146565447,0.037175428,0.045340404
Oral_cavity_and_pharynx,Female,tie,,,0,1.95,0.0415437719842996,0.037433043,0.045654498
Oral_cavity_and_pharynx,Female,tie,,,0,2.0,0.041813325020333,0.037675958,0.045950692
Oral_cavity_and_pharynx,Female,tie,,,0,2.05,0.0420628846277209,0.037900832,0.046224941
Oral_cavity_and_pharynx,Female,tie,,,0,2.0999999,0.0422979675141355,0.038112648,0.046483289
Oral_cavity_and_pharynx,Female,tie,,,0,2.1500001,0.0425195371494914,0.038312279,0.046726797
Oral_cavity_and_pharynx,Female,tie,,,0,2.2,0.0427284791740063,0.038500521,0.046956439
Oral_cavity_and_pharynx,Female,tie,,,0,2.25,0.0429256130135093,0.038678113,0.047173113
Oral_cavity_and_pharynx,Female,tie,,,0,2.3,0.0431116938738209,0.03884574,0.047377646
Oral_cavity_and_pharynx,Female,tie,,,0,2.3499999,0.0432874194728497,0.039004028,0.04757081
Oral_cavity_and_pharynx,Female,tie,,,0,2.4000001,0.0434534358879967,0.039153561,0.047753312
Oral_cavity_and_pharynx,Female,tie,,,0,2.45,0.0436103390097655,0.039294872,0.047925808
Oral_cavity_and_pharynx,Female,tie,,,0,2.5,0.0437586834108773,0.039428465,0.048088901
Oral_cavity_and_pharynx,Female,tie,,,0,2.55,0.0438989828591095,0.039554801,0.048243165
Oral_cavity_and_pharynx,Female,tie,,,0,2.5999999,0.0440317144951782,0.039674308,0.048389118
Oral_cavity_and_pharynx,Female,tie,,,0,2.6500001,0.0441573224583976,0.039787393,0.048527252
Oral_cavity_and_pharynx,Female,tie,,,0,2.7,0.0442762182812817,0.039894421,0.048658013
Oral_cavity_and_pharynx,Female,tie,,,0,2.75,0.0443887869794497,0.039995741,0.048781831
Oral_cavity_and_pharynx,Female,tie,,,0,2.8,0.0444953868930215,0.040091675,0.048899096
Oral_cavity_and_pharynx,Female,tie,,,0,2.8499999,0.0445963523640843,0.040182527,0.049010176
Oral_cavity_and_pharynx,Female,tie,,,0,2.9000001,0.0446919960565089,0.040268578,0.049115416
Oral_cavity_and_pharynx,Female,tie,,,0,2.95,0.0447826088659596,0.040350087,0.049215131
Oral_cavity_and_pharynx,Female,tie,,,0,3.0,0.0448684642122636,0.040427305,0.049309626
Oral_cavity_and_pharynx,Female,tie,,,0,3.05,0.0449446844003481,0.040495802,0.049393568
Oral_cavity_and_pharynx,Female,tie,,,0,3.0999999,0.0450166552700525,0.040560465,0.049472846
Oral_cavity_and_pharynx,Female,tie,,,0,3.1500001,0.0450846025284147,0.040621493,0.04954771
Oral_cavity_and_pharynx,Female,tie,,,0,3.2,0.0451487369772684,0.040679079,0.049618393
Oral_cavity_and_pharynx,Female,tie,,,0,3.25,0.0452092574609821,0.040733404,0.049685113
Oral_cavity_and_pharynx,Female,tie,,,0,3.3,0.0452663504748102,0.040784631,0.049748071
Oral_cavity_and_pharynx,Female,tie,,,0,3.3499999,0.0453201913453306,0.040832918,0.049807463
Oral_cavity_and_pharynx,Female,tie,,,0,3.4000001,0.0453709452439799,0.040878419,0.049863469
Oral_cavity_and_pharynx,Female,tie,,,0,3.45,0.0454187669502608,0.040921271,0.049916264
Oral_cavity_and_pharynx,Female,tie,,,0,3.5,0.0454638029625454,0.040961608,0.049966
Oral_cavity_and_pharynx,Female,tie,,,0,3.55,0.0455061911244506,0.04099955,0.050012834
Oral_cavity_and_pharynx,Female,tie,,,0,3.5999999,0.0455460614352922,0.041035216,0.050056908
Oral_cavity_and_pharynx,Female,tie,,,0,3.6500001,0.0455835367415103,0.041068718,0.050098356
Oral_cavity_and_pharynx,Female,tie,,,0,3.7,0.0456187325123815,0.041100156,0.050137307
Oral_cavity_and_pharynx,Female,tie,,,0,3.75,0.0456517583544614,0.041129634,0.050173882
Oral_cavity_and_pharynx,Female,tie,,,0,3.8,0.0456827176962678,0.041157246,0.050208189
Oral_cavity_and_pharynx,Female,tie,,,0,3.8499999,0.0457117083526875,0.041183073,0.050240342
Oral_cavity_and_pharynx,Female,tie,,,0,3.9000001,0.0457388230023978,0.041207206,0.050270438
Oral_cavity_and_pharynx,Female,tie,,,0,3.95,0.0457641490067908,0.041229721,0.050298575
Oral_cavity_and_pharynx,Female,tie,,,0,4.0,0.0457877694888836,0.041250691,0.050324846
Oral_cavity_and_pharynx,Female,tie,,,0,4.0500002,0.0458044123642112,0.041265327,0.050343499
Oral_cavity_and_pharynx,Female,tie,,,0,4.0999999,0.0458195279599209,0.041278578,0.050360478
Oral_cavity_and_pharynx,Female,tie,,,0,4.1500001,0.0458331874567367,0.04129051,0.050375864
Oral_cavity_and_pharynx,Female,tie,,,0,4.1999998,0.0458454578466911,0.041301187,0.050389729
Oral_cavity_and_pharynx,Female,tie,,,0,4.25,0.0458564031923891,0.041310661,0.050402146
Oral_cavity_and_pharynx,Female,tie,,,0,4.3000002,0.0458660839742001,0.041318987,0.05041318
Oral_cavity_and_pharynx,Female,tie,,,0,4.3499999,0.0458745576820174,0.041326221,0.050422896
Oral_cavity_and_pharynx,Female,tie,,,0,4.4000001,0.0458818791774618,0.041332409,0.050431348
Oral_cavity_and_pharynx,Female,tie,,,0,4.4499998,0.0458881003182198,0.041337602,0.050438598
Oral_cavity_and_pharynx,Female,tie,,,0,4.5,0.0458932706710517,0.041341837,0.050444704
Oral_cavity_and_pharynx,Female,tie,,,0,4.5500002,0.0458974372123669,0.041345164,0.050449707
Oral_cavity_and_pharynx,Female,tie,,,0,4.5999999,0.0459006446825682,0.041347623,0.050453667
Oral_cavity_and_pharynx,Female,tie,,,0,4.6500001,0.0459029357595395,0.041349247,0.050456624
Oral_cavity_and_pharynx,Female,tie,,,0,4.6999998,0.0459043509832825,0.041350078,0.050458625
Oral_cavity_and_pharynx,Female,tie,,,0,4.75,0.0459049290422541,0.041350145,0.050459713
Oral_cavity_and_pharynx,Female,tie,,,0,4.8000002,0.0459047067608255,0.041349489,0.050459925
Oral_cavity_and_pharynx,Female,tie,,,0,4.8499999,0.0459037192708284,0.041348133,0.050459303
Oral_cavity_and_pharynx,Female,tie,,,0,4.9000001,0.0459020000397686,0.041346118,0.050457884
Oral_cavity_and_pharynx,Female,tie,,,0,4.9499998,0.045899581039497,0.041343462,0.050455701
Oral_cavity_and_pharynx,Female,tie,,,0,5.0,0.0458964926967566,0.041340198,0.050452787
Oral_cavity_and_pharynx,Female,tie,,,1,0.0,0.0,0.0,0.0
Oral_cavity_and_pharynx,Female,tie,,,1,0.050000001,0.0011020513246814,0.00096899341,0.0012351093
Oral_cavity_and_pharynx,Female,tie,,,1,0.1,0.0029615621959211,0.0026181282,0.0033049963
Oral_cavity_and_pharynx,Female,tie,,,1,0.15000001,0.004979767863301,0.0044102082,0.0055493275
Oral_cavity_and_pharynx,Female,tie,,,1,0.2,0.0070060936613609,0.0062113577,0.0078008301
Oral_cavity_and_pharynx,Female,tie,,,1,0.25,0.0089810975831547,0.0079684593,0.0099937357
Oral_cavity_and_pharynx,Female,tie,,,1,0.30000001,0.0108790482572832,0.0096583236,0.012099774
Oral_cavity_and_pharynx,Female,tie,,,1,0.34999999,0.0126893261479488,0.011271217,0.014107436
Oral_cavity_and_pharynx,Female,tie,,,1,0.40000001,0.0144087782858691,0.012804089,0.016013468
Oral_cavity_and_pharynx,Female,tie,,,1,0.44999999,0.0160381131072954,0.014257367,0.017818859
Oral_cavity_and_pharynx,Female,tie,,,1,0.5,0.0175800688242349,0.015633322,0.019526815
Oral_cavity_and_pharynx,Female,tie,,,1,0.55000001,0.0190384115694013,0.016935173,0.02114165
Oral_cavity_and_pharynx,Female,tie,,,1,0.60000002,0.0204173815062144,0.01816659,0.022668174
Oral_cavity_and_pharynx,Female,tie,,,1,0.64999998,0.021721371105569,0.019331399,0.024111344
Oral_cavity_and_pharynx,Female,tie,,,1,0.69999999,0.0229547476457119,0.020433422,0.025476074
Oral_cavity_and_pharynx,Female,tie,,,1,0.75,0.0241216131983569,0.021476261,0.026766965
Oral_cavity_and_pharynx,Female,tie,,,1,0.80000001,0.0252254130726477,0.022462944,0.027987882
Oral_cavity_and_pharynx,Female,tie,,,1,0.85000002,0.0262694016877106,0.023396336,0.029142467
Oral_cavity_and_pharynx,Female,tie,,,1,0.89999998,0.0272567546554436,0.024279244,0.030234266
Oral_cavity_and_pharynx,Female,tie,,,1,0.94999999,0.028190542445279,0.025114384,0.0312667
Oral_cavity_and_pharynx,Female,tie,,,1,1.0,0.0290737043993567,0.025904357,0.032243051
Oral_cavity_and_pharynx,Female,tie,,,1,1.05,0.0299074416619577,0.026650248,0.033164635
Oral_cavity_and_pharynx,Female,tie,,,1,1.1,0.030695943277867,0.027355762,0.034036126
Oral_cavity_and_pharynx,Female,tie,,,1,1.15,0.0314417286410638,0.028023137,0.03486032
Oral_cavity_and_pharynx,Female,tie,,,1,1.2,0.0321472019363714,0.028654512,0.03563989
Oral_cavity_and_pharynx,Female,tie,,,1,1.25,0.032814741123414,0.029252008,0.036377475
Oral_cavity_and_pharynx,Female,tie,,,1,1.3,0.0334466216435034,0.02981765,0.037075594
Oral_cavity_and_pharynx,Female,tie,,,1,1.35,0.0340449654509334,0.03035333,0.037736602
Oral_cavity_and_pharynx,Female,tie,,,1,1.4,0.0346117468830658,0.030860808,0.038362686
Oral_cavity_and_pharynx,Female,tie,,,1,1.45,0.035148812107834,0.031341732,0.038955893
Oral_cavity_and_pharynx,Female,tie,,,1,1.5,0.0356578775498582,0.031797633,0.039518122
Oral_cavity_and_pharynx,Female,tie,,,1,1.55,0.0361405478233175,0.032229941,0.040051151
Oral_cavity_and_pharynx,Female,tie,,,1,1.6,0.0365983198914996,0.032639999,0.040556639
Oral_cavity_and_pharynx,Female,tie,,,1,1.65,0.0370325878394163,0.033029046,0.041036129
Oral_cavity_and_pharynx,Female,tie,,,1,1.7,0.0374446576181951,0.033398248,0.041491065
Oral_cavity_and_pharynx,Female,tie,,,1,1.75,0.0378357454850008,0.033748694,0.041922797
Oral_cavity_and_pharynx,Female,tie,,,1,1.8,0.0382069912648652,0.034081403,0.042332582
Oral_cavity_and_pharynx,Female,tie,,,1,1.85,0.0385594609792006,0.034397323,0.042721599
Oral_cavity_and_pharynx,Female,tie,,,1,1.9,0.0388941498916213,0.034697346,0.043090954
Oral_cavity_and_pharynx,Female,tie,,,1,1.95,0.0392119932313135,0.034982309,0.043441679
Oral_cavity_and_pharynx,Female,tie,,,1,2.0,0.0395138643658653,0.035252988,0.043774739
Oral_cavity_and_pharynx,Female,tie,,,1,2.05,0.0397984158290805,0.035508215,0.044088617
Oral_cavity_and_pharynx,Female,tie,,,1,2.0999999,0.0400686972787678,0.03575068,0.044386715
Oral_cavity_and_pharynx,Female,tie,,,1,2.1500001,0.0403256193661157,0.035981197,0.044670042
Oral_cavity_and_pharynx,Female,tie,,,1,2.2,0.0405700210245263,0.036200516,0.044939525
Oral_cavity_and_pharynx,Female,tie,,,1,2.25,0.040802681271131,0.036409337,0.045196027
Oral_cavity_and_pharynx,Female,tie,,,1,2.3,0.0410243197951509,0.036608297,0.045440342
Oral_cavity_and_pharynx,Female,tie,,,1,2.3499999,0.0412356032249786,0.036797993,0.04567321
Oral_cavity_and_pharynx,Female,tie,,,1,2.4000001,0.0414371505962448,0.036978982,0.045895316
Oral_cavity_and_pharynx,Female,tie,,,1,2.45,0.0416295336516844,0.037151773,0.046107292
Oral_cavity_and_pharynx,Female,tie,,,1,2.5,0.0418132863130193,0.037316844,0.046309728
Oral_cavity_and_pharynx,Female,tie,,,1,2.55,0.0419889041553876,0.037474632,0.046503175
Oral_cavity_and_pharynx,Female,tie,,,1,2.5999999,0.0421568484403813,0.037625555,0.046688139
Oral_cavity_and_pharynx,Female,tie,,,1,2.6500001,0.0423175496341563,0.037769999,0.046865102
Oral_cavity_and_pharynx,Female,tie,,,1,2.7,0.0424714068930469,0.037908316,0.047034498
Oral_cavity_and_pharynx,Female,tie,,,1,2.75,0.0426187949471381,0.038040839,0.04719675
Oral_cavity_and_pharynx,Female,tie,,,1,2.8,0.0427600630870464,0.038167886,0.047352239
Oral_cavity_and_pharynx,Female,tie,,,1,2.8499999,0.0428955378468206,0.038289748,0.047501326
Oral_cavity_and_pharynx,Female,tie,,,1,2.9000001,0.043025525344429,0.0384067,0.047644351
Oral_cavity_and_pharynx,Female,tie,,,1,2.95,0.0431503104118217,0.038518991,0.047781631
Oral_cavity_and_pharynx,Female,tie,,,1,3.0,0.0432701617590757,0.038626865,0.047913462
Oral_cavity_and_pharynx,Female,tie,,,1,3.05,0.0433827162073986,0.038728233,0.048037197
Oral_cavity_and_pharynx,Female,tie,,,1,3.0999999,0.0434908171369364,0.038825616,0.048156016
Oral_cavity_and_pharynx,Female,tie,,,1,3.1500001,0.0435946873096229,0.03891921,0.048270162
Oral_cavity_and_pharynx,Female,tie,,,1,3.2,0.043694534642474,0.039009199,0.048379868
Oral_cavity_and_pharynx,Female,tie,,,1,3.25,0.0437905561192394,0.039095759,0.04848535
Oral_cavity_and_pharynx,Female,tie,,,1,3.3,0.0438829366558324,0.039179061,0.048586816
Oral_cavity_and_pharynx,Female,tie,,,1,3.3499999,0.0439718504020885,0.039259251,0.048684452
Oral_cavity_and_pharynx,Female,tie,,,1,3.4000001,0.0440574618760717,0.039336484,0.048778441
Oral_cavity_and_pharynx,Female,tie,,,1,3.45,0.0441399250234306,0.039410893,0.048868958
Oral_cavity_and_pharynx,Female,tie,,,1,3.5,0.0442193862897915,0.039482608,0.048956163
Oral_cavity_and_pharynx,Female,tie,,,1,3.55,0.0442959835494005,0.039551757,0.04904021
Oral_cavity_and_pharynx,Female,tie,,,1,3.5999999,0.0443698470538626,0.039618459,0.049121238
Oral_cavity_and_pharynx,Female,tie,,,1,3.6500001,0.0444411002587035,0.039682813,0.049199387
Oral_cavity_and_pharynx,Female,tie,,,1,3.7,0.0445098589331245,0.039744932,0.049274784
Oral_cavity_and_pharynx,Female,tie,,,1,3.75,0.0445762336204976,0.039804913,0.049347553
Oral_cavity_and_pharynx,Female,tie,,,1,3.8,0.044640328659565,0.039862849,0.049417809
Oral_cavity_and_pharynx,Female,tie,,,1,3.8499999,0.0447022428941244,0.039918829,0.049485657
Oral_cavity_and_pharynx,Female,tie,,,1,3.9000001,0.0447620702913322,0.039972931,0.049551208
Oral_cavity_and_pharynx,Female,tie,,,1,3.95,0.0448198991246037,0.040025242,0.049614556
Oral_cavity_and_pharynx,Female,tie,,,1,4.0,0.0448758139766963,0.040075835,0.049675796
Oral_cavity_and_pharynx,Female,tie,,,1,4.0500002,0.0449270897569252,0.0401223,0.04973188
Oral_cavity_and_pharynx,Female,tie,,,1,4.0999999,0.0449766059103598,0.040167186,0.049786028
Oral_cavity_and_pharynx,Female,tie,,,1,4.1500001,0.0450244358386515,0.040210556,0.049838316
Oral_cavity_and_pharynx,Female,tie,,,1,4.1999998,0.0450706475003062,0.040252469,0.049888827
Oral_cavity_and_pharynx,Female,tie,,,1,4.25,0.0451153072692848,0.040292989,0.049937624
Oral_cavity_and_pharynx,Female,tie,,,1,4.3000002,0.0451584770039507,0.040332172,0.049984783
Oral_cavity_and_pharynx,Female,tie,,,1,4.3499999,0.0452002156133298,0.040370066,0.050030366
Oral_cavity_and_pharynx,Female,tie,,,1,4.4000001,0.0452405803557395,0.040406723,0.050074439
Oral_cavity_and_pharynx,Female,tie,,,1,4.4499998,0.0452796242426775,0.040442191,0.050117057
Oral_cavity_and_pharynx,Female,tie,,,1,4.5,0.0453173992683554,0.04047652,0.050158277
Oral_cavity_and_pharynx,Female,tie,,,1,4.5500002,0.0453539539097723,0.040509749,0.05019816
Oral_cavity_and_pharynx,Female,tie,,,1,4.5999999,0.0453893344257575,0.040541921,0.050236747
Oral_cavity_and_pharynx,Female,tie,,,1,4.6500001,0.0454235859383589,0.040573075,0.050274096
Oral_cavity_and_pharynx,Female,tie,,,1,4.6999998,0.0454567502118046,0.040603254,0.050310247
Oral_cavity_and_pharynx,Female,tie,,,1,4.75,0.045488868374656,0.040632486,0.050345249
Oral_cavity_and_pharynx,Female,tie,,,1,4.8000002,0.0455199787803712,0.04066081,0.050379146
Oral_cavity_and_pharynx,Female,tie,,,1,4.8499999,0.0455501180939903,0.040688261,0.050411977
Oral_cavity_and_pharynx,Female,tie,,,1,4.9000001,0.0455793222001071,0.040714867,0.050443776
Oral_cavity_and_pharynx,Female,tie,,,1,4.9499998,0.0456076242967591,0.040740661,0.050474588
Oral_cavity_and_pharynx,Female,tie,,,1,5.0,0.0456350572038104,0.040765669,0.050504446
Oral_cavity_and_pharynx,Female,tie,,,2,0.0,0.0,0.0,0.0
Oral_cavity_and_pharynx,Female,tie,,,2,0.050000001,0.0026843868508234,0.002036833,0.0033319406
Oral_cavity_and_pharynx,Female,tie,,,2,0.1,0.0070179382248397,0.0054815765,0.0085543003
Oral_cavity_and_pharynx,Female,tie,,,2,0.15000001,0.0114551024617969,0.0090408185,0.013869386
Oral_cavity_and_pharynx,Female,tie,,,2,0.2,0.0156710966332642,0.01243808,0.018904112
Oral_cavity_and_pharynx,Female,tie,,,2,0.25,0.019572379886983,0.015590418,0.023554342
Oral_cavity_and_pharynx,Female,tie,,,2,0.30000001,0.023141625827578,0.018479669,0.027803581
Oral_cavity_and_pharynx,Female,tie,,,2,0.34999999,0.0263902901175561,0.021112645,0.031667933
Oral_cavity_and_pharynx,Female,tie,,,2,0.40000001,0.0293406462425506,0.023505874,0.03517542
Oral_cavity_and_pharynx,Female,tie,,,2,0.44999999,0.032018219863177,0.025679097,0.038357344
Oral_cavity_and_pharynx,Female,tie,,,2,0.5,0.0344484981078949,0.027652381,0.041244615
Oral_cavity_and_pharynx,Female,tie,,,2,0.55000001,0.0366554957873253,0.029444827,0.043866165
Oral_cavity_and_pharynx,Female,tie,,,2,0.60000002,0.0386612163311233,0.031074053,0.04624838
Oral_cavity_and_pharynx,Female,tie,,,2,0.64999998,0.0404855188370603,0.032556031,0.048415005
Oral_cavity_and_pharynx,Female,tie,,,2,0.69999999,0.042146192667054,0.033905115,0.050387271
Oral_cavity_and_pharynx,Female,tie,,,2,0.75,0.0436588989754993,0.035133976,0.052183822
Oral_cavity_and_pharynx,Female,tie,,,2,0.80000001,0.04503686168402,0.036253337,0.053820387
Oral_cavity_and_pharynx,Female,tie,,,2,0.85000002,0.0462918633091877,0.037272755,0.055310968
Oral_cavity_and_pharynx,Female,tie,,,2,0.89999998,0.0474345882175234,0.038200926,0.056668248
Oral_cavity_and_pharynx,Female,tie,,,2,0.94999999,0.0484747164270628,0.039045721,0.057903714
Oral_cavity_and_pharynx,Female,tie,,,2,1.0,0.0494210047582707,0.039814264,0.059027743
Oral_cavity_and_pharynx,Female,tie,,,2,1.05,0.0502648480793437,0.040500041,0.060029656
Oral_cavity_and_pharynx,Female,tie,,,2,1.1,0.0510294784792446,0.04112149,0.060937468
Oral_cavity_and_pharynx,Female,tie,,,2,1.15,0.0517214594216466,0.041683961,0.061758958
Oral_cavity_and_pharynx,Female,tie,,,2,1.2,0.0523467739878758,0.042192325,0.062501222
Oral_cavity_and_pharynx,Female,tie,,,2,1.25,0.0529110214650231,0.042651147,0.063170895
Oral_cavity_and_pharynx,Female,tie,,,2,1.3,0.053419333413748,0.043064602,0.063774064
Oral_cavity_and_pharynx,Female,tie,,,2,1.35,0.0538763429872075,0.04343646,0.064316228
Oral_cavity_and_pharynx,Female,tie,,,2,1.4,0.0542862366920575,0.043770134,0.064802341
Oral_cavity_and_pharynx,Female,tie,,,2,1.45,0.0546528098900879,0.044068709,0.065236911
Oral_cavity_and_pharynx,Female,tie,,,2,1.5,0.0549795013788713,0.044334978,0.065624028
Oral_cavity_and_pharynx,Female,tie,,,2,1.55,0.0552694372047895,0.044571485,0.065967388
Oral_cavity_and_pharynx,Female,tie,,,2,1.6,0.0555254606923838,0.044780545,0.066270374
Oral_cavity_and_pharynx,Female,tie,,,2,1.65,0.0557501602152827,0.044964254,0.066536061
Oral_cavity_and_pharynx,Female,tie,,,2,1.7,0.0559458991288341,0.045124538,0.06676726
Oral_cavity_and_pharynx,Female,tie,,,2,1.75,0.0561148343595077,0.045263149,0.066966519
Oral_cavity_and_pharynx,Female,tie,,,2,1.8,0.0562589401679274,0.04538168,0.067136198
Oral_cavity_and_pharynx,Female,tie,,,2,1.85,0.0563800245389842,0.045481607,0.067278437
Oral_cavity_and_pharynx,Female,tie,,,2,1.9,0.0564797446513529,0.045564275,0.067395218
Oral_cavity_and_pharynx,Female,tie,,,2,1.95,0.0565596230918915,0.04563091,0.067488335
Oral_cavity_and_pharynx,Female,tie,,,2,2.0,0.0566210587176375,0.045682654,0.067559466
Oral_cavity_and_pharynx,Female,tie,,,2,2.05,0.0566452828396549,0.04570476,0.067585804
Oral_cavity_and_pharynx,Female,tie,,,2,2.0999999,0.0566536991160295,0.045714099,0.067593299
Oral_cavity_and_pharynx,Female,tie,,,2,2.1500001,0.0566476111510573,0.04571173,0.067583494
Oral_cavity_and_pharynx,Female,tie,,,2,2.2,0.0566282053607435,0.045698609,0.067557804
Oral_cavity_and_pharynx,Female,tie,,,2,2.25,0.0565965613889976,0.045675609,0.067517512
Oral_cavity_and_pharynx,Female,tie,,,2,2.3,0.056553663156291,0.045643527,0.0674638
Oral_cavity_and_pharynx,Female,tie,,,2,2.3499999,0.0565004085862961,0.045603089,0.067397729
Oral_cavity_and_pharynx,Female,tie,,,2,2.4000001,0.056437617896089,0.045554951,0.067320287
Oral_cavity_and_pharynx,Female,tie,,,2,2.45,0.0563660424794775,0.045499723,0.067232363
Oral_cavity_and_pharynx,Female,tie,,,2,2.5,0.0562863698944968,0.045437962,0.067134775
Oral_cavity_and_pharynx,Female,tie,,,2,2.55,0.0561992310632499,0.045370173,0.067028292
Oral_cavity_and_pharynx,Female,tie,,,2,2.5999999,0.0561052053825342,0.045296829,0.066913582
Oral_cavity_and_pharynx,Female,tie,,,2,2.6500001,0.0560048250420889,0.045218352,0.066791296
Oral_cavity_and_pharynx,Female,tie,,,2,2.7,0.0558985812727588,0.04513514,0.066662021
Oral_cavity_and_pharynx,Female,tie,,,2,2.75,0.0557869253254566,0.045047563,0.066526286
Oral_cavity_and_pharynx,Female,tie,,,2,2.8,0.0556702738159816,0.04495595,0.066384599
Oral_cavity_and_pharynx,Female,tie,,,2,2.8499999,0.0555490113674984,0.044860609,0.066237412
Oral_cavity_and_pharynx,Female,tie,,,2,2.9000001,0.0554234927972302,0.044761833,0.066085152
Oral_cavity_and_pharynx,Female,tie,,,2,2.95,0.0552940480490724,0.044659883,0.065928213
Oral_cavity_and_pharynx,Female,tie,,,2,3.0,0.055160980872016,0.044555001,0.06576696
Oral_cavity_and_pharynx,Female,tie,,,2,3.05,0.055003220953222,0.044430569,0.065575875
Oral_cavity_and_pharynx,Female,tie,,,2,3.0999999,0.0548425266962406,0.044303752,0.065381296
Oral_cavity_and_pharynx,Female,tie,,,2,3.1500001,0.054679142773565,0.044174753,0.065183528
Oral_cavity_and_pharynx,Female,tie,,,2,3.2,0.0545132985642635,0.044043753,0.064982839
Oral_cavity_and_pharynx,Female,tie,,,2,3.25,0.054345204894446,0.043910924,0.064779483
Oral_cavity_and_pharynx,Female,tie,,,2,3.3,0.0541750584297791,0.043776423,0.064573698
Oral_cavity_and_pharynx,Female,tie,,,2,3.3499999,0.0540030420746574,0.043640394,0.064365692
Oral_cavity_and_pharynx,Female,tie,,,2,3.4000001,0.0538293252080092,0.043502975,0.064155675
Oral_cavity_and_pharynx,Female,tie,,,2,3.45,0.0536540679790726,0.043364298,0.063943841
Oral_cavity_and_pharynx,Female,tie,,,2,3.5,0.0534774172258831,0.043224476,0.063730359
Oral_cavity_and_pharynx,Female,tie,,,2,3.55,0.0532995105948165,0.043083623,0.063515402
Oral_cavity_and_pharynx,Female,tie,,,2,3.5999999,0.0531204764605329,0.042941839,0.063299112
Oral_cavity_and_pharynx,Female,tie,,,2,3.6500001,0.052940433747171,0.042799223,0.063081644
Oral_cavity_and_pharynx,Female,tie,,,2,3.7,0.052759495992597,0.042655867,0.062863126
Oral_cavity_and_pharynx,Female,tie,,,2,3.75,0.0525777667705901,0.042511847,0.062643684
Oral_cavity_and_pharynx,Female,tie,,,2,3.8,0.0523953436481381,0.04236725,0.062423438
Oral_cavity_and_pharynx,Female,tie,,,2,3.8499999,0.0522123178142965,0.042222146,0.062202491
Oral_cavity_and_pharynx,Female,tie,,,2,3.9000001,0.0520287736503804,0.042076603,0.061980948
Oral_cavity_and_pharynx,Female,tie,,,2,3.95,0.0518447926446678,0.041930683,0.061758902
Oral_cavity_and_pharynx,Female,tie,,,2,4.0,0.0516604485199524,0.04178445,0.061536446
Oral_cavity_and_pharynx,Female,tie,,,2,4.0500002,0.051454067430096,0.041620757,0.061287377
Oral_cavity_and_pharynx,Female,tie,,,2,4.0999999,0.0512476552963182,0.041457012,0.061038297
Oral_cavity_and_pharynx,Female,tie,,,2,4.1500001,0.0510412689973373,0.04129326,0.06078928
Oral_cavity_and_pharynx,Female,tie,,,2,4.1999998,0.0508349693014287,0.041129544,0.060540397
Oral_cavity_and_pharynx,Female,tie,,,2,4.25,0.0506288053868624,0.040965907,0.060291704
Oral_cavity_and_pharynx,Female,tie,,,2,4.3000002,0.0504228288602019,0.040802393,0.060043264
Oral_cavity_and_pharynx,Female,tie,,,2,4.3499999,0.0502170880726183,0.040639043,0.059795134
Oral_cavity_and_pharynx,Female,tie,,,2,4.4000001,0.0500116224518288,0.040475879,0.059547365
Oral_cavity_and_pharynx,Female,tie,,,2,4.4499998,0.0498064764253766,0.040312946,0.059300009
Oral_cavity_and_pharynx,Female,tie,,,2,4.5,0.0496016839280696,0.040150266,0.059053101
Oral_cavity_and_pharynx,Female,tie,,,2,4.5500002,0.049397282273041,0.03998787,0.058806695
Oral_cavity_and_pharynx,Female,tie,,,2,4.5999999,0.0491933064225479,0.03982579,0.058560822
Oral_cavity_and_pharynx,Female,tie,,,2,4.6500001,0.0489897833149004,0.039664045,0.058315519
Oral_cavity_and_pharynx,Female,tie,,,2,4.6999998,0.0487867456065058,0.039502662,0.058070831
Oral_cavity_and_pharynx,Female,tie,,,2,4.75,0.0485842162723901,0.039341658,0.057826772
Oral_cavity_and_pharynx,Female,tie,,,2,4.8000002,0.0483822222901301,0.039181057,0.057583388
Oral_cavity_and_pharynx,Female,tie,,,2,4.8499999,0.0481807889182258,0.039020877,0.0573407
Oral_cavity_and_pharynx,Female,tie,,,2,4.9000001,0.047979934058968,0.038861137,0.057098731
Oral_cavity_and_pharynx,Female,tie,,,2,4.9499998,0.0477796817879905,0.038701851,0.056857515
Oral_cavity_and_pharynx,Female,tie,,,2,5.0,0.0475800471211601,0.038543034,0.056617063
