site,sex,estimate,race,stage,agegroup,tt,PE,lci,uci
Ovary,Female,AD,,,0,0.0,0.0,0.0,0.0
Ovary,Female,AD,,,0,0.050000001,9.976883317469252,9.7776346,10.176132
Ovary,Female,AD,,,0,0.1,19.20845266306146,18.838163,19.578741
Ovary,Female,AD,,,0,0.15000001,26.66450627410401,26.152719,27.176292
Ovary,Female,AD,,,0,0.2,32.74819031829129,32.116638,33.379742
Ovary,Female,AD,,,0,0.25,37.78100377709249,37.046074,38.515934
Ovary,Female,AD,,,0,0.30000001,41.99467124334755,41.169117,42.820229
Ovary,Female,AD,,,0,0.34999999,45.55757156052628,44.651577,46.463566
Ovary,Female,AD,,,0,0.40000001,48.59469443566226,47.616581,49.572807
Ovary,Female,AD,,,0,0.44999999,51.20082046664662,50.157509,52.244133
Ovary,Female,AD,,,0,0.5,53.44923206380658,52.346565,54.551899
Ovary,Female,AD,,,0,0.55000001,55.39754453238282,54.240524,56.554565
Ovary,Female,AD,,,0,0.60000002,57.09173138314853,55.884682,58.298782
Ovary,Female,AD,,,0,0.64999998,58.56894949134096,57.315651,59.82225
Ovary,Female,AD,,,0,0.69999999,59.85957881636664,58.563354,61.1558
Ovary,Female,AD,,,0,0.75,60.98870092931301,59.652508,62.324894
Ovary,Female,AD,,,0,0.80000001,61.97721554622356,60.603691,63.350742
Ovary,Female,AD,,,0,0.85000002,62.84339654264255,61.434891,64.2519
Ovary,Female,AD,,,0,0.89999998,63.60757320664777,62.166065,65.04908
Ovary,Female,AD,,,0,0.94999999,64.28817290724683,62.815289,65.761055
Ovary,Female,AD,,,0,1.0,64.89983575235699,63.396908,66.402763
Ovary,Female,AD,,,0,1.05,65.44664868605554,63.914948,66.978348
Ovary,Female,AD,,,0,1.1,65.94560159265457,64.386032,67.505165
Ovary,Female,AD,,,0,1.15,66.40426578556188,64.817581,67.990952
Ovary,Female,AD,,,0,1.2,66.82877122190776,65.215591,68.441956
Ovary,Female,AD,,,0,1.25,67.2240891496241,65.584915,68.863266
Ovary,Female,AD,,,0,1.3,67.59426651125133,65.92952,69.25901
Ovary,Female,AD,,,0,1.35,67.94260081428288,66.252625,69.632576
Ovary,Female,AD,,,0,1.4,68.27177862730525,66.556847,69.98671
Ovary,Female,AD,,,0,1.45,68.58399311051264,66.844337,70.323654
Ovary,Female,AD,,,0,1.5,68.88102712590592,67.116821,70.645233
Ovary,Female,AD,,,0,1.55,69.16433045327395,67.375725,70.952942
Ovary,Female,AD,,,0,1.6,69.43500280199265,67.622108,71.247902
Ovary,Female,AD,,,0,1.65,69.69288342311583,67.855827,71.529945
Ovary,Female,AD,,,0,1.7,69.9370965182359,68.076042,71.798149
Ovary,Female,AD,,,0,1.75,70.16695449673563,68.282097,72.051811
Ovary,Female,AD,,,0,1.8,70.38195299081892,68.473526,72.290382
Ovary,Female,AD,,,0,1.85,70.58174120538783,68.649986,72.513496
Ovary,Female,AD,,,0,1.9,70.76609729376304,68.811295,72.720901
Ovary,Female,AD,,,0,1.95,70.93491184254114,68.957352,72.912476
Ovary,Female,AD,,,0,2.0,71.08816756431165,69.088158,73.088181
Ovary,Female,AD,,,0,2.05,71.21795142819124,69.196007,73.239899
Ovary,Female,AD,,,0,2.0999999,71.33244963154044,69.288895,73.375999
Ovary,Female,AD,,,0,2.1500001,71.43185225936489,69.367035,73.496666
Ovary,Female,AD,,,0,2.2,71.5163953517777,69.430672,73.602119
Ovary,Female,AD,,,0,2.25,71.58635587926332,69.480072,73.692642
Ovary,Female,AD,,,0,2.3,71.6420429647469,69.515564,73.768524
Ovary,Female,AD,,,0,2.3499999,71.68379248574723,69.537483,73.830101
Ovary,Female,AD,,,0,2.4000001,71.71196204567298,69.546188,73.877739
Ovary,Female,AD,,,0,2.45,71.72692604013147,69.542053,73.911797
Ovary,Female,AD,,,0,2.5,71.7291063498314,69.525513,73.932701
Ovary,Female,AD,,,0,2.55,71.71906058665112,69.497101,73.941017
Ovary,Female,AD,,,0,2.5999999,71.69735566653262,69.45739,73.937317
Ovary,Female,AD,,,0,2.6500001,71.66453037282807,69.406906,73.922157
Ovary,Female,AD,,,0,2.7,71.62109781032817,69.346146,73.896049
Ovary,Female,AD,,,0,2.75,71.56754608917902,69.275604,73.859489
Ovary,Female,AD,,,0,2.8,71.50434039500263,69.195724,73.81295
Ovary,Female,AD,,,0,2.8499999,71.43192423344473,69.106956,73.756889
Ovary,Female,AD,,,0,2.9000001,71.3507202903323,69.009712,73.691727
Ovary,Female,AD,,,0,2.95,71.26113319349122,68.904381,73.617882
Ovary,Female,AD,,,0,3.0,71.16354826982155,68.791359,73.535736
Ovary,Female,AD,,,0,3.05,71.05063313824235,68.663506,73.437759
Ovary,Female,AD,,,0,3.0999999,70.93055116916497,68.52877,73.332336
Ovary,Female,AD,,,0,3.1500001,70.80363857969255,68.387482,73.219795
Ovary,Female,AD,,,0,3.2,70.67021876280873,68.23996,73.100471
Ovary,Female,AD,,,0,3.25,70.53059941496744,68.08651,72.974686
Ovary,Female,AD,,,0,3.3,70.38507563620962,67.927414,72.842735
Ovary,Female,AD,,,0,3.3499999,70.23393000477279,67.762955,72.704903
Ovary,Female,AD,,,0,3.4000001,70.07743243964552,67.593399,72.561462
Ovary,Female,AD,,,0,3.45,69.91584379315529,67.418999,72.412689
Ovary,Female,AD,,,0,3.5,69.74941191759149,67.239998,72.258827
Ovary,Female,AD,,,0,3.55,69.57837513875157,67.056625,72.100128
Ovary,Female,AD,,,0,3.5999999,69.40296200418916,66.86911,71.936813
Ovary,Female,AD,,,0,3.6500001,69.2233908709338,66.677673,71.769112
Ovary,Female,AD,,,0,3.7,69.03987377775346,66.482513,71.597237
Ovary,Female,AD,,,0,3.75,68.85261170899923,66.283821,71.421402
Ovary,Female,AD,,,0,3.8,68.66179838129315,66.081802,71.241791
Ovary,Female,AD,,,0,3.8499999,68.46761975626202,65.876633,71.058609
Ovary,Female,AD,,,0,3.9000001,68.270253431789,65.66848,70.872032
Ovary,Female,AD,,,0,3.95,68.06987274323006,65.457512,70.682228
Ovary,Female,AD,,,0,4.0,67.8666414199663,65.243904,70.48938
Ovary,Female,AD,,,0,4.0500002,67.65348956046819,65.020798,70.286186
Ovary,Female,AD,,,0,4.0999999,67.43791403167825,64.795456,70.080368
Ovary,Female,AD,,,0,4.1500001,67.22005547657477,64.568024,69.872086
Ovary,Female,AD,,,0,4.1999998,67.00005706209231,64.338638,69.661476
Ovary,Female,AD,,,0,4.25,66.77804810144738,64.10743,69.448669
Ovary,Female,AD,,,0,4.3000002,66.55415891481783,63.874512,69.233803
Ovary,Female,AD,,,0,4.3499999,66.32851483062711,63.640022,69.017006
Ovary,Female,AD,,,0,4.4000001,66.10122985351825,63.40406,68.798401
Ovary,Female,AD,,,0,4.4499998,65.87242196140664,63.166748,68.578094
Ovary,Female,AD,,,0,4.5,65.64219595583404,62.928185,68.356209
Ovary,Female,AD,,,0,4.5500002,65.41065887693986,62.688477,68.132843
Ovary,Female,AD,,,0,4.5999999,65.17791368249436,62.44772,67.908112
Ovary,Female,AD,,,0,4.6500001,64.94405269400625,62.206005,67.682098
Ovary,Female,AD,,,0,4.6999998,64.70917331467246,61.963428,67.454918
Ovary,Female,AD,,,0,4.75,64.4733603386967,61.720074,67.226646
Ovary,Female,AD,,,0,4.8000002,64.23670174740636,61.476021,66.997383
Ovary,Female,AD,,,0,4.8499999,63.99928216029627,61.231354,66.767212
Ovary,Female,AD,,,0,4.9000001,63.76117613493562,60.986149,66.536201
Ovary,Female,AD,,,0,4.9499998,63.52246415605634,60.740479,66.304451
Ovary,Female,AD,,,0,5.0,63.28321459114386,60.494411,66.072014
Ovary,Female,AD,,,1,0.0,0.0,0.0,0.0
Ovary,Female,AD,,,1,0.050000001,6.201511832623253,6.0590506,6.3439732
Ovary,Female,AD,,,1,0.1,12.39630033944611,12.127127,12.665474
Ovary,Female,AD,,,1,0.15000001,17.64047313187608,17.261255,18.019691
Ovary,Female,AD,,,1,0.2,22.08896322543891,21.612688,22.565237
Ovary,Female,AD,,,1,0.25,25.89579350634508,25.332813,26.458775
Ovary,Female,AD,,,1,0.30000001,29.1817152539781,28.540487,29.822943
Ovary,Female,AD,,,1,0.34999999,32.03948643123771,31.327068,32.751904
Ovary,Female,AD,,,1,0.40000001,34.54100427863931,33.763386,35.318623
Ovary,Female,AD,,,1,0.44999999,36.74278163078063,35.905117,37.580444
Ovary,Female,AD,,,1,0.5,38.6898879302064,37.796661,39.583115
Ovary,Female,AD,,,1,0.55000001,40.418735415405,39.473888,41.363583
Ovary,Female,AD,,,1,0.60000002,41.95909609265838,40.966118,42.952076
Ovary,Female,AD,,,1,0.64999998,43.33556855769577,42.297573,44.373566
Ovary,Female,AD,,,1,0.69999999,44.56867548950545,43.488457,45.648891
Ovary,Female,AD,,,1,0.75,45.67567624032625,44.555763,46.795589
Ovary,Female,AD,,,1,0.80000001,46.67120215753611,45.513882,47.828522
Ovary,Female,AD,,,1,0.85000002,47.56834719396444,46.37569,48.761005
Ovary,Female,AD,,,1,0.89999998,48.38249413155076,47.156261,49.608727
Ovary,Female,AD,,,1,0.94999999,49.12793818123623,47.869583,50.386292
Ovary,Female,AD,,,1,1.0,49.81616489401515,48.526901,51.105431
Ovary,Female,AD,,,1,1.05,50.45335109711837,49.134243,51.772457
Ovary,Female,AD,,,1,1.1,51.05002797770385,49.701916,52.39814
Ovary,Female,AD,,,1,1.15,51.61230567374056,50.235878,52.988735
Ovary,Female,AD,,,1,1.2,52.14517462254194,50.741005,53.549343
Ovary,Female,AD,,,1,1.25,52.65271267805046,51.221279,54.084148
Ovary,Female,AD,,,1,1.3,53.1382658400949,51.679958,54.596573
Ovary,Female,AD,,,1,1.35,53.6045802276341,52.119724,55.089436
Ovary,Female,AD,,,1,1.4,54.05390739280773,52.542767,55.565048
Ovary,Female,AD,,,1,1.45,54.4880988950178,52.95089,56.025307
Ovary,Female,AD,,,1,1.5,54.90866773733805,53.345562,56.471771
Ovary,Female,AD,,,1,1.55,55.31685244007826,53.727989,56.905716
Ovary,Female,AD,,,1,1.6,55.71359199559714,54.099083,57.328098
Ovary,Female,AD,,,1,1.65,56.09866141547032,54.45863,57.738693
Ovary,Female,AD,,,1,1.7,56.47116029594871,54.805767,58.136555
Ovary,Female,AD,,,1,1.75,56.83035036232391,55.13979,58.520912
Ovary,Female,AD,,,1,1.8,57.17565709297078,55.460148,58.891167
Ovary,Female,AD,,,1,1.85,57.50664418627889,55.766434,59.246853
Ovary,Female,AD,,,1,1.9,57.82299209624981,56.05835,59.587635
Ovary,Female,AD,,,1,1.95,58.12448706989693,56.335697,59.913277
Ovary,Female,AD,,,1,2.0,58.41100106465717,56.598373,60.223629
Ovary,Female,AD,,,1,2.05,58.67871671002632,56.842663,60.514771
Ovary,Female,AD,,,1,2.0999999,58.93140000439931,57.07225,60.79055
Ovary,Female,AD,,,1,2.1500001,59.16912822309126,57.287228,61.051029
Ovary,Female,AD,,,1,2.2,59.39202426644383,57.487724,61.296326
Ovary,Female,AD,,,1,2.25,59.60025651855267,57.673912,61.5266
Ovary,Female,AD,,,1,2.3,59.79402815408443,57.846004,61.74205
Ovary,Female,AD,,,1,2.3499999,59.97357295476678,58.004238,61.942909
Ovary,Female,AD,,,1,2.4000001,60.13915135014082,58.148876,62.129425
Ovary,Female,AD,,,1,2.45,60.29104316415155,58.280205,62.30188
Ovary,Female,AD,,,1,2.5,60.42958198437071,58.398556,62.460609
Ovary,Female,AD,,,1,2.55,60.55524071720626,58.504391,62.606091
Ovary,Female,AD,,,1,2.5999999,60.66850911486006,58.598202,62.738819
Ovary,Female,AD,,,1,2.6500001,60.76985708820601,58.680443,62.859272
Ovary,Female,AD,,,1,2.7,60.85973393752275,58.751556,62.967911
Ovary,Female,AD,,,1,2.75,60.93857227139506,58.811974,63.06517
Ovary,Female,AD,,,1,2.8,61.00678696621392,58.862103,63.151474
Ovary,Female,AD,,,1,2.8499999,61.06477655600884,58.902328,63.227226
Ovary,Female,AD,,,1,2.9000001,61.11292425587231,58.933029,63.292816
Ovary,Female,AD,,,1,2.95,61.15159785146901,58.954575,63.348621
Ovary,Female,AD,,,1,3.0,61.1811517836459,58.967304,63.395
Ovary,Female,AD,,,1,3.05,61.19771408971866,58.967468,63.427959
Ovary,Female,AD,,,1,3.0999999,61.20584264654343,58.959496,63.45219
Ovary,Female,AD,,,1,3.1500001,61.20585478221824,58.943695,63.468014
Ovary,Female,AD,,,1,3.2,61.1980561032897,58.920372,63.475742
Ovary,Female,AD,,,1,3.25,61.18274101216053,58.889809,63.475674
Ovary,Female,AD,,,1,3.3,61.16019315876409,58.852291,63.468094
Ovary,Female,AD,,,1,3.3499999,61.1306859205861,58.808083,63.453289
Ovary,Female,AD,,,1,3.4000001,61.09448264945638,58.757442,63.431526
Ovary,Female,AD,,,1,3.45,61.05183780519593,58.700619,63.403057
Ovary,Female,AD,,,1,3.5,61.00299630683986,58.637852,63.368137
Ovary,Female,AD,,,1,3.55,60.94819456087225,58.569378,63.327011
Ovary,Female,AD,,,1,3.5999999,60.88766065337796,58.495419,63.279903
Ovary,Female,AD,,,1,3.6500001,60.82161435347373,58.416183,63.227043
Ovary,Female,AD,,,1,3.7,60.75026871397128,58.33189,63.168648
Ovary,Female,AD,,,1,3.75,60.67382847921368,58.242733,63.104923
Ovary,Female,AD,,,1,3.8,60.59249160412264,58.148907,63.036076
Ovary,Female,AD,,,1,3.8499999,60.50644922300646,58.050602,62.962296
Ovary,Female,AD,,,1,3.9000001,60.41588546522047,57.947994,62.883778
Ovary,Female,AD,,,1,3.95,60.3209794502072,57.841263,62.800697
Ovary,Female,AD,,,1,4.0,60.22190292991007,57.730572,62.713234
Ovary,Female,AD,,,1,4.0500002,60.11453431840374,57.611942,62.617126
Ovary,Female,AD,,,1,4.0999999,60.00335665001833,57.489708,62.517006
Ovary,Female,AD,,,1,4.1500001,59.88852353997251,57.364021,62.413025
Ovary,Female,AD,,,1,4.1999998,59.77018762288932,57.235031,62.305344
Ovary,Female,AD,,,1,4.25,59.6484919882422,57.102879,62.194107
Ovary,Female,AD,,,1,4.3000002,59.52357817780404,56.967697,62.07946
Ovary,Female,AD,,,1,4.3499999,59.39558311228541,56.829624,61.96154
Ovary,Female,AD,,,1,4.4000001,59.26463545806692,56.688786,61.840485
Ovary,Female,AD,,,1,4.4499998,59.13086440192222,56.545303,61.716427
Ovary,Female,AD,,,1,4.5,58.99438981972747,56.3993,61.589481
Ovary,Female,AD,,,1,4.5500002,58.85533128625627,56.250885,61.459778
Ovary,Female,AD,,,1,4.5999999,58.7138045003959,56.100174,61.327435
Ovary,Female,AD,,,1,4.6500001,58.56991726102194,55.947277,61.192558
Ovary,Female,AD,,,1,4.6999998,58.42377910159973,55.792294,61.055264
Ovary,Female,AD,,,1,4.75,58.27549044285271,55.635326,60.915657
Ovary,Female,AD,,,1,4.8000002,58.12515241528433,55.476467,60.773838
Ovary,Female,AD,,,1,4.8499999,57.97286288230035,55.315819,60.629906
Ovary,Female,AD,,,1,4.9000001,57.81871210698571,55.153465,60.483959
Ovary,Female,AD,,,1,4.9499998,57.66279307034719,54.989494,60.33609
Ovary,Female,AD,,,1,5.0,57.50518981826067,54.823994,60.186386
Ovary,Female,AD,,,2,0.0,0.0,0.0,0.0
Ovary,Female,AD,,,2,0.050000001,3.580383759381021,3.4685891,3.6921782
Ovary,Female,AD,,,2,0.1,6.472846820016686,6.2685962,6.6770978
Ovary,Female,AD,,,2,0.15000001,8.587211301906143,8.3119421,8.8624802
Ovary,Female,AD,,,2,0.2,10.15624683344892,9.8252983,10.487195
Ovary,Female,AD,,,2,0.25,11.33752301714595,10.962043,11.713003
Ovary,Female,AD,,,2,0.30000001,12.2356429386732,11.823957,12.647328
Ovary,Female,AD,,,2,0.34999999,12.92199531778817,12.48048,13.36351
Ovary,Female,AD,,,2,0.40000001,13.44677157983497,12.980413,13.91313
Ovary,Female,AD,,,2,0.44999999,13.84619718192241,13.358966,14.333428
Ovary,Female,AD,,,2,0.5,14.14701474579269,13.642119,14.651911
Ovary,Female,AD,,,2,0.55000001,14.36934869517834,13.849418,14.88928
Ovary,Female,AD,,,2,0.60000002,14.52859656218578,13.995807,15.061386
Ovary,Female,AD,,,2,0.64999998,14.63670923535356,14.092883,15.180535
Ovary,Female,AD,,,2,0.69999999,14.70307984866965,14.149755,15.256404
Ovary,Female,AD,,,2,0.75,14.73517240532915,14.173659,15.296685
Ovary,Female,AD,,,2,0.80000001,14.73897652560552,14.170397,15.307556
Ovary,Female,AD,,,2,0.85000002,14.71945219947285,14.144768,15.294137
Ovary,Female,AD,,,2,0.89999998,14.68136579409541,14.10137,15.261361
Ovary,Female,AD,,,2,0.94999999,14.62871398348583,14.044053,15.213375
Ovary,Female,AD,,,2,1.0,14.56455383497333,13.975755,15.153353
Ovary,Female,AD,,,2,1.05,14.48700315300164,13.894703,15.079304
Ovary,Female,AD,,,2,1.1,14.40218625065433,13.806747,14.997625
Ovary,Female,AD,,,2,1.15,14.31152734792065,13.713255,14.9098
Ovary,Female,AD,,,2,1.2,14.21613948356488,13.61529,14.816989
Ovary,Female,AD,,,2,1.25,14.11689700609053,13.513688,14.720105
Ovary,Female,AD,,,2,1.3,14.01448743695896,13.409106,14.619868
Ovary,Female,AD,,,2,1.35,13.90945279065119,13.302061,14.516845
Ovary,Female,AD,,,2,1.4,13.80222157039383,13.192959,14.411484
Ovary,Female,AD,,,2,1.45,13.69313112922742,13.082122,14.304141
Ovary,Female,AD,,,2,1.5,13.58244849257117,12.969801,14.195096
Ovary,Female,AD,,,2,1.55,13.47038326287848,12.856196,14.084571
Ovary,Female,AD,,,2,1.6,13.35709486314911,12.741457,13.972733
Ovary,Female,AD,,,2,1.65,13.24264078430969,12.625641,13.85964
Ovary,Female,AD,,,2,1.7,13.12703459499192,12.508767,13.745302
Ovary,Female,AD,,,2,1.75,13.01031583394966,12.390878,13.629754
Ovary,Female,AD,,,2,1.8,12.89254387193167,12.272036,13.513052
Ovary,Female,AD,,,2,1.85,12.77379381242177,12.152316,13.395271
Ovary,Female,AD,,,2,1.9,12.65415332603511,12.031809,13.276498
Ovary,Female,AD,,,2,1.95,12.53371736563039,11.910606,13.156828
Ovary,Female,AD,,,2,2.0,12.41258774858982,11.788813,13.036364
Ovary,Female,AD,,,2,2.05,12.28691055334554,11.662801,12.91102
Ovary,Female,AD,,,2,2.0999999,12.16084141163112,11.536496,12.785187
Ovary,Female,AD,,,2,2.1500001,12.03448618546473,11.410001,12.658972
Ovary,Female,AD,,,2,2.2,11.90795151786629,11.28342,12.532484
Ovary,Female,AD,,,2,2.25,11.78134028341201,11.156853,12.405828
Ovary,Female,AD,,,2,2.3,11.65475326091531,11.030399,12.279108
Ovary,Female,AD,,,2,2.3499999,11.52828795908672,10.904153,12.152423
Ovary,Female,AD,,,2,2.4000001,11.40203757944919,10.778205,12.02587
Ovary,Female,AD,,,2,2.45,11.27609310140487,10.652643,11.899543
Ovary,Female,AD,,,2,2.5,11.15054021523004,10.527551,11.773529
Ovary,Female,AD,,,2,2.55,11.02546271615741,10.403008,11.647918
Ovary,Female,AD,,,2,2.5999999,10.90093755065432,10.279086,11.522789
Ovary,Female,AD,,,2,2.6500001,10.77703373756297,10.155851,11.398215
Ovary,Female,AD,,,2,2.7,10.6538153619767,10.033365,11.274265
Ovary,Female,AD,,,2,2.75,10.53133860317108,9.9116802,11.150997
Ovary,Female,AD,,,2,2.8,10.40965462073117,9.790844,11.028465
Ovary,Female,AD,,,2,2.8499999,10.28880943367355,9.6709003,10.906719
Ovary,Female,AD,,,2,2.9000001,10.16884377901954,9.5518866,10.785801
Ovary,Female,AD,,,2,2.95,10.04979578563429,9.4338379,10.665753
Ovary,Female,AD,,,2,3.0,9.931697896926202,9.3167858,10.54661
Ovary,Female,AD,,,2,3.05,9.811287226746837,9.1977053,10.42487
Ovary,Female,AD,,,2,3.0999999,9.69196888994894,9.0797567,10.304181
Ovary,Female,AD,,,2,3.1500001,9.5737637718289,8.9629583,10.184568
Ovary,Female,AD,,,2,3.2,9.456691609187182,8.8473301,10.066053
Ovary,Female,AD,,,2,3.25,9.340767838755312,8.7328825,9.9486532
Ovary,Female,AD,,,2,3.3,9.226006068383803,8.6196299,9.8323822
Ovary,Female,AD,,,2,3.3499999,9.112417704463796,8.5075808,9.7172546
Ovary,Female,AD,,,2,3.4000001,9.000011596647653,8.3967419,9.603281
Ovary,Female,AD,,,2,3.45,8.888796339632663,8.2871218,9.4904709
Ovary,Female,AD,,,2,3.5,8.778777207473098,8.1787233,9.3788309
Ovary,Female,AD,,,2,3.55,8.669958441575417,8.0715494,9.2683678
Ovary,Female,AD,,,2,3.5999999,8.562342839285868,7.9656019,9.1590834
Ovary,Female,AD,,,2,3.6500001,8.45593136677195,7.8608804,9.0509825
Ovary,Female,AD,,,2,3.7,8.350725291183721,7.7573848,8.944066
Ovary,Female,AD,,,2,3.75,8.246723236120545,7.6551127,8.8383341
Ovary,Female,AD,,,2,3.8,8.143923309257048,7.5540609,8.7337856
Ovary,Female,AD,,,2,3.8499999,8.042322677277255,7.454226,8.6304197
Ovary,Female,AD,,,2,3.9000001,7.941917168707953,7.3556023,8.5282316
Ovary,Female,AD,,,2,3.95,7.842703256113516,7.2581859,8.4272203
Ovary,Female,AD,,,2,4.0,7.744675250885784,7.1619697,8.3273811
Ovary,Female,AD,,,2,4.0500002,7.64504459806647,7.0644112,8.2256784
Ovary,Female,AD,,,2,4.0999999,7.546664620637777,6.9681139,8.1252155
Ovary,Female,AD,,,2,4.1500001,7.449524832083704,6.8730669,8.0259829
Ovary,Female,AD,,,2,4.1999998,7.353617999505225,6.7792621,7.9279742
Ovary,Female,AD,,,2,4.25,7.258932778345113,6.686687,7.8311787
Ovary,Female,AD,,,2,4.3000002,7.165460187141491,6.5953326,7.7355881
Ovary,Female,AD,,,2,4.3499999,7.073190851239488,6.5051885,7.6411934
Ovary,Female,AD,,,2,4.4000001,6.982112451716461,6.4162416,7.5479832
Ovary,Female,AD,,,2,4.4499998,6.892215890725879,6.3284826,7.4559493
Ovary,Female,AD,,,2,4.5,6.803488373846044,6.2418981,7.3650789
Ovary,Female,AD,,,2,4.5500002,6.715919468757761,6.1564765,7.2753625
Ovary,Female,AD,,,2,4.5999999,6.62949851061154,6.0722075,7.1867895
Ovary,Female,AD,,,2,4.6500001,6.544212204279162,5.9890766,7.0993476
Ovary,Female,AD,,,2,4.6999998,6.46005038979731,5.9070735,7.0130272
Ovary,Female,AD,,,2,4.75,6.376999556544895,5.8261843,6.927815
Ovary,Female,AD,,,2,4.8000002,6.295048508423392,5.746397,6.8436999
Ovary,Female,AD,,,2,4.8499999,6.214185927194393,5.6676998,6.7606716
Ovary,Female,AD,,,2,4.9000001,6.134398123229296,5.5900793,6.6787167
Ovary,Female,AD,,,2,4.9499998,6.055674423884476,5.5135241,6.5978251
Ovary,Female,AD,,,2,5.0,5.978001100257359,5.4380198,6.5179825
Ovary,Female,ADa,,,0,0.0,0.0,0.0,0.0
Ovary,Female,ADa,,,0,0.050000001,9.167116737105882,9.1451759,9.1890583
Ovary,Female,ADa,,,0,0.1,17.68264005285608,17.637444,17.727837
Ovary,Female,ADa,,,0,0.15000001,24.52608035465323,24.461664,24.590496
Ovary,Female,ADa,,,0,0.2,30.07699986881053,29.996809,30.15719
Ovary,Female,ADa,,,0,0.25,34.64007165758936,34.54681,34.733334
Ovary,Female,ADa,,,0,0.30000001,38.43504583452597,38.330837,38.539257
Ovary,Female,ADa,,,0,0.34999999,41.621499204738,41.508022,41.734974
Ovary,Female,ADa,,,0,0.40000001,44.31774858158353,44.196365,44.439133
Ovary,Female,ADa,,,0,0.44999999,46.61338471439257,46.485207,46.741566
Ovary,Female,ADa,,,0,0.5,48.57756472246147,48.443508,48.71162
Ovary,Female,ADa,,,0,0.55000001,50.26456641465559,50.125408,50.403725
Ovary,Female,ADa,,,0,0.60000002,51.71762119473691,51.57402,51.861225
Ovary,Female,ADa,,,0,0.64999998,52.97160382824747,52.82412,53.119087
Ovary,Female,ADa,,,0,0.69999999,54.05497246045692,53.904099,54.205849
Ovary,Female,ADa,,,0,0.75,54.99117555214863,54.837334,55.145016
Ovary,Female,ADa,,,0,0.80000001,55.7997120284974,55.64328,55.956142
Ovary,Female,ADa,,,0,0.85000002,56.49756032742131,56.338871,56.65625
Ovary,Female,ADa,,,0,0.89999998,57.10333454985226,56.942665,57.264004
Ovary,Female,ADa,,,0,0.94999999,57.63379602633964,57.47139,57.796204
Ovary,Female,ADa,,,0,1.0,58.10222878052934,57.938286,58.266171
Ovary,Female,ADa,,,0,1.05,58.51202854599359,58.346741,58.677319
Ovary,Female,ADa,,,0,1.1,58.87886881438931,58.712387,59.045349
Ovary,Female,ADa,,,0,1.15,59.20957047774594,59.04203,59.37711
Ovary,Female,ADa,,,0,1.2,59.50964172106472,59.341164,59.67812
Ovary,Female,ADa,,,0,1.25,59.78353924478711,59.614231,59.952847
Ovary,Female,ADa,,,0,1.3,60.03488160642179,59.864841,60.204922
Ovary,Female,ADa,,,0,1.35,60.26660985612872,60.095928,60.43729
Ovary,Female,ADa,,,0,1.4,60.48111466150749,60.309875,60.652355
Ovary,Female,ADa,,,0,1.45,60.68034206249018,60.508621,60.852066
Ovary,Female,ADa,,,0,1.5,60.86587077541481,60.693737,61.038002
Ovary,Female,ADa,,,0,1.55,61.03898098196501,60.866508,61.211452
Ovary,Female,ADa,,,0,1.6,61.20064401417943,61.027897,61.37339
Ovary,Female,ADa,,,0,1.65,61.35075859139101,61.177803,61.523716
Ovary,Female,ADa,,,0,1.7,61.48862277987601,61.315521,61.661724
Ovary,Female,ADa,,,0,1.75,61.61370167167539,61.440517,61.786884
Ovary,Female,ADa,,,0,1.8,61.72562036534086,61.552418,61.898823
Ovary,Female,ADa,,,0,1.85,61.82413794826246,61.650982,61.997295
Ovary,Female,ADa,,,0,1.9,61.90912599485318,61.736073,62.08218
Ovary,Female,ADa,,,0,1.95,61.98055243294786,61.807663,62.153442
Ovary,Female,ADa,,,0,2.0,62.03846489938718,61.865795,62.211132
Ovary,Female,ADa,,,0,2.05,62.0755561478999,61.903175,62.247936
Ovary,Female,ADa,,,0,2.0999999,62.09950833358954,61.927471,62.271545
Ovary,Female,ADa,,,0,2.1500001,62.11054354340015,61.9389,62.282188
Ovary,Female,ADa,,,0,2.2,62.10892275306588,61.937721,62.280125
Ovary,Female,ADa,,,0,2.25,62.09493917301108,61.924229,62.265652
Ovary,Female,ADa,,,0,2.3,62.0689119626343,61.898731,62.23909
Ovary,Female,ADa,,,0,2.3499999,62.03118111380832,61.861576,62.200787
Ovary,Female,ADa,,,0,2.4000001,61.98210269087249,61.813114,62.151093
Ovary,Female,ADa,,,0,2.45,61.92204592523717,61.753712,62.090382
Ovary,Female,ADa,,,0,2.5,61.85141570519497,61.683769,62.019062
Ovary,Female,ADa,,,0,2.55,61.77072428869812,61.603798,61.937653
Ovary,Female,ADa,,,0,2.5999999,61.68048762611008,61.514313,61.846664
Ovary,Female,ADa,,,0,2.6500001,61.58119485399587,61.415798,61.74659
Ovary,Female,ADa,,,0,2.7,61.47331192366539,61.30872,61.637901
Ovary,Female,ADa,,,0,2.75,61.35728030662267,61.19352,61.521042
Ovary,Female,ADa,,,0,2.8,61.23352027047298,61.07061,61.396431
Ovary,Female,ADa,,,0,2.8499999,61.10243173519351,60.940392,61.264473
Ovary,Female,ADa,,,0,2.9000001,60.96439480479023,60.803246,61.125546
Ovary,Female,ADa,,,0,2.95,60.81977354670832,60.659527,60.980019
Ovary,Female,ADa,,,0,3.0,60.66891306944652,60.509586,60.828239
Ovary,Female,ADa,,,0,3.05,60.50509678761875,60.34671,60.663483
Ovary,Female,ADa,,,0,3.0999999,60.33579869304614,60.178368,60.493233
Ovary,Female,ADa,,,0,3.1500001,60.16131776695329,60.004848,60.317787
Ovary,Female,ADa,,,0,3.2,59.9819418289936,59.826443,60.137444
Ovary,Female,ADa,,,0,3.25,59.7979432648786,59.643417,59.952469
Ovary,Female,ADa,,,0,3.3,59.60958300447345,59.456039,59.763126
Ovary,Female,ADa,,,0,3.3499999,59.41711033086074,59.264553,59.569668
Ovary,Female,ADa,,,0,3.4000001,59.22076252349498,59.069191,59.372334
Ovary,Female,ADa,,,0,3.45,59.02076917278634,58.870186,59.171352
Ovary,Female,ADa,,,0,3.5,58.81734707750203,58.667751,58.966942
Ovary,Female,ADa,,,0,3.55,58.61070445750141,58.462097,58.759312
Ovary,Female,ADa,,,0,3.5999999,58.40104048217285,58.253418,58.548664
Ovary,Female,ADa,,,0,3.6500001,58.18854467933301,58.041901,58.335186
Ovary,Female,ADa,,,0,3.7,57.97340140545583,57.827736,58.119068
Ovary,Female,ADa,,,0,3.75,57.75578414523966,57.611092,57.900478
Ovary,Female,ADa,,,0,3.8,57.53585991104745,57.392132,57.679588
Ovary,Female,ADa,,,0,3.8499999,57.31378857513164,57.171021,57.456558
Ovary,Female,ADa,,,0,3.9000001,57.08972211696118,56.947903,57.231541
Ovary,Female,ADa,,,0,3.95,56.86380920948187,56.722931,57.004688
Ovary,Female,ADa,,,0,4.0,56.63618909428149,56.496243,56.776134
Ovary,Female,ADa,,,0,4.0500002,56.40049569302488,56.261478,56.539513
Ovary,Female,ADa,,,0,4.0999999,56.1634753590094,56.025379,56.301571
Ovary,Female,ADa,,,0,4.1500001,55.92524538731101,55.788055,56.062435
Ovary,Female,ADa,,,0,4.1999998,55.68592689650302,55.549629,55.822224
Ovary,Female,ADa,,,0,4.25,55.44562688141633,55.310211,55.581043
Ovary,Female,ADa,,,0,4.3000002,55.20445437495511,55.069904,55.339001
Ovary,Female,ADa,,,0,4.3499999,54.96251384016597,54.828819,55.09621
Ovary,Female,ADa,,,0,4.4000001,54.71989840253639,54.58704,54.852757
Ovary,Female,ADa,,,0,4.4499998,54.4767061997992,54.344669,54.608742
Ovary,Female,ADa,,,0,4.5,54.23302205006303,54.101791,54.364254
Ovary,Female,ADa,,,0,4.5500002,53.98893383840669,53.858494,54.119373
Ovary,Female,ADa,,,0,4.5999999,53.74452573460184,53.614857,53.874195
Ovary,Female,ADa,,,0,4.6500001,53.49987133402777,53.370956,53.628784
Ovary,Female,ADa,,,0,4.6999998,53.25505012346923,53.126873,53.383228
Ovary,Female,ADa,,,0,4.75,53.01012895646016,52.882671,53.137585
Ovary,Female,ADa,,,0,4.8000002,52.76517852410416,52.638424,52.891933
Ovary,Female,ADa,,,0,4.8499999,52.52026647761295,52.394192,52.646339
Ovary,Female,ADa,,,0,4.9000001,52.27545054017185,52.15004,52.40086
Ovary,Female,ADa,,,0,4.9499998,52.03079496917451,51.906029,52.15556
Ovary,Female,ADa,,,0,5.0,51.78635199102365,51.662212,51.910492
Ovary,Female,ADa,,,1,0.0,0.0,0.0,0.0
Ovary,Female,ADa,,,1,0.050000001,5.477281540495081,5.4605846,5.4939785
Ovary,Female,ADa,,,1,0.1,11.02171535569222,10.986381,11.057051
Ovary,Female,ADa,,,1,0.15000001,15.70170475772984,15.650324,15.753085
Ovary,Female,ADa,,,1,0.2,19.65392071416579,19.588923,19.718918
Ovary,Female,ADa,,,1,0.25,23.0189491749688,22.942331,23.095568
Ovary,Female,ADa,,,1,0.30000001,25.90779203698882,25.821173,25.994411
Ovary,Female,ADa,,,1,0.34999999,28.40592880859241,28.310629,28.501228
Ovary,Female,ADa,,,1,0.40000001,30.57966477123267,30.476778,30.682552
Ovary,Female,ADa,,,1,0.44999999,32.48111221484213,32.371552,32.590672
Ovary,Female,ADa,,,1,0.5,34.15180551889551,34.036346,34.267265
Ovary,Female,ADa,,,1,0.55000001,35.62526955488282,35.504574,35.745964
Ovary,Female,ADa,,,1,0.60000002,36.92888329947225,36.803528,37.054241
Ovary,Female,ADa,,,1,0.64999998,38.08523783436244,37.955723,38.214752
Ovary,Female,ADa,,,1,0.69999999,39.11315272595551,38.979919,39.246384
Ovary,Female,ADa,,,1,0.75,40.02843027068492,39.891872,40.164986
Ovary,Female,ADa,,,1,0.80000001,40.84444411127363,40.704914,40.983974
Ovary,Female,ADa,,,1,0.85000002,41.57311293377894,41.430923,41.715302
Ovary,Female,ADa,,,1,0.89999998,42.22822220583869,42.083645,42.372799
Ovary,Female,ADa,,,1,0.94999999,42.82250082497031,42.675766,42.969238
Ovary,Female,ADa,,,1,1.0,43.36615476892648,43.217461,43.514851
Ovary,Female,ADa,,,1,1.05,43.86466832528062,43.714195,44.015141
Ovary,Female,ADa,,,1,1.1,44.32736373875062,44.17527,44.479458
Ovary,Female,ADa,,,1,1.15,44.75963639524304,44.606056,44.913219
Ovary,Female,ADa,,,1,1.2,45.16588277763016,45.010937,45.320827
Ovary,Female,ADa,,,1,1.25,45.54968795708562,45.39349,45.705887
Ovary,Female,ADa,,,1,1.3,45.91398656025135,45.756634,46.071339
Ovary,Female,ADa,,,1,1.35,46.26118154400832,46.102772,46.41959
Ovary,Female,ADa,,,1,1.4,46.59323894487645,46.433861,46.752617
Ovary,Female,ADa,,,1,1.45,46.91177124636822,46.751503,47.072041
Ovary,Female,ADa,,,1,1.5,47.21809353643123,47.057014,47.379169
Ovary,Female,ADa,,,1,1.55,47.51327948548553,47.351467,47.675091
Ovary,Female,ADa,,,1,1.6,47.79814317728638,47.635666,47.960621
Ovary,Female,ADa,,,1,1.65,48.07252025072935,47.909451,48.235592
Ovary,Female,ADa,,,1,1.7,48.33568455491852,48.172092,48.499275
Ovary,Female,ADa,,,1,1.75,48.58705171786519,48.423012,48.751095
Ovary,Female,ADa,,,1,1.8,48.82617855422691,48.661758,48.990601
Ovary,Female,ADa,,,1,1.85,49.0527410421828,48.888012,49.217472
Ovary,Female,ADa,,,1,1.9,49.2665158858705,49.101547,49.431484
Ovary,Female,ADa,,,1,1.95,49.4673697827368,49.302227,49.632511
Ovary,Female,ADa,,,1,2.0,49.6552429828959,49.489994,49.820492
Ovary,Female,ADa,,,1,2.05,49.82687167731494,49.661591,49.992153
Ovary,Female,ADa,,,1,2.0999999,49.98557903355746,49.820328,50.150829
Ovary,Female,ADa,,,1,2.1500001,50.13147798955161,49.96632,50.296638
Ovary,Female,ADa,,,1,2.2,50.26472010592684,50.099712,50.429729
Ovary,Female,ADa,,,1,2.25,50.38549366420855,50.220692,50.550297
Ovary,Female,ADa,,,1,2.3,50.49401550542464,50.329472,50.658558
Ovary,Female,ADa,,,1,2.3499999,50.590527090069,50.426296,50.754761
Ovary,Female,ADa,,,1,2.4000001,50.675290773207,50.511417,50.839161
Ovary,Female,ADa,,,1,2.45,50.74858463365345,50.585121,50.912048
Ovary,Female,ADa,,,1,2.5,50.81072850621226,50.647717,50.97374
Ovary,Female,ADa,,,1,2.55,50.86215296076156,50.699635,51.02467
Ovary,Female,ADa,,,1,2.5999999,50.90329956406435,50.741318,51.065281
Ovary,Female,ADa,,,1,2.6500001,50.93459113449882,50.773178,51.096004
Ovary,Female,ADa,,,1,2.7,50.95643223161591,50.795624,51.117237
Ovary,Female,ADa,,,1,2.75,50.9692110083499,50.809044,51.129379
Ovary,Female,ADa,,,1,2.8,50.97329945800226,50.813797,51.132801
Ovary,Female,ADa,,,1,2.8499999,50.96905441078334,50.810249,51.127861
Ovary,Female,ADa,,,1,2.9000001,50.95681822292539,50.798737,51.114902
Ovary,Female,ADa,,,1,2.95,50.93691976163757,50.779583,51.094257
Ovary,Female,ADa,,,1,3.0,50.90967471800312,50.753105,51.066246
Ovary,Female,ADa,,,1,3.05,50.87179581715378,50.716022,51.027569
Ovary,Female,ADa,,,1,3.0999999,50.8271870908323,50.67223,50.982147
Ovary,Female,ADa,,,1,3.1500001,50.77612975159761,50.622002,50.930256
Ovary,Female,ADa,,,1,3.2,50.71889491079347,50.565613,50.872177
Ovary,Female,ADa,,,1,3.25,50.65574260212952,50.503319,50.808163
Ovary,Female,ADa,,,1,3.3,50.58692318405332,50.435371,50.738476
Ovary,Female,ADa,,,1,3.3499999,50.51267754288241,50.362007,50.663349
Ovary,Female,ADa,,,1,3.4000001,50.4332371091123,50.283459,50.583015
Ovary,Female,ADa,,,1,3.45,50.34882578218208,50.199944,50.497707
Ovary,Female,ADa,,,1,3.5,50.259658019879,50.111679,50.407639
Ovary,Female,ADa,,,1,3.55,50.16594067448338,50.018871,50.313011
Ovary,Female,ADa,,,1,3.5999999,50.06787295261788,49.921715,50.214031
Ovary,Female,ADa,,,1,3.6500001,49.96564622786113,49.8204,50.110893
Ovary,Female,ADa,,,1,3.7,49.85944630456555,49.715115,50.003777
Ovary,Female,ADa,,,1,3.75,49.74945077126773,49.606033,49.892868
Ovary,Female,ADa,,,1,3.8,49.63583119751627,49.493328,49.778336
Ovary,Female,ADa,,,1,3.8499999,49.51875290919176,49.377159,49.660343
Ovary,Female,ADa,,,1,3.9000001,49.39837464789824,49.25769,49.539059
Ovary,Female,ADa,,,1,3.95,49.27485111258741,49.135071,49.414631
Ovary,Female,ADa,,,1,4.0,49.14832973361035,49.009449,49.287212
Ovary,Female,ADa,,,1,4.0500002,49.0153708919029,48.877388,49.153355
Ovary,Female,ADa,,,1,4.0999999,48.87973075491149,48.742641,49.016819
Ovary,Female,ADa,,,1,4.1500001,48.74153959867152,48.605335,48.877743
Ovary,Female,ADa,,,1,4.1999998,48.60092810916288,48.465599,48.736256
Ovary,Female,ADa,,,1,4.25,48.45801702187643,48.323555,48.59248
Ovary,Female,ADa,,,1,4.3000002,48.31292661989139,48.179321,48.446533
Ovary,Female,ADa,,,1,4.3499999,48.16577296676161,48.033012,48.298534
Ovary,Female,ADa,,,1,4.4000001,48.01666375829609,47.884735,48.148594
Ovary,Female,ADa,,,1,4.4499998,47.86570834155575,47.7346,47.996819
Ovary,Female,ADa,,,1,4.5,47.71300648646502,47.582706,47.843307
Ovary,Female,ADa,,,1,4.5500002,47.55865855594618,47.42915,47.688164
Ovary,Female,ADa,,,1,4.5999999,47.40276138937921,47.274033,47.53149
Ovary,Female,ADa,,,1,4.6500001,47.24540389807578,47.117443,47.373367
Ovary,Female,ADa,,,1,4.6999998,47.08667762861461,46.959465,47.21389
Ovary,Female,ADa,,,1,4.75,46.92666487812619,46.800186,47.053143
Ovary,Female,ADa,,,1,4.8000002,46.76544936967667,46.639687,46.891212
Ovary,Female,ADa,,,1,4.8499999,46.60311187060123,46.47805,46.728172
Ovary,Female,ADa,,,1,4.9000001,46.43972560010852,46.31535,46.564102
Ovary,Female,ADa,,,1,4.9499998,46.27536719119689,46.151657,46.399078
Ovary,Female,ADa,,,1,5.0,46.11010432472426,45.987041,46.233166
Ovary,Female,ADa,,,2,0.0,0.0,0.0,0.0
Ovary,Female,ADa,,,2,0.050000001,3.493205992183873,3.4821866,3.5042253
Ovary,Female,ADa,,,2,0.1,6.317739769774789,6.2965565,6.338923
Ovary,Female,ADa,,,2,0.15000001,8.38114503746344,8.3524628,8.4098282
Ovary,Female,ADa,,,2,0.2,9.911045570226824,9.8768539,9.9452372
Ovary,Female,ADa,,,2,0.25,11.06171532603678,11.023457,11.099974
Ovary,Female,ADa,,,2,0.30000001,11.93558395306868,11.894314,11.976853
Ovary,Female,ADa,,,2,0.34999999,12.6025457026855,12.559052,12.646039
Ovary,Female,ADa,,,2,0.40000001,13.11172727806548,13.066608,13.156846
Ovary,Female,ADa,,,2,0.44999999,13.49857337752677,13.45229,13.544857
Ovary,Female,ADa,,,2,0.5,13.78924024769952,13.742151,13.836329
Ovary,Female,ADa,,,2,0.55000001,14.00340313450317,13.955791,14.051015
Ovary,Female,ADa,,,2,0.60000002,14.15610963345755,14.108201,14.204019
Ovary,Female,ADa,,,2,0.64999998,14.2590340632265,14.21101,14.307058
Ovary,Female,ADa,,,2,0.69999999,14.32134820196826,14.273354,14.369343
Ovary,Female,ADa,,,2,0.75,14.35033696844949,14.302491,14.398183
Ovary,Female,ADa,,,2,0.80000001,14.35184367124825,14.304243,14.399445
Ovary,Female,ADa,,,2,0.85000002,14.33070418548379,14.283427,14.37798
Ovary,Female,ADa,,,2,0.89999998,14.29155852266927,14.24467,14.338448
Ovary,Female,ADa,,,2,0.94999999,14.23829422405175,14.191845,14.284743
Ovary,Female,ADa,,,2,1.0,14.1738838198634,14.127916,14.219851
Ovary,Female,ADa,,,2,1.05,14.09643916369004,14.051003,14.141875
Ovary,Female,ADa,,,2,1.1,14.01197195095646,13.967096,14.056848
Ovary,Female,ADa,,,2,1.15,13.92186576347896,13.877576,13.966156
Ovary,Female,ADa,,,2,1.2,13.82720156798926,13.783518,13.870886
Ovary,Female,ADa,,,2,1.25,13.72882832827946,13.685769,13.771888
Ovary,Female,ADa,,,2,1.3,13.62741345251067,13.584994,13.669833
Ovary,Female,ADa,,,2,1.35,13.52348301117578,13.481717,13.565248
Ovary,Female,ADa,,,2,1.4,13.41745287187933,13.376352,13.458553
Ovary,Female,ADa,,,2,1.45,13.30965041426637,13.269225,13.350076
Ovary,Female,ADa,,,2,1.5,13.20033480684675,13.160594,13.240076
Ovary,Female,ADa,,,2,1.55,13.08970951887672,13.05066,13.128758
Ovary,Female,ADa,,,2,1.6,12.9779294463412,12.939579,13.01628
Ovary,Female,ADa,,,2,1.65,12.86505163007337,12.827405,12.902699
Ovary,Female,ADa,,,2,1.7,12.75109108598161,12.714151,12.788032
Ovary,Female,ADa,,,2,1.75,12.63608781411538,12.599856,12.672319
Ovary,Female,ADa,,,2,1.8,12.52010080704576,12.484578,12.555624
Ovary,Female,ADa,,,2,1.85,12.40320410113201,12.368388,12.43802
Ovary,Female,ADa,,,2,1.9,12.2854837313908,12.251372,12.319595
Ovary,Female,ADa,,,2,1.95,12.16703259017299,12.133622,12.200443
Ovary,Female,ADa,,,2,2.0,12.04795006673049,12.015234,12.080667
Ovary,Female,ADa,,,2,2.05,11.92443662108683,11.89242,11.956454
Ovary,Female,ADa,,,2,2.0999999,11.80058628198336,11.769259,11.831913
Ovary,Female,ADa,,,2,2.1500001,11.67650187242968,11.645857,11.707147
Ovary,Female,ADa,,,2,2.2,11.55228686415569,11.522313,11.582261
Ovary,Female,ADa,,,2,2.25,11.42804093204965,11.398727,11.457355
Ovary,Female,ADa,,,2,2.3,11.30386161626284,11.275196,11.332527
Ovary,Female,ADa,,,2,2.3499999,11.1798431856689,11.151814,11.207873
Ovary,Female,ADa,,,2,2.4000001,11.05607563519531,11.028667,11.083484
Ovary,Female,ADa,,,2,2.45,10.93264674194586,10.905847,10.959447
Ovary,Female,ADa,,,2,2.5,10.80963903634947,10.783433,10.835845
Ovary,Female,ADa,,,2,2.55,10.68713306407038,10.661506,10.712761
Ovary,Female,ADa,,,2,2.5999999,10.56520268225204,10.540138,10.590267
Ovary,Female,ADa,,,2,2.6500001,10.44391404209028,10.419397,10.468431
Ovary,Female,ADa,,,2,2.7,10.32332851725905,10.299343,10.347314
Ovary,Female,ADa,,,2,2.75,10.20349979255128,10.180029,10.226971
Ovary,Female,ADa,,,2,2.8,10.08447668728515,10.061503,10.10745
Ovary,Female,ADa,,,2,2.8499999,9.96630303501336,9.9438114,9.9887943
Ovary,Female,ADa,,,2,2.9000001,9.849017544037332,9.8269901,9.8710451
Ovary,Female,ADa,,,2,2.95,9.732656410112815,9.7110758,9.7542372
Ovary,Female,ADa,,,2,3.0,9.617250306672824,9.5960989,9.638401
Ovary,Female,ADa,,,2,3.05,9.499571387573376,9.4788399,9.5203028
Ovary,Female,ADa,,,2,3.0999999,9.382984888228188,9.3626547,9.4033155
Ovary,Female,ADa,,,2,3.1500001,9.267510275672564,9.2475634,9.2874565
Ovary,Female,ADa,,,2,3.2,9.15316592457812,9.133585,9.1727467
Ovary,Female,ADa,,,2,3.25,9.039966037589627,9.0207338,9.0591984
Ovary,Female,ADa,,,2,3.3,8.927923058660177,8.9090214,8.946825
Ovary,Female,ADa,,,2,3.3499999,8.81704730816113,8.7984581,8.8356361
Ovary,Female,ADa,,,2,3.4000001,8.707346635534655,8.6890526,8.7256403
Ovary,Female,ADa,,,2,3.45,8.598828664913547,8.5808134,8.6168442
Ovary,Female,ADa,,,2,3.5,8.491497802572127,8.4737434,8.5092516
Ovary,Female,ADa,,,2,3.55,8.385357469307444,8.3678484,8.4028673
Ovary,Female,ADa,,,2,3.5999999,8.280409698247354,8.2631283,8.2976913
Ovary,Female,ADa,,,2,3.6500001,8.176654756926212,8.159585,8.1937237
Ovary,Female,ADa,,,2,3.7,8.074093225618348,8.0572205,8.0909662
Ovary,Female,ADa,,,2,3.75,7.972723125815875,7.9560308,7.9894152
Ovary,Female,ADa,,,2,3.8,7.872541994328728,7.8560157,7.8890681
Ovary,Female,ADa,,,2,3.8499999,7.773546468298235,7.7571716,7.7899213
Ovary,Female,ADa,,,2,3.9000001,7.675731897904463,7.6594949,7.6919689
Ovary,Female,ADa,,,2,3.95,7.579094276921943,7.5629811,7.5952077
Ovary,Female,ADa,,,2,4.0,7.483627509496621,7.4676251,7.49963
Ovary,Female,ADa,,,2,4.0500002,7.386570474467888,7.3706732,7.4024677
Ovary,Female,ADa,,,2,4.0999999,7.290746927519706,7.2749429,7.306551
Ovary,Female,ADa,,,2,4.1500001,7.196146131750417,7.1804237,7.2118688
Ovary,Female,ADa,,,2,4.1999998,7.102760533562154,7.0871091,7.118412
Ovary,Female,ADa,,,2,4.25,7.010578589510189,6.9949875,7.0261698
Ovary,Female,ADa,,,2,4.3000002,6.919591070846806,6.9040508,6.9351315
Ovary,Female,ADa,,,2,4.3499999,6.829788378759915,6.8142896,6.8452868
Ovary,Female,ADa,,,2,4.4000001,6.741158061784525,6.7256923,6.7566237
Ovary,Female,ADa,,,2,4.4499998,6.65369081569613,6.6382504,6.6691313
Ovary,Female,ADa,,,2,4.5,6.567373751471116,6.5519509,6.5827966
Ovary,Female,ADa,,,2,4.5500002,6.482196290256695,6.466784,6.4976087
Ovary,Female,ADa,,,2,4.5999999,6.398147638034033,6.3827395,6.4135561
Ovary,Female,ADa,,,2,4.6500001,6.31521445396281,6.2998042,6.3306246
Ovary,Female,ADa,,,2,4.6999998,6.233386457004798,6.2179689,6.2488036
Ovary,Female,ADa,,,2,4.75,6.152650118769337,6.1372204,6.1680799
Ovary,Female,ADa,,,2,4.8000002,6.072994171626455,6.0575476,6.0884409
Ovary,Female,ADa,,,2,4.8499999,5.994407238885465,5.9789395,6.0098748
Ovary,Female,ADa,,,2,4.9000001,5.916875649100177,5.9013834,5.9323678
Ovary,Female,ADa,,,2,4.9499998,5.840388672311434,5.8248682,5.8559089
Ovary,Female,ADa,,,2,5.0,5.76493261829571,5.7493815,5.7804837
Ovary,Female,ADb,,,0,0.0,0.0,0.0,0.0
Ovary,Female,ADb,,,0,0.050000001,0.9248703549233176,0.7018792,1.1478615
Ovary,Female,ADb,,,0,0.1,1.757087002198389,1.3470266,2.1671474
Ovary,Female,ADb,,,0,0.15000001,2.471334226950141,1.9082409,3.0344276
Ovary,Female,ADb,,,0,0.2,3.092388885166201,2.4005039,3.7842739
Ovary,Female,ADb,,,0,0.25,3.639179424549994,2.8363786,4.4419804
Ovary,Female,ADb,,,0,0.30000001,4.125550412885687,3.2255294,5.0255713
Ovary,Female,ADb,,,0,0.34999999,4.561831537751146,3.5754213,5.5482416
Ovary,Female,ADb,,,0,0.40000001,4.955925234398634,3.8919137,6.019937
Ovary,Female,ADb,,,0,0.44999999,5.314013132113359,4.1796794,6.4483466
Ovary,Female,ADb,,,0,0.5,5.641026799361896,4.4425058,6.8395481
Ovary,Female,ADb,,,0,0.55000001,5.940964914972682,4.6834993,7.1984305
Ovary,Female,ADb,,,0,0.60000002,6.217116749942221,4.9052424,7.5289912
Ovary,Female,ADb,,,0,0.64999998,6.472221031062986,5.1099024,7.8345399
Ovary,Female,ADb,,,0,0.69999999,6.708583782602631,5.2993159,8.1178513
Ovary,Female,ADb,,,0,0.75,6.928163560554196,5.4750519,8.3812752
Ovary,Female,ADb,,,0,0.80000001,7.132638787047654,5.6384616,8.6268158
Ovary,Female,ADb,,,0,0.85000002,7.323674198158756,5.7908869,8.8564615
Ovary,Female,ADb,,,0,0.89999998,7.503463739668604,5.934093,9.072834
Ovary,Female,ADb,,,0,0.94999999,7.673966464715278,6.0696564,9.2782764
Ovary,Female,ADb,,,0,1.0,7.836769337351569,6.1988559,9.4746828
Ovary,Female,ADb,,,0,1.05,7.992678010394911,6.3223953,9.662961
Ovary,Female,ADb,,,0,1.1,8.14322294430059,6.4414535,9.8449926
Ovary,Female,ADb,,,0,1.15,8.289272507588663,6.5567307,10.021814
Ovary,Female,ADb,,,0,1.2,8.431543479296181,6.6688066,10.194281
Ovary,Female,ADb,,,0,1.25,8.570626776163692,6.7781572,10.363096
Ovary,Female,ADb,,,0,1.3,8.707012436043811,6.885179,10.528846
Ovary,Female,ADb,,,0,1.35,8.841106562638231,6.9901996,10.692014
Ovary,Female,ADb,,,0,1.4,8.973244810983147,7.0934887,10.853001
Ovary,Female,ADb,,,0,1.45,9.103706229084423,7.1952715,11.012141
Ovary,Female,ADb,,,0,1.5,9.232720144930852,7.295732,11.169708
Ovary,Female,ADb,,,0,1.55,9.360476018539998,7.3950224,11.32593
Ovary,Female,ADb,,,0,1.6,9.487124502509886,7.4932628,11.480986
Ovary,Female,ADb,,,0,1.65,9.61263170335522,7.5904284,11.634835
Ovary,Female,ADb,,,0,1.7,9.736774838907904,7.6863461,11.787204
Ovary,Female,ADb,,,0,1.75,9.859349399056583,7.7808566,11.937842
Ovary,Female,ADb,,,0,1.8,9.980181013087702,7.8738256,12.086536
Ovary,Female,ADb,,,0,1.85,10.09912080386857,7.9651394,12.233103
Ovary,Female,ADb,,,0,1.9,10.21604139400785,8.0546999,12.377382
Ovary,Female,ADb,,,0,1.95,10.33083618623445,8.1424284,12.519244
Ovary,Female,ADb,,,0,2.0,10.44341482592114,8.2282562,12.658574
Ovary,Female,ADb,,,0,2.05,10.55305374612442,8.3116484,12.794458
Ovary,Female,ADb,,,0,2.0999999,10.6603323492921,8.393034,12.92763
Ovary,Female,ADb,,,0,2.1500001,10.7652028544419,8.4723778,13.058027
Ovary,Female,ADb,,,0,2.2,10.86762678253245,8.549655,13.185598
Ovary,Female,ADb,,,0,2.25,10.96757678793551,8.6248484,13.310306
Ovary,Female,ADb,,,0,2.3,11.06503361161845,8.6979465,13.432121
Ovary,Female,ADb,,,0,2.3499999,11.1599856673563,8.7689447,13.551026
Ovary,Female,ADb,,,0,2.4000001,11.25242865636977,8.8378448,13.667012
Ovary,Female,ADb,,,0,2.45,11.34236308306168,8.9046516,13.780074
Ovary,Female,ADb,,,0,2.5,11.42980581498693,8.9693823,13.890229
Ovary,Female,ADb,,,0,2.55,11.51480917867821,9.0320826,13.997536
Ovary,Female,ADb,,,0,2.5999999,11.59743129574923,9.0928011,14.102061
Ovary,Female,ADb,,,0,2.6500001,11.67772878537187,9.1515865,14.203872
Ovary,Female,ADb,,,0,2.7,11.755755337094,9.2084837,14.303027
Ovary,Female,ADb,,,0,2.75,11.8315640943452,9.2635384,14.39959
Ovary,Female,ADb,,,0,2.8,11.90520619263521,9.3167934,14.493619
Ovary,Female,ADb,,,0,2.8499999,11.97673122296135,9.3682909,14.585172
Ovary,Female,ADb,,,0,2.9000001,12.04618762815232,9.4180727,14.674303
Ovary,Female,ADb,,,0,2.95,12.11362145342395,9.466177,14.761066
Ovary,Female,ADb,,,0,3.0,12.17907839444507,9.5126429,14.845514
Ovary,Female,ADb,,,0,3.05,12.24182470249559,9.5569172,14.926732
Ovary,Female,ADb,,,0,3.0999999,12.30267675006871,9.5996227,15.005731
Ovary,Female,ADb,,,0,3.1500001,12.36167676888675,9.6407948,15.082559
Ovary,Female,ADb,,,0,3.2,12.4188650015663,9.6804676,15.157262
Ovary,Female,ADb,,,0,3.25,12.47428143471399,9.7186756,15.229887
Ovary,Female,ADb,,,0,3.3,12.5279647078118,9.7554502,15.300479
Ovary,Female,ADb,,,0,3.3499999,12.57995243937222,9.7908249,15.369081
Ovary,Female,ADb,,,0,3.4000001,12.63028150126087,9.8248291,15.435734
Ovary,Female,ADb,,,0,3.45,12.67898710287443,9.8574934,15.500481
Ovary,Female,ADb,,,0,3.5,12.72610426509078,9.8888483,15.56336
Ovary,Female,ADb,,,0,3.55,12.77166688513216,9.9189215,15.624413
Ovary,Female,ADb,,,0,3.5999999,12.81570801134802,9.9477406,15.683676
Ovary,Female,ADb,,,0,3.6500001,12.85826007194953,9.9753332,15.741187
Ovary,Female,ADb,,,0,3.7,12.89935409841752,10.001726,15.796982
Ovary,Female,ADb,,,0,3.75,12.93902096925257,10.026946,15.851096
Ovary,Female,ADb,,,0,3.8,12.97729061673488,10.051016,15.903565
Ovary,Female,ADb,,,0,3.8499999,13.01419225747554,10.073963,15.954422
Ovary,Female,ADb,,,0,3.9000001,13.04975458185606,10.09581,16.003698
Ovary,Female,ADb,,,0,3.95,13.08400510412167,10.11658,16.05143
Ovary,Female,ADb,,,0,4.0,13.11697120062877,10.136297,16.097645
Ovary,Female,ADb,,,0,4.0500002,13.14780883211421,10.154316,16.141302
Ovary,Female,ADb,,,0,4.0999999,13.17741330705491,10.171324,16.183504
Ovary,Female,ADb,,,0,4.1500001,13.20581075521073,10.187343,16.224279
Ovary,Female,ADb,,,0,4.1999998,13.23302561879689,10.202394,16.263657
Ovary,Female,ADb,,,0,4.25,13.25908283728512,10.216498,16.301668
Ovary,Female,ADb,,,0,4.3000002,13.28400601877667,10.229675,16.338337
Ovary,Female,ADb,,,0,4.3499999,13.30781828309483,10.241945,16.373692
Ovary,Female,ADb,,,0,4.4000001,13.33054290955704,10.253327,16.407759
Ovary,Female,ADb,,,0,4.4499998,13.35220178777729,10.26384,16.440563
Ovary,Female,ADb,,,0,4.5,13.37281716642235,10.273502,16.472132
Ovary,Female,ADb,,,0,4.5500002,13.39241019532102,10.282331,16.502489
Ovary,Female,ADb,,,0,4.5999999,13.41100160199505,10.290345,16.531658
Ovary,Female,ADb,,,0,4.6500001,13.4286121921902,10.297561,16.559664
Ovary,Female,ADb,,,0,4.6999998,13.44526164413878,10.303995,16.586529
Ovary,Female,ADb,,,0,4.75,13.4609698646405,10.309666,16.612274
Ovary,Female,ADb,,,0,4.8000002,13.47575586580422,10.314587,16.636925
Ovary,Female,ADb,,,0,4.8499999,13.48963829178348,10.318775,16.660501
Ovary,Female,ADb,,,0,4.9000001,13.50263578681006,10.322247,16.683025
Ovary,Female,ADb,,,0,4.9499998,13.51476609956006,10.325016,16.704515
Ovary,Female,ADb,,,0,5.0,13.52604708531487,10.327098,16.724997
Ovary,Female,ADb,,,1,0.0,0.0,0.0,0.0
Ovary,Female,ADb,,,1,0.050000001,0.8242443966190951,0.64862144,0.99986732
Ovary,Female,ADb,,,1,0.1,1.573488649202385,1.2443057,1.9026716
Ovary,Female,ADb,,,1,0.15000001,2.223171632031644,1.7613152,2.6850281
Ovary,Female,ADb,,,1,0.2,2.793228205436705,2.2149992,3.3714571
Ovary,Female,ADb,,,1,0.25,3.299156992990127,2.6175013,3.9808128
Ovary,Female,ADb,,,1,0.30000001,3.7524147690538,2.9778645,4.5269651
Ovary,Female,ADb,,,1,0.34999999,4.161628386801496,3.3029306,5.0203261
Ovary,Female,ADb,,,1,0.40000001,4.533453833924682,3.5979953,5.4689126
Ovary,Female,ADb,,,1,0.44999999,4.873139110325013,3.8672447,5.8790336
Ovary,Female,ADb,,,1,0.5,5.184902331929578,4.1140509,6.255754
Ovary,Female,ADb,,,1,0.55000001,5.472187641645974,4.3411717,6.6032038
Ovary,Female,ADb,,,1,0.60000002,5.737846846136364,4.5508938,6.9247999
Ovary,Female,ADb,,,1,0.64999998,5.984269108850057,4.7451348,7.2234035
Ovary,Female,ADb,,,1,0.69999999,6.21347791692682,4.9255214,7.5014343
Ovary,Female,ADb,,,1,0.75,6.427201217487365,5.0934434,7.7609591
Ovary,Female,ADb,,,1,0.80000001,6.626927489740098,5.2500987,8.0037565
Ovary,Female,ADb,,,1,0.85000002,6.814152888291645,5.3966894,8.231617
Ovary,Female,ADb,,,1,0.89999998,6.990894779906554,5.5348263,8.4469633
Ovary,Female,ADb,,,1,0.94999999,7.158965521621155,5.6659551,8.6519756
Ovary,Female,ADb,,,1,1.0,7.319837625627201,5.7912498,8.8484249
Ovary,Female,ADb,,,1,1.05,7.474298474672509,5.9113402,9.0372572
Ovary,Female,ADb,,,1,1.1,7.623734966295785,6.0273285,9.2201414
Ovary,Female,ADb,,,1,1.15,7.768959228228027,6.1398621,9.398056
Ovary,Female,ADb,,,1,1.2,7.910643347651899,6.2494745,9.5718126
Ovary,Female,ADb,,,1,1.25,8.049342664168563,6.3566074,9.7420778
Ovary,Female,ADb,,,1,1.3,8.185518857858114,6.4616265,9.9094114
Ovary,Female,ADb,,,1,1.35,8.319555440252941,6.564836,10.074275
Ovary,Female,ADb,,,1,1.4,8.451770098863278,6.6664872,10.237053
Ovary,Female,ADb,,,1,1.45,8.58242764304498,6.766788,10.398067
Ovary,Female,ADb,,,1,1.5,8.711746181145969,6.8659105,10.557582
Ovary,Female,ADb,,,1,1.55,8.839906411013487,6.9639959,10.715816
Ovary,Female,ADb,,,1,1.6,8.967052345615116,7.0611563,10.872949
Ovary,Female,ADb,,,1,1.65,9.093149148174888,7.1573648,11.028934
Ovary,Female,ADb,,,1,1.7,9.217977995656495,7.2524505,11.183506
Ovary,Female,ADb,,,1,1.75,9.3413371405359,7.3462567,11.336417
Ovary,Female,ADb,,,1,1.8,9.463053655232642,7.4386501,11.487457
Ovary,Female,ADb,,,1,1.85,9.582979009332831,7.5295162,11.636442
Ovary,Female,ADb,,,1,1.9,9.70098525782447,7.6187563,11.783214
Ovary,Female,ADb,,,1,1.95,9.816964498543769,7.7062893,11.92764
Ovary,Female,ADb,,,1,2.0,9.930824449072162,7.7920446,12.069604
Ovary,Female,ADb,,,1,2.05,10.0419065005662,7.875505,12.208308
Ovary,Female,ADb,,,1,2.0999999,10.15071793040534,7.9570746,12.344361
Ovary,Female,ADb,,,1,2.1500001,10.2572078109055,8.0367174,12.477698
Ovary,Female,ADb,,,1,2.2,10.36133424856141,8.1144028,12.608266
Ovary,Female,ADb,,,1,2.25,10.46306632143174,8.1901112,12.736022
Ovary,Female,ADb,,,1,2.3,10.56238105248784,8.2638254,12.860936
Ovary,Female,ADb,,,1,2.3499999,10.65926304641326,8.3355389,12.982986
Ovary,Female,ADb,,,1,2.4000001,10.75370415050565,8.4052486,13.10216
Ovary,Female,ADb,,,1,2.45,10.84570096297406,8.4729538,13.218449
Ovary,Female,ADb,,,1,2.5,10.93526633458129,8.5386686,13.331864
Ovary,Female,ADb,,,1,2.55,11.02244819096325,8.6024332,13.442463
Ovary,Female,ADb,,,1,2.5999999,11.10730041598237,8.6642923,13.550309
Ovary,Female,ADb,,,1,2.6500001,11.18987567199554,8.7242889,13.655462
Ovary,Female,ADb,,,1,2.7,11.27022390901396,8.7824659,13.757982
Ovary,Female,ADb,,,1,2.75,11.34839479517919,8.8388624,13.857927
Ovary,Female,ADb,,,1,2.8,11.42443619508128,8.8935194,13.955353
Ovary,Female,ADb,,,1,2.8499999,11.49839462869502,8.946476,14.050314
Ovary,Female,ADb,,,1,2.9000001,11.57031566560272,8.9977674,14.142863
Ovary,Female,ADb,,,1,2.95,11.64024261560323,9.0474329,14.233052
Ovary,Female,ADb,,,1,3.0,11.70821863556205,9.0955057,14.320931
Ovary,Female,ADb,,,1,3.05,11.77355149423889,9.1414404,14.405663
Ovary,Female,ADb,,,1,3.0999999,11.83700943303657,9.1858463,14.488173
Ovary,Female,ADb,,,1,3.1500001,11.89863259714284,9.2287579,14.568507
Ovary,Female,ADb,,,1,3.2,11.95845922874625,9.2702045,14.646713
Ovary,Female,ADb,,,1,3.25,12.0165274672637,9.3102198,14.722835
Ovary,Female,ADb,,,1,3.3,12.07287420092803,9.348834,14.796915
Ovary,Female,ADb,,,1,3.3499999,12.12753539861944,9.386075,14.868996
Ovary,Female,ADb,,,1,3.4000001,12.18054639069817,9.4219742,14.939118
Ovary,Female,ADb,,,1,3.45,12.23194089614549,9.4565592,15.007323
Ovary,Female,ADb,,,1,3.5,12.28175256783061,9.4898567,15.073648
Ovary,Female,ADb,,,1,3.55,12.3300140012081,9.5218945,15.138134
Ovary,Female,ADb,,,1,3.5999999,12.37675701717654,9.5526991,15.200815
Ovary,Female,ADb,,,1,3.6500001,12.42201289933848,9.5822954,15.26173
Ovary,Female,ADb,,,1,3.7,12.46581156175375,9.6107092,15.320914
Ovary,Female,ADb,,,1,3.75,12.50818286625179,9.6379642,15.378401
Ovary,Female,ADb,,,1,3.8,12.54915577407587,9.6640863,15.434226
Ovary,Female,ADb,,,1,3.8499999,12.58875858600538,9.6890965,15.48842
Ovary,Female,ADb,,,1,3.9000001,12.62701914155372,9.7130194,15.541019
Ovary,Female,ADb,,,1,3.95,12.66396411470583,9.7358761,15.592052
Ovary,Female,ADb,,,1,4.0,12.6996201266515,9.7576895,15.641551
Ovary,Female,ADb,,,1,4.0500002,12.73317469046236,9.7778187,15.688531
Ovary,Female,ADb,,,1,4.0999999,12.76548847960947,9.7969446,15.734032
Ovary,Female,ADb,,,1,4.1500001,12.79658706631676,9.8150883,15.778086
Ovary,Female,ADb,,,1,4.1999998,12.8264942689832,9.8322697,15.820719
Ovary,Female,ADb,,,1,4.25,12.85523454103969,9.8485079,15.861961
Ovary,Female,ADb,,,1,4.3000002,12.88283096050026,9.8638229,15.901838
Ovary,Female,ADb,,,1,4.3499999,12.9093061487369,9.8782339,15.940379
Ovary,Female,ADb,,,1,4.4000001,12.93468299235599,9.891758,15.977608
Ovary,Female,ADb,,,1,4.4499998,12.95898291491972,9.9044151,16.013552
Ovary,Female,ADb,,,1,4.5,12.98222782655722,9.9162216,16.048235
Ovary,Female,ADb,,,1,4.5500002,13.00443848810897,9.9271955,16.081682
Ovary,Female,ADb,,,1,4.5999999,13.02563526241931,9.9373531,16.113916
Ovary,Female,ADb,,,1,4.6500001,13.0458386876598,9.9467125,16.144964
Ovary,Female,ADb,,,1,4.6999998,13.06506809679695,9.9552879,16.174849
Ovary,Female,ADb,,,1,4.75,13.08334317037361,9.9630976,16.203588
Ovary,Female,ADb,,,1,4.8000002,13.10068263967145,9.9701557,16.231209
Ovary,Female,ADb,,,1,4.8499999,13.11710488685134,9.9764776,16.257732
Ovary,Female,ADb,,,1,4.9000001,13.1326283841442,9.9820786,16.283178
Ovary,Female,ADb,,,1,4.9499998,13.1472706281159,9.9869738,16.307568
Ovary,Female,ADb,,,1,5.0,13.1610493337015,9.9911776,16.330921
Ovary,Female,ADb,,,2,0.0,0.0,0.0,0.0
Ovary,Female,ADb,,,2,0.050000001,0.0984767794466013,-0.06287735,0.25983092
Ovary,Female,ADb,,,2,0.1,0.179062682096724,-0.10786536,0.46599072
Ovary,Female,ADb,,,2,0.15000001,0.2411814696788035,-0.13799396,0.62035692
Ovary,Female,ADb,,,2,0.2,0.2897458421990997,-0.15925264,0.73874432
Ovary,Female,ADb,,,2,0.25,0.3282235460527048,-0.17502499,0.8314721
Ovary,Female,ADb,,,2,0.30000001,0.3590228894884859,-0.18727076,0.90531653
Ovary,Female,ADb,,,2,0.34999999,0.3838573070744218,-0.19717388,0.96488851
Ovary,Female,ADb,,,2,0.40000001,0.4039779932759373,-0.20547611,1.0134321
Ovary,Female,ADb,,,2,0.44999999,0.4203198165141444,-0.21265629,1.053296
Ovary,Female,ADb,,,2,0.5,0.4335953424709871,-0.2190312,1.0862219
Ovary,Female,ADb,,,2,0.55000001,0.4443569562150387,-0.2248144,1.1135284
Ovary,Female,ADb,,,2,0.60000002,0.4530392356719801,-0.23015252,1.1362309
Ovary,Female,ADb,,,2,0.64999998,0.4599884634826878,-0.23514721,1.1551242
Ovary,Female,ADb,,,2,0.69999999,0.4654837092955759,-0.23987012,1.1708375
Ovary,Female,ADb,,,2,0.75,0.4697520777831556,-0.244372,1.1838762
Ovary,Female,ADb,,,2,0.80000001,0.4729800497458854,-0.24868898,1.1946491
Ovary,Female,ADb,,,2,0.85000002,0.4753315885874088,-0.25285214,1.2035153
Ovary,Female,ADb,,,2,0.89999998,0.4769744621388909,-0.25690138,1.2108504
Ovary,Female,ADb,,,2,0.94999999,0.4780468425576458,-0.26086998,1.2169636
Ovary,Female,ADb,,,2,1.0,0.4786560148455621,-0.26478261,1.2220947
Ovary,Female,ADb,,,2,1.05,0.4788142298751552,-0.26847145,1.2260998
Ovary,Female,ADb,,,2,1.1,0.4786601223685309,-0.27213404,1.2294543
Ovary,Female,ADb,,,2,1.15,0.4782456298111839,-0.2757816,1.2322729
Ovary,Female,ADb,,,2,1.2,0.4776117885095417,-0.27942282,1.2346464
Ovary,Female,ADb,,,2,1.25,0.4767910862160463,-0.28306469,1.2366469
Ovary,Female,ADb,,,2,1.3,0.475809250242115,-0.28671277,1.2383313
Ovary,Female,ADb,,,2,1.35,0.4746866385465225,-0.29037166,1.2397449
Ovary,Female,ADb,,,2,1.4,0.4734393298578468,-0.29404503,1.2409236
Ovary,Female,ADb,,,2,1.45,0.4720799508066449,-0.29773614,1.241896
Ovary,Female,ADb,,,2,1.5,0.470618367430319,-0.30144745,1.2426841
Ovary,Female,ADb,,,2,1.55,0.4690621933150823,-0.30518126,1.2433057
Ovary,Female,ADb,,,2,1.6,0.4674171351830694,-0.30893928,1.2437736
Ovary,Female,ADb,,,2,1.65,0.4656844918684584,-0.31271833,1.2440873
Ovary,Female,ADb,,,2,1.7,0.4638620340162589,-0.31650937,1.2442334
Ovary,Female,ADb,,,2,1.75,0.4619486390520819,-0.32030419,1.2442014
Ovary,Female,ADb,,,2,1.8,0.4599443166894304,-0.32409555,1.2439842
Ovary,Female,ADb,,,2,1.85,0.4578500135651069,-0.3278769,1.2435769
Ovary,Female,ADb,,,2,1.9,0.4556674555351492,-0.33164236,1.2429773
Ovary,Female,ADb,,,2,1.95,0.4533989663756444,-0.33538678,1.2421848
Ovary,Female,ADb,,,2,2.0,0.4510473866232871,-0.33910549,1.2412002
Ovary,Female,ADb,,,2,2.05,0.448550262353848,-0.34256089,1.2396615
Ovary,Female,ADb,,,2,2.0999999,0.4459789153025184,-0.34598044,1.2379383
Ovary,Female,ADb,,,2,2.1500001,0.4433371019895134,-0.3493607,1.2360349
Ovary,Female,ADb,,,2,2.2,0.4406287805955458,-0.3526988,1.2339563
Ovary,Female,ADb,,,2,2.25,0.4378579825540498,-0.35599205,1.231708
Ovary,Female,ADb,,,2,2.3,0.4350288180730075,-0.35923797,1.2292956
Ovary,Female,ADb,,,2,2.3499999,0.4321454261750262,-0.36243445,1.2267253
Ovary,Female,ADb,,,2,2.4000001,0.4292119290705898,-0.36557958,1.2240034
Ovary,Female,ADb,,,2,2.45,0.4262324619696187,-0.36867154,1.2211365
Ovary,Female,ADb,,,2,2.5,0.4232111328595778,-0.37170917,1.2181314
Ovary,Female,ADb,,,2,2.55,0.4201521438073286,-0.37469238,1.2149967
Ovary,Female,ADb,,,2,2.5999999,0.4170594728330599,-0.37762144,1.2117404
Ovary,Female,ADb,,,2,2.6500001,0.4139368134904799,-0.38049656,1.2083702
Ovary,Female,ADb,,,2,2.7,0.4107876549275602,-0.3833181,1.2048934
Ovary,Female,ADb,,,2,2.75,0.4076152110696256,-0.38608631,1.2013167
Ovary,Female,ADb,,,2,2.8,0.4044224969822636,-0.38880163,1.1976466
Ovary,Female,ADb,,,2,2.8499999,0.4012123295194669,-0.39146444,1.1938891
Ovary,Female,ADb,,,2,2.9000001,0.3979873260718136,-0.39407507,1.1900498
Ovary,Female,ADb,,,2,2.95,0.3947499791264448,-0.39663389,1.1861339
Ovary,Female,ADb,,,2,3.0,0.3915025758896178,-0.39914152,1.1821467
Ovary,Female,ADb,,,2,3.05,0.3882075939429797,-0.40131968,1.1777349
Ovary,Female,ADb,,,2,3.0999999,0.3849088353156702,-0.4034467,1.1732644
Ovary,Female,ADb,,,2,3.1500001,0.3816081384892698,-0.40552321,1.1687394
Ovary,Female,ADb,,,2,3.2,0.3783072682490882,-0.40754977,1.1641643
Ovary,Female,ADb,,,2,3.25,0.3750078292432164,-0.40952685,1.1595426
Ovary,Female,ADb,,,2,3.3,0.3717113363353661,-0.41145509,1.1548778
Ovary,Female,ADb,,,2,3.3499999,0.3684192057107936,-0.41333514,1.1501735
Ovary,Female,ADb,,,2,3.4000001,0.365132745555627,-0.41516745,1.1454329
Ovary,Female,ADb,,,2,3.45,0.3618532245856443,-0.41695264,1.1406591
Ovary,Female,ADb,,,2,3.5,0.3585817834585043,-0.41869125,1.1358548
Ovary,Female,ADb,,,2,3.55,0.3553195025499178,-0.42038393,1.1310229
Ovary,Female,ADb,,,2,3.5999999,0.3520673909690402,-0.42203125,1.126166
Ovary,Female,ADb,,,2,3.6500001,0.3488263755052827,-0.42363375,1.1212865
Ovary,Female,ADb,,,2,3.7,0.3455973664643039,-0.42519209,1.1163868
Ovary,Female,ADb,,,2,3.75,0.3423811687297729,-0.4267067,1.111469
Ovary,Female,ADb,,,2,3.8,0.3391785471764166,-0.42817831,1.1065354
Ovary,Female,ADb,,,2,3.8499999,0.3359902144901241,-0.42960739,1.1015878
Ovary,Female,ADb,,,2,3.9000001,0.3328168191563918,-0.43099457,1.0966282
Ovary,Female,ADb,,,2,3.95,0.3296590087990268,-0.43234041,1.0916585
Ovary,Female,ADb,,,2,4.0,0.3265173420798675,-0.43364543,1.0866802
Ovary,Female,ADb,,,2,4.0500002,0.3233658308195828,-0.43460628,1.0813379
Ovary,Female,ADb,,,2,4.0999999,0.3202332775831422,-0.43552801,1.0759946
Ovary,Female,ADb,,,2,4.1500001,0.3171200425927481,-0.43641129,1.0706514
Ovary,Female,ADb,,,2,4.1999998,0.3140265712072789,-0.4372566,1.0653098
Ovary,Female,ADb,,,2,4.25,0.3109531583872922,-0.43806463,1.059971
Ovary,Female,ADb,,,2,4.3000002,0.3079001575232354,-0.43883598,1.0546362
Ovary,Female,ADb,,,2,4.3499999,0.304867892788522,-0.43957114,1.049307
Ovary,Female,ADb,,,2,4.4000001,0.3018565748891433,-0.44027072,1.0439838
Ovary,Female,ADb,,,2,4.4499998,0.2988665045211008,-0.44093531,1.0386683
Ovary,Female,ADb,,,2,4.5,0.2958978440761086,-0.44156542,1.0333611
Ovary,Female,ADb,,,2,4.5500002,0.2929508191104588,-0.44216168,1.0280633
Ovary,Female,ADb,,,2,4.5999999,0.2900256331446371,-0.44272453,1.0227758
Ovary,Female,ADb,,,2,4.6500001,0.2871223861011032,-0.44325456,1.0174993
Ovary,Female,ADb,,,2,4.6999998,0.2842412701900514,-0.44375232,1.0122348
Ovary,Female,ADb,,,2,4.75,0.2813823494821435,-0.44421837,1.006983
Ovary,Female,ADb,,,2,4.8000002,0.2785457537764557,-0.44465312,1.0017446
Ovary,Female,ADb,,,2,4.8499999,0.2757315961606679,-0.44505718,0.99652034
Ovary,Female,ADb,,,2,4.9000001,0.2729398943504577,-0.44543099,0.99131078
Ovary,Female,ADb,,,2,4.9499998,0.2701707588641824,-0.44577512,0.98611665
Ovary,Female,ADb,,,2,5.0,0.2674241808345386,-0.44608995,0.98093832
Ovary,Female,pm,,,0,0.0,0.0,0.0,0.0
Ovary,Female,pm,,,0,0.050000001,8.11642837524414,6.2315388,10.001318
Ovary,Female,pm,,,0,0.1,7.943443775177002,6.1132832,9.7736044
Ovary,Female,pm,,,0,0.15000001,8.019746780395508,6.1968904,9.8426037
Ovary,Female,pm,,,0,0.2,8.156757354736328,6.3273067,9.986208
Ovary,Female,pm,,,0,0.25,8.313522338867188,6.4714065,10.155639
Ovary,Female,pm,,,0,0.30000001,8.476373672485352,6.6184378,10.33431
Ovary,Female,pm,,,0,0.34999999,8.639776229858398,6.7642336,10.515319
Ovary,Female,pm,,,0,0.40000001,8.801260948181152,6.9070587,10.695463
Ovary,Female,pm,,,0,0.44999999,8.959692001342773,7.0462089,10.873176
Ovary,Female,pm,,,0,0.5,9.114569664001465,7.1814537,11.047686
Ovary,Female,pm,,,0,0.55000001,9.265713691711426,7.312789,11.218638
Ovary,Female,pm,,,0,0.60000002,9.413114547729492,7.4403219,11.385907
Ovary,Female,pm,,,0,0.64999998,9.556848526000977,7.5642109,11.549486
Ovary,Female,pm,,,0,0.69999999,9.697038650512695,7.6846342,11.709443
Ovary,Female,pm,,,0,0.75,9.833829879760742,7.8017759,11.865884
Ovary,Female,pm,,,0,0.80000001,9.967378616333008,7.9158196,12.018938
Ovary,Female,pm,,,0,0.85000002,10.09785652160645,8.0269537,12.168759
Ovary,Female,pm,,,0,0.89999998,10.22557258605957,8.1354818,12.315663
Ovary,Female,pm,,,0,0.94999999,10.35085678100586,8.2417183,12.459995
Ovary,Female,pm,,,0,1.0,10.47399711608887,8.3459358,12.602058
Ovary,Female,pm,,,0,1.05,10.5958366394043,8.4489584,12.742715
Ovary,Female,pm,,,0,1.1,10.71600341796875,8.550396,12.881611
Ovary,Female,pm,,,0,1.15,10.83468818664551,8.650425,13.018951
Ovary,Female,pm,,,0,1.2,10.95206356048584,8.7491999,13.154927
Ovary,Female,pm,,,0,1.25,11.06827926635742,8.846858,13.289701
Ovary,Female,pm,,,0,1.3,11.18347072601318,8.9435205,13.423421
Ovary,Female,pm,,,0,1.35,11.29775810241699,9.0392923,13.556224
Ovary,Female,pm,,,0,1.4,11.41125106811523,9.1342726,13.68823
Ovary,Female,pm,,,0,1.45,11.52404594421387,9.2285442,13.819548
Ovary,Female,pm,,,0,1.5,11.63623237609863,9.3221846,13.95028
Ovary,Female,pm,,,0,1.55,11.74789047241211,9.4152641,14.080517
Ovary,Female,pm,,,0,1.6,11.85908889770508,9.5078411,14.210337
Ovary,Female,pm,,,0,1.65,11.9698371887207,9.5999241,14.33975
Ovary,Female,pm,,,0,1.7,12.08010387420654,9.6914873,14.46872
Ovary,Female,pm,,,0,1.75,12.18985939025879,9.7825069,14.597212
Ovary,Female,pm,,,0,1.8,12.29907989501953,9.872963,14.725197
Ovary,Female,pm,,,0,1.85,12.40774631500244,9.962841,14.852652
Ovary,Female,pm,,,0,1.9,12.51583957672119,10.052127,14.979552
Ovary,Female,pm,,,0,1.95,12.62334632873535,10.140811,15.105882
Ovary,Female,pm,,,0,2.0,12.73025131225586,10.228882,15.231621
Ovary,Female,pm,,,0,2.05,12.83720588684082,10.316972,15.35744
Ovary,Female,pm,,,0,2.0999999,12.94353580474854,10.404432,15.482639
Ovary,Female,pm,,,0,2.1500001,13.04923248291016,10.491256,15.607209
Ovary,Female,pm,,,0,2.2,13.15428829193115,10.57744,15.731136
Ovary,Female,pm,,,0,2.25,13.25869560241699,10.662979,15.854412
Ovary,Female,pm,,,0,2.3,13.36244869232178,10.747871,15.977026
Ovary,Female,pm,,,0,2.3499999,13.46554183959961,10.832113,16.09897
Ovary,Female,pm,,,0,2.4000001,13.56797218322754,10.915705,16.22024
Ovary,Female,pm,,,0,2.45,13.66973400115967,10.998643,16.340824
Ovary,Female,pm,,,0,2.5,13.77082633972168,11.08093,16.460724
Ovary,Female,pm,,,0,2.55,13.87125873565674,11.162574,16.579945
Ovary,Female,pm,,,0,2.5999999,13.97104263305664,11.243587,16.6985
Ovary,Female,pm,,,0,2.6500001,14.07018947601318,11.323979,16.816401
Ovary,Female,pm,,,0,2.7,14.16871070861816,11.403763,16.933659
Ovary,Female,pm,,,0,2.75,14.26661396026611,11.482944,17.050283
Ovary,Female,pm,,,0,2.8,14.36391162872314,11.561537,17.166286
Ovary,Female,pm,,,0,2.8499999,14.46061038970947,11.639545,17.281675
Ovary,Female,pm,,,0,2.9000001,14.55672168731689,11.716982,17.396461
Ovary,Female,pm,,,0,2.95,14.65225028991699,11.793851,17.510649
Ovary,Female,pm,,,0,3.0,14.74720573425293,11.870161,17.62425
Ovary,Female,pm,,,0,3.05,14.84228324890137,11.946572,17.737995
Ovary,Female,pm,,,0,3.0999999,14.93679714202881,12.022433,17.851162
Ovary,Female,pm,,,0,3.1500001,15.03075408935547,12.09775,17.963758
Ovary,Female,pm,,,0,3.2,15.12415981292725,12.172527,18.075792
Ovary,Female,pm,,,0,3.25,15.21702098846436,12.246774,18.187269
Ovary,Female,pm,,,0,3.3,15.3093433380127,12.320493,18.298193
Ovary,Female,pm,,,0,3.3499999,15.40113067626953,12.393689,18.408571
Ovary,Female,pm,,,0,3.4000001,15.49239158630371,12.466371,18.518412
Ovary,Female,pm,,,0,3.45,15.58312702178955,12.538539,18.627716
Ovary,Female,pm,,,0,3.5,15.67334365844727,12.610199,18.736488
Ovary,Female,pm,,,0,3.55,15.76304531097412,12.681355,18.844736
Ovary,Female,pm,,,0,3.5999999,15.8522367477417,12.752012,18.952461
Ovary,Female,pm,,,0,3.6500001,15.94092082977295,12.822173,19.059669
Ovary,Female,pm,,,0,3.7,16.02910232543945,12.891841,19.166363
Ovary,Female,pm,,,0,3.75,16.11678504943848,12.961021,19.272549
Ovary,Female,pm,,,0,3.8,16.20397186279297,13.029715,19.378229
Ovary,Female,pm,,,0,3.8499999,16.2906665802002,13.097927,19.483406
Ovary,Female,pm,,,0,3.9000001,16.37687110900879,13.165658,19.588085
Ovary,Female,pm,,,0,3.95,16.46258926391602,13.232912,19.692266
Ovary,Female,pm,,,0,4.0,16.54782485961914,13.299693,19.795956
Ovary,Female,pm,,,0,4.0500002,16.63327980041504,13.366657,19.899902
Ovary,Female,pm,,,0,4.0999999,16.7182502746582,13.433146,20.003355
Ovary,Female,pm,,,0,4.1500001,16.80273818969727,13.49916,20.106316
Ovary,Female,pm,,,0,4.1999998,16.88674736022949,13.564704,20.208792
Ovary,Female,pm,,,0,4.25,16.97027969360352,13.629778,20.310781
Ovary,Female,pm,,,0,4.3000002,17.05333709716797,13.694386,20.412289
Ovary,Female,pm,,,0,4.3499999,17.13591957092285,13.758526,20.513313
Ovary,Female,pm,,,0,4.4000001,17.21803283691406,13.822205,20.613861
Ovary,Female,pm,,,0,4.4499998,17.2996768951416,13.885421,20.713932
Ovary,Female,pm,,,0,4.5,17.3808536529541,13.948177,20.81353
Ovary,Female,pm,,,0,4.5500002,17.4615650177002,14.010475,20.912655
Ovary,Female,pm,,,0,4.5999999,17.54181289672852,14.072317,21.011309
Ovary,Female,pm,,,0,4.6500001,17.62160110473633,14.133705,21.109497
Ovary,Female,pm,,,0,4.6999998,17.70092582702637,14.194637,21.207214
Ovary,Female,pm,,,0,4.75,17.77979469299316,14.255119,21.30447
Ovary,Female,pm,,,0,4.8000002,17.85820770263672,14.315152,21.401264
Ovary,Female,pm,,,0,4.8499999,17.9361629486084,14.374732,21.497593
Ovary,Female,pm,,,0,4.9000001,18.0136661529541,14.433867,21.593466
Ovary,Female,pm,,,0,4.9499998,18.09071731567383,14.492556,21.688879
Ovary,Female,pm,,,0,5.0,18.16731834411621,14.550798,21.783838
Ovary,Female,pm,,,1,0.0,0.0,0.0,0.0
Ovary,Female,pm,,,1,0.050000001,11.67828559875488,9.5907269,13.765844
Ovary,Female,pm,,,1,0.1,11.08867073059082,9.0905809,13.086761
Ovary,Female,pm,,,1,0.15000001,10.99045562744141,9.0064993,12.974412
Ovary,Female,pm,,,1,0.2,11.02379703521729,9.0333357,13.014258
Ovary,Female,pm,,,1,0.25,11.1093111038208,9.1040211,13.114601
Ovary,Female,pm,,,1,0.30000001,11.21909141540527,9.1950293,13.243154
Ovary,Female,pm,,,1,0.34999999,11.34087371826172,9.2960405,13.385707
Ovary,Female,pm,,,1,0.40000001,11.46851253509521,9.4018936,13.535131
Ovary,Female,pm,,,1,0.44999999,11.59865760803223,9.509779,13.687536
Ovary,Female,pm,,,1,0.5,11.7293758392334,9.6180801,13.840672
Ovary,Female,pm,,,1,0.55000001,11.8595142364502,9.7258348,13.993194
Ovary,Female,pm,,,1,0.60000002,11.98837280273438,9.8324594,14.144286
Ovary,Female,pm,,,1,0.64999998,12.11552333831787,9.9375992,14.293447
Ovary,Female,pm,,,1,0.69999999,12.2407112121582,10.041045,14.440377
Ovary,Female,pm,,,1,0.75,12.36379241943359,10.142679,14.584906
Ovary,Female,pm,,,1,0.80000001,12.48469638824463,10.242445,14.726948
Ovary,Female,pm,,,1,0.85000002,12.6034107208252,10.340335,14.866487
Ovary,Female,pm,,,1,0.89999998,12.72003841400146,10.436437,15.00364
Ovary,Female,pm,,,1,0.94999999,12.8347282409668,10.530871,15.138585
Ovary,Female,pm,,,1,1.0,12.94762516021729,10.623762,15.271488
Ovary,Female,pm,,,1,1.05,13.0589599609375,10.715298,15.402622
Ovary,Female,pm,,,1,1.1,13.168776512146,10.805515,15.532038
Ovary,Female,pm,,,1,1.15,13.27720069885254,10.894518,15.659883
Ovary,Female,pm,,,1,1.2,13.38434886932373,10.982401,15.786297
Ovary,Female,pm,,,1,1.25,13.49032974243164,11.069255,15.911405
Ovary,Female,pm,,,1,1.3,13.59524822235107,11.155165,16.035332
Ovary,Female,pm,,,1,1.35,13.69919967651367,11.240208,16.158192
Ovary,Female,pm,,,1,1.4,13.80227375030518,11.324458,16.28009
Ovary,Female,pm,,,1,1.45,13.90455532073975,11.407984,16.401127
Ovary,Female,pm,,,1,1.5,14.0061206817627,11.490848,16.521393
Ovary,Female,pm,,,1,1.55,14.1070442199707,11.573109,16.64098
Ovary,Female,pm,,,1,1.6,14.20739269256592,11.654821,16.759964
Ovary,Female,pm,,,1,1.65,14.30718803405762,11.736004,16.878372
Ovary,Female,pm,,,1,1.7,14.40642547607422,11.81665,16.996201
Ovary,Female,pm,,,1,1.75,14.50509929656982,11.896759,17.11344
Ovary,Female,pm,,,1,1.8,14.60320568084717,11.976326,17.230085
Ovary,Female,pm,,,1,1.85,14.7007417678833,12.055349,17.346134
Ovary,Female,pm,,,1,1.9,14.79770565032959,12.133828,17.461582
Ovary,Female,pm,,,1,1.95,14.89409637451172,12.211762,17.576429
Ovary,Female,pm,,,1,2.0,14.98991298675537,12.289153,17.690674
Ovary,Female,pm,,,1,2.05,15.08527374267578,12.366092,17.804455
Ovary,Female,pm,,,1,2.0999999,15.18005847930908,12.442486,17.917631
Ovary,Female,pm,,,1,2.1500001,15.27426624298096,12.518334,18.030199
Ovary,Female,pm,,,1,2.2,15.36789512634277,12.593636,18.142155
Ovary,Female,pm,,,1,2.25,15.46094512939453,12.668392,18.253498
Ovary,Female,pm,,,1,2.3,15.55341339111328,12.7426,18.364225
Ovary,Female,pm,,,1,2.3499999,15.64530086517334,12.816263,18.474339
Ovary,Female,pm,,,1,2.4000001,15.73660469055176,12.889379,18.583832
Ovary,Female,pm,,,1,2.45,15.82732391357422,12.961946,18.692701
Ovary,Female,pm,,,1,2.5,15.91745853424072,13.033967,18.800951
Ovary,Female,pm,,,1,2.55,16.00701713562012,13.105448,18.908587
Ovary,Female,pm,,,1,2.5999999,16.09601020812988,13.176398,19.015623
Ovary,Female,pm,,,1,2.6500001,16.1844482421875,13.246827,19.12207
Ovary,Female,pm,,,1,2.7,16.2723388671875,13.31674,19.227938
Ovary,Female,pm,,,1,2.75,16.35968971252441,13.386144,19.333235
Ovary,Female,pm,,,1,2.8,16.44651031494141,13.455047,19.437973
Ovary,Female,pm,,,1,2.8499999,16.53280830383301,13.523456,19.542162
Ovary,Female,pm,,,1,2.9000001,16.61858940124512,13.591373,19.645805
Ovary,Female,pm,,,1,2.95,16.70386123657227,13.658809,19.748915
Ovary,Female,pm,,,1,3.0,16.78862953186035,13.725764,19.851494
Ovary,Female,pm,,,1,3.05,16.87304496765137,13.792356,19.953733
Ovary,Female,pm,,,1,3.0999999,16.95696830749512,13.858479,20.055458
Ovary,Female,pm,,,1,3.1500001,17.04040336608887,13.924134,20.156673
Ovary,Female,pm,,,1,3.2,17.12335586547852,13.989327,20.257385
Ovary,Female,pm,,,1,3.25,17.20582962036133,14.054062,20.357597
Ovary,Female,pm,,,1,3.3,17.2878303527832,14.118341,20.457319
Ovary,Female,pm,,,1,3.3499999,17.36935997009277,14.182169,20.556551
Ovary,Female,pm,,,1,3.4000001,17.4504222869873,14.245547,20.655298
Ovary,Female,pm,,,1,3.45,17.5310230255127,14.308479,20.753567
Ovary,Female,pm,,,1,3.5,17.61116409301758,14.370969,20.851358
Ovary,Female,pm,,,1,3.55,17.69085121154785,14.433021,20.948683
Ovary,Female,pm,,,1,3.5999999,17.77008247375488,14.49463,21.045534
Ovary,Female,pm,,,1,3.6500001,17.8488655090332,14.555806,21.141926
Ovary,Female,pm,,,1,3.7,17.92720031738281,14.616548,21.237852
Ovary,Female,pm,,,1,3.75,18.00509071350098,14.676858,21.333323
Ovary,Female,pm,,,1,3.8,18.08253860473633,14.736738,21.428339
Ovary,Female,pm,,,1,3.8499999,18.1595458984375,14.796191,21.522902
Ovary,Female,pm,,,1,3.9000001,18.23611640930176,14.855218,21.617016
Ovary,Female,pm,,,1,3.95,18.3122501373291,14.913819,21.71068
Ovary,Female,pm,,,1,4.0,18.38794898986816,14.971996,21.803902
Ovary,Female,pm,,,1,4.0500002,18.4633617401123,15.029856,21.896868
Ovary,Female,pm,,,1,4.0999999,18.53833961486816,15.087289,21.989389
Ovary,Female,pm,,,1,4.1500001,18.61288833618164,15.144302,22.081474
Ovary,Female,pm,,,1,4.1999998,18.68700790405273,15.200896,22.17312
Ovary,Female,pm,,,1,4.25,18.76070022583008,15.257071,22.26433
Ovary,Female,pm,,,1,4.3000002,18.8339672088623,15.312826,22.355108
Ovary,Female,pm,,,1,4.3499999,18.90681076049805,15.368168,22.445454
Ovary,Female,pm,,,1,4.4000001,18.9792308807373,15.423092,22.53537
Ovary,Female,pm,,,1,4.4499998,19.05122756958008,15.4776,22.624855
Ovary,Female,pm,,,1,4.5,19.12280654907227,15.531696,22.713917
Ovary,Female,pm,,,1,4.5500002,19.19396591186523,15.58538,22.802553
Ovary,Female,pm,,,1,4.5999999,19.26470756530762,15.638651,22.890764
Ovary,Female,pm,,,1,4.6500001,19.33503341674805,15.691511,22.978556
Ovary,Female,pm,,,1,4.6999998,19.40494346618652,15.743961,23.065926
Ovary,Female,pm,,,1,4.75,19.47443962097168,15.796002,23.152876
Ovary,Female,pm,,,1,4.8000002,19.54352378845215,15.847636,23.23941
Ovary,Female,pm,,,1,4.8499999,19.61219596862793,15.898862,23.325529
Ovary,Female,pm,,,1,4.9000001,19.68045616149902,15.94968,23.411232
Ovary,Female,pm,,,1,4.9499998,19.7483081817627,16.000093,23.496523
Ovary,Female,pm,,,1,5.0,19.81575202941895,16.0501,23.581404
Ovary,Female,pm,,,2,0.0,0.0,0.0,0.0
Ovary,Female,pm,,,2,0.050000001,2.434872150421143,-0.6780073,5.5477514
Ovary,Female,pm,,,2,0.1,2.396272420883179,-0.75377542,5.5463204
Ovary,Female,pm,,,2,0.15000001,2.399687767028809,-0.80014956,5.599525
Ovary,Female,pm,,,2,0.2,2.414290189743042,-0.83703804,5.6656184
Ovary,Female,pm,,,2,0.25,2.432698011398315,-0.86990476,5.7353005
Ovary,Female,pm,,,2,0.30000001,2.452335357666016,-0.90086365,5.8055344
Ovary,Female,pm,,,2,0.34999999,2.472138404846191,-0.93088162,5.8751583
Ovary,Female,pm,,,2,0.40000001,2.491633653640747,-0.96044457,5.9437118
Ovary,Female,pm,,,2,0.44999999,2.510608434677124,-0.98981136,6.0110283
Ovary,Female,pm,,,2,0.5,2.528975248336792,-1.0191249,6.0770755
Ovary,Female,pm,,,2,0.55000001,2.546709537506104,-1.0484642,6.1418834
Ovary,Female,pm,,,2,0.60000002,2.563819169998169,-1.0778723,6.2055106
Ovary,Female,pm,,,2,0.64999998,2.580328464508057,-1.1073713,6.2680283
Ovary,Female,pm,,,2,0.69999999,2.596270084381104,-1.1369712,6.3295116
Ovary,Female,pm,,,2,0.75,2.611679315567017,-1.1666749,6.3900337
Ovary,Female,pm,,,2,0.80000001,2.626592397689819,-1.1964808,6.4496655
Ovary,Female,pm,,,2,0.85000002,2.641049385070801,-1.2263861,6.5084848
Ovary,Female,pm,,,2,0.89999998,2.655115842819214,-1.2564042,6.5666356
Ovary,Female,pm,,,2,0.94999999,2.668859004974365,-1.2865593,6.6242771
Ovary,Female,pm,,,2,1.0,2.682334184646606,-1.3168806,6.6815491
Ovary,Female,pm,,,2,1.05,2.695961236953735,-1.346828,6.7387505
Ovary,Female,pm,,,2,1.1,2.709410190582275,-1.3769933,6.7958136
Ovary,Female,pm,,,2,1.15,2.722711324691772,-1.4074106,6.8528333
Ovary,Female,pm,,,2,1.2,2.735889911651611,-1.4381154,6.9098954
Ovary,Female,pm,,,2,1.25,2.748965740203857,-1.469144,6.9670753
Ovary,Female,pm,,,2,1.3,2.761955976486206,-1.5005314,7.0244436
Ovary,Female,pm,,,2,1.35,2.774873971939087,-1.5323147,7.0820627
Ovary,Female,pm,,,2,1.4,2.78773021697998,-1.5645305,7.1399908
Ovary,Female,pm,,,2,1.45,2.800533533096313,-1.5972148,7.1982818
Ovary,Female,pm,,,2,1.5,2.813290119171143,-1.6304047,7.2569847
Ovary,Female,pm,,,2,1.55,2.826005220413208,-1.6641375,7.3161478
Ovary,Female,pm,,,2,1.6,2.838681697845459,-1.6984482,7.3758116
Ovary,Female,pm,,,2,1.65,2.85131311416626,-1.7333543,7.4359803
Ovary,Female,pm,,,2,1.7,2.863887548446655,-1.7688572,7.4966321
Ovary,Female,pm,,,2,1.75,2.876394510269165,-1.8049575,7.5577464
Ovary,Female,pm,,,2,1.8,2.888825178146362,-1.8416536,7.6193042
Ovary,Female,pm,,,2,1.85,2.901171922683716,-1.878945,7.6812887
Ovary,Female,pm,,,2,1.9,2.913427591323853,-1.9168297,7.7436848
Ovary,Female,pm,,,2,1.95,2.925586700439453,-1.9553064,7.8064799
Ovary,Female,pm,,,2,2.0,2.937644243240356,-1.9943706,7.8696589
Ovary,Female,pm,,,2,2.05,2.950082063674927,-2.033267,7.9334311
Ovary,Female,pm,,,2,2.0999999,2.962419509887695,-2.0727293,7.9975686
Ovary,Female,pm,,,2,2.1500001,2.974653959274292,-2.1127527,8.0620604
Ovary,Female,pm,,,2,2.2,2.986782789230347,-2.1533325,8.1268978
Ovary,Female,pm,,,2,2.25,2.998804330825806,-2.1944625,8.192071
Ovary,Female,pm,,,2,2.3,3.010717153549194,-2.2361383,8.2575722
Ovary,Female,pm,,,2,2.3499999,3.022519588470459,-2.2783535,8.3233929
Ovary,Female,pm,,,2,2.4000001,3.0342116355896,-2.3211017,8.3895254
Ovary,Female,pm,,,2,2.45,3.045792102813721,-2.3643768,8.4559612
Ovary,Female,pm,,,2,2.5,3.05726146697998,-2.4081726,8.5226955
Ovary,Female,pm,,,2,2.55,3.068620920181274,-2.4524891,8.5897312
Ovary,Female,pm,,,2,2.5999999,3.079871416091919,-2.4973285,8.6570711
Ovary,Female,pm,,,2,2.6500001,3.091014623641968,-2.5426922,8.724721
Ovary,Female,pm,,,2,2.7,3.102051496505737,-2.5885804,8.7926836
Ovary,Female,pm,,,2,2.75,3.112983226776123,-2.6349959,8.8609629
Ovary,Female,pm,,,2,2.8,3.123811006546021,-2.6819398,8.9295616
Ovary,Female,pm,,,2,2.8499999,3.134535551071167,-2.7294147,8.9984856
Ovary,Female,pm,,,2,2.9000001,3.145158290863037,-2.7774222,9.0677385
Ovary,Female,pm,,,2,2.95,3.155679702758789,-2.8259633,9.1373224
Ovary,Female,pm,,,2,3.0,3.166100978851318,-2.8750408,9.207243
Ovary,Female,pm,,,2,3.05,3.177114486694336,-2.9235673,9.2777958
Ovary,Female,pm,,,2,3.0999999,3.188041687011719,-2.9726129,9.3486958
Ovary,Female,pm,,,2,3.1500001,3.198883056640625,-3.0221801,9.4199457
Ovary,Female,pm,,,2,3.2,3.209639310836792,-3.0722694,9.4915476
Ovary,Female,pm,,,2,3.25,3.220311403274536,-3.122884,9.5635071
Ovary,Female,pm,,,2,3.3,3.230899810791016,-3.1740258,9.6358252
Ovary,Female,pm,,,2,3.3499999,3.241405248641968,-3.2256968,9.7085075
Ovary,Female,pm,,,2,3.4000001,3.251828670501709,-3.277899,9.7815561
Ovary,Female,pm,,,2,3.45,3.262170314788818,-3.3306341,9.8549747
Ovary,Female,pm,,,2,3.5,3.272430658340454,-3.3839054,9.9287672
Ovary,Female,pm,,,2,3.55,3.282610654830933,-3.4377141,10.002935
Ovary,Female,pm,,,2,3.5999999,3.292710304260254,-3.4920628,10.077483
Ovary,Female,pm,,,2,3.6500001,3.302730321884155,-3.5469549,10.152415
Ovary,Female,pm,,,2,3.7,3.312671184539795,-3.6023908,10.227734
Ovary,Female,pm,,,2,3.75,3.322533130645752,-3.6583741,10.30344
Ovary,Female,pm,,,2,3.8,3.332316637039185,-3.7149072,10.37954
Ovary,Female,pm,,,2,3.8499999,3.342022180557251,-3.7719922,10.456037
Ovary,Female,pm,,,2,3.9000001,3.35164999961853,-3.829632,10.532932
Ovary,Female,pm,,,2,3.95,3.361200571060181,-3.8878284,10.610229
Ovary,Female,pm,,,2,4.0,3.370673894882202,-3.9465849,10.687933
Ovary,Female,pm,,,2,4.0500002,3.380936861038208,-4.0045123,10.766386
Ovary,Female,pm,,,2,4.0999999,3.391136407852173,-4.0629802,10.845253
Ovary,Female,pm,,,2,4.1500001,3.401273250579834,-4.1219912,10.924538
Ovary,Female,pm,,,2,4.1999998,3.411347627639771,-4.1815462,11.004242
Ovary,Female,pm,,,2,4.25,3.421359539031982,-4.2416506,11.08437
Ovary,Female,pm,,,2,4.3000002,3.431309461593628,-4.3023047,11.164924
Ovary,Female,pm,,,2,4.3499999,3.441197633743286,-4.3635116,11.245907
Ovary,Female,pm,,,2,4.4000001,3.451024293899536,-4.4252739,11.327322
Ovary,Female,pm,,,2,4.4499998,3.460789442062378,-4.4875941,11.409173
Ovary,Female,pm,,,2,4.5,3.47049355506897,-4.5504751,11.491463
Ovary,Female,pm,,,2,4.5500002,3.480136632919312,-4.6139197,11.574193
Ovary,Female,pm,,,2,4.5999999,3.489719152450562,-4.6779299,11.657368
Ovary,Female,pm,,,2,4.6500001,3.499240875244141,-4.7425084,11.740991
Ovary,Female,pm,,,2,4.6999998,3.508702278137207,-4.8076577,11.825062
Ovary,Female,pm,,,2,4.75,3.518103361129761,-4.8733821,11.909589
Ovary,Female,pm,,,2,4.8000002,3.527444362640381,-4.9396825,11.994572
Ovary,Female,pm,,,2,4.8499999,3.536725282669067,-5.0065627,12.080013
Ovary,Female,pm,,,2,4.9000001,3.545946359634399,-5.0740261,12.165919
Ovary,Female,pm,,,2,4.9499998,3.555107831954956,-5.1420736,12.252289
Ovary,Female,pm,,,2,5.0,3.564209461212158,-5.2107096,12.339128
Ovary,Female,tce,,,0,0.0,0.0,0.0,0.0
Ovary,Female,tce,,,0,0.050000001,0.0119055886843308,0.011667822,0.012143356
Ovary,Female,tce,,,0,0.1,0.0229217812208371,0.022479909,0.023363654
Ovary,Female,tce,,,0,0.15000001,0.0318192198974988,0.031208497,0.032429945
Ovary,Female,tce,,,0,0.2,0.0390789860600135,0.038325343,0.039832629
Ovary,Female,tce,,,0,0.25,0.0450847300442631,0.044207726,0.045961734
Ovary,Female,tce,,,0,0.30000001,0.0501129728440901,0.049127825,0.051098123
Ovary,Female,tce,,,0,0.34999999,0.0543646438669765,0.053283505,0.055445783
Ovary,Female,tce,,,0,0.40000001,0.0579888955079502,0.056821696,0.059156097
Ovary,Female,tce,,,0,0.44999999,0.0610988311057836,0.059853826,0.062343836
Ovary,Female,tce,,,0,0.5,0.063781899837478,0.062466066,0.065097734
Ovary,Female,tce,,,0,0.55000001,0.0661068550505762,0.064726159,0.067487553
Ovary,Female,tce,,,0,0.60000002,0.0681285577364541,0.066688165,0.069568954
Ovary,Female,tce,,,0,0.64999998,0.0698913478416957,0.068395764,0.071386933
Ovary,Female,tce,,,0,0.69999999,0.0714314783011535,0.069884673,0.07297828
Ovary,Female,tce,,,0,0.75,0.0727788793905883,0.071184374,0.074373379
Ovary,Female,tce,,,0,0.80000001,0.0739584911052787,0.072319441,0.07559754
Ovary,Female,tce,,,0,0.85000002,0.0749921199792871,0.073311321,0.076672919
Ovary,Female,tce,,,0,0.89999998,0.0759040253062623,0.074183851,0.077624202
Ovary,Female,tce,,,0,0.94999999,0.0767161967866907,0.074958578,0.078473814
Ovary,Female,tce,,,0,1.0,0.0774461047164164,0.075652637,0.079239577
Ovary,Female,tce,,,0,1.05,0.0780986261170114,0.076270819,0.079926431
Ovary,Female,tce,,,0,1.1,0.0786940353134303,0.07683298,0.080555096
Ovary,Female,tce,,,0,1.15,0.0792413672858734,0.077347949,0.081134781
Ovary,Female,tce,,,0,1.2,0.079747937018983,0.077822901,0.081672974
Ovary,Female,tce,,,0,1.25,0.0802196767895276,0.078263626,0.082175732
Ovary,Female,tce,,,0,1.3,0.0806614158845482,0.078674845,0.082647987
Ovary,Female,tce,,,0,1.35,0.0810770892771872,0.079060413,0.08309377
Ovary,Female,tce,,,0,1.4,0.0814699028965457,0.07942345,0.083516359
Ovary,Female,tce,,,0,1.45,0.0818424738788934,0.079766512,0.083918437
Ovary,Female,tce,,,0,1.5,0.0821969297445178,0.08009167,0.084302187
Ovary,Female,tce,,,0,1.55,0.0825350005408997,0.080400623,0.084669381
Ovary,Female,tce,,,0,1.6,0.082857998570397,0.080694638,0.085021362
Ovary,Female,tce,,,0,1.65,0.0831657320084915,0.080973536,0.085357927
Ovary,Female,tce,,,0,1.7,0.0834571557496849,0.081236325,0.085677989
Ovary,Female,tce,,,0,1.75,0.0837314492801141,0.081482217,0.085980684
Ovary,Female,tce,,,0,1.8,0.0839880107289009,0.081710652,0.08626537
Ovary,Female,tce,,,0,1.85,0.084226421486143,0.081921227,0.086531617
Ovary,Female,tce,,,0,1.9,0.084446416818333,0.08211372,0.086779118
Ovary,Female,tce,,,0,1.95,0.0846478661605502,0.082288012,0.087007724
Ovary,Female,tce,,,0,2.0,0.0848307488834267,0.082444102,0.087217398
Ovary,Female,tce,,,0,2.05,0.0849856222293452,0.082572795,0.087398447
Ovary,Female,tce,,,0,2.0999999,0.0851222549302392,0.082683653,0.087560862
Ovary,Female,tce,,,0,2.1500001,0.0852408738178578,0.082776897,0.087704852
Ovary,Female,tce,,,0,2.2,0.0853417605629805,0.082852826,0.087830693
Ovary,Female,tce,,,0,2.25,0.0854252456793118,0.082911782,0.087938711
Ovary,Female,tce,,,0,2.3,0.085491698048624,0.082954131,0.088029265
Ovary,Female,tce,,,0,2.3499999,0.085541518479412,0.08298029,0.08810275
Ovary,Female,tce,,,0,2.4000001,0.0855751337060536,0.082990676,0.088159591
Ovary,Female,tce,,,0,2.45,0.0855929905013502,0.082985751,0.088200234
Ovary,Female,tce,,,0,2.5,0.0855955923029014,0.082966007,0.088225178
Ovary,Female,tce,,,0,2.55,0.0855836045186768,0.082932107,0.088235103
Ovary,Female,tce,,,0,2.5999999,0.0855577036593468,0.082884714,0.088230692
Ovary,Female,tce,,,0,2.6500001,0.0855185326644725,0.082824469,0.088212602
Ovary,Female,tce,,,0,2.7,0.0854667038309405,0.082751967,0.088181444
Ovary,Female,tce,,,0,2.75,0.0854027996290919,0.082667783,0.088137813
Ovary,Female,tce,,,0,2.8,0.0853273751730342,0.082572468,0.088082284
Ovary,Female,tce,,,0,2.8499999,0.0852409597057813,0.082466535,0.088015385
Ovary,Female,tce,,,0,2.9000001,0.0851440576256949,0.082350492,0.087937623
Ovary,Female,tce,,,0,2.95,0.0850371517822091,0.082224801,0.087849505
Ovary,Female,tce,,,0,3.0,0.0849207019926271,0.082089923,0.087751478
Ovary,Female,tce,,,0,3.05,0.0847859583988572,0.081937358,0.087634563
Ovary,Female,tce,,,0,3.0999999,0.0846426624930369,0.081776574,0.087508753
Ovary,Female,tce,,,0,3.1500001,0.0844912154888932,0.081607975,0.087374456
Ovary,Female,tce,,,0,3.2,0.0843320032969077,0.081431933,0.087232068
Ovary,Female,tce,,,0,3.25,0.0841653930966199,0.08124882,0.087081969
Ovary,Female,tce,,,0,3.3,0.0839917370360497,0.081058972,0.086924508
Ovary,Female,tce,,,0,3.3499999,0.0838113723207312,0.080862716,0.086760029
Ovary,Female,tce,,,0,3.4000001,0.0836246210496964,0.08066038,0.08658886
Ovary,Female,tce,,,0,3.45,0.0834317945025719,0.080452263,0.086411327
Ovary,Female,tce,,,0,3.5,0.0832331884458133,0.080238655,0.086227722
Ovary,Female,tce,,,0,3.55,0.0830290872777464,0.080019839,0.086038336
Ovary,Female,tce,,,0,3.5999999,0.0828197637281494,0.079796076,0.085843451
Ovary,Female,tce,,,0,3.6500001,0.0826054783662694,0.079567626,0.085643329
Ovary,Female,tce,,,0,3.7,0.0823864842216628,0.079334736,0.085438229
Ovary,Female,tce,,,0,3.75,0.0821630211324573,0.079097643,0.085228398
Ovary,Female,tce,,,0,3.8,0.081935320264073,0.078856565,0.085014075
Ovary,Female,tce,,,0,3.8499999,0.081703603527759,0.078611732,0.084795475
Ovary,Female,tce,,,0,3.9000001,0.0814680828541636,0.078363337,0.084572829
Ovary,Female,tce,,,0,3.95,0.0812289650873867,0.078111589,0.084346339
Ovary,Female,tce,,,0,4.0,0.0809864456085517,0.077856682,0.084116206
Ovary,Female,tce,,,0,4.0500002,0.0807320877809883,0.077590451,0.083873726
Ovary,Female,tce,,,0,4.0999999,0.0804748377466328,0.077321544,0.083628125
Ovary,Female,tce,,,0,4.1500001,0.0802148633372015,0.077050149,0.083379574
Ovary,Female,tce,,,0,4.1999998,0.0799523353962915,0.076776423,0.083128251
Ovary,Female,tce,,,0,4.25,0.0796874082356173,0.076500513,0.082874306
Ovary,Female,tce,,,0,4.3000002,0.0794202373685177,0.076222569,0.082617901
Ovary,Female,tce,,,0,4.3499999,0.0791509723515837,0.075942747,0.082359195
Ovary,Female,tce,,,0,4.4000001,0.0788797492285421,0.075661175,0.082098328
Ovary,Female,tce,,,0,4.4499998,0.0786067087844948,0.075377986,0.081835434
Ovary,Female,tce,,,0,4.5,0.0783319760809476,0.075093299,0.081570648
Ovary,Female,tce,,,0,4.5500002,0.0780556788507635,0.074807249,0.081304103
Ovary,Female,tce,,,0,4.5999999,0.0777779399552439,0.074519955,0.081035927
Ovary,Female,tce,,,0,4.6500001,0.0774988695632533,0.074231513,0.080766231
Ovary,Female,tce,,,0,4.6999998,0.0772185839077237,0.073942043,0.080495127
Ovary,Female,tce,,,0,4.75,0.0769371841750557,0.073651634,0.080222733
Ovary,Female,tce,,,0,4.8000002,0.0766547753549002,0.073360406,0.079949148
Ovary,Female,tce,,,0,4.8499999,0.0763714584251745,0.07306844,0.079674475
Ovary,Female,tce,,,0,4.9000001,0.0760873223567251,0.072775833,0.079398811
Ovary,Female,tce,,,0,4.9499998,0.0758024631933846,0.072482668,0.079122253
Ovary,Female,tce,,,0,5.0,0.0755169625192648,0.072189033,0.07884489
Ovary,Female,tce,,,1,0.0,0.0,0.0,0.0
Ovary,Female,tce,,,1,0.050000001,0.0085185602096473,0.0083228713,0.0087142494
Ovary,Female,tce,,,1,0.1,0.0170278850816568,0.01665814,0.017397629
Ovary,Female,tce,,,1,0.15000001,0.0242314191371924,0.023710515,0.024752324
Ovary,Female,tce,,,1,0.2,0.030341982452526,0.029687759,0.030996205
Ovary,Female,tce,,,1,0.25,0.0355711449262982,0.034797821,0.036344469
Ovary,Female,tce,,,1,0.30000001,0.0400847737005193,0.039203964,0.040965583
Ovary,Female,tce,,,1,0.34999999,0.0440102835593925,0.043031689,0.044988878
Ovary,Female,tce,,,1,0.40000001,0.0474464344486804,0.046378277,0.04851459
Ovary,Female,tce,,,1,0.44999999,0.0504708538884349,0.049320217,0.051621493
Ovary,Female,tce,,,1,0.5,0.0531454504535802,0.051918492,0.054372411
Ovary,Female,tce,,,1,0.55000001,0.0555202409552266,0.054222371,0.056818109
Ovary,Female,tce,,,1,0.60000002,0.0576361210063989,0.056272138,0.059000105
Ovary,Female,tce,,,1,0.64999998,0.0595268798869447,0.058101062,0.060952701
Ovary,Female,tce,,,1,0.69999999,0.06122070808998,0.059736893,0.062704526
Ovary,Female,tce,,,1,0.75,0.0627413135169316,0.061202969,0.064279653
Ovary,Female,tce,,,1,0.80000001,0.0641087941724397,0.062519066,0.065698519
Ovary,Female,tce,,,1,0.85000002,0.0653411362554456,0.063702866,0.066979401
Ovary,Female,tce,,,1,0.89999998,0.0664594699609213,0.064775079,0.06814386
Ovary,Female,tce,,,1,0.94999999,0.0674834315676322,0.065754928,0.069211937
Ovary,Female,tce,,,1,1.0,0.0684287979313395,0.066657826,0.070199765
Ovary,Female,tce,,,1,1.05,0.0693040537048329,0.067492098,0.071116015
Ovary,Female,tce,,,1,1.1,0.0701236648045383,0.06827186,0.07197547
Ovary,Female,tce,,,1,1.15,0.0708960242771161,0.069005325,0.072786726
Ovary,Female,tce,,,1,1.2,0.0716279871188763,0.069699183,0.073556788
Ovary,Female,tce,,,1,1.25,0.0723251547775419,0.070358902,0.074291408
Ovary,Female,tce,,,1,1.3,0.0729921234067237,0.070988953,0.074995294
Ovary,Female,tce,,,1,1.35,0.0736326651478491,0.071593031,0.075672299
Ovary,Female,tce,,,1,1.4,0.0742498727923183,0.072174132,0.076325618
Ovary,Female,tce,,,1,1.45,0.0748462896909585,0.072734736,0.076957844
Ovary,Female,tce,,,1,1.5,0.0754239941446951,0.07327687,0.077571116
Ovary,Female,tce,,,1,1.55,0.0759846874176899,0.073802188,0.078167193
Ovary,Female,tce,,,1,1.6,0.0765296593346115,0.074311927,0.078747392
Ovary,Female,tce,,,1,1.65,0.0770586008454263,0.074805811,0.079311393
Ovary,Female,tce,,,1,1.7,0.0775702751317977,0.075282648,0.079857901
Ovary,Female,tce,,,1,1.75,0.0780636680801153,0.07574147,0.080385871
Ovary,Female,tce,,,1,1.8,0.0785379905123225,0.076181524,0.080894463
Ovary,Female,tce,,,1,1.85,0.0789926431130205,0.076602243,0.081383042
Ovary,Female,tce,,,1,1.9,0.079427186945398,0.077003226,0.081851147
Ovary,Female,tce,,,1,1.95,0.0798413283927156,0.077384204,0.082298458
Ovary,Female,tce,,,1,2.0,0.0802348915723313,0.077745013,0.082724765
Ovary,Female,tce,,,1,2.05,0.0806026328434427,0.07808058,0.08312469
Ovary,Female,tce,,,1,2.0999999,0.0809497252807682,0.078395948,0.0835035
Ovary,Female,tce,,,1,2.1500001,0.0812762750317187,0.078691244,0.083861306
Ovary,Female,tce,,,1,2.2,0.0815824509154448,0.078966655,0.084198251
Ovary,Female,tce,,,1,2.25,0.0818684842287812,0.079222411,0.084514558
Ovary,Female,tce,,,1,2.3,0.0821346540578083,0.079458795,0.08481051
Ovary,Female,tce,,,1,2.3499999,0.082381281531273,0.079676151,0.085086413
Ovary,Female,tce,,,1,2.4000001,0.0826087243820616,0.079874828,0.085342616
Ovary,Female,tce,,,1,2.45,0.0828173669837247,0.080055229,0.085579507
Ovary,Female,tce,,,1,2.5,0.0830076675609487,0.080217794,0.085797541
Ovary,Female,tce,,,1,2.55,0.0831802757104482,0.080363177,0.085997373
Ovary,Female,tce,,,1,2.5999999,0.0833358641687638,0.080492035,0.086179696
Ovary,Female,tce,,,1,2.6500001,0.0834750784178654,0.080605,0.086345159
Ovary,Female,tce,,,1,2.7,0.0835985356284653,0.080702692,0.086494379
Ovary,Female,tce,,,1,2.75,0.0837068300431251,0.080785677,0.086627983
Ovary,Female,tce,,,1,2.8,0.0838005315469972,0.080854535,0.086746529
Ovary,Female,tce,,,1,2.8499999,0.0838801875769352,0.080909789,0.086850584
Ovary,Female,tce,,,1,2.9000001,0.0839463245272971,0.080951966,0.086940683
Ovary,Female,tce,,,1,2.95,0.0839994475981717,0.08098156,0.087017335
Ovary,Female,tce,,,1,3.0,0.0840400436588542,0.080999047,0.087081045
Ovary,Female,tce,,,1,3.05,0.0840627940792839,0.08099927,0.087126322
Ovary,Female,tce,,,1,3.0999999,0.0840739596793179,0.080988318,0.087159604
Ovary,Female,tce,,,1,3.1500001,0.0840739763492009,0.080966614,0.087181337
Ovary,Female,tce,,,1,3.2,0.0840632638781452,0.080934577,0.087191954
Ovary,Female,tce,,,1,3.25,0.0840422266650557,0.080892593,0.087191857
Ovary,Female,tce,,,1,3.3,0.0840112543389616,0.080841057,0.087181449
Ovary,Female,tce,,,1,3.3499999,0.0839707224183875,0.080780335,0.087161116
Ovary,Female,tce,,,1,3.4000001,0.0839209926503521,0.080710769,0.087131217
Ovary,Female,tce,,,1,3.45,0.0838624145675768,0.080632716,0.087092109
Ovary,Female,tce,,,1,3.5,0.0837953245973075,0.080546506,0.08704415
Ovary,Female,tce,,,1,3.55,0.0837200474737256,0.080452442,0.086987652
Ovary,Female,tce,,,1,3.5999999,0.0836368965018928,0.080350846,0.086922944
Ovary,Female,tce,,,1,3.6500001,0.0835461735624639,0.080242015,0.086850338
Ovary,Female,tce,,,1,3.7,0.0834481713104002,0.080126226,0.086770117
Ovary,Female,tce,,,1,3.75,0.0833431709879309,0.080003753,0.086682588
Ovary,Female,tce,,,1,3.8,0.0832314445111575,0.079874873,0.086588018
Ovary,Female,tce,,,1,3.8499999,0.0831132544272067,0.079739839,0.086486667
Ovary,Female,tce,,,1,3.9000001,0.0829888536610171,0.079598896,0.086378813
Ovary,Female,tce,,,1,3.95,0.0828584882557791,0.079452284,0.086264692
Ovary,Female,tce,,,1,4.0,0.0827223941344918,0.079300232,0.086144552
Ovary,Female,tce,,,1,4.0500002,0.0825749097780271,0.079137281,0.086012535
Ovary,Female,tce,,,1,4.0999999,0.0824221932005746,0.078969382,0.085875005
Ovary,Female,tce,,,1,4.1500001,0.0822644554120502,0.078796737,0.085732177
Ovary,Female,tce,,,1,4.1999998,0.0821019060753974,0.078619547,0.085584261
Ovary,Female,tce,,,1,4.25,0.0819347417420909,0.078438021,0.085431464
Ovary,Female,tce,,,1,4.3000002,0.081763156837643,0.07825233,0.085273981
Ovary,Female,tce,,,1,4.3499999,0.0815873394399524,0.078062668,0.085112005
Ovary,Female,tce,,,1,4.4000001,0.0814074662885534,0.077869207,0.084945723
Ovary,Female,tce,,,1,4.4499998,0.0812237148378053,0.077672124,0.084775306
Ovary,Female,tce,,,1,4.5,0.0810362497523729,0.077471562,0.084600933
Ovary,Female,tce,,,1,4.5500002,0.0808452352833189,0.077267699,0.084422775
Ovary,Female,tce,,,1,4.5999999,0.0806508303576867,0.077060685,0.08424098
Ovary,Female,tce,,,1,4.6500001,0.0804531830508543,0.076850653,0.084055714
Ovary,Female,tce,,,1,4.6999998,0.0802524438208788,0.076637767,0.083867125
Ovary,Female,tce,,,1,4.75,0.0800487506083141,0.076422147,0.083675355
Ovary,Female,tce,,,1,4.8000002,0.0798422423286873,0.076203942,0.083480544
Ovary,Female,tce,,,1,4.8499999,0.0796330534097532,0.075983264,0.083282843
Ovary,Female,tce,,,1,4.9000001,0.0794213078392661,0.075760253,0.083082363
Ovary,Female,tce,,,1,4.9499998,0.0792071333383889,0.075535022,0.082879245
Ovary,Female,tce,,,1,5.0,0.0789906453547536,0.075307682,0.082673609
Ovary,Female,tce,,,2,0.0,0.0,0.0,0.0
Ovary,Female,tce,,,2,0.050000001,0.0325489432671002,0.03153263,0.033565257
Ovary,Female,tce,,,2,0.1,0.0588440620001517,0.056987237,0.06070089
Ovary,Female,tce,,,2,0.15000001,0.0780655572900558,0.07556311,0.080568001
Ovary,Female,tce,,,2,0.2,0.0923295166677174,0.089320898,0.095338136
Ovary,Female,tce,,,2,0.25,0.1030683910649632,0.099654935,0.10648185
Ovary,Female,tce,,,2,0.30000001,0.1112331176243018,0.10749052,0.11497571
Ovary,Female,tce,,,2,0.34999999,0.1174726847071652,0.11345891,0.12148646
Ovary,Female,tce,,,2,0.40000001,0.1222433779984997,0.11800376,0.12648299
Ovary,Female,tce,,,2,0.44999999,0.1258745198356583,0.12144514,0.1303039
Ovary,Female,tce,,,2,0.5,0.1286092249617518,0.12401927,0.13319919
Ovary,Female,tce,,,2,0.55000001,0.1306304426834394,0.1259038,0.1353571
Ovary,Female,tce,,,2,0.60000002,0.1320781505653253,0.12723461,0.13692169
Ovary,Female,tce,,,2,0.64999998,0.1330609930486687,0.12811711,0.13800487
Ovary,Female,tce,,,2,0.69999999,0.1336643622606331,0.12863414,0.13869458
Ovary,Female,tce,,,2,0.75,0.1339561127757195,0.12885144,0.13906078
Ovary,Female,tce,,,2,0.80000001,0.133990695687323,0.12882179,0.1391596
Ovary,Female,tce,,,2,0.85000002,0.1338132018133896,0.1285888,0.13903761
Ovary,Female,tce,,,2,0.89999998,0.1334669617645038,0.12819427,0.13873965
Ovary,Female,tce,,,2,0.94999999,0.1329883089407803,0.12767321,0.13830341
Ovary,Female,tce,,,2,1.0,0.1324050348633939,0.12705232,0.13775775
Ovary,Female,tce,,,2,1.05,0.1317000286636512,0.12631547,0.13708457
Ovary,Female,tce,,,2,1.1,0.1309289659150393,0.12551589,0.13634205
Ovary,Female,tce,,,2,1.15,0.130104794072006,0.12466595,0.13554363
Ovary,Female,tce,,,2,1.2,0.1292376316687717,0.12377536,0.1346999
Ovary,Female,tce,,,2,1.25,0.1283354273280957,0.12285171,0.13381915
Ovary,Female,tce,,,2,1.3,0.1274044312450814,0.12190097,0.1329079
Ovary,Female,tce,,,2,1.35,0.1264495708241017,0.12092783,0.13197131
Ovary,Female,tce,,,2,1.4,0.1254747415490348,0.119936,0.13101348
Ovary,Female,tce,,,2,1.45,0.1244830102657037,0.11892838,0.13003764
Ovary,Female,tce,,,2,1.5,0.1234768044779197,0.11790729,0.12904632
Ovary,Female,tce,,,2,1.55,0.1224580296625316,0.11687451,0.12804155
Ovary,Female,tce,,,2,1.6,0.1214281351195374,0.11583143,0.12702484
Ovary,Female,tce,,,2,1.65,0.1203876434937245,0.11477856,0.12599674
Ovary,Female,tce,,,2,1.7,0.1193366781362901,0.11371607,0.12495729
Ovary,Female,tce,,,2,1.75,0.1182755984904515,0.11264434,0.12390685
Ovary,Female,tce,,,2,1.8,0.1172049442902879,0.11156396,0.12284593
Ovary,Female,tce,,,2,1.85,0.1161253982947433,0.11047561,0.1217752
Ovary,Female,tce,,,2,1.9,0.1150377575094101,0.10938008,0.12069543
Ovary,Female,tce,,,2,1.95,0.1139428851420945,0.10827824,0.11960752
Ovary,Female,tce,,,2,2.0,0.112841706805362,0.10717102,0.11851239
Ovary,Female,tce,,,2,2.05,0.1116991868485958,0.10602546,0.11737291
Ovary,Female,tce,,,2,2.0999999,0.1105531037421011,0.10487723,0.11622897
Ovary,Female,tce,,,2,2.1500001,0.1094044198678611,0.10372728,0.11508156
Ovary,Female,tce,,,2,2.2,0.1082541047078755,0.10257654,0.11393167
Ovary,Female,tce,,,2,2.25,0.1071030934855638,0.10142593,0.11278025
Ovary,Female,tce,,,2,2.3,0.1059523023719574,0.10027635,0.11162825
Ovary,Female,tce,,,2,2.3499999,0.1048026178098792,0.099128664,0.11047658
Ovary,Female,tce,,,2,2.4000001,0.1036548870859016,0.097983681,0.10932609
Ovary,Female,tce,,,2,2.45,0.1025099372854987,0.096842214,0.10817766
Ovary,Female,tce,,,2,2.5,0.1013685474111822,0.09570501,0.10703208
Ovary,Female,tce,,,2,2.55,0.1002314792377945,0.094572797,0.10589016
Ovary,Female,tce,,,2,2.5999999,0.0990994322786756,0.093446232,0.10475263
Ovary,Female,tce,,,2,2.6500001,0.0979730339778452,0.092325926,0.10362014
Ovary,Female,tce,,,2,2.7,0.0968528669270608,0.091212414,0.10249332
Ovary,Female,tce,,,2,2.75,0.0957394418470097,0.090106182,0.1013727
Ovary,Female,tce,,,2,2.8,0.0946332238248287,0.089007676,0.10025878
Ovary,Female,tce,,,2,2.8499999,0.093534631215214,0.087917276,0.099151991
Ovary,Female,tce,,,2,2.9000001,0.092444034354723,0.086835332,0.09805274
Ovary,Female,tce,,,2,2.95,0.0913617798694024,0.085762165,0.096961394
Ovary,Female,tce,,,2,3.0,0.0902881626993291,0.084698051,0.095878273
Ovary,Female,tce,,,2,3.05,0.089193520243153,0.083615504,0.094771542
Ovary,Female,tce,,,2,3.0999999,0.088108808090445,0.082543239,0.093674377
Ovary,Female,tce,,,2,3.1500001,0.0870342161075355,0.081481442,0.092586987
Ovary,Female,tce,,,2,3.2,0.0859699237198835,0.080430269,0.091509581
Ovary,Female,tce,,,2,3.25,0.0849160712614121,0.07938984,0.0904423
Ovary,Female,tce,,,2,3.3,0.0838727824398527,0.078360267,0.089385293
Ovary,Female,tce,,,2,3.3499999,0.0828401609496707,0.077341639,0.088338681
Ovary,Female,tce,,,2,3.4000001,0.0818182872422515,0.076334022,0.087302558
Ovary,Female,tce,,,2,3.45,0.0808072394512062,0.07533747,0.086277008
Ovary,Female,tce,,,2,3.5,0.0798070655224825,0.074352033,0.085262105
Ovary,Female,tce,,,2,3.55,0.078817804014322,0.073377721,0.084257886
Ovary,Female,tce,,,2,3.5999999,0.0778394803571442,0.072414562,0.083264396
Ovary,Female,tce,,,2,3.6500001,0.0768721033342905,0.071462549,0.082281657
Ovary,Female,tce,,,2,3.7,0.0759156844653066,0.070521683,0.081309691
Ovary,Female,tce,,,2,3.75,0.0749702112374596,0.069591932,0.080348492
Ovary,Female,tce,,,2,3.8,0.0740356664477912,0.068673283,0.079398051
Ovary,Female,tce,,,2,3.8499999,0.0731120243388842,0.06776569,0.078458361
Ovary,Female,tce,,,2,3.9000001,0.0721992469882539,0.06686911,0.077529386
Ovary,Female,tce,,,2,3.95,0.0712973023283049,0.065983504,0.076611102
Ovary,Female,tce,,,2,4.0,0.0704061386444161,0.065108813,0.075703464
Ovary,Female,tce,,,2,4.0500002,0.0695004054369679,0.064221919,0.074778892
Ovary,Female,tce,,,2,4.0999999,0.0686060420057979,0.06334649,0.073865592
Ovary,Female,tce,,,2,4.1500001,0.0677229530189429,0.062482424,0.072963484
Ovary,Female,tce,,,2,4.1999998,0.0668510727227747,0.061629653,0.072072491
Ovary,Female,tce,,,2,4.25,0.0659902979849557,0.060788061,0.071192533
Ovary,Female,tce,,,2,4.3000002,0.0651405471558318,0.059957568,0.070323527
Ovary,Female,tce,,,2,4.3499999,0.0643017350112681,0.059138075,0.069465391
Ovary,Female,tce,,,2,4.4000001,0.0634737495610588,0.05832947,0.068618029
Ovary,Female,tce,,,2,4.4499998,0.062656508097508,0.057531659,0.067781359
Ovary,Female,tce,,,2,4.5,0.0618498943076914,0.056744527,0.066955261
Ovary,Female,tce,,,2,4.5500002,0.0610538133523433,0.055967968,0.066139661
Ovary,Female,tce,,,2,4.5999999,0.0602681682782867,0.055201884,0.065334454
Ovary,Female,tce,,,2,4.6500001,0.0594928382207197,0.05444615,0.064539522
Ovary,Female,tce,,,2,4.6999998,0.0587277308163392,0.053700667,0.063754797
Ovary,Female,tce,,,2,4.75,0.0579727232413172,0.052965309,0.062980138
Ovary,Female,tce,,,2,4.8000002,0.05722771371294,0.052239973,0.062215455
Ovary,Female,tce,,,2,4.8499999,0.0564925993381309,0.051524546,0.061460651
Ovary,Female,tce,,,2,4.9000001,0.0557672556657209,0.050818905,0.060715608
Ovary,Female,tce,,,2,4.9499998,0.0550515856716771,0.050122947,0.059980225
Ovary,Female,tce,,,2,5.0,0.0543454645477941,0.049436543,0.059254389
Ovary,Female,tde,,,0,0.0,0.0,0.0,0.0
Ovary,Female,tde,,,0,0.050000001,0.0109392801158781,0.010913097,0.010965463
Ovary,Female,tde,,,0,0.1,0.0211010024497089,0.021047069,0.021154936
Ovary,Female,tde,,,0,0.15000001,0.029267398991233,0.029190531,0.029344268
Ovary,Female,tde,,,0,0.2,0.0358914079580078,0.035795715,0.035987101
Ovary,Female,tde,,,0,0.25,0.0413366010233763,0.04122531,0.041447889
Ovary,Female,tde,,,0,0.30000001,0.0458652098264033,0.045740854,0.045989566
Ovary,Female,tde,,,0,0.34999999,0.049667660148852,0.04953225,0.049803071
Ovary,Female,tde,,,0,0.40000001,0.0528851415054696,0.052740294,0.053029988
Ovary,Female,tde,,,0,0.44999999,0.0556245640983205,0.055471607,0.055777524
Ovary,Female,tde,,,0,0.5,0.0579684543227464,0.057808485,0.058128424
Ovary,Female,tde,,,0,0.55000001,0.0599815828337179,0.059815522,0.060147643
Ovary,Female,tde,,,0,0.60000002,0.0617155384185405,0.061544176,0.061886903
Ovary,Female,tde,,,0,0.64999998,0.0632119377425387,0.063035943,0.06338793
Ovary,Female,tde,,,0,0.69999999,0.0645047404062732,0.064324699,0.064684786
Ovary,Female,tde,,,0,0.75,0.0656219278665258,0.065438345,0.06580551
Ovary,Female,tde,,,0,0.80000001,0.0665867685304265,0.066400096,0.066773437
Ovary,Female,tde,,,0,0.85000002,0.0674195230637486,0.067230158,0.067608893
Ovary,Female,tde,,,0,0.89999998,0.0681424039974371,0.067950673,0.068334132
Ovary,Female,tde,,,0,0.94999999,0.0687754129192597,0.068581611,0.06896922
Ovary,Female,tde,,,0,1.0,0.0693344018860732,0.069138765,0.06953004
Ovary,Female,tde,,,0,1.05,0.0698234230859112,0.069626182,0.070020668
Ovary,Female,tde,,,0,1.1,0.0702611799694383,0.070062518,0.070459843
Ovary,Female,tde,,,0,1.15,0.0706558120259498,0.070455886,0.070855737
Ovary,Female,tde,,,0,1.2,0.0710138922685737,0.070812844,0.071214937
Ovary,Female,tde,,,0,1.25,0.0713407389555932,0.071138702,0.071542777
Ovary,Female,tde,,,0,1.3,0.0716406701747276,0.071437761,0.071843579
Ovary,Female,tde,,,0,1.35,0.0719171955323732,0.071713522,0.072120875
Ovary,Female,tde,,,0,1.4,0.0721731678538276,0.071968824,0.07237751
Ovary,Female,tde,,,0,1.45,0.0724109093824465,0.072205991,0.072615832
Ovary,Female,tde,,,0,1.5,0.0726323040279412,0.072426893,0.07283771
Ovary,Female,tde,,,0,1.55,0.0728388794534189,0.072633065,0.073044695
Ovary,Female,tde,,,0,1.6,0.0730317947663239,0.072825655,0.073237933
Ovary,Female,tde,,,0,1.65,0.0732109291066719,0.073004536,0.073417321
Ovary,Female,tde,,,0,1.7,0.0733754448447207,0.073168881,0.073582008
Ovary,Female,tde,,,0,1.75,0.0735247036654838,0.073318042,0.07373137
Ovary,Female,tde,,,0,1.8,0.0736582581925309,0.073451571,0.073864944
Ovary,Female,tde,,,0,1.85,0.0737758209406474,0.073569186,0.073982455
Ovary,Female,tde,,,0,1.9,0.0738772386573427,0.07367073,0.074083745
Ovary,Female,tde,,,0,1.95,0.0739624730703435,0.073756158,0.074168786
Ovary,Female,tde,,,0,2.0,0.0740315810255217,0.073825531,0.07423763
Ovary,Female,tde,,,0,2.05,0.0740758426585918,0.073870137,0.074281543
Ovary,Female,tde,,,0,2.0999999,0.0741044252190806,0.073899128,0.074309722
Ovary,Female,tde,,,0,2.1500001,0.0741175937272078,0.07391277,0.074322417
Ovary,Female,tde,,,0,2.2,0.0741156596098638,0.073911361,0.074319959
Ovary,Female,tde,,,0,2.25,0.0740989727601564,0.073895261,0.074302688
Ovary,Female,tde,,,0,2.3,0.0740679140365564,0.07386484,0.074270993
Ovary,Female,tde,,,0,2.3499999,0.0740228891572892,0.073820502,0.074225277
Ovary,Female,tde,,,0,2.4000001,0.0739643230201343,0.073762663,0.074165978
Ovary,Female,tde,,,0,2.45,0.0738926562353665,0.073691778,0.074093536
Ovary,Female,tde,,,0,2.5,0.0738083719632398,0.073608316,0.074008428
Ovary,Female,tde,,,0,2.55,0.0737120814900932,0.073512882,0.073911279
Ovary,Female,tde,,,0,2.5999999,0.0736044005084847,0.0734061,0.073802702
Ovary,Female,tde,,,0,2.6500001,0.0734859127135989,0.073288545,0.073683284
Ovary,Female,tde,,,0,2.7,0.0733571741332523,0.073160768,0.073553585
Ovary,Female,tde,,,0,2.75,0.0732187115830819,0.073023289,0.073414132
Ovary,Female,tde,,,0,2.8,0.0730710265757434,0.072876625,0.073265433
Ovary,Female,tde,,,0,2.8499999,0.072914596342713,0.072721228,0.073107958
Ovary,Female,tde,,,0,2.9000001,0.0727498744687234,0.072557569,0.072942182
Ovary,Female,tde,,,0,2.95,0.0725772954017999,0.072386071,0.072768517
Ovary,Female,tde,,,0,3.0,0.0723972709659267,0.072207145,0.072587401
Ovary,Female,tde,,,0,3.05,0.0722017861427431,0.072012782,0.072390787
Ovary,Female,tde,,,0,3.0999999,0.0719997597769048,0.071811892,0.072187625
Ovary,Female,tde,,,0,3.1500001,0.0717915486479156,0.071604833,0.071978271
Ovary,Female,tde,,,0,3.2,0.0715774962159829,0.071391933,0.071763061
Ovary,Female,tde,,,0,3.25,0.0713579275237214,0.071173534,0.071542323
Ovary,Female,tde,,,0,3.3,0.0711331539432858,0.070949927,0.071316384
Ovary,Female,tde,,,0,3.3499999,0.0709034729485211,0.070721425,0.071085528
Ovary,Female,tde,,,0,3.4000001,0.0706691676891348,0.070488296,0.070850044
Ovary,Female,tde,,,0,3.45,0.0704305121393631,0.070250817,0.070610203
Ovary,Female,tde,,,0,3.5,0.0701877650089523,0.070009246,0.070366278
Ovary,Female,tde,,,0,3.55,0.0699411747702881,0.069763839,0.070118509
Ovary,Female,tde,,,0,3.5999999,0.0696909790956717,0.069514818,0.069867142
Ovary,Female,tde,,,0,3.6500001,0.0694374041519487,0.069262415,0.069612399
Ovary,Female,tde,,,0,3.7,0.0691806699349114,0.069006845,0.069354497
Ovary,Female,tde,,,0,3.75,0.068920983466873,0.068748318,0.069093652
Ovary,Female,tde,,,0,3.8,0.068658544046596,0.068487033,0.068830058
Ovary,Female,tde,,,0,3.8499999,0.0683935424524244,0.068223171,0.068563916
Ovary,Female,tde,,,0,3.9000001,0.0681261600441065,0.067956924,0.068295397
Ovary,Female,tde,,,0,3.95,0.0678565742356586,0.067688465,0.068024687
Ovary,Female,tde,,,0,4.0,0.0675849511864935,0.067417949,0.067751952
Ovary,Female,tde,,,0,4.0500002,0.0673036941444211,0.067137808,0.067469582
Ovary,Female,tde,,,0,4.0999999,0.0670208536503692,0.066856064,0.067185648
Ovary,Female,tde,,,0,4.1500001,0.0667365696745955,0.06657286,0.066900283
Ovary,Female,tde,,,0,4.1999998,0.0664509867500036,0.066288345,0.066613629
Ovary,Female,tde,,,0,4.25,0.0661642325553894,0.066002637,0.066325828
Ovary,Female,tde,,,0,4.3000002,0.0658764372016171,0.065715879,0.066036999
Ovary,Female,tde,,,0,4.3499999,0.0655877253462601,0.065428182,0.065747268
Ovary,Female,tde,,,0,4.4000001,0.0652982081175851,0.065139666,0.065456748
Ovary,Female,tde,,,0,4.4499998,0.0650080026250587,0.064850442,0.065165564
Ovary,Female,tde,,,0,4.5,0.0647172100836074,0.064560607,0.064873807
Ovary,Female,tde,,,0,4.5500002,0.064425935368027,0.06427028,0.064581595
Ovary,Female,tde,,,0,4.5999999,0.0641342789195725,0.063979544,0.064289019
Ovary,Female,tde,,,0,4.6500001,0.0638423285608924,0.063688494,0.063996166
Ovary,Female,tde,,,0,4.6999998,0.0635501791449514,0.063397221,0.063703135
Ovary,Female,tde,,,0,4.75,0.0632579104492365,0.063105814,0.063410006
Ovary,Female,tde,,,0,4.8000002,0.0629656068306733,0.062814347,0.063116863
Ovary,Female,tde,,,0,4.8499999,0.0626733490186311,0.062522903,0.062823795
Ovary,Female,tde,,,0,4.9000001,0.0623812058951931,0.062231552,0.06253086
Ovary,Female,tde,,,0,4.9499998,0.0620892541398264,0.061940368,0.062238138
Ovary,Female,tde,,,0,5.0,0.0617975560752072,0.061649416,0.061945695
Ovary,Female,tde,,,1,0.0,0.0,0.0,0.0
Ovary,Female,tde,,,1,0.050000001,0.0075237383798009,0.0075008026,0.007546674
Ovary,Female,tde,,,1,0.1,0.0151397188951816,0.015091182,0.015188256
Ovary,Female,tde,,,1,0.15000001,0.0215682757661124,0.021497699,0.021638853
Ovary,Female,tde,,,1,0.2,0.0269971438381398,0.026907861,0.027086427
Ovary,Female,tde,,,1,0.25,0.0316194356799022,0.03151419,0.03172468
Ovary,Female,tde,,,1,0.30000001,0.0355876264244352,0.035468642,0.035706609
Ovary,Female,tde,,,1,0.34999999,0.0390191329788357,0.038888227,0.039150041
Ovary,Female,tde,,,1,0.40000001,0.0420050340264185,0.041863706,0.042146362
Ovary,Female,tde,,,1,0.44999999,0.0446169123830249,0.044466417,0.044767406
Ovary,Female,tde,,,1,0.5,0.0469118207677136,0.046753224,0.047070418
Ovary,Female,tde,,,1,0.55000001,0.0489358098281358,0.048770018,0.049101599
Ovary,Female,tde,,,1,0.60000002,0.0507264880487256,0.050554294,0.050898682
Ovary,Female,tde,,,1,0.64999998,0.0523148871351132,0.05213698,0.052492794
Ovary,Female,tde,,,1,0.69999999,0.0537268581400488,0.053543847,0.053909872
Ovary,Female,tde,,,1,0.75,0.0549841075146771,0.054796528,0.055171687
Ovary,Female,tde,,,1,0.80000001,0.0561050056473539,0.055913344,0.056296669
Ovary,Female,tde,,,1,0.85000002,0.0571059243595865,0.056910608,0.057301238
Ovary,Female,tde,,,1,0.89999998,0.0580057997332949,0.057807203,0.058204398
Ovary,Female,tde,,,1,0.94999999,0.0588221165178164,0.058620557,0.059023678
Ovary,Female,tde,,,1,1.0,0.0595688939133606,0.059364643,0.059773147
Ovary,Female,tde,,,1,1.05,0.0602536652819789,0.060046975,0.060460355
Ovary,Female,tde,,,1,1.1,0.0608892359048772,0.060680315,0.061098158
Ovary,Female,tde,,,1,1.15,0.0614830170264328,0.061272055,0.061693981
Ovary,Female,tde,,,1,1.2,0.06204104777147,0.061828211,0.062253885
Ovary,Female,tde,,,1,1.25,0.0625682526883045,0.062353693,0.062782809
Ovary,Female,tde,,,1,1.3,0.0630686628574881,0.062852524,0.063284807
Ovary,Female,tde,,,1,1.35,0.0635455790439675,0.063327983,0.063763171
Ovary,Female,tde,,,1,1.4,0.0640017018473577,0.063782774,0.06422063
Ovary,Female,tde,,,1,1.45,0.0644392462175387,0.064219095,0.064659394
Ovary,Female,tde,,,1,1.5,0.0648600185939989,0.064638756,0.065081276
Ovary,Female,tde,,,1,1.55,0.0652654937987439,0.065043226,0.065487765
Ovary,Female,tde,,,1,1.6,0.0656567900786901,0.065433607,0.065879971
Ovary,Female,tde,,,1,1.65,0.0660336816630898,0.065809682,0.066257678
Ovary,Female,tde,,,1,1.7,0.0663951710919211,0.066170454,0.066619888
Ovary,Female,tde,,,1,1.75,0.0667404556564082,0.066515125,0.066965789
Ovary,Female,tde,,,1,1.8,0.0670689265854765,0.06684307,0.067294776
Ovary,Female,tde,,,1,1.85,0.0673801387942072,0.067153864,0.067606419
Ovary,Female,tde,,,1,1.9,0.0676737855575145,0.067447178,0.067900389
Ovary,Female,tde,,,1,1.95,0.0679496837674956,0.067722842,0.06817653
Ovary,Female,tde,,,1,2.0,0.0682077513501317,0.067980759,0.068434738
Ovary,Female,tde,,,1,2.05,0.0684435050512568,0.068216473,0.068670541
Ovary,Female,tde,,,1,2.0999999,0.06866150966148,0.068434522,0.0688885
Ovary,Female,tde,,,1,2.1500001,0.0688619203153181,0.068635054,0.069088787
Ovary,Female,tde,,,1,2.2,0.0690449452004489,0.068818286,0.069271609
Ovary,Female,tde,,,1,2.25,0.0692108429453414,0.068984464,0.069437221
Ovary,Female,tde,,,1,2.3,0.0693599114085504,0.069133893,0.069585934
Ovary,Female,tde,,,1,2.3499999,0.0694924822665783,0.069266886,0.069718078
Ovary,Female,tde,,,1,2.4000001,0.0696089158972624,0.069383815,0.069834016
Ovary,Female,tde,,,1,2.45,0.0697095942769965,0.069485053,0.06993413
Ovary,Female,tde,,,1,2.5,0.0697949567393025,0.069571041,0.070018873
Ovary,Female,tde,,,1,2.55,0.0698655947263208,0.069642358,0.070088834
Ovary,Female,tde,,,1,2.5999999,0.0699221147858027,0.069699608,0.070144616
Ovary,Female,tde,,,1,2.6500001,0.0699650977122236,0.06974338,0.070186816
Ovary,Female,tde,,,1,2.7,0.0699950992192526,0.06977421,0.070215985
Ovary,Female,tde,,,1,2.75,0.0700126524839971,0.069792643,0.070232667
Ovary,Female,tde,,,1,2.8,0.0700182684862668,0.069799177,0.070237361
Ovary,Female,tde,,,1,2.8499999,0.0700124373774496,0.069794297,0.070230573
Ovary,Female,tde,,,1,2.9000001,0.0699956294270953,0.06977848,0.070212774
Ovary,Female,tde,,,1,2.95,0.0699682963758758,0.069752172,0.070184417
Ovary,Female,tde,,,1,3.0,0.0699308718653889,0.069715805,0.070145942
Ovary,Female,tde,,,1,3.05,0.0698788404081783,0.069664866,0.070092812
Ovary,Female,tde,,,1,3.0999999,0.0698175646852092,0.06960471,0.070030421
Ovary,Female,tde,,,1,3.1500001,0.0697474309774692,0.069535717,0.069959141
Ovary,Female,tde,,,1,3.2,0.0696688116906503,0.069458261,0.06987936
Ovary,Female,tde,,,1,3.25,0.0695820640139142,0.069372691,0.069791436
Ovary,Female,tde,,,1,3.3,0.0694875318462271,0.069279358,0.069695704
Ovary,Female,tde,,,1,3.3499999,0.0693855460753879,0.069178581,0.069592513
Ovary,Female,tde,,,1,3.4000001,0.0692764246004289,0.069070682,0.069482163
Ovary,Female,tde,,,1,3.45,0.0691604749755248,0.068955965,0.069364987
Ovary,Female,tde,,,1,3.5,0.0690379917855481,0.068834722,0.069241263
Ovary,Female,tde,,,1,3.55,0.0689092591682464,0.068707235,0.06911128
Ovary,Female,tde,,,1,3.5999999,0.0687745507590905,0.06857378,0.068975322
Ovary,Female,tde,,,1,3.6500001,0.0686341294338751,0.068434618,0.068833642
Ovary,Female,tde,,,1,3.7,0.0684882504183593,0.068289995,0.068686508
Ovary,Female,tde,,,1,3.75,0.0683371576528403,0.068140157,0.068534158
Ovary,Female,tde,,,1,3.8,0.0681810868097751,0.067985341,0.068376832
Ovary,Female,tde,,,1,3.8499999,0.0680202649851535,0.067825772,0.068214759
Ovary,Female,tde,,,1,3.9000001,0.0678549102306294,0.067661665,0.068048157
Ovary,Female,tde,,,1,3.95,0.067685235044763,0.06749323,0.06787724
Ovary,Female,tde,,,1,4.0,0.0675114419417724,0.067320667,0.067702211
Ovary,Female,tde,,,1,4.0500002,0.0673288061701963,0.067139268,0.067518339
Ovary,Female,tde,,,1,4.0999999,0.0671424873007026,0.066954181,0.0673308
Ovary,Female,tde,,,1,4.1500001,0.0669526642838895,0.066765569,0.06713976
Ovary,Female,tde,,,1,4.1999998,0.0667595166334655,0.066573627,0.066945411
Ovary,Female,tde,,,1,4.25,0.0665632101948851,0.066378511,0.066747911
Ovary,Female,tde,,,1,4.3000002,0.0663639101921585,0.066180386,0.066547439
Ovary,Female,tde,,,1,4.3499999,0.066161776053244,0.065979414,0.066344142
Ovary,Female,tde,,,1,4.4000001,0.0659569557119452,0.065775737,0.066138178
Ovary,Female,tde,,,1,4.4499998,0.0657495993702689,0.065569505,0.065929696
Ovary,Female,tde,,,1,4.5,0.0655398440748146,0.065360859,0.06571883
Ovary,Female,tde,,,1,4.5500002,0.0653278276867392,0.065149933,0.065505721
Ovary,Female,tde,,,1,4.5999999,0.0651136832271693,0.064936861,0.065290503
Ovary,Female,tde,,,1,4.6500001,0.0648975328270271,0.064721763,0.065073304
Ovary,Female,tde,,,1,4.6999998,0.064679502237108,0.064504758,0.064854242
Ovary,Female,tde,,,1,4.75,0.0644597045029205,0.064285971,0.064633437
Ovary,Female,tde,,,1,4.8000002,0.0642382546286767,0.064065509,0.064411007
Ovary,Female,tde,,,1,4.8499999,0.0640152635585182,0.063843474,0.06418705
Ovary,Female,tde,,,1,4.9000001,0.0637908318682809,0.063619986,0.063961677
Ovary,Female,tde,,,1,4.9499998,0.0635650648230726,0.063395135,0.063734993
Ovary,Female,tde,,,1,5.0,0.0633380553911047,0.063169017,0.063507095
Ovary,Female,tde,,,2,0.0,0.0,0.0,0.0
Ovary,Female,tde,,,2,0.050000001,0.0317564181107625,0.031656243,0.031856593
Ovary,Female,tde,,,2,0.1,0.0574339979070436,0.057241421,0.057626575
Ovary,Female,tde,,,2,0.15000001,0.076192227613304,0.075931475,0.076452978
Ovary,Female,tde,,,2,0.2,0.0901004142747893,0.089789584,0.090411246
Ovary,Female,tde,,,2,0.25,0.1005610484185162,0.10021324,0.10090885
Ovary,Female,tde,,,2,0.30000001,0.1085053086642607,0.10813013,0.10888049
Ovary,Female,tde,,,2,0.34999999,0.1145685972971409,0.1141732,0.11496399
Ovary,Female,tde,,,2,0.40000001,0.1191975207096861,0.11878735,0.11960769
Ovary,Female,tde,,,2,0.44999999,0.1227143034320616,0.12229355,0.12313506
Ovary,Female,tde,,,2,0.5,0.1253567295245411,0.12492865,0.12578481
Ovary,Female,tde,,,2,0.55000001,0.1273036648591196,0.12687083,0.12773649
Ovary,Female,tde,,,2,0.60000002,0.128691905758705,0.12825637,0.12912744
Ovary,Female,tde,,,2,0.64999998,0.1296275823929682,0.129191,0.13006417
Ovary,Female,tde,,,2,0.69999999,0.1301940745633478,0.12975776,0.13063039
Ovary,Female,tde,,,2,0.75,0.1304576088040862,0.13002264,0.13089257
Ovary,Female,tde,,,2,0.80000001,0.1304713061022568,0.13003857,0.13090403
Ovary,Female,tde,,,2,0.85000002,0.1302791289589436,0.12984934,0.13070892
Ovary,Female,tde,,,2,0.89999998,0.1299232592969934,0.12949699,0.13034952
Ovary,Female,tde,,,2,0.94999999,0.1294390384004705,0.12901677,0.12986131
Ovary,Female,tde,,,2,1.0,0.1288534892714854,0.1284356,0.12927137
Ovary,Female,tde,,,2,1.05,0.1281494469426367,0.12773639,0.12856251
Ovary,Female,tde,,,2,1.1,0.1273815631905132,0.1269736,0.12778953
Ovary,Female,tde,,,2,1.15,0.1265624160316269,0.12615977,0.12696506
Ovary,Female,tde,,,2,1.2,0.125701832436266,0.12530471,0.12609896
Ovary,Female,tde,,,2,1.25,0.1248075302570859,0.12441608,0.12519898
Ovary,Female,tde,,,2,1.3,0.1238855768410062,0.12349994,0.12427121
Ovary,Female,tde,,,2,1.35,0.1229407546470526,0.12256107,0.12332045
Ovary,Female,tde,,,2,1.4,0.1219768442898121,0.12160321,0.12235048
Ovary,Female,tde,,,2,1.45,0.1209968219478761,0.12062932,0.12136433
Ovary,Female,tde,,,2,1.5,0.1200030436986069,0.11964177,0.12036432
Ovary,Female,tde,,,2,1.55,0.1189973592625156,0.11864237,0.11935235
Ovary,Female,tde,,,2,1.6,0.11798117678492,0.11763254,0.11832982
Ovary,Female,tde,,,2,1.65,0.1169550148188488,0.11661277,0.11729726
Ovary,Female,tde,,,2,1.7,0.1159190098725601,0.11558319,0.11625483
Ovary,Female,tde,,,2,1.75,0.114873525582867,0.11454415,0.1152029
Ovary,Female,tde,,,2,1.8,0.1138190982458706,0.11349616,0.11414203
Ovary,Female,tde,,,2,1.85,0.1127564009193819,0.11243989,0.11307291
Ovary,Female,tde,,,2,1.9,0.1116862157399163,0.11137611,0.11199632
Ovary,Female,tde,,,2,1.95,0.1106093871833909,0.11030565,0.11091312
Ovary,Female,tde,,,2,2.0,0.109526818788459,0.1092294,0.10982424
Ovary,Female,tde,,,2,2.05,0.1084039692826076,0.1081129,0.10869504
Ovary,Female,tde,,,2,2.0999999,0.1072780571089396,0.10699327,0.10756285
Ovary,Female,tde,,,2,2.1500001,0.1061500170220879,0.10587142,0.10642861
Ovary,Female,tde,,,2,2.2,0.1050207896741427,0.1047483,0.10529328
Ovary,Female,tde,,,2,2.25,0.1038912812004515,0.10362479,0.10415777
Ovary,Female,tde,,,2,2.3,0.1027623783296621,0.10250178,0.10302298
Ovary,Female,tde,,,2,2.3499999,0.1016349380515355,0.10138012,0.10188976
Ovary,Female,tde,,,2,2.4000001,0.1005097785017755,0.10026062,0.10075894
Ovary,Female,tde,,,2,2.45,0.0993876976540532,0.099144064,0.099631332
Ovary,Female,tde,,,2,2.5,0.0982694457849951,0.098031208,0.09850768
Ovary,Female,tde,,,2,2.55,0.0971557551279125,0.096922778,0.097388729
Ovary,Female,tde,,,2,2.5999999,0.0960472971113821,0.095819436,0.096275158
Ovary,Female,tde,,,2,2.6500001,0.0949446731099117,0.094721794,0.095167555
Ovary,Female,tde,,,2,2.7,0.0938484410659914,0.093630388,0.094066493
Ovary,Female,tde,,,2,2.75,0.0927590890231934,0.092545718,0.092972465
Ovary,Female,tde,,,2,2.8,0.0916770607935014,0.091468215,0.091885902
Ovary,Female,tde,,,2,2.8499999,0.0906027548637578,0.090398289,0.090807222
Ovary,Female,tde,,,2,2.9000001,0.089536523127612,0.089336276,0.089736775
Ovary,Female,tde,,,2,2.95,0.0884786946373892,0.088282511,0.088674881
Ovary,Female,tde,,,2,3.0,0.0874295482424803,0.087237269,0.08762183
Ovary,Female,tde,,,2,3.05,0.0863597398870309,0.086171269,0.086548209
Ovary,Female,tde,,,2,3.0999999,0.0852998626202564,0.085115045,0.085484684
Ovary,Female,tde,,,2,3.1500001,0.0842500934152051,0.08406876,0.084431425
Ovary,Female,tde,,,2,3.2,0.0832105993143465,0.083032593,0.083388604
Ovary,Female,tde,,,2,3.25,0.082181509432633,0.082006671,0.082356349
Ovary,Female,tde,,,2,3.3,0.0811629368969107,0.080991097,0.081334777
Ovary,Female,tde,,,2,3.3499999,0.0801549755287374,0.079985984,0.080323972
Ovary,Female,tde,,,2,3.4000001,0.0791576966866787,0.078991391,0.079324
Ovary,Female,tde,,,2,3.45,0.0781711696810322,0.078007393,0.078334942
Ovary,Female,tde,,,2,3.5,0.0771954345688375,0.077034034,0.077356838
Ovary,Female,tde,,,2,3.55,0.0762305224482496,0.076071344,0.0763897
Ovary,Female,tde,,,2,3.5999999,0.0752764518022486,0.075119346,0.075433552
Ovary,Female,tde,,,2,3.6500001,0.0743332250629655,0.074178047,0.074488401
Ovary,Female,tde,,,2,3.7,0.0734008475056216,0.073247455,0.07355424
Ovary,Female,tde,,,2,3.75,0.0724793011437808,0.072327554,0.072631046
Ovary,Female,tde,,,2,3.8,0.0715685635848067,0.071418323,0.071718805
Ovary,Female,tde,,,2,3.8499999,0.0706686042572566,0.070519745,0.070817463
Ovary,Female,tde,,,2,3.9000001,0.0697793808900405,0.06963177,0.069926992
Ovary,Female,tde,,,2,3.95,0.0689008570629269,0.068754375,0.069047339
Ovary,Female,tde,,,2,4.0,0.0680329773590602,0.0678875,0.068178453
Ovary,Female,tde,,,2,4.0500002,0.0671506406769807,0.067006119,0.067295164
Ovary,Female,tde,,,2,4.0999999,0.0662795175229065,0.066135846,0.066423193
Ovary,Female,tde,,,2,4.1500001,0.0654195102886403,0.065276578,0.065562442
Ovary,Female,tde,,,2,4.1999998,0.0645705503051106,0.064428262,0.064712837
Ovary,Female,tde,,,2,4.25,0.0637325326319109,0.063590795,0.063874267
Ovary,Female,tde,,,2,4.3000002,0.0629053733713347,0.062764101,0.063046649
Ovary,Female,tde,,,2,4.3499999,0.0620889852614538,0.061948087,0.062229883
Ovary,Female,tde,,,2,4.4000001,0.061283255107132,0.061142661,0.061423849
Ovary,Female,tde,,,2,4.4499998,0.0604880983245103,0.060347728,0.060628466
Ovary,Female,tde,,,2,4.5,0.0597033977406466,0.05956319,0.059843607
Ovary,Female,tde,,,2,4.5500002,0.0589290571841519,0.058788944,0.059069172
Ovary,Female,tde,,,2,4.5999999,0.0581649785275821,0.058024902,0.058305055
Ovary,Female,tde,,,2,4.6500001,0.0574110404905711,0.057270948,0.057551131
Ovary,Female,tde,,,2,4.6999998,0.0566671496091343,0.056526992,0.056807306
Ovary,Female,tde,,,2,4.75,0.0559331828979031,0.055792913,0.056073453
Ovary,Female,tde,,,2,4.8000002,0.0552090379238768,0.055068616,0.055349462
Ovary,Female,tde,,,2,4.8499999,0.0544946112625951,0.054353997,0.054635223
Ovary,Female,tde,,,2,4.9000001,0.0537897786281833,0.053648941,0.053930618
Ovary,Female,tde,,,2,4.9499998,0.0530944424755584,0.052953348,0.053235535
Ovary,Female,tde,,,2,5.0,0.0524084783481427,0.052267104,0.052549854
Ovary,Female,tie,,,0,0.0,0.0,0.0,0.0
Ovary,Female,tie,,,0,0.050000001,0.0009663085684527,0.00072110363,0.0012115135
Ovary,Female,tie,,,0,0.1,0.0018207787711281,0.0013635074,0.0022780502
Ovary,Female,tie,,,0,0.15000001,0.0025518209062659,0.0019191966,0.0031844452
Ovary,Female,tie,,,0,0.2,0.0031875781020057,0.0024067275,0.0039684284
Ovary,Female,tie,,,0,0.25,0.0037481290208868,0.0028395429,0.0046567153
Ovary,Female,tie,,,0,0.30000001,0.0042477630176868,0.0032273913,0.0052681346
Ovary,Female,tie,,,0,0.34999999,0.0046969837181245,0.00357757,0.0058163977
Ovary,Female,tie,,,0,0.40000001,0.0051037540024806,0.0038957025,0.0063118055
Ovary,Female,tie,,,0,0.44999999,0.0054742670074631,0.004186227,0.0067623071
Ovary,Female,tie,,,0,0.5,0.0058134455147316,0.0044527152,0.0071741757
Ovary,Female,tie,,,0,0.55000001,0.0061252722168583,0.0046980907,0.0075524538
Ovary,Female,tie,,,0,0.60000002,0.0064130193179136,0.0049247779,0.0079012606
Ovary,Female,tie,,,0,0.64999998,0.006679410099157,0.005134814,0.0082240067
Ovary,Female,tie,,,0,0.69999999,0.0069267378948803,0.0053299256,0.0085235508
Ovary,Female,tie,,,0,0.75,0.0071569515240625,0.0055115912,0.0088023115
Ovary,Female,tie,,,0,0.80000001,0.0073717225748522,0.0056810868,0.0090623582
Ovary,Female,tie,,,0,0.85000002,0.0075725969155385,0.0058395998,0.0093055945
Ovary,Female,tie,,,0,0.89999998,0.0077616213088252,0.0059887175,0.0095345248
Ovary,Female,tie,,,0,0.94999999,0.007940783867431,0.0061299871,0.0097515807
Ovary,Female,tie,,,0,1.0,0.0081117028303432,0.0062646694,0.0099587366
Ovary,Female,tie,,,0,1.05,0.0082752030311002,0.0063935048,0.010156902
Ovary,Female,tie,,,0,1.1,0.0084328553439919,0.0065176212,0.01034809
Ovary,Female,tie,,,0,1.15,0.0085855552599235,0.0066377176,0.010533392
Ovary,Female,tie,,,0,1.2,0.0087340447504093,0.0067543746,0.010713715
Ovary,Female,tie,,,0,1.25,0.0088789378339344,0.0068680714,0.010889804
Ovary,Female,tie,,,0,1.3,0.0090207457098205,0.0069792075,0.011062284
Ovary,Female,tie,,,0,1.35,0.009159893744814,0.0070881154,0.011231672
Ovary,Female,tie,,,0,1.4,0.0092967350427181,0.0071950695,0.0113984
Ovary,Female,tie,,,0,1.45,0.0094315644964469,0.0073003001,0.011562829
Ovary,Female,tie,,,0,1.5,0.0095646257165765,0.0074039963,0.011725255
Ovary,Female,tie,,,0,1.55,0.0096961210874809,0.0075063147,0.011885928
Ovary,Female,tie,,,0,1.6,0.009826203804073,0.0076073729,0.012045034
Ovary,Female,tie,,,0,1.65,0.0099548029018196,0.0077071157,0.01220249
Ovary,Female,tie,,,0,1.7,0.0100817109049641,0.0078053796,0.012358042
Ovary,Female,tie,,,0,1.75,0.0102067456146304,0.0079020234,0.012511468
Ovary,Female,tie,,,0,1.8,0.01032975253637,0.0079969252,0.01266258
Ovary,Female,tie,,,0,1.85,0.0104506005454957,0.0080899838,0.012811217
Ovary,Female,tie,,,0,1.9,0.0105691781609902,0.0081811147,0.012957241
Ovary,Female,tie,,,0,1.95,0.0106853930902067,0.008270245,0.01310054
Ovary,Female,tie,,,0,2.0,0.010799167857905,0.0083573181,0.013241017
Ovary,Female,tie,,,0,2.05,0.0109097795707534,0.0084418636,0.013377695
Ovary,Female,tie,,,0,2.0999999,0.0110178297111586,0.0085242586,0.013511401
Ovary,Female,tie,,,0,2.1500001,0.0111232800906499,0.0086044762,0.013642084
Ovary,Female,tie,,,0,2.2,0.0112261009531168,0.0086824959,0.013769707
Ovary,Female,tie,,,0,2.25,0.0113262729191554,0.0087583046,0.013894241
Ovary,Female,tie,,,0,2.3,0.0114237840120675,0.0088318959,0.014015672
Ovary,Female,tie,,,0,2.3499999,0.0115186293221228,0.0089032706,0.014133988
Ovary,Female,tie,,,0,2.4000001,0.0116108106859193,0.0089724325,0.014249189
Ovary,Female,tie,,,0,2.45,0.0117003342659836,0.0090393899,0.014361278
Ovary,Female,tie,,,0,2.5,0.0117872203396616,0.0091041625,0.014470278
Ovary,Female,tie,,,0,2.55,0.0118715230285836,0.0091667939,0.014576252
Ovary,Female,tie,,,0,2.5999999,0.0119533031508622,0.0092273373,0.01467927
Ovary,Female,tie,,,0,2.6500001,0.0120326199508736,0.0092858383,0.014779401
Ovary,Female,tie,,,0,2.7,0.0121095296976882,0.0093423463,0.014876713
Ovary,Female,tie,,,0,2.75,0.01218408804601,0.009396906,0.01497127
Ovary,Female,tie,,,0,2.8,0.0122563485972907,0.009449563,0.015063134
Ovary,Female,tie,,,0,2.8499999,0.0123263633630682,0.0095003601,0.015152367
Ovary,Female,tie,,,0,2.9000001,0.0123941831569715,0.0095493384,0.015239027
Ovary,Female,tie,,,0,2.95,0.0124598563804091,0.0095965397,0.015323172
Ovary,Female,tie,,,0,3.0,0.0125234310267004,0.009642004,0.015404858
Ovary,Female,tie,,,0,3.05,0.0125841722561141,0.0096852463,0.015483098
Ovary,Female,tie,,,0,3.0999999,0.0126429027161322,0.0097268224,0.015558982
Ovary,Female,tie,,,0,3.1500001,0.0126996668409776,0.0097667715,0.015632562
Ovary,Female,tie,,,0,3.2,0.0127545070809248,0.009805127,0.015703887
Ovary,Female,tie,,,0,3.25,0.0128074655728984,0.0098419255,0.015773006
Ovary,Female,tie,,,0,3.3,0.0128585830927638,0.0098772002,0.015839966
Ovary,Female,tie,,,0,3.3499999,0.0129078993722102,0.0099109849,0.015904814
Ovary,Female,tie,,,0,3.4000001,0.0129554533605616,0.009943313,0.015967594
Ovary,Female,tie,,,0,3.45,0.0130012823632089,0.0099742142,0.01602835
Ovary,Female,tie,,,0,3.5,0.013045423436861,0.01000372,0.016087126
Ovary,Female,tie,,,0,3.55,0.0130879125074583,0.010031862,0.016143963
Ovary,Female,tie,,,0,3.5999999,0.0131287846324777,0.010058668,0.016198901
Ovary,Female,tie,,,0,3.6500001,0.0131680742143208,0.010084167,0.016251981
Ovary,Female,tie,,,0,3.7,0.0132058142867513,0.010108388,0.016303241
Ovary,Female,tie,,,0,3.75,0.0132420376655842,0.010131357,0.016352719
Ovary,Female,tie,,,0,3.8,0.013276776217477,0.010153102,0.016400451
Ovary,Female,tie,,,0,3.8499999,0.0133100610753346,0.010173648,0.016446475
Ovary,Female,tie,,,0,3.9000001,0.013341922810057,0.010193022,0.016490825
Ovary,Female,tie,,,0,3.95,0.0133723908517281,0.010211247,0.016533535
Ovary,Female,tie,,,0,4.0,0.0134014944220582,0.01022835,0.01657464
Ovary,Female,tie,,,0,4.0500002,0.0134283936365673,0.010243757,0.016613031
Ovary,Female,tie,,,0,4.0999999,0.0134539840962635,0.010258086,0.016649881
Ovary,Female,tie,,,0,4.1500001,0.0134782936626059,0.010271362,0.016685225
Ovary,Female,tie,,,0,4.1999998,0.0135013486462879,0.010283605,0.016719092
Ovary,Female,tie,,,0,4.25,0.0135231756802279,0.010294839,0.016751513
Ovary,Female,tie,,,0,4.3000002,0.0135438001669007,0.010305084,0.016782517
Ovary,Female,tie,,,0,4.3499999,0.0135632470053236,0.010314362,0.016812131
Ovary,Female,tie,,,0,4.4000001,0.0135815411109569,0.010322695,0.016840387
Ovary,Female,tie,,,0,4.4499998,0.0135987061594361,0.010330101,0.016867312
Ovary,Female,tie,,,0,4.5,0.0136147659973402,0.0103366,0.016892932
Ovary,Female,tie,,,0,4.5500002,0.0136297434827364,0.010342212,0.016917275
Ovary,Female,tie,,,0,4.5999999,0.0136436610356714,0.010346957,0.016940365
Ovary,Female,tie,,,0,4.6500001,0.0136565410023609,0.010350852,0.01696223
Ovary,Female,tie,,,0,4.6999998,0.0136684047627723,0.010353916,0.016982893
Ovary,Female,tie,,,0,4.75,0.0136792737258193,0.010356167,0.01700238
Ovary,Female,tie,,,0,4.8000002,0.013689168524227,0.010357623,0.017020714
Ovary,Female,tie,,,0,4.8499999,0.0136981094065434,0.010358299,0.017037919
Ovary,Female,tie,,,0,4.9000001,0.013706116461532,0.010358214,0.017054019
Ovary,Female,tie,,,0,4.9499998,0.0137132090535582,0.010357384,0.017069034
Ovary,Female,tie,,,0,5.0,0.0137194064440575,0.010355824,0.017082989
Ovary,Female,tie,,,1,0.0,0.0,0.0,0.0
Ovary,Female,tie,,,1,0.050000001,0.0009948218298464,0.0007932033,0.0011964404
Ovary,Female,tie,,,1,0.1,0.0018881661864751,0.0015053011,0.0022710313
Ovary,Female,tie,,,1,0.15000001,0.00266314337108,0.002122927,0.0032033597
Ovary,Female,tie,,,1,0.2,0.0033448386143862,0.0026660224,0.0040236549
Ovary,Female,tie,,,1,0.25,0.003951709246396,0.0031492689,0.0047541498
Ovary,Female,tie,,,1,0.30000001,0.0044971472760842,0.0035833293,0.0054109651
Ovary,Female,tie,,,1,0.34999999,0.0049911505805567,0.0039761732,0.0060061282
Ovary,Female,tie,,,1,0.40000001,0.0054414004222619,0.0043339301,0.0065488708
Ovary,Female,tie,,,1,0.44999999,0.00585394150541,0.0046614283,0.0070464546
Ovary,Female,tie,,,1,0.5,0.0062336296858666,0.0049625509,0.0075047086
Ovary,Female,tie,,,1,0.55000001,0.0065844311270909,0.0052404706,0.0079283919
Ovary,Female,tie,,,1,0.60000002,0.0069096329576732,0.0054978211,0.0083214445
Ovary,Female,tie,,,1,0.64999998,0.0072119927518315,0.005736812,0.0086871739
Ovary,Female,tie,,,1,0.69999999,0.0074938499499312,0.0059593199,0.0090283798
Ovary,Female,tie,,,1,0.75,0.0077572060022545,0.0061669503,0.0093474612
Ovary,Female,tie,,,1,0.80000001,0.0080037885250858,0.0063610915,0.0096464856
Ovary,Female,tie,,,1,0.85000002,0.0082352118958592,0.0065430384,0.0099273855
Ovary,Female,tie,,,1,0.89999998,0.0084536702276264,0.0067145443,0.010192797
Ovary,Female,tie,,,1,0.94999999,0.0086613150498158,0.006877325,0.010445305
Ovary,Female,tie,,,1,1.0,0.008859904017979,0.0070327809,0.010687027
Ovary,Female,tie,,,1,1.05,0.009050388422854,0.0071816705,0.010919106
Ovary,Female,tie,,,1,1.1,0.009234428899661,0.0073253154,0.011143543
Ovary,Female,tie,,,1,1.15,0.0094130072506834,0.0074644955,0.011361519
Ovary,Female,tie,,,1,1.2,0.0095869393474063,0.0075998595,0.011574019
Ovary,Female,tie,,,1,1.25,0.0097569020892374,0.0077319439,0.01178186
Ovary,Female,tie,,,1,1.3,0.0099234605492357,0.0078611961,0.011985725
Ovary,Female,tie,,,1,1.35,0.0100870861038816,0.0079879891,0.012186183
Ovary,Female,tie,,,1,1.4,0.0102481709449606,0.0081126327,0.01238371
Ovary,Female,tie,,,1,1.45,0.0104070434734198,0.0082353838,0.012578703
Ovary,Female,tie,,,1,1.5,0.0105639755506962,0.0083564566,0.012771494
Ovary,Female,tie,,,1,1.55,0.010719193618946,0.0084760282,0.012962359
Ovary,Female,tie,,,1,1.6,0.0108728692559214,0.0085942307,0.013151508
Ovary,Female,tie,,,1,1.65,0.0110249191823365,0.008710999,0.01333884
Ovary,Female,tie,,,1,1.7,0.0111751040398766,0.0088261431,0.013524065
Ovary,Female,tie,,,1,1.75,0.0113232124237071,0.008939499,0.013706925
Ovary,Female,tie,,,1,1.8,0.011469063926846,0.0090509253,0.013887202
Ovary,Female,tie,,,1,1.85,0.0116125043188133,0.0091603016,0.014064707
Ovary,Female,tie,,,1,1.9,0.0117534013878836,0.0092675267,0.014239276
Ovary,Female,tie,,,1,1.95,0.01189164462522,0.0093725156,0.014410774
Ovary,Female,tie,,,1,2.0,0.0120271402221996,0.0094751958,0.014579085
Ovary,Female,tie,,,1,2.05,0.0121591277921859,0.0095749665,0.014743289
Ovary,Female,tie,,,1,2.0999999,0.0122882156192882,0.0096723149,0.014904116
Ovary,Female,tie,,,1,2.1500001,0.0124143547164006,0.0097672055,0.015061504
Ovary,Female,tie,,,1,2.2,0.0125375057149959,0.0098596103,0.015215401
Ovary,Female,tie,,,1,2.25,0.0126576412834398,0.0099495128,0.015365769
Ovary,Female,tie,,,1,2.3,0.0127747426492579,0.010036901,0.015512585
Ovary,Female,tie,,,1,2.3499999,0.0128887992646947,0.010121769,0.015655829
Ovary,Female,tie,,,1,2.4000001,0.0129998084847992,0.010204121,0.015795497
Ovary,Female,tie,,,1,2.45,0.0131077727067282,0.010283959,0.015931586
Ovary,Female,tie,,,1,2.5,0.0132127108216462,0.010361305,0.016064117
Ovary,Female,tie,,,1,2.55,0.0133146809841274,0.010436206,0.016193157
Ovary,Female,tie,,,1,2.5999999,0.0134137493829611,0.010508717,0.016318781
Ovary,Female,tie,,,1,2.6500001,0.0135099807056418,0.010578892,0.01644107
Ovary,Female,tie,,,1,2.7,0.0136034364092127,0.010646783,0.016560091
Ovary,Female,tie,,,1,2.75,0.013694177559128,0.010712438,0.016675917
Ovary,Female,tie,,,1,2.8,0.0137822630607304,0.010775908,0.016788619
Ovary,Female,tie,,,1,2.8499999,0.0138677501994856,0.01083724,0.01689826
Ovary,Female,tie,,,1,2.9000001,0.0139506951002019,0.010896482,0.017004909
Ovary,Female,tie,,,1,2.95,0.014031151222296,0.010953675,0.017108627
Ovary,Female,tie,,,1,3.0,0.0141091717934654,0.011008866,0.017209478
Ovary,Female,tie,,,1,3.05,0.0141839536711056,0.011061418,0.01730649
Ovary,Female,tie,,,1,3.0999999,0.0142563949941087,0.011112045,0.017400745
Ovary,Female,tie,,,1,3.1500001,0.0143265453717317,0.011160791,0.0174923
Ovary,Female,tie,,,1,3.2,0.0143944521874948,0.011207694,0.01758121
Ovary,Female,tie,,,1,3.25,0.0144601626511415,0.011252794,0.01766753
Ovary,Female,tie,,,1,3.3,0.0145237224927345,0.01129613,0.017751316
Ovary,Female,tie,,,1,3.3499999,0.0145851763429996,0.011337736,0.017832616
Ovary,Female,tie,,,1,3.4000001,0.0146445680499232,0.011377651,0.017911484
Ovary,Female,tie,,,1,3.45,0.014701939592052,0.011415909,0.01798797
Ovary,Female,tie,,,1,3.5,0.0147573328117593,0.011452546,0.01806212
Ovary,Female,tie,,,1,3.55,0.0148107883054792,0.011487595,0.018133981
Ovary,Female,tie,,,1,3.5999999,0.0148623457428023,0.011521089,0.018203603
Ovary,Female,tie,,,1,3.6500001,0.0149120441285888,0.01155306,0.018271027
Ovary,Female,tie,,,1,3.7,0.0149599208920408,0.011583541,0.018336302
Ovary,Female,tie,,,1,3.75,0.0150060133350906,0.011612562,0.018399466
Ovary,Female,tie,,,1,3.8,0.0150503577013824,0.011640152,0.018460564
Ovary,Female,tie,,,1,3.8499999,0.0150929894420532,0.011666342,0.018519638
Ovary,Female,tie,,,1,3.9000001,0.0151339434303878,0.011691161,0.018576726
Ovary,Female,tie,,,1,3.95,0.0151732532110161,0.011714636,0.01863187
Ovary,Female,tie,,,1,4.0,0.0152109521927194,0.011736797,0.018685108
Ovary,Female,tie,,,1,4.0500002,0.0152461036078307,0.011756901,0.018735306
Ovary,Female,tie,,,1,4.0999999,0.015279705899872,0.01177574,0.018783672
Ovary,Female,tie,,,1,4.1500001,0.0153117911281607,0.011793343,0.01883024
Ovary,Female,tie,,,1,4.1999998,0.0153423894419319,0.011809735,0.018875044
Ovary,Female,tie,,,1,4.25,0.0153715315472057,0.01182494,0.018918123
Ovary,Female,tie,,,1,4.3000002,0.0153992466454845,0.011838985,0.018959509
Ovary,Female,tie,,,1,4.3499999,0.0154255633867085,0.011851891,0.018999236
Ovary,Female,tie,,,1,4.4000001,0.0154505105766082,0.011863683,0.019037338
Ovary,Female,tie,,,1,4.4499998,0.0154741154675364,0.011874385,0.019073846
Ovary,Female,tie,,,1,4.5,0.0154964056775584,0.01188402,0.019108791
Ovary,Female,tie,,,1,4.5500002,0.0155174075965798,0.011892608,0.019142207
Ovary,Female,tie,,,1,4.5999999,0.0155371471305174,0.011900173,0.019174121
Ovary,Female,tie,,,1,4.6500001,0.0155556502238272,0.011906734,0.019204566
Ovary,Female,tie,,,1,4.6999998,0.0155729415837708,0.011912313,0.01923357
Ovary,Female,tie,,,1,4.75,0.0155890461053936,0.011916933,0.019261159
Ovary,Female,tie,,,1,4.8000002,0.0156039877000105,0.01192061,0.019287366
Ovary,Female,tie,,,1,4.8499999,0.015617789851235,0.011923366,0.019312214
Ovary,Female,tie,,,1,4.9000001,0.0156304759709851,0.01192522,0.019335732
Ovary,Female,tie,,,1,4.9499998,0.0156420685153164,0.011926191,0.019357946
Ovary,Female,tie,,,1,5.0,0.0156525899636489,0.011926298,0.019378882
Ovary,Female,tie,,,2,0.0,0.0,0.0,0.0
Ovary,Female,tie,,,2,0.050000001,0.0007925251563377,-0.00024947539,0.0018345257
Ovary,Female,tie,,,2,0.1,0.0014100640931081,-0.00049524347,0.0033153717
Ovary,Female,tie,,,2,0.15000001,0.0018733296767519,-0.00069426891,0.0044409283
Ovary,Female,tie,,,2,0.2,0.0022291023929281,-0.0008568819,0.0053150868
Ovary,Female,tie,,,2,0.25,0.0025073426464471,-0.00099248288,0.006007168
Ovary,Female,tie,,,2,0.30000001,0.0027278089600411,-0.0011078187,0.0065634367
Ovary,Female,tie,,,2,0.34999999,0.0029040874100242,-0.0012076321,0.0070158071
Ovary,Female,tie,,,2,0.40000001,0.0030458572888135,-0.001295298,0.0073870127
Ovary,Female,tie,,,2,0.44999999,0.0031602164035966,-0.0013732627,0.0076936954
Ovary,Female,tie,,,2,0.5,0.0032524954372107,-0.0014433371,0.0079483278
Ovary,Female,tie,,,2,0.55000001,0.0033267778243198,-0.0015068842,0.0081604403
Ovary,Female,tie,,,2,0.60000002,0.0033862448066203,-0.0015649508,0.00833744
Ovary,Female,tie,,,2,0.64999998,0.0034334106557005,-0.0016183512,0.0084851729
Ovary,Female,tie,,,2,0.69999999,0.0034702876972854,-0.0016677311,0.0086083068
Ovary,Female,tie,,,2,0.75,0.0034985039716332,-0.001713607,0.0087106153
Ovary,Female,tie,,,2,0.80000001,0.0035193895850661,-0.0017563986,0.0087951776
Ovary,Female,tie,,,2,0.85000002,0.0035340728544461,-0.0017964675,0.0088646132
Ovary,Female,tie,,,2,0.89999998,0.0035437024675103,-0.0018342296,0.0089216344
Ovary,Female,tie,,,2,0.94999999,0.0035492705403098,-0.0018700743,0.008968615
Ovary,Female,tie,,,2,1.0,0.0035515455919084,-0.0019043151,0.0090074064
Ovary,Female,tie,,,2,1.05,0.0035505817210145,-0.0019359086,0.0090370718
Ovary,Female,tie,,,2,1.1,0.0035474027245261,-0.0019663451,0.0090611503
Ovary,Female,tie,,,2,1.15,0.003542378040379,-0.001995804,0.0090805599
Ovary,Female,tie,,,2,1.2,0.0035357992325057,-0.0020244345,0.0090960329
Ovary,Female,tie,,,2,1.25,0.0035278970710098,-0.0020523637,0.0091081578
Ovary,Female,tie,,,2,1.3,0.0035188544040753,-0.0020796983,0.0091174068
Ovary,Female,tie,,,2,1.35,0.0035088161770491,-0.0021065299,0.0091241617
Ovary,Female,tie,,,2,1.4,0.0034978972592227,-0.0021329354,0.0091287298
Ovary,Female,tie,,,2,1.45,0.0034861883178277,-0.0021589836,0.0091313599
Ovary,Female,tie,,,2,1.5,0.0034737607793129,-0.0021847317,0.009132253
Ovary,Female,tie,,,2,1.55,0.003460670400016,-0.0022102294,0.0091315703
Ovary,Female,tie,,,2,1.6,0.0034469583346173,-0.0022355178,0.0091294348
Ovary,Female,tie,,,2,1.65,0.0034326286748757,-0.0022605963,0.0091258539
Ovary,Female,tie,,,2,1.7,0.0034176682637299,-0.0022854365,0.0091207726
Ovary,Female,tie,,,2,1.75,0.0034020729075845,-0.0023100134,0.0091141593
Ovary,Female,tie,,,2,1.8,0.0033858460444174,-0.0023343046,0.0091059972
Ovary,Female,tie,,,2,1.85,0.0033689973753614,-0.0023582915,0.0090962863
Ovary,Female,tie,,,2,1.9,0.0033515417694939,-0.0023819564,0.0090850396
Ovary,Female,tie,,,2,1.95,0.0033334979587037,-0.0024052856,0.0090722814
Ovary,Female,tie,,,2,2.0,0.0033148880169029,-0.0024282651,0.0090580406
Ovary,Female,tie,,,2,2.05,0.0032952175659882,-0.002449278,0.0090397131
Ovary,Female,tie,,,2,2.0999999,0.0032750466331615,-0.0024699098,0.0090200035
Ovary,Female,tie,,,2,2.1500001,0.0032544028457732,-0.0024901521,0.0089989575
Ovary,Female,tie,,,2,2.2,0.0032333150337328,-0.0025099982,0.0089766281
Ovary,Female,tie,,,2,2.25,0.0032118122851122,-0.0025294428,0.0089530675
Ovary,Female,tie,,,2,2.3,0.0031899240422952,-0.0025484809,0.0089283288
Ovary,Female,tie,,,2,2.3499999,0.0031676797583438,-0.0025671085,0.0089024678
Ovary,Female,tie,,,2,2.4000001,0.0031451085841261,-0.0025853231,0.0088755405
Ovary,Female,tie,,,2,2.45,0.0031222396314455,-0.0026031211,0.0088476008
Ovary,Female,tie,,,2,2.5,0.0030991016261871,-0.0026205028,0.0088187065
Ovary,Female,tie,,,2,2.55,0.0030757241098819,-0.0026374753,0.0087889237
Ovary,Female,tie,,,2,2.5999999,0.0030521351672935,-0.0026540456,0.0087583158
Ovary,Female,tie,,,2,2.6500001,0.0030283608679335,-0.0026702224,0.0087269442
Ovary,Female,tie,,,2,2.7,0.0030044258610695,-0.0026860121,0.0086948639
Ovary,Female,tie,,,2,2.75,0.0029803528238164,-0.002701422,0.0086621279
Ovary,Female,tie,,,2,2.8,0.0029561630313273,-0.0027164591,0.0086287847
Ovary,Female,tie,,,2,2.8499999,0.0029318763514563,-0.0027311298,0.0085948827
Ovary,Female,tie,,,2,2.9000001,0.002907511227111,-0.0027454407,0.0085604629
Ovary,Female,tie,,,2,2.95,0.0028830852320133,-0.0027593975,0.0085255681
Ovary,Female,tie,,,2,3.0,0.0028586144568489,-0.002773006,0.0084902346
Ovary,Female,tie,,,2,3.05,0.0028337803561221,-0.002784403,0.0084519638
Ovary,Female,tie,,,2,3.0999999,0.0028089454701886,-0.0027954634,0.0084133539
Ovary,Female,tie,,,2,3.1500001,0.0027841226923304,-0.0028061925,0.0083744377
Ovary,Female,tie,,,2,3.2,0.0027593244055371,-0.0028165965,0.0083352458
Ovary,Female,tie,,,2,3.25,0.0027345618287791,-0.0028266809,0.0082958043
Ovary,Female,tie,,,2,3.3,0.0027098455429421,-0.0028364512,0.008256142
Ovary,Female,tie,,,2,3.3499999,0.0026851854209333,-0.0028459129,0.0082162842
Ovary,Female,tie,,,2,3.4000001,0.0026605905555728,-0.0028550711,0.0081762522
Ovary,Female,tie,,,2,3.45,0.0026360697701739,-0.0028639308,0.0081360703
Ovary,Female,tie,,,2,3.5,0.0026116309536451,-0.0028724973,0.008095759
Ovary,Female,tie,,,2,3.55,0.0025872815660725,-0.0028807754,0.0080553386
Ovary,Female,tie,,,2,3.5999999,0.0025630285548955,-0.0028887694,0.0080148261
Ovary,Female,tie,,,2,3.6500001,0.0025388782713249,-0.0028964847,0.0079742409
Ovary,Female,tie,,,2,3.7,0.0025148369596851,-0.0029039257,0.0079335999
Ovary,Female,tie,,,2,3.75,0.0024909100936789,-0.0029110962,0.007892916
Ovary,Female,tie,,,2,3.8,0.0024671028629847,-0.002918001,0.0078522069
Ovary,Female,tie,,,2,3.8499999,0.0024434200816276,-0.0029246451,0.0078114853
Ovary,Female,tie,,,2,3.9000001,0.0024198660982135,-0.0029310319,0.0077707642
Ovary,Female,tie,,,2,3.95,0.002396445265378,-0.0029371658,0.0077300561
Ovary,Female,tie,,,2,4.0,0.002373161285356,-0.0029430508,0.0076893736
Ovary,Female,tie,,,2,4.0500002,0.0023497647599872,-0.0029466979,0.0076462273
Ovary,Female,tie,,,2,4.0999999,0.0023265244828914,-0.0029501116,0.0076031606
Ovary,Female,tie,,,2,4.1500001,0.0023034427303026,-0.0029532961,0.0075601814
Ovary,Female,tie,,,2,4.1999998,0.0022805224176642,-0.0029562551,0.0075173001
Ovary,Female,tie,,,2,4.25,0.0022577653530449,-0.0029589934,0.007474524
Ovary,Female,tie,,,2,4.3000002,0.0022351737844971,-0.0029615143,0.0074318619
Ovary,Female,tie,,,2,4.3499999,0.0022127497498143,-0.0029638219,0.0073893215
Ovary,Female,tie,,,2,4.4000001,0.0021904944539268,-0.0029659204,0.007346909
Ovary,Female,tie,,,2,4.4499998,0.0021684097729978,-0.0029678124,0.0073046321
Ovary,Female,tie,,,2,4.5,0.0021464965670448,-0.0029695025,0.0072624953
Ovary,Female,tie,,,2,4.5500002,0.0021247561681914,-0.0029709942,0.0072205067
Ovary,Female,tie,,,2,4.5999999,0.0021031897507047,-0.0029722909,0.0071786703
Ovary,Female,tie,,,2,4.6500001,0.0020817977301486,-0.0029733959,0.0071369912
Ovary,Female,tie,,,2,4.6999998,0.0020605812072049,-0.002974313,0.0070954752
Ovary,Female,tie,,,2,4.75,0.002039540343414,-0.0029750455,0.0070541259
Ovary,Female,tie,,,2,4.8000002,0.0020186757890631,-0.0029755959,0.0070129475
Ovary,Female,tie,,,2,4.8499999,0.0019979880755358,-0.0029759684,0.0069719446
Ovary,Female,tie,,,2,4.9000001,0.0019774770375375,-0.0029761663,0.0069311205
Ovary,Female,tie,,,2,4.9499998,0.0019571431961186,-0.0029761922,0.0068904785
Ovary,Female,tie,,,2,5.0,0.0019369861996513,-0.002976049,0.0068500214
