site,sex,estimate,race,stage,agegroup,tt,PE,lci,uci
Pancreas,Male,AD,,,0,0.0,0.0,0.0,0.0
Pancreas,Male,AD,,,0,0.050000001,12.37408502051049,11.560361,13.187809
Pancreas,Male,AD,,,0,0.1,26.86186248310467,25.41309,28.310637
Pancreas,Male,AD,,,0,0.15000001,38.26707070153867,36.385326,40.148815
Pancreas,Male,AD,,,0,0.2,46.9980960842264,44.81789,49.178303
Pancreas,Male,AD,,,0,0.25,53.69239077811446,51.303513,56.081268
Pancreas,Male,AD,,,0,0.30000001,58.85994047503499,56.323353,61.39653
Pancreas,Male,AD,,,0,0.34999999,62.92165105838725,60.277287,65.566017
Pancreas,Male,AD,,,0,0.40000001,66.17274977568857,63.446976,68.898529
Pancreas,Male,AD,,,0,0.44999999,68.80145360206234,66.012627,71.590279
Pancreas,Male,AD,,,0,0.5,70.93264484614792,68.094215,73.77108
Pancreas,Male,AD,,,0,0.55000001,72.65241450356802,69.774673,75.530151
Pancreas,Male,AD,,,0,0.60000002,74.02062403818127,71.111931,76.929321
Pancreas,Male,AD,,,0,0.64999998,75.07383769709884,72.141754,78.00592
Pancreas,Male,AD,,,0,0.69999999,75.84367863903185,72.895187,78.792168
Pancreas,Male,AD,,,0,0.75,76.36189964851724,73.403252,79.320541
Pancreas,Male,AD,,,0,0.80000001,76.65912859396565,73.695831,79.622429
Pancreas,Male,AD,,,0,0.85000002,76.76411984201923,73.800911,79.727325
Pancreas,Male,AD,,,0,0.89999998,76.70335781040768,73.744293,79.662422
Pancreas,Male,AD,,,0,0.94999999,76.50089082189356,73.549362,79.452423
Pancreas,Male,AD,,,0,1.0,76.17833651902595,73.237144,79.11953
Pancreas,Male,AD,,,0,1.05,75.74365507655693,72.815384,78.671921
Pancreas,Male,AD,,,0,1.1,75.22626848828651,72.312691,78.139847
Pancreas,Male,AD,,,0,1.15,74.6407366146471,71.743233,77.538239
Pancreas,Male,AD,,,0,1.2,73.99926670135352,71.118896,76.879639
Pancreas,Male,AD,,,0,1.25,73.31213570671838,70.449699,76.174568
Pancreas,Male,AD,,,0,1.3,72.58801180131616,69.74411,75.431915
Pancreas,Male,AD,,,0,1.35,71.83422772398626,69.009277,74.65918
Pancreas,Male,AD,,,0,1.4,71.05700600770365,68.251289,73.862724
Pancreas,Male,AD,,,0,1.45,70.26162601995907,67.475304,73.047943
Pancreas,Male,AD,,,0,1.5,69.4525866741858,66.685738,72.219429
Pancreas,Male,AD,,,0,1.55,68.63371557384966,65.886337,71.381088
Pancreas,Male,AD,,,0,1.6,67.80827612617657,65.080307,70.536247
Pancreas,Male,AD,,,0,1.65,66.97905818051538,64.270378,69.687737
Pancreas,Male,AD,,,0,1.7,66.1484350361709,63.458889,68.837982
Pancreas,Male,AD,,,0,1.75,65.31843868915087,62.647835,67.989044
Pancreas,Male,AD,,,0,1.8,64.49079607988915,61.838921,67.14267
Pancreas,Male,AD,,,0,1.85,63.66697740948325,61.033592,66.300362
Pancreas,Male,AD,,,0,1.9,62.84823791927397,60.233089,65.463387
Pancreas,Male,AD,,,0,1.95,62.03563471302459,59.438461,64.632805
Pancreas,Male,AD,,,0,2.0,61.23006840671155,58.650597,63.80954
Pancreas,Male,AD,,,0,2.05,60.4234434955153,57.86166,62.985229
Pancreas,Male,AD,,,0,2.0999999,59.62556287321246,57.081173,62.169952
Pancreas,Male,AD,,,0,2.1500001,58.83693776039496,56.30965,61.364223
Pancreas,Male,AD,,,0,2.2,58.0579984328607,55.547523,60.568474
Pancreas,Male,AD,,,0,2.25,57.28908387339277,54.795128,59.783043
Pancreas,Male,AD,,,0,2.3,56.53046742022445,54.052738,59.008194
Pancreas,Male,AD,,,0,2.3499999,55.78236212836066,53.320576,58.244148
Pancreas,Male,AD,,,0,2.4000001,55.04492521094602,52.598797,57.491051
Pancreas,Male,AD,,,0,2.45,54.31827894563867,51.887531,56.749027
Pancreas,Male,AD,,,0,2.5,53.60249557281429,51.186852,56.018143
Pancreas,Male,AD,,,0,2.55,52.89761663869012,50.496803,55.298431
Pancreas,Male,AD,,,0,2.5999999,52.20365401341121,49.817406,54.589901
Pancreas,Male,AD,,,0,2.6500001,51.52059064357888,49.148647,53.892532
Pancreas,Male,AD,,,0,2.7,50.84839701255129,48.490505,53.206291
Pancreas,Male,AD,,,0,2.75,50.18701464829053,47.842922,52.531109
Pancreas,Male,AD,,,0,2.8,49.53637187618443,47.205833,51.866913
Pancreas,Male,AD,,,0,2.8499999,48.89638287969126,46.579159,51.213608
Pancreas,Male,AD,,,0,2.9000001,48.26694678063859,45.962803,50.571091
Pancreas,Male,AD,,,0,2.95,47.64796140010213,45.35667,49.939255
Pancreas,Male,AD,,,0,3.0,47.03930683725241,44.760643,49.31797
Pancreas,Male,AD,,,0,3.05,46.43420857666996,44.168182,48.700233
Pancreas,Male,AD,,,0,3.0999999,45.83941209057167,43.585808,48.093018
Pancreas,Male,AD,,,0,3.1500001,45.25477191727731,43.013378,47.496166
Pancreas,Male,AD,,,0,3.2,44.68014713616554,42.450756,46.909538
Pancreas,Male,AD,,,0,3.25,44.11538546610268,41.897797,46.332973
Pancreas,Male,AD,,,0,3.3,43.56033518705999,41.354351,45.766319
Pancreas,Male,AD,,,0,3.3499999,43.01484296201551,40.820274,45.209412
Pancreas,Male,AD,,,0,3.4000001,42.47875185802275,40.29541,44.662094
Pancreas,Male,AD,,,0,3.45,41.951912012099,39.779613,44.12421
Pancreas,Male,AD,,,0,3.5,41.43416571916748,39.272736,43.595596
Pancreas,Male,AD,,,0,3.55,40.92535807139575,38.774624,43.076092
Pancreas,Male,AD,,,0,3.5999999,40.42533470197702,38.285126,42.565544
Pancreas,Male,AD,,,0,3.6500001,39.93393974227035,37.804089,42.063789
Pancreas,Male,AD,,,0,3.7,39.45102539553022,37.331375,41.570675
Pancreas,Male,AD,,,0,3.75,38.97643808832549,36.866833,41.086044
Pancreas,Male,AD,,,0,3.8,38.51002806319406,36.410313,40.609745
Pancreas,Male,AD,,,0,3.8499999,38.05164716876067,35.961674,40.141621
Pancreas,Male,AD,,,0,3.9000001,37.60114686079362,35.520767,39.681526
Pancreas,Male,AD,,,0,3.95,37.15838686728841,35.087463,39.229313
Pancreas,Male,AD,,,0,4.0,36.72322239273808,34.661613,38.784832
Pancreas,Male,AD,,,0,4.0500002,36.29031879589166,34.238098,38.342541
Pancreas,Male,AD,,,0,4.0999999,35.86489736622809,33.82193,37.907864
Pancreas,Male,AD,,,0,4.1500001,35.44680855583772,33.412964,37.480656
Pancreas,Male,AD,,,0,4.1999998,35.0359212368831,33.011066,37.060776
Pancreas,Male,AD,,,0,4.25,34.63209082051071,32.616104,36.648079
Pancreas,Male,AD,,,0,4.3000002,34.2351868729977,32.227943,36.242432
Pancreas,Male,AD,,,0,4.3499999,33.84508106966348,31.84646,35.8437
Pancreas,Male,AD,,,0,4.4000001,33.46163633142851,31.471523,35.451752
Pancreas,Male,AD,,,0,4.4499998,33.08473270349594,31.10301,35.066456
Pancreas,Male,AD,,,0,4.5,32.7142380850359,30.740797,34.687679
Pancreas,Male,AD,,,0,4.5500002,32.35003353211471,30.384764,34.315304
Pancreas,Male,AD,,,0,4.5999999,31.99200218607439,30.034796,33.949207
Pancreas,Male,AD,,,0,4.6500001,31.64001927856157,29.690773,33.589264
Pancreas,Male,AD,,,0,4.6999998,31.29397586458174,29.352589,33.235363
Pancreas,Male,AD,,,0,4.75,30.95375193661908,29.020123,32.887379
Pancreas,Male,AD,,,0,4.8000002,30.61923963890723,28.693272,32.545208
Pancreas,Male,AD,,,0,4.8499999,30.2903330914674,28.371931,32.208736
Pancreas,Male,AD,,,0,4.9000001,29.96691919330408,28.05599,31.877848
Pancreas,Male,AD,,,0,4.9499998,29.6488994157192,27.745352,31.552446
Pancreas,Male,AD,,,0,5.0,29.33616508932118,27.439909,31.23242
Pancreas,Male,AD,,,1,0.0,0.0,0.0,0.0
Pancreas,Male,AD,,,1,0.050000001,4.40632649915446,3.8117034,5.0009499
Pancreas,Male,AD,,,1,0.1,13.80632366620914,12.686295,14.926353
Pancreas,Male,AD,,,1,0.15000001,22.15064679062951,20.64513,23.656164
Pancreas,Male,AD,,,1,0.2,28.9871572452428,27.200579,30.773735
Pancreas,Male,AD,,,1,0.25,34.50007474010869,32.507202,36.49295
Pancreas,Male,AD,,,1,0.30000001,38.94398361886874,36.798233,41.089733
Pancreas,Male,AD,,,1,0.34999999,42.57546836504744,40.313274,44.837662
Pancreas,Male,AD,,,1,0.40000001,45.59120729878796,43.237457,47.944958
Pancreas,Male,AD,,,1,0.44999999,48.12269101644802,45.695229,50.550156
Pancreas,Male,AD,,,1,0.5,50.25999164907307,47.772194,52.747791
Pancreas,Male,AD,,,1,0.55000001,52.06659123976996,49.528915,54.604267
Pancreas,Male,AD,,,1,0.60000002,53.58716908331752,51.008209,56.166126
Pancreas,Male,AD,,,1,0.64999998,54.84830974719424,52.235905,57.460716
Pancreas,Male,AD,,,1,0.69999999,55.8726442969087,53.234051,58.511238
Pancreas,Male,AD,,,1,0.75,56.68321046745953,54.024994,59.341427
Pancreas,Male,AD,,,1,0.80000001,57.30259747516939,54.630589,59.974606
Pancreas,Male,AD,,,1,0.85000002,57.75237806888867,55.071682,60.433071
Pancreas,Male,AD,,,1,0.89999998,58.0527647331028,55.367798,60.737732
Pancreas,Male,AD,,,1,0.94999999,58.22242580362132,55.536957,60.907898
Pancreas,Male,AD,,,1,1.0,58.27843178613699,55.595642,60.96122
Pancreas,Male,AD,,,1,1.05,58.23149151220321,55.554253,60.90873
Pancreas,Male,AD,,,1,1.1,58.10140539274386,55.43185,60.770962
Pancreas,Male,AD,,,1,1.15,57.90054367661816,55.240398,60.560688
Pancreas,Male,AD,,,1,1.2,57.63944606188971,54.990101,60.288792
Pancreas,Male,AD,,,1,1.25,57.32712444769328,54.689693,59.964554
Pancreas,Male,AD,,,1,1.3,56.97130390828841,54.346672,59.595936
Pancreas,Male,AD,,,1,1.35,56.57862560037807,53.967491,59.189758
Pancreas,Male,AD,,,1,1.4,56.1548165132142,53.557716,58.751915
Pancreas,Male,AD,,,1,1.45,55.70482083149977,53.122162,58.287479
Pancreas,Male,AD,,,1,1.5,55.23292299862925,52.665005,57.800838
Pancreas,Male,AD,,,1,1.55,54.74283657009494,52.189869,57.295803
Pancreas,Male,AD,,,1,1.6,54.23778799429869,51.699902,56.775673
Pancreas,Male,AD,,,1,1.65,53.72058846706022,51.197857,56.24332
Pancreas,Male,AD,,,1,1.7,53.1936829673669,50.686119,55.701244
Pancreas,Male,AD,,,1,1.75,52.6592089110585,50.16679,55.151627
Pancreas,Male,AD,,,1,1.8,52.11902897011032,49.641693,54.596363
Pancreas,Male,AD,,,1,1.85,51.57477025819497,49.112427,54.037113
Pancreas,Male,AD,,,1,1.9,51.02785866885444,48.580391,53.475327
Pancreas,Male,AD,,,1,1.95,50.4795358704759,48.04681,52.912262
Pancreas,Male,AD,,,1,2.0,49.93089219483005,47.512753,52.34903
Pancreas,Male,AD,,,1,2.05,49.37832504259296,46.974819,51.781834
Pancreas,Male,AD,,,1,2.0999999,48.8273363957228,46.438278,51.216393
Pancreas,Male,AD,,,1,2.1500001,48.27864691891966,45.903854,50.653439
Pancreas,Male,AD,,,1,2.2,47.73289175643788,45.372169,50.093613
Pancreas,Male,AD,,,1,2.25,47.19061591083607,44.843765,49.537464
Pancreas,Male,AD,,,1,2.3,46.6522943988781,44.319118,48.985474
Pancreas,Male,AD,,,1,2.3499999,46.11833809428464,43.79863,48.438046
Pancreas,Male,AD,,,1,2.4000001,45.58909863574723,43.282658,47.895542
Pancreas,Male,AD,,,1,2.45,45.06488501423081,42.771503,47.358265
Pancreas,Male,AD,,,1,2.5,44.54595416000973,42.265434,46.826477
Pancreas,Male,AD,,,1,2.55,44.03252611035674,41.76466,46.300392
Pancreas,Male,AD,,,1,2.5999999,43.52478592952781,41.269379,45.780193
Pancreas,Male,AD,,,1,2.6500001,43.02288526655269,40.779736,45.266037
Pancreas,Male,AD,,,1,2.7,42.52695538419187,40.295868,44.758041
Pancreas,Male,AD,,,1,2.75,42.03709588561128,39.817879,44.256313
Pancreas,Male,AD,,,1,2.8,41.55338705481086,39.345848,43.760925
Pancreas,Male,AD,,,1,2.8499999,41.07588988215787,38.879841,43.271938
Pancreas,Male,AD,,,1,2.9000001,40.60464599571577,38.419907,42.789387
Pancreas,Male,AD,,,1,2.95,40.1396885455228,37.966076,42.313305
Pancreas,Male,AD,,,1,3.0,39.68103043721106,37.518364,41.843697
Pancreas,Male,AD,,,1,3.05,39.22493245547201,37.073231,41.376637
Pancreas,Male,AD,,,1,3.0999999,38.77523307387793,36.634319,40.916145
Pancreas,Male,AD,,,1,3.1500001,38.33191102271678,36.201618,40.462204
Pancreas,Male,AD,,,1,3.2,37.89494310608012,35.775105,40.014782
Pancreas,Male,AD,,,1,3.25,37.46429249847017,35.354744,39.573841
Pancreas,Male,AD,,,1,3.3,37.03991810781406,34.940502,39.139336
Pancreas,Male,AD,,,1,3.3499999,36.62177323179026,34.53233,38.711216
Pancreas,Male,AD,,,1,3.4000001,36.20980431176622,34.130184,38.289425
Pancreas,Male,AD,,,1,3.45,35.80395939168432,33.734013,37.873905
Pancreas,Male,AD,,,1,3.5,35.40417689752138,33.343758,37.464596
Pancreas,Male,AD,,,1,3.55,35.01039403130625,32.959362,37.061428
Pancreas,Male,AD,,,1,3.5999999,34.62254524699188,32.580757,36.664333
Pancreas,Male,AD,,,1,3.6500001,34.24056085105855,32.207886,36.273239
Pancreas,Male,AD,,,1,3.7,33.86437462640743,31.840675,35.888073
Pancreas,Male,AD,,,1,3.75,33.49391323273773,31.479061,35.508766
Pancreas,Male,AD,,,1,3.8,33.12910381452679,31.122971,35.135239
Pancreas,Male,AD,,,1,3.8499999,32.76987242987735,30.772335,34.76741
Pancreas,Male,AD,,,1,3.9000001,32.41614261365157,30.427078,34.405205
Pancreas,Male,AD,,,1,3.95,32.06784231020936,30.087135,34.04855
Pancreas,Male,AD,,,1,4.0,31.72489394371314,29.752426,33.697361
Pancreas,Male,AD,,,1,4.0500002,31.38415885018804,29.419992,33.348324
Pancreas,Male,AD,,,1,4.0999999,31.04870746986245,29.09273,33.004684
Pancreas,Male,AD,,,1,4.1500001,30.71845509623006,28.770557,32.666355
Pancreas,Male,AD,,,1,4.1999998,30.39332989756866,28.453402,32.33326
Pancreas,Male,AD,,,1,4.25,30.07324782461586,28.141184,32.00531
Pancreas,Male,AD,,,1,4.3000002,29.75813453286963,27.833832,31.682436
Pancreas,Male,AD,,,1,4.3499999,29.44791595185052,27.531275,31.364557
Pancreas,Male,AD,,,1,4.4000001,29.14250969754175,27.233431,31.05159
Pancreas,Male,AD,,,1,4.4499998,28.84184573308642,26.940231,30.74346
Pancreas,Male,AD,,,1,4.5,28.54584312268969,26.6516,30.440086
Pancreas,Male,AD,,,1,4.5500002,28.25443026708524,26.367466,30.141396
Pancreas,Male,AD,,,1,4.5999999,27.96753614853924,26.087759,29.847313
Pancreas,Male,AD,,,1,4.6500001,27.6850823578788,25.812407,29.557758
Pancreas,Male,AD,,,1,4.6999998,27.40700217401627,25.54134,29.272665
Pancreas,Male,AD,,,1,4.75,27.13321903938038,25.274485,28.991953
Pancreas,Male,AD,,,1,4.8000002,26.86366525206626,25.011778,28.715553
Pancreas,Male,AD,,,1,4.8499999,26.59827384815253,24.753151,28.443396
Pancreas,Male,AD,,,1,4.9000001,26.33697120654108,24.498535,28.175407
Pancreas,Male,AD,,,1,4.9499998,26.07969468159388,24.247866,27.911524
Pancreas,Male,AD,,,1,5.0,25.82637267460763,24.001076,27.651669
Pancreas,Male,AD,,,2,0.0,0.0,0.0,0.0
Pancreas,Male,AD,,,2,0.050000001,8.288305236980115,7.7889199,8.7876902
Pancreas,Male,AD,,,2,0.1,13.492548276776,12.689399,14.295698
Pancreas,Male,AD,,,2,0.15000001,16.58747931571259,15.624414,17.550545
Pancreas,Male,AD,,,2,0.2,18.48067318323251,17.437143,19.524202
Pancreas,Male,AD,,,2,0.25,19.64448582670458,18.565081,20.72389
Pancreas,Male,AD,,,2,0.30000001,20.34307534483047,19.253126,21.433025
Pancreas,Male,AD,,,2,0.34999999,20.74515423881684,19.65851,21.831799
Pancreas,Male,AD,,,2,0.40000001,20.9513316887552,19.875521,22.027142
Pancreas,Male,AD,,,2,0.44999999,21.01927514577637,19.958513,22.080038
Pancreas,Male,AD,,,2,0.5,20.98424659839529,19.940939,22.027554
Pancreas,Male,AD,,,2,0.55000001,20.86908173071961,19.844625,21.893539
Pancreas,Male,AD,,,2,0.60000002,20.68908750081702,19.684309,21.693865
Pancreas,Male,AD,,,2,0.64999998,20.45436291181252,19.469809,21.438917
Pancreas,Male,AD,,,2,0.69999999,20.17402528911923,19.209995,21.138056
Pancreas,Male,AD,,,2,0.75,19.85689626956116,18.91345,20.800343
Pancreas,Male,AD,,,2,0.80000001,19.51109487804503,18.588079,20.434111
Pancreas,Male,AD,,,2,0.85000002,19.1438558929562,18.240936,20.046776
Pancreas,Male,AD,,,2,0.89999998,18.76147929275429,17.878176,19.644783
Pancreas,Male,AD,,,2,0.94999999,18.3693513022843,17.505072,19.233631
Pancreas,Male,AD,,,2,1.0,17.97200702322903,17.126078,18.817936
Pancreas,Male,AD,,,2,1.05,17.56642341884584,16.738449,18.394398
Pancreas,Male,AD,,,2,1.1,17.16241520705725,16.351646,17.973185
Pancreas,Male,AD,,,2,1.15,16.76211061438192,15.967808,17.556414
Pancreas,Male,AD,,,2,1.2,16.3671154527365,15.588557,17.145674
Pancreas,Male,AD,,,2,1.25,15.97863433599144,15.215123,16.742146
Pancreas,Male,AD,,,2,1.3,15.59755181391988,14.848421,16.346682
Pancreas,Male,AD,,,2,1.35,15.22450345906617,14.489118,15.959889
Pancreas,Male,AD,,,2,1.4,14.85993171153586,14.137688,15.582175
Pancreas,Male,AD,,,2,1.45,14.50412149653339,13.79445,15.213794
Pancreas,Male,AD,,,2,1.5,14.15724011293017,13.459601,14.854878
Pancreas,Male,AD,,,2,1.55,13.81935730040584,13.133245,14.50547
Pancreas,Male,AD,,,2,1.6,13.49046856169136,12.815404,14.165533
Pancreas,Male,AD,,,2,1.65,13.17051387879076,12.506048,13.83498
Pancreas,Male,AD,,,2,1.7,12.8593854080264,12.205094,13.513677
Pancreas,Male,AD,,,2,1.75,12.55694407792208,11.912431,13.201458
Pancreas,Male,AD,,,2,1.8,12.26302274136893,11.627912,12.898134
Pancreas,Male,AD,,,2,1.85,11.97743521639535,11.351375,12.603496
Pancreas,Male,AD,,,2,1.9,11.69998362212377,11.082641,12.317327
Pancreas,Male,AD,,,2,1.95,11.43045797010235,10.821522,12.039394
Pancreas,Male,AD,,,2,2.0,11.16864490240111,10.56782,11.76947
Pancreas,Male,AD,,,2,2.05,10.90988573599785,10.317136,11.502636
Pancreas,Male,AD,,,2,2.0999999,10.65861257273804,10.073669,11.243556
Pancreas,Male,AD,,,2,2.1500001,10.41459633807393,9.8372049,10.991987
Pancreas,Male,AD,,,2,2.2,10.17761389659159,9.6075354,10.747692
Pancreas,Male,AD,,,2,2.25,9.947442114114722,9.384449,10.510435
Pancreas,Male,AD,,,2,2.3,9.723863341947464,9.1677408,10.279986
Pancreas,Male,AD,,,2,2.3499999,9.506664834246196,8.9572096,10.05612
Pancreas,Male,AD,,,2,2.4000001,9.295638193406106,8.7526569,9.8386192
Pancreas,Male,AD,,,2,2.45,9.090583672702463,8.553894,9.6272736
Pancreas,Male,AD,,,2,2.5,8.89130434253812,8.360733,9.421876
Pancreas,Male,AD,,,2,2.55,8.697610261622202,8.1729918,9.222229
Pancreas,Male,AD,,,2,2.5999999,8.509317506391739,7.9904952,9.0281401
Pancreas,Male,AD,,,2,2.6500001,8.326247306521068,7.8130722,8.8394222
Pancreas,Male,AD,,,2,2.7,8.148229465211571,7.6405597,8.655899
Pancreas,Male,AD,,,2,2.75,7.975097042750463,7.4727969,8.477397
Pancreas,Male,AD,,,2,2.8,7.806689766169256,7.3096309,8.3037491
Pancreas,Male,AD,,,2,2.8499999,7.64285301804766,7.1509118,8.1347942
Pancreas,Male,AD,,,2,2.9000001,7.483436945863204,6.9964957,7.9703784
Pancreas,Male,AD,,,2,2.95,7.32829932983573,6.8462458,7.8103528
Pancreas,Male,AD,,,2,3.0,7.177300864016559,6.7000275,7.6545744
Pancreas,Male,AD,,,2,3.05,7.027311737946803,6.5549145,7.4997087
Pancreas,Male,AD,,,2,3.0999999,6.881326019088831,6.413702,7.3489499
Pancreas,Male,AD,,,2,3.1500001,6.739213884126016,6.2762642,7.2021632
Pancreas,Male,AD,,,2,3.2,6.60085231088469,6.1424823,7.0592222
Pancreas,Male,AD,,,2,3.25,6.466120836923892,6.0122395,6.9200025
Pancreas,Male,AD,,,2,3.3,6.334904114611561,5.8854237,6.7843847
Pancreas,Male,AD,,,2,3.3499999,6.207091054948975,5.7619276,6.6522546
Pancreas,Male,AD,,,2,3.4000001,6.082574076477769,5.6416464,6.5235019
Pancreas,Male,AD,,,2,3.45,5.96125130411879,5.5244813,6.3980212
Pancreas,Male,AD,,,2,3.5,5.843022852090414,5.410336,6.2757096
Pancreas,Male,AD,,,2,3.55,5.727793063759023,5.2991166,6.1564698
Pancreas,Male,AD,,,2,3.5999999,5.615469765087539,5.1907339,6.040206
Pancreas,Male,AD,,,2,3.6500001,5.505963609263745,5.0851007,5.9268265
Pancreas,Male,AD,,,2,3.7,5.399190017303582,4.9821353,5.8162446
Pancreas,Male,AD,,,2,3.75,5.295065916295982,4.8817563,5.7083755
Pancreas,Male,AD,,,2,3.8,5.193511716719271,4.7838864,5.603137
Pancreas,Male,AD,,,2,3.8499999,5.094450664327766,4.6884513,5.5004501
Pancreas,Male,AD,,,2,3.9000001,4.997808270543857,4.5953774,5.400239
Pancreas,Male,AD,,,2,3.95,4.903514034468699,4.5045967,5.3024316
Pancreas,Male,AD,,,2,4.0,4.81149857332035,4.4160409,5.2069559
Pancreas,Male,AD,,,2,4.0500002,4.719503338961033,4.3276305,5.1113763
Pancreas,Male,AD,,,2,4.0999999,4.629740515522698,4.2413983,5.0180826
Pancreas,Male,AD,,,2,4.1500001,4.542143307295987,4.15728,4.9270067
Pancreas,Male,AD,,,2,4.1999998,4.456650555574669,4.0752149,4.8380866
Pancreas,Male,AD,,,2,4.25,4.373199962587108,3.9951425,4.7512574
Pancreas,Male,AD,,,2,4.3000002,4.291733762949235,3.9170067,4.666461
Pancreas,Male,AD,,,2,4.3499999,4.212196110041205,3.8407526,4.5836396
Pancreas,Male,AD,,,2,4.4000001,4.13453080673662,3.7663255,4.5027361
Pancreas,Male,AD,,,2,4.4499998,4.058686495219419,3.6936753,4.4236979
Pancreas,Male,AD,,,2,4.5,3.984610657155955,3.6227503,4.3464708
Pancreas,Male,AD,,,2,4.5500002,3.912254651515454,3.5535033,4.2710061
Pancreas,Male,AD,,,2,4.5999999,3.841571404856666,3.485888,4.1972547
Pancreas,Male,AD,,,2,4.6500001,3.772513399798271,3.419858,4.1251688
Pancreas,Male,AD,,,2,4.6999998,3.705037294671911,3.355371,4.0547037
Pancreas,Male,AD,,,2,4.75,3.639098595120146,3.2923837,3.9858136
Pancreas,Male,AD,,,2,4.8000002,3.574656141270736,3.2308552,3.918457
Pancreas,Male,AD,,,2,4.8499999,3.511670060136012,3.1707468,3.8525932
Pancreas,Male,AD,,,2,4.9000001,3.450099977198491,3.1120193,3.7881808
Pancreas,Male,AD,,,2,4.9499998,3.389909139112277,3.054636,3.7251823
Pancreas,Male,AD,,,2,5.0,3.331059668249765,2.9985607,3.6635587
Pancreas,Male,ADa,,,0,0.0,0.0,0.0,0.0
Pancreas,Male,ADa,,,0,0.050000001,8.75333962211554,8.6731606,8.833518
Pancreas,Male,ADa,,,0,0.1,20.33465697470918,20.222397,20.446917
Pancreas,Male,ADa,,,0,0.15000001,29.78001106975665,29.663561,29.896461
Pancreas,Male,ADa,,,0,0.2,37.19701393917333,37.089546,37.304482
Pancreas,Male,ADa,,,0,0.25,43.01076791672963,42.917671,43.103863
Pancreas,Male,ADa,,,0,0.30000001,47.59105020527673,47.51347,47.668633
Pancreas,Male,ADa,,,0,0.34999999,51.25700720389852,51.193493,51.320518
Pancreas,Male,ADa,,,0,0.40000001,54.23850842491737,54.185673,54.291344
Pancreas,Male,ADa,,,0,0.44999999,56.68505500628308,56.637794,56.732315
Pancreas,Male,ADa,,,0,0.5,58.69764725901501,58.650105,58.74519
Pancreas,Male,ADa,,,0,0.55000001,60.34709777771184,60.294472,60.399723
Pancreas,Male,ADa,,,0,0.60000002,61.68358393184832,61.623032,61.744137
Pancreas,Male,ADa,,,0,0.64999998,62.73909288971424,62.669353,62.808834
Pancreas,Male,ADa,,,0,0.69999999,63.54150509495787,63.462261,63.62075
Pancreas,Male,ADa,,,0,0.75,64.11850965872179,64.029953,64.207069
Pancreas,Male,ADa,,,0,0.80000001,64.49669261605459,64.399277,64.594109
Pancreas,Male,ADa,,,0,0.85000002,64.7009829348683,64.595299,64.806671
Pancreas,Male,ADa,,,0,0.89999998,64.75435763665041,64.641052,64.867668
Pancreas,Male,ADa,,,0,0.94999999,64.67772087398004,64.557465,64.797981
Pancreas,Male,ADa,,,0,1.0,64.48991683908855,64.363373,64.616455
Pancreas,Male,ADa,,,0,1.05,64.198049209494,64.065887,64.330208
Pancreas,Male,ADa,,,0,1.1,63.8278904226699,63.690708,63.965073
Pancreas,Male,ADa,,,0,1.15,63.39240725950776,63.250751,63.534065
Pancreas,Male,ADa,,,0,1.2,62.90255053264281,62.756924,63.048176
Pancreas,Male,ADa,,,0,1.25,62.36760461594417,62.218468,62.516739
Pancreas,Male,ADa,,,0,1.3,61.79545689874465,61.643234,61.947678
Pancreas,Male,ADa,,,0,1.35,61.19282727723612,61.037903,61.347752
Pancreas,Male,ADa,,,0,1.4,60.56545860163612,60.408184,60.722733
Pancreas,Male,ADa,,,0,1.45,59.91825956441005,59.758949,60.077568
Pancreas,Male,ADa,,,0,1.5,59.25544336546136,59.094391,59.416496
Pancreas,Male,ADa,,,0,1.55,58.58062243078552,58.418091,58.743153
Pancreas,Male,ADa,,,0,1.6,57.89690090403661,57.733128,58.060673
Pancreas,Male,ADa,,,0,1.65,57.20695341605358,57.042156,57.37175
Pancreas,Male,ADa,,,0,1.7,56.51307567586542,56.34745,56.678699
Pancreas,Male,ADa,,,0,1.75,55.81724997583626,55.650974,55.983524
Pancreas,Male,ADa,,,0,1.8,55.12117799492739,54.954411,55.287945
Pancreas,Male,ADa,,,0,1.85,54.4263234466456,54.259212,54.593433
Pancreas,Male,ADa,,,0,1.9,53.73394917076831,53.566624,53.901272
Pancreas,Male,ADa,,,0,1.95,53.04513300134613,52.877712,53.212551
Pancreas,Male,ADa,,,0,2.0,52.36080448401799,52.193398,52.528214
Pancreas,Male,ADa,,,0,2.05,51.67407007853029,51.506794,51.841347
Pancreas,Male,ADa,,,0,2.0999999,50.99357186512515,50.826511,51.160633
Pancreas,Male,ADa,,,0,2.1500001,50.31986999896168,50.153103,50.486637
Pancreas,Male,ADa,,,0,2.2,49.65344511757081,49.487038,49.819855
Pancreas,Male,ADa,,,0,2.25,48.99469036821705,48.828701,49.160679
Pancreas,Male,ADa,,,0,2.3,48.34393411050803,48.178421,48.509449
Pancreas,Male,ADa,,,0,2.3499999,47.70144522856856,47.536453,47.86644
Pancreas,Male,ADa,,,0,2.4000001,47.06743757233801,46.903008,47.231869
Pancreas,Male,ADa,,,0,2.45,46.44208850818632,46.278255,46.605923
Pancreas,Male,ADa,,,0,2.5,45.8255264604303,45.662323,45.988731
Pancreas,Male,ADa,,,0,2.55,45.21784802060563,45.055302,45.380394
Pancreas,Male,ADa,,,0,2.5999999,44.61911926611214,44.457253,44.780987
Pancreas,Male,ADa,,,0,2.6500001,44.02937679933399,43.868206,44.190548
Pancreas,Male,ADa,,,0,2.7,43.44864231943785,43.288185,43.6091
Pancreas,Male,ADa,,,0,2.75,42.87690871188471,42.717178,43.03664
Pancreas,Male,ADa,,,0,2.8,42.31415394913648,42.155159,42.473148
Pancreas,Male,ADa,,,0,2.8499999,41.76034055763131,41.602093,41.918591
Pancreas,Male,ADa,,,0,2.9000001,41.2154150705037,41.057915,41.372917
Pancreas,Male,ADa,,,0,2.95,40.67932017134962,40.522572,40.836067
Pancreas,Male,ADa,,,0,3.0,40.15198068839231,39.995987,40.307976
Pancreas,Male,ADa,,,0,3.05,39.62759157276122,39.47237,39.78281
Pancreas,Male,ADa,,,0,3.0999999,39.11198805301404,38.957539,39.266438
Pancreas,Male,ADa,,,0,3.1500001,38.60506621436122,38.451385,38.758747
Pancreas,Male,ADa,,,0,3.2,38.1067242553911,37.953808,38.259644
Pancreas,Male,ADa,,,0,3.25,37.61684883912631,37.464687,37.769012
Pancreas,Male,ADa,,,0,3.3,37.13532555733838,36.983913,37.286739
Pancreas,Male,ADa,,,0,3.3499999,36.66203716017617,36.511364,36.81271
Pancreas,Male,ADa,,,0,3.4000001,36.19686194725386,36.046921,36.346802
Pancreas,Male,ADa,,,0,3.45,35.73968312274911,35.590466,35.888901
Pancreas,Male,ADa,,,0,3.5,35.29037594805487,35.141872,35.438881
Pancreas,Male,ADa,,,0,3.55,34.8488170586748,34.701015,34.99662
Pancreas,Male,ADa,,,0,3.5999999,34.4148825851409,34.267769,34.561996
Pancreas,Male,ADa,,,0,3.6500001,33.98844645281611,33.842014,34.13488
Pancreas,Male,ADa,,,0,3.7,33.5693887570701,33.423622,33.715157
Pancreas,Male,ADa,,,0,3.75,33.15758380733291,33.012474,33.302696
Pancreas,Male,ADa,,,0,3.8,32.75290850912756,32.60844,32.897377
Pancreas,Male,ADa,,,0,3.8499999,32.35524049935685,32.211403,32.499081
Pancreas,Male,ADa,,,0,3.9000001,31.96445646162601,31.821236,32.107677
Pancreas,Male,ADa,,,0,3.95,31.5804396880248,31.437824,31.723055
Pancreas,Male,ADa,,,0,4.0,31.20306902167704,31.061045,31.345093
Pancreas,Male,ADa,,,0,4.0500002,30.82781303086591,30.686388,30.969238
Pancreas,Male,ADa,,,0,4.0999999,30.45911476702383,30.318275,30.599955
Pancreas,Male,ADa,,,0,4.1500001,30.09684744314427,29.956581,30.237114
Pancreas,Male,ADa,,,0,4.1999998,29.74089985558197,29.601192,29.880606
Pancreas,Male,ADa,,,0,4.25,29.3911487886686,29.251989,29.530308
Pancreas,Male,ADa,,,0,4.3000002,29.04748296709312,28.908857,29.186108
Pancreas,Male,ADa,,,0,4.3499999,28.70979264177072,28.57169,28.847895
Pancreas,Male,ADa,,,0,4.4000001,28.37796021299187,28.240368,28.515553
Pancreas,Male,ADa,,,0,4.4499998,28.05188265124764,27.914787,28.188978
Pancreas,Male,ADa,,,0,4.5,27.73144618668749,27.594837,27.868055
Pancreas,Male,ADa,,,0,4.5500002,27.41654822065459,27.280413,27.552683
Pancreas,Male,ADa,,,0,4.5999999,27.1070877600938,26.971415,27.242762
Pancreas,Male,ADa,,,0,4.6500001,26.80295679877202,26.667734,26.938179
Pancreas,Male,ADa,,,0,4.6999998,26.5040608430283,26.36928,26.638844
Pancreas,Male,ADa,,,0,4.75,26.21029569470232,26.075943,26.344648
Pancreas,Male,ADa,,,0,4.8000002,25.9215675177328,25.787634,26.055502
Pancreas,Male,ADa,,,0,4.8499999,25.637784056003,25.504257,25.771311
Pancreas,Male,ADa,,,0,4.9000001,25.35884671386196,25.225718,25.491976
Pancreas,Male,ADa,,,0,4.9499998,25.08466936718651,24.951929,25.217409
Pancreas,Male,ADa,,,0,5.0,24.81515705833078,24.682795,24.947519
Pancreas,Male,ADa,,,1,0.0,0.0,0.0,0.0
Pancreas,Male,ADa,,,1,0.050000001,2.095442448974012,2.0368965,2.1539884
Pancreas,Male,ADa,,,1,0.1,9.409554807570885,9.3240681,9.4950418
Pancreas,Male,ADa,,,1,0.15000001,16.23889831138538,16.146076,16.33172
Pancreas,Male,ADa,,,1,0.2,21.99330633512857,21.903761,22.082851
Pancreas,Male,ADa,,,1,0.25,26.73487329281522,26.653908,26.815838
Pancreas,Male,ADa,,,1,0.30000001,30.62890152721829,30.558762,30.699041
Pancreas,Male,ADa,,,1,0.34999999,33.86137179847816,33.802471,33.920273
Pancreas,Male,ADa,,,1,0.40000001,36.58117782898753,36.532757,36.629601
Pancreas,Male,ADa,,,1,0.44999999,38.89053773886224,38.850811,38.930264
Pancreas,Male,ADa,,,1,0.5,40.86093898447911,40.826912,40.894966
Pancreas,Male,ADa,,,1,0.55000001,42.54366516054594,42.511181,42.576153
Pancreas,Male,ADa,,,1,0.60000002,43.97551090069496,43.940346,44.010674
Pancreas,Male,ADa,,,1,0.64999998,45.17943276356053,45.138638,45.220226
Pancreas,Male,ADa,,,1,0.69999999,46.17513243470654,46.127178,46.223087
Pancreas,Male,ADa,,,1,0.75,46.98238150611795,46.926674,47.038086
Pancreas,Male,ADa,,,1,0.80000001,47.62044684429307,47.556915,47.683979
Pancreas,Male,ADa,,,1,0.85000002,48.10769194484109,48.036537,48.178844
Pancreas,Male,ADa,,,1,0.89999998,48.46132952185542,48.382915,48.539742
Pancreas,Male,ADa,,,1,0.94999999,48.69728780573814,48.612061,48.782513
Pancreas,Male,ADa,,,1,1.0,48.83017411081022,48.738621,48.921726
Pancreas,Male,ADa,,,1,1.05,48.86931011336011,48.771938,48.966682
Pancreas,Male,ADa,,,1,1.1,48.83171328506128,48.729004,48.934422
Pancreas,Male,ADa,,,1,1.15,48.72819211559317,48.620609,48.835773
Pancreas,Male,ADa,,,1,1.2,48.56802074307859,48.456005,48.680035
Pancreas,Male,ADa,,,1,1.25,48.35918253012085,48.243145,48.47522
Pancreas,Male,ADa,,,1,1.3,48.10856720628584,47.988888,48.228245
Pancreas,Male,ADa,,,1,1.35,47.82213681711403,47.699177,47.945095
Pancreas,Male,ADa,,,1,1.4,47.50506567831115,47.379154,47.630974
Pancreas,Male,ADa,,,1,1.45,47.16185019524715,47.033298,47.290401
Pancreas,Male,ADa,,,1,1.5,46.79641108016313,46.665497,46.927322
Pancreas,Male,ADa,,,1,1.55,46.41216874851466,46.279156,46.545181
Pancreas,Male,ADa,,,1,1.6,46.01211394391612,45.877243,46.146984
Pancreas,Male,ADa,,,1,1.65,45.59886874662436,45.462364,45.735374
Pancreas,Male,ADa,,,1,1.7,45.17472909039498,45.036793,45.312668
Pancreas,Male,ADa,,,1,1.75,44.74171465216841,44.602531,44.880898
Pancreas,Male,ADa,,,1,1.8,44.30159781099235,44.161339,44.441856
Pancreas,Male,ADa,,,1,1.85,43.85593747731332,43.71476,43.997112
Pancreas,Male,ADa,,,1,1.9,43.40610893057817,43.26416,43.548058
Pancreas,Male,ADa,,,1,1.95,42.95331929188535,42.810726,43.095913
Pancreas,Male,ADa,,,1,2.0,42.49863593698353,42.355522,42.64175
Pancreas,Male,ADa,,,1,2.05,42.03912038079631,41.895607,42.182636
Pancreas,Male,ADa,,,1,2.0999999,41.57957627564855,41.43576,41.723392
Pancreas,Male,ADa,,,1,2.1500001,41.12072855501151,40.976704,41.264751
Pancreas,Male,ADa,,,1,2.2,40.66322105537017,40.51907,40.807373
Pancreas,Male,ADa,,,1,2.25,40.20761340030276,40.063412,40.351818
Pancreas,Male,ADa,,,1,2.3,39.75439854354715,39.61021,39.898586
Pancreas,Male,ADa,,,1,2.3499999,39.30400829707287,39.159897,39.44812
Pancreas,Male,ADa,,,1,2.4000001,38.85681800095762,38.712841,39.000797
Pancreas,Male,ADa,,,1,2.45,38.41316102867978,38.269363,38.556957
Pancreas,Male,ADa,,,1,2.5,37.97332128228607,37.82975,38.116894
Pancreas,Male,ADa,,,1,2.55,37.53754642051655,37.394241,37.680851
Pancreas,Male,ADa,,,1,2.5999999,37.1060498664051,36.963047,37.249054
Pancreas,Male,ADa,,,1,2.6500001,36.67901246238574,36.536339,36.821686
Pancreas,Male,ADa,,,1,2.7,36.25659386440515,36.114281,36.398907
Pancreas,Male,ADa,,,1,2.75,35.83892323287677,35.696995,35.98085
Pancreas,Male,ADa,,,1,2.8,35.4261099920073,35.284588,35.567635
Pancreas,Male,ADa,,,1,2.8499999,35.01824409464734,34.877144,35.159344
Pancreas,Male,ADa,,,1,2.9000001,34.61539617779033,34.474735,34.756058
Pancreas,Male,ADa,,,1,2.95,34.21762706764696,34.077419,34.357838
Pancreas,Male,ADa,,,1,3.0,33.82497790494659,33.68523,33.964725
Pancreas,Male,ADa,,,1,3.05,33.43430478455008,33.295044,33.573566
Pancreas,Male,ADa,,,1,3.0999999,33.04889127801556,32.910122,33.18766
Pancreas,Male,ADa,,,1,3.1500001,32.66874316034125,32.530472,32.807014
Pancreas,Male,ADa,,,1,3.2,32.29386279797359,32.15609,32.431633
Pancreas,Male,ADa,,,1,3.25,31.92423923661744,31.78697,32.061508
Pancreas,Male,ADa,,,1,3.3,31.55985634375043,31.42309,31.696623
Pancreas,Male,ADa,,,1,3.3499999,31.2006917631191,31.064428,31.336956
Pancreas,Male,ADa,,,1,3.4000001,30.84671594112842,30.710955,30.982477
Pancreas,Male,ADa,,,1,3.45,30.49789948582674,30.362637,30.633163
Pancreas,Male,ADa,,,1,3.5,30.15420360959462,30.019436,30.288971
Pancreas,Male,ADa,,,1,3.55,29.81558741888546,29.681311,29.949863
Pancreas,Male,ADa,,,1,3.5999999,29.48200667720266,29.348217,29.615795
Pancreas,Male,ADa,,,1,3.6500001,29.15341266792984,29.020105,29.28672
Pancreas,Male,ADa,,,1,3.7,28.82975881495832,28.696926,28.962591
Pancreas,Male,ADa,,,1,3.75,28.51099162221317,28.378628,28.643354
Pancreas,Male,ADa,,,1,3.8,28.19705727171265,28.065155,28.328959
Pancreas,Male,ADa,,,1,3.8499999,27.88790032208891,27.756453,28.019348
Pancreas,Male,ADa,,,1,3.9000001,27.58346251830403,27.452463,27.714462
Pancreas,Male,ADa,,,1,3.95,27.28368880158558,27.153128,27.414249
Pancreas,Male,ADa,,,1,4.0,26.98851880360689,26.858389,27.118649
Pancreas,Male,ADa,,,1,4.0500002,26.69531725902914,26.565624,26.82501
Pancreas,Male,ADa,,,1,4.0999999,26.40667240399819,26.277407,26.535938
Pancreas,Male,ADa,,,1,4.1500001,26.12251624117545,25.99367,26.251364
Pancreas,Male,ADa,,,1,4.1999998,25.84279142675945,25.714355,25.971228
Pancreas,Male,ADa,,,1,4.25,25.56742970928656,25.439394,25.695465
Pancreas,Male,ADa,,,1,4.3000002,25.29637081782886,25.168728,25.424013
Pancreas,Male,ADa,,,1,4.3499999,25.02955437185108,24.902296,25.156813
Pancreas,Male,ADa,,,1,4.4000001,24.76691251961665,24.640028,24.893797
Pancreas,Male,ADa,,,1,4.4499998,24.50838772913767,24.38187,24.634907
Pancreas,Male,ADa,,,1,4.5,24.25391281750126,24.127752,24.380074
Pancreas,Male,ADa,,,1,4.5500002,24.00342837013739,23.877617,24.12924
Pancreas,Male,ADa,,,1,4.5999999,23.75687522868827,23.631403,23.882347
Pancreas,Male,ADa,,,1,4.6500001,23.51418765767994,23.389048,23.639328
Pancreas,Male,ADa,,,1,4.6999998,23.27530975552168,23.150494,23.400127
Pancreas,Male,ADa,,,1,4.75,23.04017697489297,22.915676,23.164679
Pancreas,Male,ADa,,,1,4.8000002,22.80873219456606,22.684538,22.932926
Pancreas,Male,ADa,,,1,4.8499999,22.5809187564272,22.457024,22.704815
Pancreas,Male,ADa,,,1,4.9000001,22.35667413175901,22.23307,22.480278
Pancreas,Male,ADa,,,1,4.9499998,22.13594506688372,22.012625,22.259266
Pancreas,Male,ADa,,,1,5.0,21.91867049131395,21.795626,22.041714
Pancreas,Male,ADa,,,2,0.0,0.0,0.0,0.0
Pancreas,Male,ADa,,,2,0.050000001,6.946998020723314,6.9002123,6.993784
Pancreas,Male,ADa,,,2,0.1,11.31951469765274,11.26053,11.3785
Pancreas,Male,ADa,,,2,0.15000001,13.96867077072952,13.914169,14.023172
Pancreas,Male,ADa,,,2,0.2,15.63339061295943,15.589552,15.67723
Pancreas,Male,ADa,,,2,0.25,16.69314335723661,16.661283,16.725002
Pancreas,Male,ADa,,,2,0.30000001,17.35993047248503,17.338604,17.381256
Pancreas,Male,ADa,,,2,0.34999999,17.77077020681226,17.755526,17.786016
Pancreas,Male,ADa,,,2,0.40000001,18.0085015071941,17.991905,18.025097
Pancreas,Male,ADa,,,2,0.44999999,18.12129069269117,18.098776,18.143806
Pancreas,Male,ADa,,,2,0.5,18.13909900831366,18.109739,18.168459
Pancreas,Male,ADa,,,2,0.55000001,18.08169885542794,18.045782,18.117617
Pancreas,Male,ADa,,,2,0.60000002,17.96261764889482,17.920753,18.004482
Pancreas,Male,ADa,,,2,0.64999998,17.79100870559846,17.743906,17.838112
Pancreas,Male,ADa,,,2,0.69999999,17.57517650789306,17.523552,17.626801
Pancreas,Male,ADa,,,2,0.75,17.323150917967,17.267694,17.378609
Pancreas,Male,ADa,,,2,0.80000001,17.04234170378646,16.98369,17.100994
Pancreas,Male,ADa,,,2,0.85000002,16.73938113277819,16.678114,16.800648
Pancreas,Male,ADa,,,2,0.89999998,16.42007755580804,16.356714,16.483442
Pancreas,Male,ADa,,,2,0.94999999,16.08943058654701,16.024429,16.154432
Pancreas,Male,ADa,,,2,1.0,15.75168328091496,15.685447,15.81792
Pancreas,Male,ADa,,,2,1.05,15.40438711992084,15.337292,15.471483
Pancreas,Male,ADa,,,2,1.1,15.05648619672705,14.988826,15.124146
Pancreas,Male,ADa,,,2,1.15,14.71009684447274,14.64212,14.778073
Pancreas,Male,ADa,,,2,1.2,14.36685138829019,14.298768,14.434935
Pancreas,Male,ADa,,,2,1.25,14.02800588357545,13.959991,14.096021
Pancreas,Male,ADa,,,2,1.3,13.69451323188545,13.626714,13.762313
Pancreas,Male,ADa,,,2,1.35,13.36708752754244,13.299623,13.434551
Pancreas,Male,ADa,,,2,1.4,13.04625508136677,12.979227,13.113283
Pancreas,Male,ADa,,,2,1.45,12.73238759374929,12.665877,12.798898
Pancreas,Male,ADa,,,2,1.5,12.42573896978571,12.359813,12.491665
Pancreas,Male,ADa,,,2,1.55,12.12646455216701,12.061174,12.191754
Pancreas,Male,ADa,,,2,1.6,11.83464308349198,11.770031,11.899256
Pancreas,Male,ADa,,,2,1.65,11.55029449623117,11.486391,11.614198
Pancreas,Male,ADa,,,2,1.7,11.27338780201698,11.210217,11.336559
Pancreas,Male,ADa,,,2,1.75,11.00385678274307,10.941434,11.066279
Pancreas,Male,ADa,,,2,1.8,10.74160363014903,10.679939,10.803267
Pancreas,Male,ADa,,,2,1.85,10.48650773145104,10.425608,10.547408
Pancreas,Male,ADa,,,2,1.9,10.23843286937847,10.178297,10.298569
Pancreas,Male,ADa,,,2,1.95,9.997227429108577,9.9378538,10.056601
Pancreas,Male,ADa,,,2,2.0,9.762732717605758,9.7041159,9.8213501
Pancreas,Male,ADa,,,2,2.05,9.530844628738263,9.4730015,9.5886879
Pancreas,Male,ADa,,,2,2.0999999,9.305520102475556,9.2484407,9.3625994
Pancreas,Male,ADa,,,2,2.1500001,9.08657680067337,9.0302486,9.1429052
Pancreas,Male,ADa,,,2,2.2,8.873835126039467,8.818244,8.9294271
Pancreas,Male,ADa,,,2,2.25,8.667113175785758,8.6122437,8.721983
Pancreas,Male,ADa,,,2,2.3,8.46623191198276,8.4120693,8.5203943
Pancreas,Male,ADa,,,2,2.3499999,8.271014861328524,8.2175426,8.3244877
Pancreas,Male,ADa,,,2,2.4000001,8.081287813131581,8.0284891,8.1340866
Pancreas,Male,ADa,,,2,2.45,7.896882863052824,7.8447413,7.9490242
Pancreas,Male,ADa,,,2,2.5,7.717633323995898,7.666132,7.7691345
Pancreas,Male,ADa,,,2,2.55,7.543377614960662,7.4924994,7.5942559
Pancreas,Male,ADa,,,2,2.5999999,7.373958512375381,7.3236866,7.4242301
Pancreas,Male,ADa,,,2,2.6500001,7.209222482598165,7.1595407,7.2589045
Pancreas,Male,ADa,,,2,2.7,7.049022858361056,6.9999142,7.0981317
Pancreas,Male,ADa,,,2,2.75,6.893215142816388,6.8446636,6.9417667
Pancreas,Male,ADa,,,2,2.8,6.741660156447651,6.6936502,6.78967
Pancreas,Male,ADa,,,2,2.8499999,6.594223197639764,6.5467391,6.6417074
Pancreas,Male,ADa,,,2,2.9000001,6.45077330433601,6.4038005,6.4977465
Pancreas,Male,ADa,,,2,2.95,6.311185891117191,6.264709,6.3576627
Pancreas,Male,ADa,,,2,3.0,6.175338553531816,6.129344,6.221333
Pancreas,Male,ADa,,,2,3.05,6.040485487633191,5.9949808,6.08599
Pancreas,Male,ADa,,,2,3.0999999,5.90925592415249,5.8642278,5.9542842
Pancreas,Male,ADa,,,2,3.1500001,5.781534870556513,5.7369699,5.8260999
Pancreas,Male,ADa,,,2,3.2,5.657213164950946,5.6130981,5.7013283
Pancreas,Male,ADa,,,2,3.25,5.536183694083903,5.4925065,5.5798607
Pancreas,Male,ADa,,,2,3.3,5.418343716687858,5.375093,5.4615946
Pancreas,Male,ADa,,,2,3.3499999,5.30359411808395,5.2607579,5.3464303
Pancreas,Male,ADa,,,2,3.4000001,5.19183875765701,5.149406,5.2342715
Pancreas,Male,ADa,,,2,3.45,5.082986461490208,5.040947,5.1250257
Pancreas,Male,ADa,,,2,3.5,4.976947703611998,4.9352913,5.0186043
Pancreas,Male,ADa,,,2,3.55,4.873636632078529,4.8323536,4.9149199
Pancreas,Male,ADa,,,2,3.5999999,4.772970412897166,4.7320514,4.8138895
Pancreas,Male,ADa,,,2,3.6500001,4.674868655408574,4.634305,4.7154322
Pancreas,Male,ADa,,,2,3.7,4.579255161738516,4.5390382,4.619472
Pancreas,Male,ADa,,,2,3.75,4.486055014751472,4.4461765,4.5259333
Pancreas,Male,ADa,,,2,3.8,4.395196358630628,4.355649,4.4347439
Pancreas,Male,ADa,,,2,3.8499999,4.306609826246572,4.267386,4.3458338
Pancreas,Male,ADa,,,2,3.9000001,4.220228037153703,4.1813202,4.2591357
Pancreas,Male,ADa,,,2,3.95,4.135987142864082,4.0973887,4.1745853
Pancreas,Male,ADa,,,2,4.0,4.053824267593498,4.0155292,4.0921197
Pancreas,Male,ADa,,,2,4.0500002,3.971788213683197,3.933809,4.0097675
Pancreas,Male,ADa,,,2,4.0999999,3.891787487754542,3.8541183,3.9294567
Pancreas,Male,ADa,,,2,4.1500001,3.813761410314925,3.776396,3.8511267
Pancreas,Male,ADa,,,2,4.1999998,3.737654323842975,3.7005873,3.7747214
Pancreas,Male,ADa,,,2,4.25,3.663409559949699,3.6266351,3.7001839
Pancreas,Male,ADa,,,2,4.3000002,3.590974491810414,3.5544875,3.6274614
Pancreas,Male,ADa,,,2,4.3499999,3.52029820782964,3.4840937,3.5565028
Pancreas,Male,ADa,,,2,4.4000001,3.45132949898634,3.4154024,3.4872565
Pancreas,Male,ADa,,,2,4.4499998,3.384021470966402,3.3483675,3.4196754
Pancreas,Male,ADa,,,2,4.5,3.318326217410444,3.2829409,3.3537116
Pancreas,Male,ADa,,,2,4.5500002,3.254199292862481,3.2190783,3.2893205
Pancreas,Male,ADa,,,2,4.5999999,3.191597662104954,3.1567369,3.2264585
Pancreas,Male,ADa,,,2,4.6500001,3.130477921183939,3.0958736,3.1650822
Pancreas,Male,ADa,,,2,4.6999998,3.07080038835872,3.0364487,3.1051521
Pancreas,Male,ADa,,,2,4.75,3.01252438848644,2.9784219,3.046627
Pancreas,Male,ADa,,,2,4.8000002,2.95561222282771,2.9217553,2.9894691
Pancreas,Male,ADa,,,2,4.8499999,2.900027356473515,2.8664129,2.9336419
Pancreas,Male,ADa,,,2,4.9000001,2.845732841878842,2.8123577,2.879108
Pancreas,Male,ADa,,,2,4.9499998,2.792694956026722,2.7595561,2.825834
Pancreas,Male,ADa,,,2,5.0,2.740879015455434,2.7079732,2.7737846
Pancreas,Male,ADb,,,0,0.0,0.0,0.0,0.0
Pancreas,Male,ADb,,,0,0.050000001,4.451954477785605,3.4242659,5.4796433
Pancreas,Male,ADb,,,0,0.1,8.086267666598332,6.2276211,9.9449148
Pancreas,Male,ADb,,,0,0.15000001,10.5420141740201,8.1166239,12.967404
Pancreas,Male,ADb,,,0,0.2,12.18256697289627,9.3716717,14.993463
Pancreas,Male,ADb,,,0,0.25,13.27259502529409,10.198435,16.346756
Pancreas,Male,ADb,,,0,0.30000001,13.98862297042405,10.734373,17.242872
Pancreas,Male,ADb,,,0,0.34999999,14.45915887689557,11.079416,17.838902
Pancreas,Male,ADb,,,0,0.40000001,14.76799940822463,11.298639,18.23736
Pancreas,Male,ADb,,,0,0.44999999,14.96489993822115,11.43069,18.499111
Pancreas,Male,ADb,,,0,0.5,15.08060172860422,11.499454,18.661749
Pancreas,Male,ADb,,,0,0.55000001,15.13481839699779,11.520264,18.749374
Pancreas,Male,ADb,,,0,0.60000002,15.14013834721055,11.502931,18.777346
Pancreas,Male,ADb,,,0,0.64999998,15.10284607982129,11.452476,18.753218
Pancreas,Male,ADb,,,0,0.69999999,15.02812040356207,11.373069,18.683172
Pancreas,Male,ADb,,,0,0.75,14.92141209699685,11.269063,18.573761
Pancreas,Male,ADb,,,0,0.80000001,14.78803998466327,11.144678,18.431402
Pancreas,Male,ADb,,,0,0.85000002,14.63296822787953,11.003839,18.262098
Pancreas,Male,ADb,,,0,0.89999998,14.46069644624265,10.850089,18.071304
Pancreas,Male,ADb,,,0,0.94999999,14.2752172678554,10.686565,17.863869
Pancreas,Male,ADb,,,0,1.0,14.08001811870247,10.515998,17.644037
Pancreas,Male,ADb,,,0,1.05,13.87623086685437,10.339234,17.413227
Pancreas,Male,ADb,,,0,1.1,13.66830107773029,10.159745,17.176857
Pancreas,Male,ADb,,,0,1.15,13.45817512068163,9.979022,16.937328
Pancreas,Male,ADb,,,0,1.2,13.24737403026938,9.7982254,16.696522
Pancreas,Male,ADb,,,0,1.25,13.03708680070542,9.6182604,16.455914
Pancreas,Male,ADb,,,0,1.3,12.82823646167827,9.4398251,16.216648
Pancreas,Male,ADb,,,0,1.35,12.62153608654472,9.2634544,15.979617
Pancreas,Male,ADb,,,0,1.4,12.41753311170157,9.0895586,15.745507
Pancreas,Male,ADb,,,0,1.45,12.21663975515776,8.9184418,15.514838
Pancreas,Male,ADb,,,0,1.5,12.01916375027128,8.7503281,15.287999
Pancreas,Male,ADb,,,0,1.55,11.82532634547704,8.5853758,15.065277
Pancreas,Male,ADb,,,0,1.6,11.6352808483033,8.4236917,14.846869
Pancreas,Male,ADb,,,0,1.65,11.44912762016878,8.2653418,14.632913
Pancreas,Male,ADb,,,0,1.7,11.26692191327641,8.1103582,14.423486
Pancreas,Male,ADb,,,0,1.75,11.08868626770351,7.9587469,14.218625
Pancreas,Male,ADb,,,0,1.8,10.91441458719578,7.8104944,14.018334
Pancreas,Male,ADb,,,0,1.85,10.74407925743253,7.6655698,13.822589
Pancreas,Male,ADb,,,0,1.9,10.57763699549463,7.5239301,13.631344
Pancreas,Male,ADb,,,0,1.95,10.4150298179469,7.3855233,13.444536
Pancreas,Male,ADb,,,0,2.0,10.25619128782802,7.2502899,13.262093
Pancreas,Male,ADb,,,0,2.05,10.09970661675169,7.1171398,13.082273
Pancreas,Male,ADb,,,0,2.0999999,9.946884456669808,6.9870706,12.906698
Pancreas,Male,ADb,,,0,2.1500001,9.7976377574455,6.8600078,12.735268
Pancreas,Male,ADb,,,0,2.2,9.65187916425782,6.735878,12.567881
Pancreas,Male,ADb,,,0,2.25,9.509517809960585,6.614604,12.404431
Pancreas,Male,ADb,,,0,2.3,9.37046303102312,6.49611,12.244816
Pancreas,Male,ADb,,,0,2.3499999,9.234624329130156,6.380321,12.088928
Pancreas,Male,ADb,,,0,2.4000001,9.101911287331577,6.2671604,11.936662
Pancreas,Male,ADb,,,0,2.45,8.972236513248447,6.1565566,11.787916
Pancreas,Male,ADb,,,0,2.5,8.845512175612953,6.0484366,11.642588
Pancreas,Male,ADb,,,0,2.55,8.721652805744668,5.9427295,11.500576
Pancreas,Male,ADb,,,0,2.5999999,8.600574850030682,5.839366,11.361784
Pancreas,Male,ADb,,,0,2.6500001,8.482196252848667,5.7382784,11.226114
Pancreas,Male,ADb,,,0,2.7,8.3664388004741,5.6394019,11.093476
Pancreas,Male,ADb,,,0,2.75,8.253224799457428,5.5426726,10.963777
Pancreas,Male,ADb,,,0,2.8,8.142479383699992,5.4480286,10.83693
Pancreas,Male,ADb,,,0,2.8499999,8.034129957836114,5.3554106,10.71285
Pancreas,Male,ADb,,,0,2.9000001,7.928105693198575,5.2647591,10.591453
Pancreas,Male,ADb,,,0,2.95,7.824339520518834,5.1760197,10.472659
Pancreas,Male,ADb,,,0,3.0,7.722765067154569,5.0891376,10.356393
Pancreas,Male,ADb,,,0,3.05,7.622286829243649,5.0033069,10.241266
Pancreas,Male,ADb,,,0,3.0999999,7.523906165073129,4.9192567,10.128555
Pancreas,Male,ADb,,,0,3.1500001,7.427562043576302,4.8369365,10.018188
Pancreas,Male,ADb,,,0,3.2,7.33319688634424,4.756299,9.9100952
Pancreas,Male,ADb,,,0,3.25,7.240753751017166,4.6772962,9.8042107
Pancreas,Male,ADb,,,0,3.3,7.150178116065774,4.5998845,9.7004719
Pancreas,Male,ADb,,,0,3.3499999,7.061417353525542,4.5240192,9.598815
Pancreas,Male,ADb,,,0,3.4000001,6.974420255003622,4.4496589,9.4991817
Pancreas,Male,ADb,,,0,3.45,6.889138619535913,4.3767633,9.4015141
Pancreas,Male,ADb,,,0,3.5,6.805524702561002,4.3052931,9.3057566
Pancreas,Male,ADb,,,0,3.55,6.723532821976391,4.2352099,9.2118559
Pancreas,Male,ADb,,,0,3.5999999,6.643118878932171,4.1664782,9.1197596
Pancreas,Male,ADb,,,0,3.6500001,6.564239926495929,4.0990615,9.0294189
Pancreas,Male,ADb,,,0,3.7,6.486855609520717,4.0329261,8.9407845
Pancreas,Male,ADb,,,0,3.75,6.41092585256871,3.9680398,8.8538122
Pancreas,Male,ADb,,,0,3.8,6.336412317566328,3.9043703,8.7684546
Pancreas,Male,ADb,,,0,3.8499999,6.26327797187912,3.8418865,8.6846695
Pancreas,Male,ADb,,,0,3.9000001,6.191486698742324,3.7805586,8.6024151
Pancreas,Male,ADb,,,0,3.95,6.121004611518345,3.7203586,8.5216503
Pancreas,Male,ADb,,,0,4.0,6.051797953150242,3.661258,8.442338
Pancreas,Male,ADb,,,0,4.0500002,5.982983953731036,3.6026394,8.3633289
Pancreas,Male,ADb,,,0,4.0999999,5.915404756040857,3.5450866,8.2857227
Pancreas,Male,ADb,,,0,4.1500001,5.849028223622668,3.4885726,8.2094841
Pancreas,Male,ADb,,,0,4.1999998,5.783825789502487,3.4330733,8.1345778
Pancreas,Male,ADb,,,0,4.25,5.719767351162318,3.3785641,8.0609703
Pancreas,Male,ADb,,,0,4.3000002,5.656825613422996,3.3250217,7.9886298
Pancreas,Male,ADb,,,0,4.3499999,5.594974138645341,3.272424,7.9175243
Pancreas,Male,ADb,,,0,4.4000001,5.534185590188656,3.2207479,7.8476233
Pancreas,Male,ADb,,,0,4.4499998,5.47443580275575,3.1699734,7.7788982
Pancreas,Male,ADb,,,0,4.5,5.415699111467745,3.1200788,7.7113194
Pancreas,Male,ADb,,,0,4.5500002,5.357952334794447,3.0710444,7.6448603
Pancreas,Male,ADb,,,0,4.5999999,5.301172993227624,3.0228515,7.5794945
Pancreas,Male,ADb,,,0,4.6500001,5.245337699164907,2.9754803,7.5151954
Pancreas,Male,ADb,,,0,4.6999998,5.19042589796112,2.9289136,7.4519382
Pancreas,Male,ADb,,,0,4.75,5.136415581293477,2.8831325,7.3896985
Pancreas,Male,ADb,,,0,4.8000002,5.083286950322417,2.8381202,7.3284535
Pancreas,Male,ADb,,,0,4.8499999,5.031020783142822,2.7938612,7.2681804
Pancreas,Male,ADb,,,0,4.9000001,4.979596954616341,2.7503376,7.2088561
Pancreas,Male,ADb,,,0,4.9499998,4.92899788379151,2.7075348,7.1504607
Pancreas,Male,ADb,,,0,5.0,4.879204588977188,2.6654367,7.0929728
Pancreas,Male,ADb,,,1,0.0,0.0,0.0,0.0
Pancreas,Male,ADb,,,1,0.050000001,2.853990989144378,2.1038146,3.6041672
Pancreas,Male,ADb,,,1,0.1,5.441443271884765,4.0159721,6.8669143
Pancreas,Male,ADb,,,1,0.15000001,7.302341302340693,5.3881984,9.2164841
Pancreas,Male,ADb,,,1,0.2,8.613822737779259,6.3511791,10.876467
Pancreas,Male,ADb,,,1,0.25,9.53341517939873,7.0220609,12.044769
Pancreas,Male,ADb,,,1,0.30000001,10.17534241766248,7.4859676,12.864717
Pancreas,Male,ADb,,,1,0.34999999,10.62860055621996,7.8091626,13.448038
Pancreas,Male,ADb,,,1,0.40000001,10.95378792831298,8.0367336,13.870842
Pancreas,Male,ADb,,,1,0.44999999,11.18789027797538,8.1962099,14.179571
Pancreas,Male,ADb,,,1,0.5,11.35429995767947,8.3050089,14.403591
Pancreas,Male,ADb,,,1,0.55000001,11.46832968860809,8.3745375,14.562121
Pancreas,Male,ADb,,,1,0.60000002,11.53990824939581,8.4122076,14.667608
Pancreas,Male,ADb,,,1,0.64999998,11.57388141334718,8.4217072,14.726056
Pancreas,Male,ADb,,,1,0.69999999,11.57419367423375,8.4060621,14.742325
Pancreas,Male,ADb,,,1,0.75,11.54507776874186,8.3685007,14.721655
Pancreas,Male,ADb,,,1,0.80000001,11.49073908832298,8.3122158,14.669263
Pancreas,Male,ADb,,,1,0.85000002,11.41517136688293,8.2402306,14.590112
Pancreas,Male,ADb,,,1,0.89999998,11.32205715173285,8.1553307,14.488783
Pancreas,Male,ADb,,,1,0.94999999,11.2147209575574,8.0600262,14.369416
Pancreas,Male,ADb,,,1,1.0,11.09611863560508,7.9565449,14.235693
Pancreas,Male,ADb,,,1,1.05,10.96790306820247,7.8461452,14.089661
Pancreas,Male,ADb,,,1,1.1,10.83332937232444,7.7312388,13.93542
Pancreas,Male,ADb,,,1,1.15,10.69421086520106,7.6131749,13.775247
Pancreas,Male,ADb,,,1,1.2,10.55200439620074,7.4930353,13.610973
Pancreas,Male,ADb,,,1,1.25,10.4078832408245,7.3716917,13.444075
Pancreas,Male,ADb,,,1,1.3,10.26279028280976,7.2498417,13.275739
Pancreas,Male,ADb,,,1,1.35,10.11748311558182,7.1280479,13.106918
Pancreas,Male,ADb,,,1,1.4,9.972570257075176,7.0067592,12.938381
Pancreas,Male,ADb,,,1,1.45,9.828536886350207,6.8863335,12.770741
Pancreas,Male,ADb,,,1,1.5,9.685770241725322,6.7670565,12.604485
Pancreas,Male,ADb,,,1,1.55,9.54457548265583,6.6491513,12.44
Pancreas,Male,ADb,,,1,1.6,9.405191533036486,6.5327935,12.27759
Pancreas,Male,ADb,,,1,1.65,9.267804084596946,6.418117,12.117491
Pancreas,Male,ADb,,,1,1.7,9.13255308251729,6.3052239,11.959882
Pancreas,Male,ADb,,,1,1.75,8.999543355414517,6.1941891,11.804898
Pancreas,Male,ADb,,,1,1.8,8.86884891181245,6.0850635,11.652635
Pancreas,Male,ADb,,,1,1.85,8.740519327365575,5.9778819,11.503157
Pancreas,Male,ADb,,,1,1.9,8.614585080629865,5.8726645,11.356505
Pancreas,Male,ADb,,,1,1.95,8.491059091205955,5.7694178,11.212701
Pancreas,Male,ADb,,,1,2.0,8.369942151455234,5.668139,11.071746
Pancreas,Male,ADb,,,1,2.05,8.250469794178287,5.5682859,10.932653
Pancreas,Male,ADb,,,1,2.0999999,8.133399872802329,5.4703918,10.796408
Pancreas,Male,ADb,,,1,2.1500001,8.018704741610065,5.3744345,10.662975
Pancreas,Male,ADb,,,1,2.2,7.906352836136648,5.2803874,10.532318
Pancreas,Male,ADb,,,1,2.25,7.796306582875957,5.18822,10.404393
Pancreas,Male,ADb,,,1,2.3,7.688525587090567,5.0978994,10.279152
Pancreas,Male,ADb,,,1,2.3499999,7.582966901385362,5.0093923,10.156542
Pancreas,Male,ADb,,,1,2.4000001,7.47958521910715,4.9226613,10.036509
Pancreas,Male,ADb,,,1,2.45,7.378335400304309,4.8376718,9.9189987
Pancreas,Male,ADb,,,1,2.5,7.279169981336395,4.754385,9.8039551
Pancreas,Male,ADb,,,1,2.55,7.182041542340585,4.6727648,9.6913185
Pancreas,Male,ADb,,,1,2.5999999,7.086902526331187,4.592772,9.5810328
Pancreas,Male,ADb,,,1,2.6500001,6.993705059368438,4.51437,9.4730396
Pancreas,Male,ADb,,,1,2.7,6.902402930905396,4.4375219,9.3672838
Pancreas,Male,ADb,,,1,2.75,6.812949099562559,4.3621907,9.2637072
Pancreas,Male,ADb,,,1,2.8,6.725297617804699,4.2883401,9.1622553
Pancreas,Male,ADb,,,1,2.8499999,6.639403292742827,4.2159343,9.0628719
Pancreas,Male,ADb,,,1,2.9000001,6.55522137481023,4.1449385,8.9655046
Pancreas,Male,ADb,,,1,2.95,6.472709221398361,4.0753188,8.8700991
Pancreas,Male,ADb,,,1,3.0,6.391823938281789,4.0070415,8.7766066
Pancreas,Male,ADb,,,1,3.05,6.311911995564856,3.939661,8.6841631
Pancreas,Male,ADb,,,1,3.0999999,6.233561835159776,3.8735716,8.5935516
Pancreas,Male,ADb,,,1,3.1500001,6.156733139574783,3.8087418,8.5047245
Pancreas,Male,ADb,,,1,3.2,6.081387741930541,3.7451413,8.417634
Pancreas,Male,ADb,,,1,3.25,6.007487427312242,3.6827397,8.3322353
Pancreas,Male,ADb,,,1,3.3,5.934995398931903,3.6215086,8.2484827
Pancreas,Male,ADb,,,1,3.3499999,5.863875897511434,3.5614188,8.1663332
Pancreas,Male,ADb,,,1,3.4000001,5.794093857426219,3.5024428,8.0857449
Pancreas,Male,ADb,,,1,3.45,5.725616214173897,3.4445548,8.0066776
Pancreas,Male,ADb,,,1,3.5,5.658409888769881,3.3877282,7.9290915
Pancreas,Male,ADb,,,1,3.55,5.592443103787161,3.3319376,7.8529487
Pancreas,Male,ADb,,,1,3.5999999,5.527685024984464,3.2771585,7.7782116
Pancreas,Male,ADb,,,1,3.6500001,5.46410543746174,3.223367,7.704844
Pancreas,Male,ADb,,,1,3.7,5.401675928585234,3.1705406,7.6328111
Pancreas,Male,ADb,,,1,3.75,5.340368044636762,3.1186564,7.5620799
Pancreas,Male,ADb,,,1,3.8,5.28015448419643,3.0676923,7.4926167
Pancreas,Male,ADb,,,1,3.8499999,5.221008767389321,3.0176277,7.4243898
Pancreas,Male,ADb,,,1,3.9000001,5.16290493657641,2.9684417,7.357368
Pancreas,Male,ADb,,,1,3.95,5.105818635130163,2.9201143,7.291523
Pancreas,Male,ADb,,,1,4.0,5.049725421096468,2.8726265,7.2268243
Pancreas,Male,ADb,,,1,4.0500002,4.99409044220215,2.8256335,7.1625476
Pancreas,Male,ADb,,,1,4.0999999,4.93941554003618,2.7794533,7.0993776
Pancreas,Male,ADb,,,1,4.1500001,4.885677284431893,2.7340672,7.0372872
Pancreas,Male,ADb,,,1,4.1999998,4.832854979813817,2.6894581,6.9762516
Pancreas,Male,ADb,,,1,4.25,4.78092654223434,2.6456087,6.9162445
Pancreas,Male,ADb,,,1,4.3000002,4.72987202606646,2.6025026,6.8572416
Pancreas,Male,ADb,,,1,4.3499999,4.679672054338653,2.5601242,6.7992201
Pancreas,Male,ADb,,,1,4.4000001,4.630306399744313,2.5184569,6.742156
Pancreas,Male,ADb,,,1,4.4499998,4.581757296382023,2.4774866,6.686028
Pancreas,Male,ADb,,,1,4.5,4.534005653625059,2.4371977,6.6308136
Pancreas,Male,ADb,,,1,4.5500002,4.487034298276456,2.3975761,6.5764928
Pancreas,Male,ADb,,,1,4.5999999,4.440826534285463,2.3586082,6.5230446
Pancreas,Male,ADb,,,1,4.6500001,4.395364837038869,2.3202801,6.4704494
Pancreas,Male,ADb,,,1,4.6999998,4.350633903736593,2.2825787,6.4186893
Pancreas,Male,ADb,,,1,4.75,4.306617168219418,2.245491,6.3677435
Pancreas,Male,ADb,,,1,4.8000002,4.263299789121277,2.2090046,6.317595
Pancreas,Male,ADb,,,1,4.8499999,4.220667325181353,2.1731074,6.2682271
Pancreas,Male,ADb,,,1,4.9000001,4.178704531163419,2.1377873,6.2196217
Pancreas,Male,ADb,,,1,4.9499998,4.137398174108341,2.1030333,6.1717629
Pancreas,Male,ADb,,,1,5.0,4.096733817867403,2.0688336,6.1246343
Pancreas,Male,ADb,,,2,0.0,0.0,0.0,0.0
Pancreas,Male,ADb,,,2,0.050000001,1.692515277096796,1.1010495,2.2839811
Pancreas,Male,ADb,,,2,0.1,2.77111725238391,1.8094665,3.7327681
Pancreas,Male,ADb,,,2,0.15000001,3.367563339629051,2.2051206,4.5300064
Pancreas,Male,ADb,,,2,0.2,3.685650973882076,2.4192493,4.9520526
Pancreas,Male,ADb,,,2,0.25,3.840284574269106,2.5260971,5.1544724
Pancreas,Male,ADb,,,2,0.30000001,3.897327066578484,2.56833,5.2263241
Pancreas,Male,ADb,,,2,0.34999999,3.897852952313784,2.5726879,5.2230177
Pancreas,Male,ADb,,,2,0.40000001,3.865626735035022,2.5547152,5.1765385
Pancreas,Male,ADb,,,2,0.44999999,3.813576987614553,2.5229032,5.1042509
Pancreas,Male,ADb,,,2,0.5,3.749055426245135,2.4821095,5.0160012
Pancreas,Male,ADb,,,2,0.55000001,3.676409748542042,2.4352298,4.9175897
Pancreas,Male,ADb,,,2,0.60000002,3.598239037501585,2.3840151,4.8124628
Pancreas,Male,ADb,,,2,0.64999998,3.515971370449506,2.3294413,4.7025013
Pancreas,Male,ADb,,,2,0.69999999,3.430840879922229,2.2723625,4.5893192
Pancreas,Male,ADb,,,2,0.75,3.34405111049422,2.2136211,4.4744811
Pancreas,Male,ADb,,,2,0.80000001,3.256688097116012,2.1539872,4.3593893
Pancreas,Male,ADb,,,2,0.85000002,3.169684566301342,2.0941312,4.2452378
Pancreas,Male,ADb,,,2,0.89999998,3.083812384583652,2.0346193,4.1330056
Pancreas,Male,ADb,,,2,0.94999999,2.999689516543924,1.9759133,4.0234656
Pancreas,Male,ADb,,,2,1.0,2.917794560659061,1.9183809,3.9172082
Pancreas,Male,ADb,,,2,1.05,2.83746696599141,1.861668,3.813266
Pancreas,Male,ADb,,,2,1.1,2.759920114595531,1.8065889,3.7132514
Pancreas,Male,ADb,,,2,1.15,2.685228627918278,1.7532331,3.6172242
Pancreas,Male,ADb,,,2,1.2,2.613404009834724,1.7016438,3.5251641
Pancreas,Male,ADb,,,2,1.25,2.544414720054704,1.6518317,3.4369977
Pancreas,Male,ADb,,,2,1.3,2.478198561928025,1.6037836,3.3526134
Pancreas,Male,ADb,,,2,1.35,2.414673156395096,1.5574695,3.2718768
Pancreas,Male,ADb,,,2,1.4,2.353743611285566,1.5128481,3.1946392
Pancreas,Male,ADb,,,2,1.45,2.29530674920079,1.46987,3.1207435
Pancreas,Male,ADb,,,2,1.5,2.239256091088365,1.4284811,3.0500312
Pancreas,Male,ADb,,,2,1.55,2.185483613800898,1.388624,2.9823432
Pancreas,Male,ADb,,,2,1.6,2.13388214691156,1.3502401,2.9175241
Pancreas,Male,ADb,,,2,1.65,2.084347084434839,1.3132707,2.8554235
Pancreas,Male,ADb,,,2,1.7,2.036776468303287,1.2776572,2.7958958
Pancreas,Male,ADb,,,2,1.75,1.991072545535431,1.2433425,2.7388027
Pancreas,Male,ADb,,,2,1.8,1.947141337126467,1.2102709,2.6840117
Pancreas,Male,ADb,,,2,1.85,1.904893198516504,1.1783882,2.6313982
Pancreas,Male,ADb,,,2,1.9,1.86424317776536,1.147643,2.5808434
Pancreas,Male,ADb,,,2,1.95,1.825110304195803,1.1179847,2.5322359
Pancreas,Male,ADb,,,2,2.0,1.78741828461537,1.0893658,2.4854708
Pancreas,Male,ADb,,,2,2.05,1.750461612049463,1.0613831,2.4395401
Pancreas,Male,ADb,,,2,2.0999999,1.714833180806636,1.0343711,2.3952951
Pancreas,Male,ADb,,,2,2.1500001,1.680466770321175,1.0082872,2.3526464
Pancreas,Male,ADb,,,2,2.2,1.647300424444836,0.9830907,2.3115101
Pancreas,Male,ADb,,,2,2.25,1.615275271971527,0.95874298,2.2718077
Pancreas,Male,ADb,,,2,2.3,1.584335991564359,0.93520719,2.2334647
Pancreas,Male,ADb,,,2,2.3499999,1.554430452251424,0.91244841,2.1964126
Pancreas,Male,ADb,,,2,2.4000001,1.52550939079309,0.89043337,2.1605854
Pancreas,Male,ADb,,,2,2.45,1.497526778687998,0.86913079,2.1259227
Pancreas,Male,ADb,,,2,2.5,1.470438823184907,0.8485105,2.0923672
Pancreas,Male,ADb,,,2,2.55,1.444204359974847,0.82854408,2.0598645
Pancreas,Male,ADb,,,2,2.5999999,1.418784558367193,0.80920458,2.0283644
Pancreas,Male,ADb,,,2,2.6500001,1.394142659744418,0.79046613,1.9978192
Pancreas,Male,ADb,,,2,2.7,1.370244306625523,0.77230453,1.9681841
Pancreas,Male,ADb,,,2,2.75,1.347056709084839,0.75469643,1.939417
Pancreas,Male,ADb,,,2,2.8,1.324548997526691,0.73761982,1.9114782
Pancreas,Male,ADb,,,2,2.8499999,1.302691990335006,0.72105366,1.8843303
Pancreas,Male,ADb,,,2,2.9000001,1.28145798837626,0.70497787,1.8579381
Pancreas,Male,ADb,,,2,2.95,1.260821078261998,0.68937367,1.8322685
Pancreas,Male,ADb,,,2,3.0,1.240756432805469,0.67422283,1.8072901
Pancreas,Male,ADb,,,2,3.05,1.22079021019033,0.65929025,1.7822902
Pancreas,Male,ADb,,,2,3.0999999,1.201366030347998,0.64478809,1.757944
Pancreas,Male,ADb,,,2,3.1500001,1.182462093893221,0.63070017,1.7342241
Pancreas,Male,ADb,,,2,3.2,1.164057987886679,0.61701101,1.711105
Pancreas,Male,ADb,,,2,3.25,1.146134077383266,0.60370588,1.6885623
Pancreas,Male,ADb,,,2,3.3,1.128671805156088,0.59077078,1.6665728
Pancreas,Male,ADb,,,2,3.3499999,1.11165354136466,0.57819217,1.6451149
Pancreas,Male,ADb,,,2,3.4000001,1.09506245040636,0.56595737,1.6241676
Pancreas,Male,ADb,,,2,3.45,1.078882753950239,0.55405414,1.6037114
Pancreas,Male,ADb,,,2,3.5,1.063099208412751,0.54247081,1.5837276
Pancreas,Male,ADb,,,2,3.55,1.047697378549117,0.53119612,1.5641986
Pancreas,Male,ADb,,,2,3.5999999,1.032663515470503,0.52021939,1.5451076
Pancreas,Male,ADb,,,2,3.6500001,1.017984448340229,0.50953043,1.5264385
Pancreas,Male,ADb,,,2,3.7,1.003647826054717,0.49911949,1.5081762
Pancreas,Male,ADb,,,2,3.75,0.9896416631238196,0.48897713,1.4903061
Pancreas,Male,ADb,,,2,3.8,0.975954589222539,0.47909448,1.4728147
Pancreas,Male,ADb,,,2,3.8499999,0.962575748351412,0.46946284,1.4556887
Pancreas,Male,ADb,,,2,3.9000001,0.9494947090412608,0.46007401,1.4389154
Pancreas,Male,ADb,,,2,3.95,0.9367016860763328,0.4509201,1.4224832
Pancreas,Male,ADb,,,2,4.0,0.9241871416067796,0.44199356,1.4063808
Pancreas,Male,ADb,,,2,4.0500002,0.9115789303413492,0.43313575,1.3900222
Pancreas,Male,ADb,,,2,4.0999999,0.8992419471157405,0.42449763,1.3739862
Pancreas,Male,ADb,,,2,4.1500001,0.88716730209498,0.4160721,1.3582625
Pancreas,Male,ADb,,,2,4.1999998,0.8753469374118765,0.40785265,1.3428413
Pancreas,Male,ADb,,,2,4.25,0.8637726866814575,0.3998327,1.3277127
Pancreas,Male,ADb,,,2,4.3000002,0.8524370524228289,0.3920061,1.312868
Pancreas,Male,ADb,,,2,4.3499999,0.8413328409154417,0.38436699,1.2982987
Pancreas,Male,ADb,,,2,4.4000001,0.830452839017056,0.37690955,1.2839961
Pancreas,Male,ADb,,,2,4.4499998,0.8197905353110997,0.36962843,1.2699527
Pancreas,Male,ADb,,,2,4.5,0.809339275780502,0.36251816,1.2561604
Pancreas,Male,ADb,,,2,4.5500002,0.7990929676611529,0.35557377,1.2426121
Pancreas,Male,ADb,,,2,4.5999999,0.7890457531919282,0.34879041,1.2293011
Pancreas,Male,ADb,,,2,4.6500001,0.7791917192619593,0.34216326,1.2162201
Pancreas,Male,ADb,,,2,4.6999998,0.7695255525053852,0.33568785,1.2033633
Pancreas,Male,ADb,,,2,4.75,0.7600417768329635,0.32935974,1.1907238
Pancreas,Male,ADb,,,2,4.8000002,0.7507353933741143,0.32317477,1.178296
Pancreas,Male,ADb,,,2,4.8499999,0.741601587003629,0.31712887,1.1660743
Pancreas,Male,ADb,,,2,4.9000001,0.7326354638372834,0.31121808,1.1540529
Pancreas,Male,ADb,,,2,4.9499998,0.7238326486720865,0.30543867,1.1422266
Pancreas,Male,ADb,,,2,5.0,0.7151885928504527,0.29978693,1.1305903
Pancreas,Male,pm,,,0,0.0,0.0,0.0,0.0
Pancreas,Male,pm,,,0,0.050000001,29.26071166992188,24.524044,33.997379
Pancreas,Male,pm,,,0,0.1,24.29915428161621,20.149529,28.44878
Pancreas,Male,pm,,,0,0.15000001,22.17849349975586,18.297421,26.059566
Pancreas,Male,pm,,,0,0.2,20.85421180725098,17.139208,24.569216
Pancreas,Male,pm,,,0,0.25,19.89410972595215,16.296211,23.492008
Pancreas,Male,pm,,,0,0.30000001,19.145263671875,15.635704,22.654823
Pancreas,Male,pm,,,0,0.34999999,18.53836250305176,15.097724,21.979
Pancreas,Male,pm,,,0,0.40000001,18.03497886657715,14.648996,21.420961
Pancreas,Male,pm,,,0,0.44999999,17.61067199707031,14.268327,20.953016
Pancreas,Male,pm,,,0,0.5,17.24875450134277,13.941227,20.556282
Pancreas,Male,pm,,,0,0.55000001,16.9372444152832,13.657284,20.217205
Pancreas,Male,pm,,,0,0.60000002,16.66703033447266,13.40858,19.925482
Pancreas,Male,pm,,,0,0.64999998,16.43015098571777,13.188264,19.672039
Pancreas,Male,pm,,,0,0.69999999,16.22043418884277,12.991055,19.449814
Pancreas,Male,pm,,,0,0.75,16.03337478637695,12.813103,19.253647
Pancreas,Male,pm,,,0,0.80000001,15.86560726165771,12.651537,19.079678
Pancreas,Male,pm,,,0,0.85000002,15.71455097198486,12.504155,18.924946
Pancreas,Male,pm,,,0,0.89999998,15.57819652557373,12.369249,18.787144
Pancreas,Male,pm,,,0,0.94999999,15.4549446105957,12.245456,18.664433
Pancreas,Male,pm,,,0,1.0,15.34349536895752,12.131673,18.555317
Pancreas,Male,pm,,,0,1.05,15.24300098419189,12.027082,18.45892
Pancreas,Male,pm,,,0,1.1,15.15212440490723,11.930614,18.373634
Pancreas,Male,pm,,,0,1.15,15.06996059417725,11.841481,18.298441
Pancreas,Male,pm,,,0,1.2,14.99571132659912,11.75899,18.232431
Pancreas,Male,pm,,,0,1.25,14.92867565155029,11.682532,18.174818
Pancreas,Male,pm,,,0,1.3,14.8682336807251,11.611568,18.124899
Pancreas,Male,pm,,,0,1.35,14.81383037567139,11.545615,18.082047
Pancreas,Male,pm,,,0,1.4,14.76497268676758,11.484245,18.0457
Pancreas,Male,pm,,,0,1.45,14.72121715545654,11.427073,18.015362
Pancreas,Male,pm,,,0,1.5,14.68216514587402,11.373754,17.990576
Pancreas,Male,pm,,,0,1.55,14.64745616912842,11.323974,17.970938
Pancreas,Male,pm,,,0,1.6,14.6167631149292,11.277451,17.956076
Pancreas,Male,pm,,,0,1.65,14.5897912979126,11.23393,17.945654
Pancreas,Male,pm,,,0,1.7,14.56626987457275,11.193174,17.939365
Pancreas,Male,pm,,,0,1.75,14.54595184326172,11.154974,17.93693
Pancreas,Male,pm,,,0,1.8,14.52861309051514,11.119134,17.938093
Pancreas,Male,pm,,,0,1.85,14.51404571533203,11.085475,17.942616
Pancreas,Male,pm,,,0,1.9,14.50205898284912,11.053833,17.950285
Pancreas,Male,pm,,,0,1.95,14.49247932434082,11.024058,17.960901
Pancreas,Male,pm,,,0,2.0,14.48514461517334,10.996012,17.974277
Pancreas,Male,pm,,,0,2.05,14.48009777069092,10.969612,17.990583
Pancreas,Male,pm,,,0,2.0999999,14.47699737548828,10.944682,18.009314
Pancreas,Male,pm,,,0,2.1500001,14.47571563720703,10.921112,18.030319
Pancreas,Male,pm,,,0,2.2,14.47613334655762,10.898801,18.053465
Pancreas,Male,pm,,,0,2.25,14.47813987731934,10.877654,18.078627
Pancreas,Male,pm,,,0,2.3,14.48163032531738,10.857581,18.10568
Pancreas,Male,pm,,,0,2.3499999,14.48650932312012,10.838501,18.134518
Pancreas,Male,pm,,,0,2.4000001,14.49268531799316,10.820336,18.165035
Pancreas,Male,pm,,,0,2.45,14.50007343292236,10.803015,18.197132
Pancreas,Male,pm,,,0,2.5,14.50859546661377,10.786469,18.230721
Pancreas,Male,pm,,,0,2.55,14.51817512512207,10.770637,18.265713
Pancreas,Male,pm,,,0,2.5999999,14.52874279022217,10.755457,18.302029
Pancreas,Male,pm,,,0,2.6500001,14.54023265838623,10.740875,18.33959
Pancreas,Male,pm,,,0,2.7,14.55258178710938,10.726839,18.378325
Pancreas,Male,pm,,,0,2.75,14.5657320022583,10.713298,18.418167
Pancreas,Male,pm,,,0,2.8,14.57962608337402,10.700205,18.459047
Pancreas,Male,pm,,,0,2.8499999,14.59421348571777,10.687517,18.50091
Pancreas,Male,pm,,,0,2.9000001,14.60944271087646,10.675193,18.543692
Pancreas,Male,pm,,,0,2.95,14.62526607513428,10.663192,18.587341
Pancreas,Male,pm,,,0,3.0,14.64164066314697,10.651478,18.631804
Pancreas,Male,pm,,,0,3.05,14.65862560272217,10.639952,18.677299
Pancreas,Male,pm,,,0,3.0999999,14.67606925964355,10.628633,18.723505
Pancreas,Male,pm,,,0,3.1500001,14.69393253326416,10.617491,18.770374
Pancreas,Male,pm,,,0,3.2,14.71217823028564,10.606495,18.817862
Pancreas,Male,pm,,,0,3.25,14.7307710647583,10.595615,18.865927
Pancreas,Male,pm,,,0,3.3,14.74967861175537,10.584826,18.914532
Pancreas,Male,pm,,,0,3.3499999,14.76886940002441,10.5741,18.963638
Pancreas,Male,pm,,,0,3.4000001,14.78831100463867,10.563415,19.013206
Pancreas,Male,pm,,,0,3.45,14.80797576904297,10.552745,19.063206
Pancreas,Male,pm,,,0,3.5,14.82783508300781,10.542068,19.113602
Pancreas,Male,pm,,,0,3.55,14.84786319732666,10.531365,19.16436
Pancreas,Male,pm,,,0,3.5999999,14.86803340911865,10.520615,19.215452
Pancreas,Male,pm,,,0,3.6500001,14.88832092285156,10.509794,19.266848
Pancreas,Male,pm,,,0,3.7,14.90870380401611,10.498891,19.318518
Pancreas,Male,pm,,,0,3.75,14.92915821075439,10.487883,19.370434
Pancreas,Male,pm,,,0,3.8,14.94966316223145,10.476754,19.422571
Pancreas,Male,pm,,,0,3.8499999,14.9701976776123,10.465491,19.474903
Pancreas,Male,pm,,,0,3.9000001,14.99074077606201,10.454076,19.527407
Pancreas,Male,pm,,,0,3.95,15.01127338409424,10.442492,19.580053
Pancreas,Male,pm,,,0,4.0,15.03177833557129,10.430731,19.632826
Pancreas,Male,pm,,,0,4.0500002,15.05223941802979,10.418584,19.685896
Pancreas,Male,pm,,,0,4.0999999,15.07262802124023,10.40622,19.739037
Pancreas,Male,pm,,,0,4.1500001,15.09292793273926,10.393628,19.792229
Pancreas,Male,pm,,,0,4.1999998,15.11312198638916,10.380795,19.845449
Pancreas,Male,pm,,,0,4.25,15.1331958770752,10.367708,19.898684
Pancreas,Male,pm,,,0,4.3000002,15.1531343460083,10.354361,19.951908
Pancreas,Male,pm,,,0,4.3499999,15.17292404174805,10.340741,20.005108
Pancreas,Male,pm,,,0,4.4000001,15.19255065917969,10.326839,20.058262
Pancreas,Male,pm,,,0,4.4499998,15.21200180053711,10.312648,20.111357
Pancreas,Male,pm,,,0,4.5,15.23126411437988,10.298156,20.164373
Pancreas,Male,pm,,,0,4.5500002,15.25032520294189,10.283355,20.217295
Pancreas,Male,pm,,,0,4.5999999,15.26917362213135,10.26824,20.270107
Pancreas,Male,pm,,,0,4.6500001,15.28779888153076,10.252802,20.322796
Pancreas,Male,pm,,,0,4.6999998,15.30618858337402,10.237033,20.375343
Pancreas,Male,pm,,,0,4.75,15.32433414459229,10.220928,20.42774
Pancreas,Male,pm,,,0,4.8000002,15.34222316741943,10.20448,20.479967
Pancreas,Male,pm,,,0,4.8499999,15.35984802246094,10.187683,20.532013
Pancreas,Male,pm,,,0,4.9000001,15.37719821929932,10.170531,20.583864
Pancreas,Male,pm,,,0,4.9499998,15.39426422119141,10.15302,20.635508
Pancreas,Male,pm,,,0,5.0,15.41103935241699,10.135144,20.686934
Pancreas,Male,pm,,,1,0.0,0.0,0.0,0.0
Pancreas,Male,pm,,,1,0.050000001,52.44468307495117,45.985451,58.903915
Pancreas,Male,pm,,,1,0.1,31.84605026245117,26.286255,37.405846
Pancreas,Male,pm,,,1,0.15000001,26.68882942199707,21.673267,31.704391
Pancreas,Male,pm,,,1,0.2,24.12741279602051,19.422409,28.832417
Pancreas,Male,pm,,,1,0.25,22.50778198242188,18.009232,27.006332
Pancreas,Male,pm,,,1,0.30000001,21.35139083862305,17.002977,25.699804
Pancreas,Male,pm,,,1,0.34999999,20.4674129486084,16.234001,24.700825
Pancreas,Male,pm,,,1,0.40000001,19.76264762878418,15.62008,23.905216
Pancreas,Male,pm,,,1,0.44999999,19.18461608886719,15.115174,23.254059
Pancreas,Male,pm,,,1,0.5,18.70086479187012,14.690928,22.7108
Pancreas,Male,pm,,,1,0.55000001,18.28989791870117,14.328623,22.251173
Pancreas,Male,pm,,,1,0.60000002,17.93649101257324,14.01504,21.857943
Pancreas,Male,pm,,,1,0.64999998,17.62839508056641,13.73963,21.51716
Pancreas,Male,pm,,,1,0.69999999,17.3564567565918,13.494549,21.218365
Pancreas,Male,pm,,,1,0.75,17.11411285400391,13.274188,20.954039
Pancreas,Male,pm,,,1,0.80000001,16.89653015136719,13.074429,20.718632
Pancreas,Male,pm,,,1,0.85000002,16.7000675201416,12.892179,20.507956
Pancreas,Male,pm,,,1,0.89999998,16.52192687988281,12.72507,20.318785
Pancreas,Male,pm,,,1,0.94999999,16.35991287231445,12.57125,20.148577
Pancreas,Male,pm,,,1,1.0,16.21227073669434,12.429245,19.995296
Pancreas,Male,pm,,,1,1.05,16.07752227783203,12.297804,19.857241
Pancreas,Male,pm,,,1,1.1,15.95433330535889,12.175809,19.732859
Pancreas,Male,pm,,,1,1.15,15.8415641784668,12.062297,19.620831
Pancreas,Male,pm,,,1,1.2,15.73822402954102,11.956433,19.520014
Pancreas,Male,pm,,,1,1.25,15.64345359802246,11.857497,19.429411
Pancreas,Male,pm,,,1,1.3,15.55649280548096,11.764847,19.348139
Pancreas,Male,pm,,,1,1.35,15.4766731262207,11.677923,19.275423
Pancreas,Male,pm,,,1,1.4,15.40339946746826,11.596227,19.210573
Pancreas,Male,pm,,,1,1.45,15.33614253997803,11.519314,19.152971
Pancreas,Male,pm,,,1,1.5,15.2744255065918,11.446787,19.102064
Pancreas,Male,pm,,,1,1.55,15.21782302856445,11.37829,19.057356
Pancreas,Male,pm,,,1,1.6,15.16594696044922,11.313499,19.018394
Pancreas,Male,pm,,,1,1.65,15.11844921112061,11.252126,18.984774
Pancreas,Male,pm,,,1,1.7,15.07501125335693,11.193903,18.95612
Pancreas,Male,pm,,,1,1.75,15.03534603118896,11.138593,18.9321
Pancreas,Male,pm,,,1,1.8,14.99918842315674,11.085975,18.912403
Pancreas,Male,pm,,,1,1.85,14.96629619598389,11.035848,18.896746
Pancreas,Male,pm,,,1,1.9,14.936448097229,10.988029,18.884867
Pancreas,Male,pm,,,1,1.95,14.9094409942627,10.94235,18.876532
Pancreas,Male,pm,,,1,2.0,14.88508605957031,10.898657,18.871515
Pancreas,Male,pm,,,1,2.05,14.86321067810059,10.856777,18.869644
Pancreas,Male,pm,,,1,2.0999999,14.84365272521973,10.816607,18.870699
Pancreas,Male,pm,,,1,2.1500001,14.82626152038574,10.778016,18.874508
Pancreas,Male,pm,,,1,2.2,14.81089973449707,10.740895,18.880903
Pancreas,Male,pm,,,1,2.25,14.797438621521,10.705138,18.88974
Pancreas,Male,pm,,,1,2.3,14.78575897216797,10.670647,18.900871
Pancreas,Male,pm,,,1,2.3499999,14.77574920654297,10.637329,18.914169
Pancreas,Male,pm,,,1,2.4000001,14.76730346679688,10.6051,18.929508
Pancreas,Male,pm,,,1,2.45,14.76032638549805,10.57388,18.946774
Pancreas,Male,pm,,,1,2.5,14.75472450256348,10.543593,18.965857
Pancreas,Male,pm,,,1,2.55,14.75041389465332,10.514173,18.986654
Pancreas,Male,pm,,,1,2.5999999,14.74731254577637,10.485551,19.009075
Pancreas,Male,pm,,,1,2.6500001,14.74534511566162,10.457666,19.033024
Pancreas,Male,pm,,,1,2.7,14.74444007873535,10.430461,19.058418
Pancreas,Male,pm,,,1,2.75,14.74453067779541,10.403882,19.085178
Pancreas,Male,pm,,,1,2.8,14.74555397033691,10.377878,19.11323
Pancreas,Male,pm,,,1,2.8499999,14.74744892120361,10.3524,19.142498
Pancreas,Male,pm,,,1,2.9000001,14.75015926361084,10.327403,19.172916
Pancreas,Male,pm,,,1,2.95,14.75363063812256,10.302843,19.204418
Pancreas,Male,pm,,,1,3.0,14.75781345367432,10.278682,19.236946
Pancreas,Male,pm,,,1,3.05,14.762619972229,10.254801,19.270439
Pancreas,Male,pm,,,1,3.0999999,14.76803970336914,10.231239,19.30484
Pancreas,Male,pm,,,1,3.1500001,14.77402973175049,10.207961,19.340097
Pancreas,Male,pm,,,1,3.2,14.78054809570313,10.184935,19.376162
Pancreas,Male,pm,,,1,3.25,14.78755569458008,10.162129,19.412983
Pancreas,Male,pm,,,1,3.3,14.79501628875732,10.139516,19.450516
Pancreas,Male,pm,,,1,3.3499999,14.80289173126221,10.117065,19.488718
Pancreas,Male,pm,,,1,3.4000001,14.81114959716797,10.094752,19.527546
Pancreas,Male,pm,,,1,3.45,14.81975746154785,10.072552,19.566963
Pancreas,Male,pm,,,1,3.5,14.8286828994751,10.050439,19.606926
Pancreas,Male,pm,,,1,3.55,14.83789825439453,10.028393,19.647404
Pancreas,Male,pm,,,1,3.5999999,14.84737300872803,10.00639,19.688356
Pancreas,Male,pm,,,1,3.6500001,14.85708236694336,9.9844103,19.729753
Pancreas,Male,pm,,,1,3.7,14.86699771881104,9.9624348,19.771561
Pancreas,Male,pm,,,1,3.75,14.87709617614746,9.940444,19.813747
Pancreas,Male,pm,,,1,3.8,14.88735294342041,9.9184217,19.856283
Pancreas,Male,pm,,,1,3.8499999,14.89774513244629,9.8963499,19.899139
Pancreas,Male,pm,,,1,3.9000001,14.90825176239014,9.8742132,19.942291
Pancreas,Male,pm,,,1,3.95,14.91885089874268,9.8519955,19.985706
Pancreas,Male,pm,,,1,4.0,14.92952251434326,9.8296824,20.029362
Pancreas,Male,pm,,,1,4.0500002,14.94015407562256,9.8071194,20.073189
Pancreas,Male,pm,,,1,4.0999999,14.95081615447998,9.7844286,20.117203
Pancreas,Male,pm,,,1,4.1500001,14.96149063110352,9.7615986,20.161383
Pancreas,Male,pm,,,1,4.1999998,14.97216129302979,9.7386179,20.205706
Pancreas,Male,pm,,,1,4.25,14.98281192779541,9.7154751,20.250149
Pancreas,Male,pm,,,1,4.3000002,14.9934253692627,9.6921577,20.294693
Pancreas,Male,pm,,,1,4.3499999,15.00398731231689,9.6686573,20.339317
Pancreas,Male,pm,,,1,4.4000001,15.01448345184326,9.6449652,20.384003
Pancreas,Male,pm,,,1,4.4499998,15.02489852905273,9.621069,20.428728
Pancreas,Male,pm,,,1,4.5,15.0352201461792,9.596961,20.473478
Pancreas,Male,pm,,,1,4.5500002,15.04543495178223,9.5726347,20.518234
Pancreas,Male,pm,,,1,4.5999999,15.0555305480957,9.5480814,20.562981
Pancreas,Male,pm,,,1,4.6500001,15.06549453735352,9.5232925,20.607697
Pancreas,Male,pm,,,1,4.6999998,15.07531642913818,9.4982624,20.65237
Pancreas,Male,pm,,,1,4.75,15.08498477935791,9.4729843,20.696985
Pancreas,Male,pm,,,1,4.8000002,15.09448909759521,9.4474525,20.741526
Pancreas,Male,pm,,,1,4.8499999,15.10381889343262,9.4216604,20.785976
Pancreas,Male,pm,,,1,4.9000001,15.11296463012695,9.3956022,20.830326
Pancreas,Male,pm,,,1,4.9499998,15.12191677093506,9.3692741,20.874559
Pancreas,Male,pm,,,1,5.0,15.13066577911377,9.3426695,20.918663
Pancreas,Male,pm,,,2,0.0,0.0,0.0,0.0
Pancreas,Male,pm,,,2,0.050000001,16.18313026428223,10.957138,21.409122
Pancreas,Male,pm,,,2,0.1,16.10543441772461,10.964099,21.246769
Pancreas,Male,pm,,,2,0.15000001,15.78786277770996,10.779722,20.796003
Pancreas,Male,pm,,,2,0.2,15.40681171417236,10.537677,20.275948
Pancreas,Male,pm,,,2,0.25,15.02377033233643,10.285456,19.762085
Pancreas,Male,pm,,,2,0.30000001,14.6641788482666,10.043357,19.285002
Pancreas,Male,pm,,,2,0.34999999,14.33772945404053,9.8199215,18.855537
Pancreas,Male,pm,,,2,0.40000001,14.04602909088135,9.6174364,18.474621
Pancreas,Male,pm,,,2,0.44999999,13.78727149963379,9.4353485,18.139194
Pancreas,Male,pm,,,2,0.5,13.55849266052246,9.2720432,17.844942
Pancreas,Male,pm,,,2,0.55000001,13.35651874542236,9.1256161,17.587421
Pancreas,Male,pm,,,2,0.60000002,13.17829895019531,8.9941406,17.362457
Pancreas,Male,pm,,,2,0.64999998,13.02095890045166,8.8756809,17.166237
Pancreas,Male,pm,,,2,0.69999999,12.88215255737305,8.7686501,16.995655
Pancreas,Male,pm,,,2,0.75,12.7600269317627,8.6718225,16.848232
Pancreas,Male,pm,,,2,0.80000001,12.65307331085205,8.5842276,16.721918
Pancreas,Male,pm,,,2,0.85000002,12.56003379821777,8.5050735,16.614994
Pancreas,Male,pm,,,2,0.89999998,12.47983551025391,8.4337015,16.52597
Pancreas,Male,pm,,,2,0.94999999,12.41154766082764,8.3695488,16.453547
Pancreas,Male,pm,,,2,1.0,12.35434532165527,8.3121281,16.396563
Pancreas,Male,pm,,,2,1.05,12.30777740478516,8.2613916,16.354162
Pancreas,Male,pm,,,2,1.1,12.27058696746826,8.2163582,16.324816
Pancreas,Male,pm,,,2,1.15,12.24197769165039,8.1765423,16.307413
Pancreas,Male,pm,,,2,1.2,12.22123718261719,8.1415071,16.300966
Pancreas,Male,pm,,,2,1.25,12.20772933959961,8.1108656,16.304592
Pancreas,Male,pm,,,2,1.3,12.20088005065918,8.0842648,16.317495
Pancreas,Male,pm,,,2,1.35,12.20017433166504,8.061388,16.338961
Pancreas,Male,pm,,,2,1.4,12.2051477432251,8.0419483,16.368347
Pancreas,Male,pm,,,2,1.45,12.21538257598877,8.0256891,16.405075
Pancreas,Male,pm,,,2,1.5,12.23049926757813,8.0123768,16.448622
Pancreas,Male,pm,,,2,1.55,12.25015544891357,8.0017986,16.498512
Pancreas,Male,pm,,,2,1.6,12.27404022216797,7.993763,16.554317
Pancreas,Male,pm,,,2,1.65,12.30186939239502,7.9880939,16.615644
Pancreas,Male,pm,,,2,1.7,12.3333854675293,7.9846306,16.68214
Pancreas,Male,pm,,,2,1.75,12.36835384368896,7.9832296,16.753477
Pancreas,Male,pm,,,2,1.8,12.40655899047852,7.9837565,16.829361
Pancreas,Male,pm,,,2,1.85,12.44780254364014,7.9860868,16.909519
Pancreas,Male,pm,,,2,1.9,12.49190425872803,7.990109,16.9937
Pancreas,Male,pm,,,2,1.95,12.53869724273682,7.9957209,17.081675
Pancreas,Male,pm,,,2,2.0,12.58802795410156,8.0028257,17.173231
Pancreas,Male,pm,,,2,2.05,12.64028930664063,8.011899,17.268679
Pancreas,Male,pm,,,2,2.0999999,12.69482707977295,8.0223064,17.367348
Pancreas,Male,pm,,,2,2.1500001,12.75152206420898,8.0339727,17.46907
Pancreas,Male,pm,,,2,2.2,12.81025981903076,8.0468283,17.573692
Pancreas,Male,pm,,,2,2.25,12.87093639373779,8.0608063,17.681067
Pancreas,Male,pm,,,2,2.3,12.9334545135498,8.0758486,17.791061
Pancreas,Male,pm,,,2,2.3499999,12.99772357940674,8.091898,17.903549
Pancreas,Male,pm,,,2,2.4000001,13.06365776062012,8.1088991,18.018415
Pancreas,Male,pm,,,2,2.45,13.131178855896,8.1268072,18.135551
Pancreas,Male,pm,,,2,2.5,13.20021152496338,8.1455727,18.25485
Pancreas,Male,pm,,,2,2.55,13.27068710327148,8.1651545,18.376221
Pancreas,Male,pm,,,2,2.5999999,13.34253883361816,8.1855097,18.499567
Pancreas,Male,pm,,,2,2.6500001,13.41570568084717,8.2066021,18.624809
Pancreas,Male,pm,,,2,2.7,13.49012851715088,8.2283945,18.751862
Pancreas,Male,pm,,,2,2.75,13.56575202941895,8.2508535,18.880651
Pancreas,Male,pm,,,2,2.8,13.64252471923828,8.2739458,19.011103
Pancreas,Male,pm,,,2,2.8499999,13.72039794921875,8.2976437,19.143152
Pancreas,Male,pm,,,2,2.9000001,13.79932308197021,8.3219147,19.276731
Pancreas,Male,pm,,,2,2.95,13.87925624847412,8.346734,19.411777
Pancreas,Male,pm,,,2,3.0,13.96015453338623,8.3720751,19.548235
Pancreas,Male,pm,,,2,3.05,14.04272747039795,8.398674,19.686781
Pancreas,Male,pm,,,2,3.0999999,14.1262035369873,8.4257612,19.826647
Pancreas,Male,pm,,,2,3.1500001,14.21054458618164,8.45331,19.967779
Pancreas,Male,pm,,,2,3.2,14.29571628570557,8.4813023,20.11013
Pancreas,Male,pm,,,2,3.25,14.38168525695801,8.509717,20.253654
Pancreas,Male,pm,,,2,3.3,14.46841812133789,8.5385332,20.398304
Pancreas,Male,pm,,,2,3.3499999,14.55588340759277,8.5677319,20.544035
Pancreas,Male,pm,,,2,3.4000001,14.64405250549316,8.5972967,20.690807
Pancreas,Male,pm,,,2,3.45,14.73289394378662,8.6272078,20.838579
Pancreas,Male,pm,,,2,3.5,14.8223819732666,8.6574516,20.987312
Pancreas,Male,pm,,,2,3.55,14.91248798370361,8.6880083,21.136967
Pancreas,Male,pm,,,2,3.5999999,15.0031852722168,8.7188635,21.287506
Pancreas,Male,pm,,,2,3.6500001,15.09445095062256,8.7500038,21.438898
Pancreas,Male,pm,,,2,3.7,15.18625640869141,8.7814121,21.591101
Pancreas,Male,pm,,,2,3.75,15.27858066558838,8.8130751,21.744085
Pancreas,Male,pm,,,2,3.8,15.37139797210693,8.8449783,21.897818
Pancreas,Male,pm,,,2,3.8499999,15.46468639373779,8.8771086,22.052263
Pancreas,Male,pm,,,2,3.9000001,15.558424949646,8.9094553,22.207396
Pancreas,Male,pm,,,2,3.95,15.65258884429932,8.9420004,22.363176
Pancreas,Male,pm,,,2,4.0,15.74715805053711,8.9747353,22.519581
Pancreas,Male,pm,,,2,4.0500002,15.84308910369873,9.0085926,22.677586
Pancreas,Male,pm,,,2,4.0999999,15.93940353393555,9.0426283,22.83618
Pancreas,Male,pm,,,2,4.1500001,16.03608322143555,9.0768309,22.995335
Pancreas,Male,pm,,,2,4.1999998,16.13310813903809,9.1111917,23.155025
Pancreas,Male,pm,,,2,4.25,16.23045921325684,9.1456957,23.315222
Pancreas,Male,pm,,,2,4.3000002,16.32811546325684,9.1803331,23.475897
Pancreas,Male,pm,,,2,4.3499999,16.42606163024902,9.2150955,23.637028
Pancreas,Male,pm,,,2,4.4000001,16.52427673339844,9.2499695,23.798584
Pancreas,Male,pm,,,2,4.4499998,16.62274360656738,9.2849455,23.960543
Pancreas,Male,pm,,,2,4.5,16.72144317626953,9.3200111,24.122875
Pancreas,Male,pm,,,2,4.5500002,16.82036018371582,9.3551598,24.285561
Pancreas,Male,pm,,,2,4.5999999,16.91947555541992,9.3903809,24.44857
Pancreas,Male,pm,,,2,4.6500001,17.01877212524414,9.425662,24.611881
Pancreas,Male,pm,,,2,4.6999998,17.11823272705078,9.4609957,24.775469
Pancreas,Male,pm,,,2,4.75,17.21784019470215,9.4963703,24.93931
Pancreas,Male,pm,,,2,4.8000002,17.31757926940918,9.5317774,25.10338
Pancreas,Male,pm,,,2,4.8499999,17.41743087768555,9.5672073,25.267654
Pancreas,Male,pm,,,2,4.9000001,17.51737976074219,9.6026506,25.43211
Pancreas,Male,pm,,,2,4.9499998,17.61741065979004,9.6380987,25.596722
Pancreas,Male,pm,,,2,5.0,17.71750450134277,9.6735392,25.761469
Pancreas,Male,tce,,,0,0.0,0.0,0.0,0.0
Pancreas,Male,tce,,,0,0.050000001,0.0118073330348383,0.011030879,0.012583788
Pancreas,Male,tce,,,0,0.1,0.0256315481709014,0.024249131,0.027013965
Pancreas,Male,tce,,,0,0.15000001,0.0365143804403995,0.034718823,0.038309939
Pancreas,Male,tce,,,0,0.2,0.0448455115307504,0.042765163,0.046925861
Pancreas,Male,tce,,,0,0.25,0.0512331973073611,0.048953734,0.053512659
Pancreas,Male,tce,,,0,0.30000001,0.0561640653387739,0.053743657,0.058584474
Pancreas,Male,tce,,,0,0.34999999,0.0600397433763237,0.057516493,0.062562995
Pancreas,Male,tce,,,0,0.40000001,0.0631419368088632,0.060541008,0.065742865
Pancreas,Male,tce,,,0,0.44999999,0.0656502419867007,0.062989153,0.068311334
Pancreas,Male,tce,,,0,0.5,0.0676838214180802,0.064975396,0.070392251
Pancreas,Male,tce,,,0,0.55000001,0.0693248229995878,0.066578887,0.072070755
Pancreas,Male,tce,,,0,0.60000002,0.0706303664486462,0.067854889,0.07340584
Pancreas,Male,tce,,,0,0.64999998,0.0716353413140256,0.068837553,0.074433126
Pancreas,Male,tce,,,0,0.69999999,0.0723699223654883,0.069556475,0.075183369
Pancreas,Male,tce,,,0,0.75,0.0728644080615624,0.070041277,0.075687543
Pancreas,Male,tce,,,0,0.80000001,0.0731480234675246,0.07032045,0.075975597
Pancreas,Male,tce,,,0,0.85000002,0.0732482059561251,0.07042072,0.076075695
Pancreas,Male,tce,,,0,0.89999998,0.0731902269183279,0.070366688,0.076013766
Pancreas,Male,tce,,,0,0.94999999,0.0729970332269976,0.070180684,0.075813383
Pancreas,Male,tce,,,0,1.0,0.0726892524036507,0.069882773,0.075495735
Pancreas,Male,tce,,,0,1.05,0.0722744800348826,0.06948033,0.07506863
Pancreas,Male,tce,,,0,1.1,0.0717807905422581,0.069000661,0.074560918
Pancreas,Male,tce,,,0,1.15,0.0712220769223732,0.068457283,0.073986873
Pancreas,Male,tce,,,0,1.2,0.0706099873104518,0.067861542,0.073358431
Pancreas,Male,tce,,,0,1.25,0.069954327964426,0.067222998,0.072685659
Pancreas,Male,tce,,,0,1.3,0.0692633700394237,0.066549718,0.071977019
Pancreas,Male,tce,,,0,1.35,0.0685441104236511,0.065848544,0.07123968
Pancreas,Male,tce,,,0,1.4,0.0678024866485722,0.065125272,0.070479698
Pancreas,Male,tce,,,0,1.45,0.0670435362785869,0.064384833,0.069702238
Pancreas,Male,tce,,,0,1.5,0.0662715521700247,0.06363143,0.068911672
Pancreas,Male,tce,,,0,1.55,0.0654901866162688,0.062868647,0.068111725
Pancreas,Male,tce,,,0,1.6,0.0647025535555119,0.062099528,0.06730558
Pancreas,Male,tce,,,0,1.65,0.0639113150577437,0.061326697,0.066495933
Pancreas,Male,tce,,,0,1.7,0.0631187357215373,0.060552374,0.065685101
Pancreas,Male,tce,,,0,1.75,0.0623267544743807,0.059778467,0.064875044
Pancreas,Male,tce,,,0,1.8,0.0615370191601996,0.059006602,0.064067438
Pancreas,Male,tce,,,0,1.85,0.0607509326426368,0.05823816,0.063263707
Pancreas,Male,tce,,,0,1.9,0.0599696926710631,0.057474323,0.062465061
Pancreas,Male,tce,,,0,1.95,0.0591943079322753,0.056716092,0.061672524
Pancreas,Male,tce,,,0,2.0,0.0584256377926637,0.05596431,0.060886964
Pancreas,Male,tce,,,0,2.05,0.0576559575338887,0.055211507,0.06010041
Pancreas,Male,tce,,,0,2.0999999,0.0568946210622257,0.054466769,0.059322476
Pancreas,Male,tce,,,0,2.1500001,0.056142116183583,0.053730581,0.058553651
Pancreas,Male,tce,,,0,2.2,0.0553988534664702,0.05300336,0.057794347
Pancreas,Male,tce,,,0,2.25,0.0546651563677412,0.052285425,0.057044886
Pancreas,Male,tce,,,0,2.3,0.0539412857063212,0.051577043,0.056305531
Pancreas,Male,tce,,,0,2.3499999,0.0532274447789701,0.050878413,0.055576477
Pancreas,Male,tce,,,0,2.4000001,0.0525237835982309,0.050189693,0.054857876
Pancreas,Male,tce,,,0,2.45,0.0518304188412582,0.049511004,0.054149836
Pancreas,Male,tce,,,0,2.5,0.0511474194397084,0.048842415,0.053452425
Pancreas,Male,tce,,,0,2.55,0.050474825036918,0.048183974,0.052765679
Pancreas,Male,tce,,,0,2.5999999,0.0498126469593619,0.047535695,0.052089602
Pancreas,Male,tce,,,0,2.6500001,0.0491608689347127,0.046897564,0.051424172
Pancreas,Male,tce,,,0,2.7,0.048519462798236,0.046269566,0.050769359
Pancreas,Male,tce,,,0,2.75,0.0478883727560025,0.045651641,0.050125103
Pancreas,Male,tce,,,0,2.8,0.0472675304162066,0.045043733,0.049491327
Pancreas,Male,tce,,,0,2.8499999,0.0466568538928352,0.044445761,0.048867948
Pancreas,Male,tce,,,0,2.9000001,0.0460562469280903,0.043857634,0.048254859
Pancreas,Male,tce,,,0,2.95,0.0454656120229983,0.043279264,0.047651961
Pancreas,Male,tce,,,0,3.0,0.0448848347683706,0.042710539,0.047059134
Pancreas,Male,tce,,,0,3.05,0.0443074509319371,0.042145215,0.046469688
Pancreas,Male,tce,,,0,3.0999999,0.0437398970329882,0.041589513,0.045890283
Pancreas,Male,tce,,,0,3.1500001,0.0431820342722112,0.0410433,0.045320768
Pancreas,Male,tce,,,0,3.2,0.0426337281833641,0.040506449,0.04476101
Pancreas,Male,tce,,,0,3.25,0.0420948334600215,0.039978813,0.044210851
Pancreas,Male,tce,,,0,3.3,0.0415652053311641,0.03946026,0.043670151
Pancreas,Male,tce,,,0,3.3499999,0.0410446974828392,0.038950644,0.043138754
Pancreas,Male,tce,,,0,3.4000001,0.0405331601698689,0.03844982,0.042616501
Pancreas,Male,tce,,,0,3.45,0.0400304503932242,0.03795765,0.042103253
Pancreas,Male,tce,,,0,3.5,0.0395364176709614,0.037473984,0.041598849
Pancreas,Male,tce,,,0,3.55,0.0390509141902631,0.036998685,0.041103143
Pancreas,Male,tce,,,0,3.5999999,0.0385737926545582,0.036531609,0.04061598
Pancreas,Male,tce,,,0,3.6500001,0.0381049043342275,0.036072604,0.040137205
Pancreas,Male,tce,,,0,3.7,0.0376441082018419,0.035621542,0.039666675
Pancreas,Male,tce,,,0,3.75,0.0371912577178678,0.035178274,0.03920424
Pancreas,Male,tce,,,0,3.8,0.0367462099839637,0.034742665,0.038749754
Pancreas,Male,tce,,,0,3.8499999,0.0363088236343138,0.034314573,0.038303073
Pancreas,Male,tce,,,0,3.9000001,0.0358789569282383,0.033893865,0.037864052
Pancreas,Male,tce,,,0,3.95,0.035456476018405,0.033480402,0.037432548
Pancreas,Male,tce,,,0,4.0,0.0350412427411623,0.033074059,0.037008427
Pancreas,Male,tce,,,0,4.0500002,0.0346281667899728,0.032669943,0.036586393
Pancreas,Male,tce,,,0,4.0999999,0.0342222303112864,0.032272834,0.036171626
Pancreas,Male,tce,,,0,4.1500001,0.0338232906067154,0.031882599,0.035763983
Pancreas,Male,tce,,,0,4.1999998,0.0334312225542778,0.03149911,0.035363335
Pancreas,Male,tce,,,0,4.25,0.0330458881875103,0.031122236,0.034969542
Pancreas,Male,tce,,,0,4.3000002,0.0326671630467535,0.030751854,0.034582473
Pancreas,Male,tce,,,0,4.3499999,0.0322949246847934,0.030387845,0.034202006
Pancreas,Male,tce,,,0,4.4000001,0.0319290423009813,0.030030079,0.033828005
Pancreas,Male,tce,,,0,4.4499998,0.0315694014346335,0.029678445,0.033460356
Pancreas,Male,tce,,,0,4.5,0.0312158760353396,0.029332822,0.033098932
Pancreas,Male,tce,,,0,4.5500002,0.0308683526069797,0.028993094,0.03274361
Pancreas,Male,tce,,,0,4.5999999,0.0305267196432006,0.028659157,0.032394283
Pancreas,Male,tce,,,0,4.6500001,0.0301908580902306,0.02833089,0.032050826
Pancreas,Male,tce,,,0,4.6999998,0.0298606639929215,0.028008195,0.031713132
Pancreas,Male,tce,,,0,4.75,0.0295360228402854,0.027690958,0.031381089
Pancreas,Male,tce,,,0,4.8000002,0.0292168317165145,0.027379077,0.031054586
Pancreas,Male,tce,,,0,4.8499999,0.0289029895910948,0.027072454,0.030733526
Pancreas,Male,tce,,,0,4.9000001,0.0285943885432291,0.026770983,0.030417794
Pancreas,Male,tce,,,0,4.9499998,0.0282909345569839,0.026474573,0.030107297
Pancreas,Male,tce,,,0,5.0,0.0279925239401921,0.026183119,0.029801928
Pancreas,Male,tce,,,1,0.0,0.0,0.0,0.0
Pancreas,Male,tce,,,1,0.050000001,0.0053867072116803,0.004659784,0.0061136303
Pancreas,Male,tce,,,1,0.1,0.0168781462912092,0.015508918,0.018247375
Pancreas,Male,tce,,,1,0.15000001,0.0270790303063931,0.025238546,0.028919516
Pancreas,Male,tce,,,1,0.2,0.0354366225491966,0.033252541,0.037620705
Pancreas,Male,tce,,,1,0.25,0.0421761304891305,0.039739855,0.044612408
Pancreas,Male,tce,,,1,0.30000001,0.0476087819301574,0.044985615,0.050231948
Pancreas,Male,tce,,,1,0.34999999,0.0520482498350214,0.04928273,0.054813769
Pancreas,Male,tce,,,1,0.40000001,0.055734972247907,0.052857529,0.058612417
Pancreas,Male,tce,,,1,0.44999999,0.0588296956191297,0.055862136,0.061797254
Pancreas,Male,tce,,,1,0.5,0.061442532578329,0.058401216,0.064483851
Pancreas,Male,tce,,,1,0.55000001,0.0636510895351712,0.060548797,0.06675338
Pancreas,Male,tce,,,1,0.60000002,0.0655099866544223,0.062357225,0.068662748
Pancreas,Male,tce,,,1,0.64999998,0.0670517234073279,0.063858077,0.07024537
Pancreas,Male,tce,,,1,0.69999999,0.0683039661331403,0.065078303,0.071529627
Pancreas,Male,tce,,,1,0.75,0.0692948783220776,0.066045225,0.07254453
Pancreas,Male,tce,,,1,0.80000001,0.0700520751530188,0.066785559,0.073318586
Pancreas,Male,tce,,,1,0.85000002,0.0706019291795705,0.067324795,0.073879063
Pancreas,Male,tce,,,1,0.89999998,0.070969150040468,0.067686796,0.07425151
Pancreas,Male,tce,,,1,0.94999999,0.0711765596621289,0.067893587,0.07445953
Pancreas,Male,tce,,,1,1.0,0.0712450266334194,0.067965336,0.074524716
Pancreas,Male,tce,,,1,1.05,0.0711876424354562,0.067914732,0.074460551
Pancreas,Male,tce,,,1,1.1,0.0710286129495645,0.067765094,0.074292131
Pancreas,Male,tce,,,1,1.15,0.070783060729362,0.067531049,0.074035071
Pancreas,Male,tce,,,1,1.2,0.0704638704913077,0.067225061,0.073702678
Pancreas,Male,tce,,,1,1.25,0.0700820592270088,0.066857815,0.0733063
Pancreas,Male,tce,,,1,1.3,0.0696470707925287,0.066438474,0.072855666
Pancreas,Male,tce,,,1,1.35,0.0691670239613423,0.065974928,0.072359122
Pancreas,Male,tce,,,1,1.4,0.0686489199428046,0.065473981,0.071823858
Pancreas,Male,tce,,,1,1.45,0.0680988029724937,0.064941518,0.071256086
Pancreas,Male,tce,,,1,1.5,0.0675219107562703,0.06438265,0.070661172
Pancreas,Male,tce,,,1,1.55,0.0669227830930257,0.063801795,0.070043772
Pancreas,Male,tce,,,1,1.6,0.0663053642962088,0.063202813,0.06940791
Pancreas,Male,tce,,,1,1.65,0.065673091035526,0.062589064,0.068757117
Pancreas,Male,tce,,,1,1.7,0.0650289522828446,0.061963473,0.068094432
Pancreas,Male,tce,,,1,1.75,0.0643755610159639,0.061328594,0.067422524
Pancreas,Male,tce,,,1,1.8,0.0637151943399883,0.060686667,0.066743724
Pancreas,Male,tce,,,1,1.85,0.0630498413914365,0.060039643,0.066060044
Pancreas,Male,tce,,,1,1.9,0.062381245316448,0.059389234,0.065373257
Pancreas,Male,tce,,,1,1.95,0.0617109240470364,0.058736932,0.06468492
Pancreas,Male,tce,,,1,2.0,0.0610402105071272,0.058084052,0.063996367
Pancreas,Male,tce,,,1,2.05,0.0603647005410672,0.057426427,0.063302971
Pancreas,Male,tce,,,1,2.0999999,0.0596911202881696,0.056770515,0.062611729
Pancreas,Male,tce,,,1,2.1500001,0.0590203507566255,0.056117181,0.061923519
Pancreas,Male,tce,,,1,2.2,0.0583531684064034,0.0554672,0.061239138
Pancreas,Male,tce,,,1,2.25,0.0576902394997995,0.05482123,0.06055925
Pancreas,Male,tce,,,1,2.3,0.0570321447419047,0.054179851,0.05988444
Pancreas,Male,tce,,,1,2.3499999,0.056379386423331,0.053543556,0.059215214
Pancreas,Male,tce,,,1,2.4000001,0.055732394420229,0.052912783,0.058552008
Pancreas,Male,tce,,,1,2.45,0.0550915464721649,0.052287903,0.057895191
Pancreas,Male,tce,,,1,2.5,0.0544571566748285,0.051669233,0.057245079
Pancreas,Male,tce,,,1,2.55,0.053829494022441,0.051057044,0.056601945
Pancreas,Male,tce,,,1,2.5999999,0.053208784754924,0.050451562,0.055966008
Pancreas,Male,tce,,,1,2.6500001,0.0525952142622894,0.049852978,0.055337451
Pancreas,Male,tce,,,1,2.7,0.0519889430124595,0.049261451,0.054716434
Pancreas,Male,tce,,,1,2.75,0.051390092769696,0.048677113,0.054103073
Pancreas,Male,tce,,,1,2.8,0.0507987616806978,0.048100058,0.053497467
Pancreas,Male,tce,,,1,2.8499999,0.0502150243058165,0.047530368,0.052899681
Pancreas,Male,tce,,,1,2.9000001,0.0496389315351048,0.046968099,0.052309763
Pancreas,Male,tce,,,1,2.95,0.0490705238942821,0.046413295,0.051727753
Pancreas,Male,tce,,,1,3.0,0.0485098171604048,0.045865972,0.051153664
Pancreas,Male,tce,,,1,3.05,0.0479522401656137,0.045321796,0.050582685
Pancreas,Male,tce,,,1,3.0999999,0.0474024854203887,0.044785231,0.050019737
Pancreas,Male,tce,,,1,3.1500001,0.0468605269226366,0.044256259,0.049464796
Pancreas,Male,tce,,,1,3.2,0.0463263363155014,0.043734845,0.048917826
Pancreas,Male,tce,,,1,3.25,0.0457998685800368,0.04322096,0.04837878
Pancreas,Male,tce,,,1,3.3,0.0452810734814354,0.042714547,0.047847599
Pancreas,Male,tce,,,1,3.3499999,0.044769893926394,0.042215563,0.047324225
Pancreas,Male,tce,,,1,3.4000001,0.044266264439812,0.041723941,0.046808586
Pancreas,Male,tce,,,1,3.45,0.0437701215057266,0.041239627,0.046300616
Pancreas,Male,tce,,,1,3.5,0.0432813898502706,0.04076254,0.045800239
Pancreas,Male,tce,,,1,3.55,0.0427999927033083,0.040292617,0.045307368
Pancreas,Male,tce,,,1,3.5999999,0.0423258499351978,0.039829779,0.044821922
Pancreas,Male,tce,,,1,3.6500001,0.0418588763460374,0.039373942,0.044343811
Pancreas,Male,tce,,,1,3.7,0.0413989909858282,0.038925029,0.043872952
Pancreas,Male,tce,,,1,3.75,0.0409461041965008,0.03848296,0.043409251
Pancreas,Male,tce,,,1,3.8,0.0405001269126245,0.038047642,0.042952612
Pancreas,Male,tce,,,1,3.8499999,0.0400609687406813,0.037618991,0.042502947
Pancreas,Male,tce,,,1,3.9000001,0.0396285362025081,0.037196919,0.042060155
Pancreas,Male,tce,,,1,3.95,0.039202741210525,0.036781337,0.041624144
Pancreas,Male,tce,,,1,4.0,0.0387834889287447,0.036372159,0.041194819
Pancreas,Male,tce,,,1,4.0500002,0.0383669423596432,0.035965763,0.040768124
Pancreas,Male,tce,,,1,4.0999999,0.0379568550976315,0.035565685,0.040348023
Pancreas,Male,tce,,,1,4.1500001,0.0375531235895233,0.035171829,0.039934419
Pancreas,Male,tce,,,1,4.1999998,0.0371556600214775,0.034784108,0.039527211
Pancreas,Male,tce,,,1,4.25,0.0367643616437847,0.034402426,0.039126296
Pancreas,Male,tce,,,1,4.3000002,0.0363791375707452,0.03402669,0.038731586
Pancreas,Male,tce,,,1,4.3499999,0.035999897251651,0.033656813,0.038342979
Pancreas,Male,tce,,,1,4.4000001,0.0356265399725449,0.033292703,0.037960377
Pancreas,Male,tce,,,1,4.4499998,0.0352589801137977,0.032934267,0.03758369
Pancreas,Male,tce,,,1,4.5,0.0348971187318945,0.032581419,0.037212819
Pancreas,Male,tce,,,1,4.5500002,0.0345408682971703,0.032234065,0.03684767
Pancreas,Male,tce,,,1,4.5999999,0.0341901419908792,0.031892128,0.036488157
Pancreas,Male,tce,,,1,4.6500001,0.0338448439582871,0.031555507,0.03613418
Pancreas,Male,tce,,,1,4.6999998,0.0335048926332717,0.031224132,0.035785653
Pancreas,Male,tce,,,1,4.75,0.0331701944246703,0.030897904,0.035442486
Pancreas,Male,tce,,,1,4.8000002,0.0328406665673182,0.030576745,0.035104588
Pancreas,Male,tce,,,1,4.8499999,0.0325162271982304,0.030260576,0.034771878
Pancreas,Male,tce,,,1,4.9000001,0.0321967863160648,0.029949309,0.034444265
Pancreas,Male,tce,,,1,4.9499998,0.0318822673369118,0.029642869,0.034121666
Pancreas,Male,tce,,,1,5.0,0.0315725827317942,0.029341169,0.033803996
Pancreas,Male,tce,,,2,0.0,0.0,0.0,0.0
Pancreas,Male,tce,,,2,0.050000001,0.0360361097260005,0.033864871,0.038207352
Pancreas,Male,tce,,,2,0.1,0.0586632533772869,0.055171296,0.062155209
Pancreas,Male,tce,,,2,0.15000001,0.0721194752857069,0.067932241,0.076306716
Pancreas,Male,tce,,,2,0.2,0.0803507529705761,0.075813673,0.084887832
Pancreas,Male,tce,,,2,0.25,0.0854108079421938,0.080717742,0.090103872
Pancreas,Male,tce,,,2,0.30000001,0.0884481536731759,0.08370924,0.093187064
Pancreas,Male,tce,,,2,0.34999999,0.0901963227774646,0.085471779,0.094920866
Pancreas,Male,tce,,,2,0.40000001,0.0910927464728487,0.086415313,0.09577018
Pancreas,Male,tce,,,2,0.44999999,0.0913881528077234,0.086776145,0.096000165
Pancreas,Male,tce,,,2,0.5,0.0912358547756317,0.086699739,0.095771968
Pancreas,Male,tce,,,2,0.55000001,0.0907351379596504,0.086280979,0.095189296
Pancreas,Male,tce,,,2,0.60000002,0.0899525543513783,0.085583955,0.094321154
Pancreas,Male,tce,,,2,0.64999998,0.0889320126600544,0.084651344,0.093212686
Pancreas,Male,tce,,,2,0.69999999,0.0877131534309532,0.083521716,0.091904588
Pancreas,Male,tce,,,2,0.75,0.0863343316067877,0.082232393,0.090436272
Pancreas,Male,tce,,,2,0.80000001,0.0848308472958479,0.080817737,0.088843964
Pancreas,Male,tce,,,2,0.85000002,0.0832341560563313,0.07930842,0.087159894
Pancreas,Male,tce,,,2,0.89999998,0.0815716490989316,0.0777312,0.0854121
Pancreas,Male,tce,,,2,0.94999999,0.0798667447925404,0.076109007,0.083624482
Pancreas,Male,tce,,,2,1.0,0.0781391609705611,0.074461207,0.081817113
Pancreas,Male,tce,,,2,1.05,0.076375753994982,0.072775863,0.079975642
Pancreas,Male,tce,,,2,1.1,0.074619196552423,0.071094118,0.078144275
Pancreas,Male,tce,,,2,1.15,0.0728787418016605,0.069425255,0.076332234
Pancreas,Male,tce,,,2,1.2,0.0711613715336371,0.067776337,0.074546404
Pancreas,Male,tce,,,2,1.25,0.0694723231999629,0.066152714,0.072791934
Pancreas,Male,tce,,,2,1.3,0.067815442669217,0.06455835,0.071072534
Pancreas,Male,tce,,,2,1.35,0.0661934933002878,0.062996164,0.069390826
Pancreas,Male,tce,,,2,1.4,0.0646083987458081,0.06146821,0.067748591
Pancreas,Male,tce,,,2,1.45,0.0630613978110148,0.059975866,0.066146925
Pancreas,Male,tce,,,2,1.5,0.0615532178823051,0.058520008,0.064586431
Pancreas,Male,tce,,,2,1.55,0.0600841621756775,0.057101063,0.063067257
Pancreas,Male,tce,,,2,1.6,0.0586542111377885,0.055719148,0.061589275
Pancreas,Male,tce,,,2,1.65,0.0572631038208293,0.054374121,0.060152087
Pancreas,Male,tce,,,2,1.7,0.0559103713392452,0.053065628,0.058755115
Pancreas,Male,tce,,,2,1.75,0.0545954090344438,0.051793177,0.057397641
Pancreas,Male,tce,,,2,1.8,0.0533174901798649,0.050556138,0.056078844
Pancreas,Male,tce,,,2,1.85,0.0520758052886753,0.049353801,0.05479781
Pancreas,Male,tce,,,2,1.9,0.0508694940092337,0.048185397,0.053553592
Pancreas,Male,tce,,,2,1.95,0.0496976433482711,0.047050092,0.052345194
Pancreas,Male,tce,,,2,2.0,0.0485593256626136,0.045947041,0.051171608
Pancreas,Male,tce,,,2,2.05,0.0474342858086862,0.044857111,0.05001146
Pancreas,Male,tce,,,2,2.0999999,0.0463417937945132,0.043798562,0.048885025
Pancreas,Male,tce,,,2,2.1500001,0.0452808536437996,0.042770457,0.04779125
Pancreas,Male,tce,,,2,2.2,0.0442504952025721,0.041771892,0.046729099
Pancreas,Male,tce,,,2,2.25,0.0432497483222379,0.04080195,0.045697544
Pancreas,Male,tce,,,2,2.3,0.0422776667041193,0.039859742,0.04469559
Pancreas,Male,tce,,,2,2.3499999,0.0413333253662878,0.03894439,0.043722261
Pancreas,Male,tce,,,2,2.4000001,0.0404158182322005,0.038055032,0.042776607
Pancreas,Male,tce,,,2,2.45,0.0395242768378369,0.037190843,0.041857708
Pancreas,Male,tce,,,2,2.5,0.038657844967557,0.03635101,0.040964678
Pancreas,Male,tce,,,2,2.55,0.0378156967896617,0.035534747,0.040096648
Pancreas,Male,tce,,,2,2.5999999,0.0369970326364857,0.034741282,0.03925278
Pancreas,Male,tce,,,2,2.6500001,0.0362010752457437,0.033969879,0.03843227
Pancreas,Male,tce,,,2,2.7,0.0354270846313547,0.033219825,0.037634343
Pancreas,Male,tce,,,2,2.75,0.0346743349684802,0.032490421,0.036858249
Pancreas,Male,tce,,,2,2.8,0.0339421294181274,0.031781003,0.036103256
Pancreas,Male,tce,,,2,2.8499999,0.033229795730642,0.031090921,0.03536867
Pancreas,Male,tce,,,2,2.9000001,0.0325366823733182,0.030419547,0.03465382
Pancreas,Male,tce,,,2,2.95,0.0318621709992858,0.029766286,0.033958055
Pancreas,Male,tce,,,2,3.0,0.0312056559305068,0.029130554,0.033280756
Pancreas,Male,tce,,,2,3.05,0.030553529295421,0.028499629,0.032607429
Pancreas,Male,tce,,,2,3.0999999,0.0299188087786471,0.027885662,0.031951956
Pancreas,Male,tce,,,2,3.1500001,0.0293009299309828,0.027288105,0.031313755
Pancreas,Male,tce,,,2,3.2,0.0286993578734115,0.026706446,0.03069227
Pancreas,Male,tce,,,2,3.25,0.0281135688561909,0.026140172,0.030086966
Pancreas,Male,tce,,,2,3.3,0.0275430613678764,0.025588799,0.029497324
Pancreas,Male,tce,,,2,3.3499999,0.0269873524128217,0.025051858,0.028922847
Pancreas,Male,tce,,,2,3.4000001,0.0264459742455555,0.024528896,0.028363051
Pancreas,Male,tce,,,2,3.45,0.0259184839309512,0.024019485,0.027817484
Pancreas,Male,tce,,,2,3.5,0.0254044471830018,0.023523198,0.027285695
Pancreas,Male,tce,,,2,3.55,0.0249034481033001,0.023039637,0.026767259
Pancreas,Male,tce,,,2,3.5999999,0.0244150859351633,0.022568408,0.026261764
Pancreas,Male,tce,,,2,3.6500001,0.0239389722141902,0.022109134,0.025768811
Pancreas,Male,tce,,,2,3.7,0.0234747392056677,0.021661459,0.025288021
Pancreas,Male,tce,,,2,3.75,0.0230220257230259,0.021225028,0.024819024
Pancreas,Male,tce,,,2,3.8,0.0225804857248664,0.020799506,0.024361465
Pancreas,Male,tce,,,2,3.8499999,0.0221497854970772,0.020384571,0.023915
Pancreas,Male,tce,,,2,3.9000001,0.0217296011762776,0.019979902,0.023479301
Pancreas,Male,tce,,,2,3.95,0.0213196262368205,0.019585202,0.02305405
Pancreas,Male,tce,,,2,4.0,0.0209195590144362,0.019200178,0.022638939
Pancreas,Male,tce,,,2,4.0500002,0.0205195797346131,0.018815784,0.022223374
Pancreas,Male,tce,,,2,4.0999999,0.0201293065892291,0.018440863,0.021817751
Pancreas,Male,tce,,,2,4.1500001,0.0197484491621564,0.018075129,0.02142177
Pancreas,Male,tce,,,2,4.1999998,0.0193767415459768,0.017718324,0.021035159
Pancreas,Male,tce,,,2,4.25,0.0190139128808134,0.017370185,0.020657642
Pancreas,Male,tce,,,2,4.3000002,0.0186597120128228,0.017030464,0.020288961
Pancreas,Male,tce,,,2,4.3499999,0.018313896130614,0.016698925,0.019928867
Pancreas,Male,tce,,,2,4.4000001,0.0179762208988548,0.016375329,0.019577114
Pancreas,Male,tce,,,2,4.4499998,0.0176464630226932,0.016059458,0.019233469
Pancreas,Male,tce,,,2,4.5,0.0173243941615477,0.015751088,0.018897699
Pancreas,Male,tce,,,2,4.5500002,0.0170098028326759,0.015450014,0.018569592
Pancreas,Male,tce,,,2,4.5999999,0.0167024843689421,0.015156034,0.018248934
Pancreas,Male,tce,,,2,4.6500001,0.016402232173036,0.014868949,0.017935516
Pancreas,Male,tce,,,2,4.6999998,0.0161088578029213,0.01458857,0.017629145
Pancreas,Male,tce,,,2,4.75,0.0158221678048702,0.014314711,0.017329624
Pancreas,Male,tce,,,2,4.8000002,0.0155419832229161,0.014047196,0.01703677
Pancreas,Male,tce,,,2,4.8499999,0.0152681306962436,0.013785856,0.016750405
Pancreas,Male,tce,,,2,4.9000001,0.0150004346834718,0.013530518,0.01647035
Pancreas,Male,tce,,,2,4.9499998,0.0147387353874445,0.013281027,0.016196445
Pancreas,Male,tce,,,2,5.0,0.0144828681228251,0.01303722,0.015928516
Pancreas,Male,tde,,,0,0.0,0.0,0.0,0.0
Pancreas,Male,tde,,,0,0.050000001,0.0083524233035454,0.0082759168,0.0084289294
Pancreas,Male,tde,,,0,0.1,0.0194032986399897,0.01929618,0.019510418
Pancreas,Male,tde,,,0,0.15000001,0.0284160410970961,0.028304925,0.028527157
Pancreas,Male,tde,,,0,0.2,0.0354933339114249,0.035390787,0.035595879
Pancreas,Male,tde,,,0,0.25,0.0410408090808489,0.040951975,0.041129641
Pancreas,Male,tde,,,0,0.30000001,0.0454113074477831,0.045337278,0.045485336
Pancreas,Male,tde,,,0,0.34999999,0.0489093580189871,0.048848756,0.048969962
Pancreas,Male,tde,,,0,0.40000001,0.0517543019321731,0.051703885,0.051804718
Pancreas,Male,tde,,,0,0.44999999,0.0540887929449266,0.054043695,0.054133888
Pancreas,Male,tde,,,0,0.5,0.0560092053998235,0.05596384,0.056054574
Pancreas,Male,tde,,,0,0.55000001,0.0575831085665189,0.057532895,0.057633322
Pancreas,Male,tde,,,0,0.60000002,0.058858381614359,0.0588006,0.058916163
Pancreas,Male,tde,,,0,0.64999998,0.0598655466504907,0.059799001,0.059932094
Pancreas,Male,tde,,,0,0.69999999,0.0606312071516774,0.060555592,0.06070682
Pancreas,Male,tde,,,0,0.75,0.0611817840254979,0.061097283,0.061266284
Pancreas,Male,tde,,,0,0.80000001,0.0615426456260064,0.061449692,0.061635599
Pancreas,Male,tde,,,0,0.85000002,0.0617375791363247,0.061636731,0.061838426
Pancreas,Male,tde,,,0,0.89999998,0.0617885091952771,0.061680391,0.061896626
Pancreas,Male,tde,,,0,0.94999999,0.0617153825133398,0.061600633,0.061830133
Pancreas,Male,tde,,,0,1.0,0.06153618018997,0.061415434,0.061656926
Pancreas,Male,tde,,,0,1.05,0.0612576805434104,0.061131574,0.061383788
Pancreas,Male,tde,,,0,1.1,0.0609044755941507,0.060773578,0.061035376
Pancreas,Male,tde,,,0,1.15,0.0604889382247211,0.060353771,0.060624108
Pancreas,Male,tde,,,0,1.2,0.0600215176838194,0.059882559,0.060160477
Pancreas,Male,tde,,,0,1.25,0.059511073106817,0.059368767,0.059653379
Pancreas,Male,tde,,,0,1.3,0.0589651306285731,0.058819879,0.059110381
Pancreas,Male,tde,,,0,1.35,0.0583901023637751,0.058242273,0.05853793
Pancreas,Male,tde,,,0,1.4,0.0577914681313321,0.057641394,0.057941541
Pancreas,Male,tde,,,0,1.45,0.0571739117981012,0.057021901,0.057325922
Pancreas,Male,tde,,,0,1.5,0.0565414535929974,0.056387778,0.05669513
Pancreas,Male,tde,,,0,1.55,0.0558975404873908,0.055742454,0.056052629
Pancreas,Male,tde,,,0,1.6,0.0552451344504167,0.055088863,0.055401407
Pancreas,Male,tde,,,0,1.65,0.0545867876107382,0.054429539,0.054744035
Pancreas,Male,tde,,,0,1.7,0.0539246905304058,0.053766653,0.054082729
Pancreas,Male,tde,,,0,1.75,0.0532607347097674,0.053102076,0.053419396
Pancreas,Male,tde,,,0,1.8,0.0525965438882895,0.052437417,0.052755672
Pancreas,Male,tde,,,0,1.85,0.0519335147391657,0.051774058,0.052092969
Pancreas,Male,tde,,,0,1.9,0.0512728522621835,0.051113192,0.051432513
Pancreas,Male,tde,,,0,1.95,0.0506155849249486,0.050455835,0.050775338
Pancreas,Male,tde,,,0,2.0,0.0499625996984904,0.049802858,0.050122339
Pancreas,Male,tde,,,0,2.05,0.0493073187772237,0.049147703,0.049466934
Pancreas,Male,tde,,,0,2.0999999,0.048657988420921,0.048498578,0.048817396
Pancreas,Male,tde,,,0,2.1500001,0.0480151431287802,0.047856014,0.048174273
Pancreas,Male,tde,,,0,2.2,0.0473792415243995,0.047220454,0.047538027
Pancreas,Male,tde,,,0,2.25,0.0467506587482988,0.046592273,0.046909045
Pancreas,Male,tde,,,0,2.3,0.0461297081207138,0.045971774,0.046287641
Pancreas,Male,tde,,,0,2.3499999,0.0455166462104661,0.045359209,0.045674082
Pancreas,Male,tde,,,0,2.4000001,0.0449116770728415,0.044754777,0.045068577
Pancreas,Male,tde,,,0,2.45,0.0443149699505595,0.044158641,0.044471297
Pancreas,Male,tde,,,0,2.5,0.0437266473859068,0.043570917,0.043882377
Pancreas,Male,tde,,,0,2.55,0.0431468015463794,0.042991698,0.043301903
Pancreas,Male,tde,,,0,2.5999999,0.0425754954829315,0.042421039,0.042729951
Pancreas,Male,tde,,,0,2.6500001,0.042012764121502,0.041858975,0.042166553
Pancreas,Male,tde,,,0,2.7,0.0414586281674025,0.04130552,0.041611735
Pancreas,Male,tde,,,0,2.75,0.0409130808319511,0.040760666,0.041065495
Pancreas,Male,tde,,,0,2.8,0.0403761010965042,0.040224388,0.040527813
Pancreas,Male,tde,,,0,2.8499999,0.0398476532038467,0.039696652,0.039998654
Pancreas,Male,tde,,,0,2.9000001,0.0393276861359768,0.039177399,0.039477974
Pancreas,Male,tde,,,0,2.95,0.0388161452016695,0.038666576,0.038965713
Pancreas,Male,tde,,,0,3.0,0.03831295867213,0.038164109,0.038461808
Pancreas,Male,tde,,,0,3.05,0.0378125873785888,0.037664477,0.037960697
Pancreas,Male,tde,,,0,3.0999999,0.0373205992872272,0.037173223,0.037467975
Pancreas,Male,tde,,,0,3.1500001,0.036836895242711,0.036690254,0.036983538
Pancreas,Male,tde,,,0,3.2,0.0363613781062891,0.036215466,0.036507294
Pancreas,Male,tde,,,0,3.25,0.0358939397319907,0.035748746,0.036039133
Pancreas,Male,tde,,,0,3.3,0.0354344709516588,0.035289992,0.035578948
Pancreas,Male,tde,,,0,3.3499999,0.0349828598856643,0.03483909,0.03512663
Pancreas,Male,tde,,,0,3.4000001,0.0345389904076849,0.034395918,0.034682062
Pancreas,Male,tde,,,0,3.45,0.0341027510713254,0.033960368,0.034245133
Pancreas,Male,tde,,,0,3.5,0.0336740228511975,0.033532321,0.033815727
Pancreas,Male,tde,,,0,3.55,0.0332526880330867,0.033111654,0.033393722
Pancreas,Male,tde,,,0,3.5999999,0.0328386284209359,0.032698255,0.032979004
Pancreas,Male,tde,,,0,3.6500001,0.0324317237145192,0.032291997,0.03257145
Pancreas,Male,tde,,,0,3.7,0.0320318595010211,0.031892769,0.032170948
Pancreas,Male,tde,,,0,3.75,0.0316389158466918,0.031500451,0.031777382
Pancreas,Male,tde,,,0,3.8,0.0312527752949691,0.031114923,0.031390626
Pancreas,Male,tde,,,0,3.8499999,0.0308733210871726,0.03073607,0.031010572
Pancreas,Male,tde,,,0,3.9000001,0.0305004355549865,0.030363774,0.030637097
Pancreas,Male,tde,,,0,3.95,0.0301340073359016,0.029997922,0.030270092
Pancreas,Male,tde,,,0,4.0,0.0297739208222111,0.029638402,0.029909439
Pancreas,Male,tde,,,0,4.0500002,0.0294158521286889,0.029280905,0.0295508
Pancreas,Male,tde,,,0,4.0999999,0.029064040808229,0.028929653,0.029198429
Pancreas,Male,tde,,,0,4.1500001,0.0287183658808629,0.028584523,0.028852208
Pancreas,Male,tde,,,0,4.1999998,0.0283787212362424,0.028245414,0.028512029
Pancreas,Male,tde,,,0,4.25,0.0280449893021647,0.027912203,0.028177775
Pancreas,Male,tde,,,0,4.3000002,0.027717063899898,0.027584789,0.027849339
Pancreas,Male,tde,,,0,4.3499999,0.0273948403070331,0.027263064,0.027526617
Pancreas,Male,tde,,,0,4.4000001,0.0270782063101068,0.026946915,0.027209498
Pancreas,Male,tde,,,0,4.4499998,0.0267670635985189,0.026636248,0.026897879
Pancreas,Male,tde,,,0,4.5,0.0264613036132514,0.026330952,0.026591657
Pancreas,Male,tde,,,0,4.5500002,0.026160828454823,0.026030928,0.026290728
Pancreas,Male,tde,,,0,4.5999999,0.0258655417558147,0.025736082,0.025995001
Pancreas,Male,tde,,,0,4.6500001,0.0255753404568436,0.025446313,0.025704369
Pancreas,Male,tde,,,0,4.6999998,0.0252901343922028,0.025161525,0.025418743
Pancreas,Male,tde,,,0,4.75,0.0250098241361664,0.024881626,0.025138024
Pancreas,Male,tde,,,0,4.8000002,0.0247343201505084,0.02460652,0.02486212
Pancreas,Male,tde,,,0,4.8499999,0.024463534404583,0.024336124,0.024590945
Pancreas,Male,tde,,,0,4.9000001,0.0241973728185706,0.024070341,0.024324404
Pancreas,Male,tde,,,0,4.9499998,0.0239357532129642,0.023809092,0.024062414
Pancreas,Male,tde,,,0,5.0,0.0236785849793232,0.023552286,0.023804884
Pancreas,Male,tde,,,1,0.0,0.0,0.0,0.0
Pancreas,Male,tde,,,1,0.050000001,0.0025616655855428,0.0024900935,0.0026332377
Pancreas,Male,tde,,,1,0.1,0.0115031232366392,0.011398616,0.01160763
Pancreas,Male,tde,,,1,0.15000001,0.019851953925899,0.019738479,0.019965429
Pancreas,Male,tde,,,1,0.2,0.0268866825612819,0.026777213,0.026996151
Pancreas,Male,tde,,,1,0.25,0.0326832191843707,0.032584239,0.032782201
Pancreas,Male,tde,,,1,0.30000001,0.0374436448987999,0.0373579,0.03752939
Pancreas,Male,tde,,,1,0.34999999,0.0413953200470393,0.041323315,0.041467328
Pancreas,Male,tde,,,1,0.40000001,0.0447202662946058,0.044661071,0.044779461
Pancreas,Male,tde,,,1,0.44999999,0.0475434446685358,0.047494881,0.04759201
Pancreas,Male,tde,,,1,0.5,0.0499522481472849,0.04991065,0.049993847
Pancreas,Male,tde,,,1,0.55000001,0.0520093706119143,0.051969659,0.052049085
Pancreas,Male,tde,,,1,0.60000002,0.0537597932771332,0.053716805,0.053802781
Pancreas,Male,tde,,,1,0.64999998,0.0552315803955508,0.055181708,0.055281453
Pancreas,Male,tde,,,1,0.69999999,0.0564488171573429,0.056390192,0.056507442
Pancreas,Male,tde,,,1,0.75,0.0574356742128581,0.057367574,0.057503775
Pancreas,Male,tde,,,1,0.80000001,0.0582157051886224,0.058138035,0.058293372
Pancreas,Male,tde,,,1,0.85000002,0.0588113593457715,0.058724374,0.058898345
Pancreas,Male,tde,,,1,0.89999998,0.0592436791220727,0.05914782,0.059339538
Pancreas,Male,tde,,,1,0.94999999,0.0595321366818314,0.059427947,0.059636325
Pancreas,Male,tde,,,1,1.0,0.0596945893775186,0.059582666,0.059806511
Pancreas,Male,tde,,,1,1.05,0.0597424329014183,0.059623394,0.05986147
Pancreas,Male,tde,,,1,1.1,0.0596964710086324,0.059570912,0.05982203
Pancreas,Male,tde,,,1,1.15,0.0595699170117276,0.0594384,0.059701435
Pancreas,Male,tde,,,1,1.2,0.0593741084878712,0.059237171,0.059511047
Pancreas,Male,tde,,,1,1.25,0.0591188050490475,0.058976948,0.059260663
Pancreas,Male,tde,,,1,1.3,0.0588124293475378,0.058666125,0.058958735
Pancreas,Male,tde,,,1,1.35,0.0584622699475723,0.058311954,0.058612589
Pancreas,Male,tde,,,1,1.4,0.0580746524184734,0.057920728,0.058228575
Pancreas,Male,tde,,,1,1.45,0.0576550735883217,0.057497919,0.057812229
Pancreas,Male,tde,,,1,1.5,0.0572083265038669,0.057048287,0.057368368
Pancreas,Male,tde,,,1,1.55,0.0567385926020962,0.056575987,0.056901198
Pancreas,Male,tde,,,1,1.6,0.0562495280487972,0.056084651,0.056414403
Pancreas,Male,tde,,,1,1.65,0.0557443383210566,0.055577461,0.055911217
Pancreas,Male,tde,,,1,1.7,0.0552258301838569,0.055057202,0.05539446
Pancreas,Male,tde,,,1,1.75,0.0546964726799126,0.054526322,0.054866623
Pancreas,Male,tde,,,1,1.8,0.0541584325317755,0.053986967,0.054329898
Pancreas,Male,tde,,,1,1.85,0.0536136154979381,0.053441029,0.053786203
Pancreas,Male,tde,,,1,1.9,0.0530637028491175,0.05289017,0.053237237
Pancreas,Male,tde,,,1,1.95,0.0525101702834784,0.052335851,0.05268449
Pancreas,Male,tde,,,1,2.0,0.0519543226613491,0.051779367,0.05212928
Pancreas,Male,tde,,,1,2.05,0.051392567702685,0.05121712,0.051568013
Pancreas,Male,tde,,,1,2.0999999,0.0508307778430911,0.050654966,0.051006589
Pancreas,Male,tde,,,1,2.1500001,0.0502698393093051,0.05009377,0.050445907
Pancreas,Male,tde,,,1,2.2,0.049710539187494,0.049534313,0.049886763
Pancreas,Male,tde,,,1,2.25,0.049153561614062,0.048977274,0.049329851
Pancreas,Male,tde,,,1,2.3,0.0485995092219402,0.048423242,0.048775777
Pancreas,Male,tde,,,1,2.3499999,0.048048909898622,0.047872737,0.048225086
Pancreas,Male,tde,,,1,2.4000001,0.0475022224950583,0.047326211,0.047678236
Pancreas,Male,tde,,,1,2.45,0.0469598545582883,0.046784062,0.047135647
Pancreas,Male,tde,,,1,2.5,0.0464221531568289,0.046246637,0.046597667
Pancreas,Male,tde,,,1,2.55,0.0458894210519761,0.045714229,0.046064612
Pancreas,Male,tde,,,1,2.5999999,0.0453619191520845,0.045187097,0.045536742
Pancreas,Male,tde,,,1,2.6500001,0.0448398685359239,0.044665452,0.045014285
Pancreas,Male,tde,,,1,2.7,0.0443234643819134,0.044149488,0.044497442
Pancreas,Male,tde,,,1,2.75,0.0438128645878689,0.043639358,0.043986373
Pancreas,Male,tde,,,1,2.8,0.0433082029242143,0.043135192,0.043481216
Pancreas,Male,tde,,,1,2.8499999,0.0428095893577596,0.042637095,0.042982083
Pancreas,Male,tde,,,1,2.9000001,0.0423171102417974,0.042145152,0.042489067
Pancreas,Male,tde,,,1,2.95,0.0418308399359988,0.041659437,0.042002246
Pancreas,Male,tde,,,1,3.0,0.0413508287346536,0.041179989,0.041521668
Pancreas,Male,tde,,,1,3.05,0.0408732332329464,0.040702987,0.041043479
Pancreas,Male,tde,,,1,3.0999999,0.0404020675770362,0.040232424,0.040571712
Pancreas,Male,tde,,,1,3.1500001,0.039937338826823,0.039768301,0.040106375
Pancreas,Male,tde,,,1,3.2,0.0394790498752733,0.039310623,0.039647475
Pancreas,Male,tde,,,1,3.25,0.0390271873308282,0.038859375,0.039194997
Pancreas,Male,tde,,,1,3.3,0.0385817314715775,0.038414534,0.038748927
Pancreas,Male,tde,,,1,3.3499999,0.0381426549671382,0.037976075,0.038309235
Pancreas,Male,tde,,,1,3.4000001,0.0377099216884208,0.037543952,0.037875891
Pancreas,Male,tde,,,1,3.45,0.0372834957039446,0.037118137,0.037448853
Pancreas,Male,tde,,,1,3.5,0.0368633295960815,0.036698576,0.037028082
Pancreas,Male,tde,,,1,3.55,0.0364493733727205,0.036285222,0.036613524
Pancreas,Male,tde,,,1,3.5999999,0.0360415729550155,0.035878018,0.036205128
Pancreas,Male,tde,,,1,3.6500001,0.0356398687872003,0.035476901,0.035802837
Pancreas,Male,tde,,,1,3.7,0.0352442039302668,0.035081819,0.03540659
Pancreas,Male,tde,,,1,3.75,0.0348545129855906,0.034692701,0.035016328
Pancreas,Male,tde,,,1,3.8,0.0344707301610179,0.03430948,0.034631979
Pancreas,Male,tde,,,1,3.8499999,0.0340927876798152,0.033932094,0.034253482
Pancreas,Male,tde,,,1,3.9000001,0.033720614325555,0.033560466,0.033880759
Pancreas,Male,tde,,,1,3.95,0.0333541427892244,0.033194534,0.033513751
Pancreas,Male,tde,,,1,4.0,0.032993299270913,0.032834217,0.033152383
Pancreas,Male,tde,,,1,4.0500002,0.0326348621748523,0.032476313,0.03279341
Pancreas,Male,tde,,,1,4.0999999,0.0322819956039098,0.032123968,0.032440022
Pancreas,Male,tde,,,1,4.1500001,0.0319346164317547,0.031777103,0.032092132
Pancreas,Male,tde,,,1,4.1999998,0.0315926545559406,0.031435642,0.031749669
Pancreas,Male,tde,,,1,4.25,0.0312560265394702,0.031099504,0.031412549
Pancreas,Male,tde,,,1,4.3000002,0.0309246587015023,0.030768616,0.0310807
Pancreas,Male,tde,,,1,4.3499999,0.030598477227202,0.030442903,0.03075405
Pancreas,Male,tde,,,1,4.4000001,0.0302773991682355,0.030122284,0.030432515
Pancreas,Male,tde,,,1,4.4499998,0.0299613541920998,0.029806687,0.030116022
Pancreas,Male,tde,,,1,4.5,0.0296502601680944,0.029496029,0.029804491
Pancreas,Male,tde,,,1,4.5500002,0.0293440444622707,0.02919024,0.029497849
Pancreas,Male,tde,,,1,4.5999999,0.0290426347538976,0.028889246,0.029196024
Pancreas,Male,tde,,,1,4.6500001,0.0287459506817604,0.028592968,0.028898934
Pancreas,Male,tde,,,1,4.6999998,0.0284539239065058,0.028301336,0.028606512
Pancreas,Male,tde,,,1,4.75,0.0281664755194291,0.028014272,0.028318677
Pancreas,Male,tde,,,1,4.8000002,0.0278835356901785,0.027731709,0.028035363
Pancreas,Male,tde,,,1,4.8499999,0.0276050351545564,0.027453573,0.027756497
Pancreas,Male,tde,,,1,4.9000001,0.027330897471588,0.027179793,0.027482003
Pancreas,Male,tde,,,1,4.9499998,0.0270610575389776,0.026910299,0.027211815
Pancreas,Male,tde,,,1,5.0,0.0267954406984279,0.02664502,0.026945861
Pancreas,Male,tde,,,2,0.0,0.0,0.0,0.0
Pancreas,Male,tde,,,2,0.050000001,0.0302043392205361,0.030000923,0.030407757
Pancreas,Male,tde,,,2,0.1,0.0492152812941424,0.048958823,0.04947174
Pancreas,Male,tde,,,2,0.15000001,0.0607333511770848,0.06049639,0.060970314
Pancreas,Male,tde,,,2,0.2,0.0679712635346062,0.067780659,0.068161868
Pancreas,Male,tde,,,2,0.25,0.0725788841618983,0.072440363,0.072717406
Pancreas,Male,tde,,,2,0.30000001,0.0754779585760219,0.075385235,0.07557068
Pancreas,Male,tde,,,2,0.34999999,0.077264218290488,0.077197932,0.0773305
Pancreas,Male,tde,,,2,0.40000001,0.0782978326399743,0.078225672,0.07836999
Pancreas,Male,tde,,,2,0.44999999,0.0787882204030051,0.078690328,0.078886114
Pancreas,Male,tde,,,2,0.5,0.0788656478622333,0.078737997,0.078993298
Pancreas,Male,tde,,,2,0.55000001,0.0786160819801215,0.078459918,0.078772247
Pancreas,Male,tde,,,2,0.60000002,0.0780983376038905,0.077916317,0.078280352
Pancreas,Male,tde,,,2,0.64999998,0.0773522117634715,0.077147417,0.077557012
Pancreas,Male,tde,,,2,0.69999999,0.0764138109038829,0.076189362,0.076638266
Pancreas,Male,tde,,,2,0.75,0.0753180474694217,0.07507693,0.075559162
Pancreas,Male,tde,,,2,0.80000001,0.0740971378425498,0.073842131,0.074352145
Pancreas,Male,tde,,,2,0.85000002,0.0727799179686008,0.072513536,0.073046297
Pancreas,Male,tde,,,2,0.89999998,0.0713916415469914,0.071116149,0.071667135
Pancreas,Male,tde,,,2,0.94999999,0.0699540460284653,0.06967143,0.070236661
Pancreas,Male,tde,,,2,1.0,0.068485579482239,0.068197593,0.068773568
Pancreas,Male,tde,,,2,1.05,0.0669755961735689,0.066683874,0.067267314
Pancreas,Male,tde,,,2,1.1,0.0654629834640306,0.065168805,0.065757163
Pancreas,Male,tde,,,2,1.15,0.0639569428020553,0.063661397,0.064252496
Pancreas,Male,tde,,,2,1.2,0.0624645712534356,0.062168557,0.062760584
Pancreas,Male,tde,,,2,1.25,0.0609913299285889,0.060695615,0.061287045
Pancreas,Male,tde,,,2,1.3,0.0595413618777629,0.059246581,0.059836145
Pancreas,Male,tde,,,2,1.35,0.0581177718588802,0.057824451,0.058411092
Pancreas,Male,tde,,,2,1.4,0.0567228481798555,0.056431424,0.057014272
Pancreas,Male,tde,,,2,1.45,0.0553582069293448,0.055069033,0.055647381
Pancreas,Male,tde,,,2,1.5,0.0540249520425466,0.053738315,0.054311588
Pancreas,Male,tde,,,2,1.55,0.0527237589224652,0.052439891,0.053007629
Pancreas,Male,tde,,,2,1.6,0.051454969928226,0.051174045,0.051735893
Pancreas,Male,tde,,,2,1.65,0.0502186717227441,0.049940832,0.050496511
Pancreas,Male,tde,,,2,1.7,0.0490147295739869,0.048740074,0.049289387
Pancreas,Male,tde,,,2,1.75,0.0478428555771438,0.047571454,0.048114259
Pancreas,Male,tde,,,2,1.8,0.0467026244789089,0.046434522,0.046970729
Pancreas,Male,tde,,,2,1.85,0.045593511875874,0.045328729,0.045858294
Pancreas,Male,tde,,,2,1.9,0.0445149255190368,0.044253469,0.044776384
Pancreas,Male,tde,,,2,1.95,0.0434662062135155,0.043208059,0.043724351
Pancreas,Male,tde,,,2,2.0,0.0424466639895902,0.042191807,0.04270152
Pancreas,Male,tde,,,2,2.05,0.0414384549075577,0.041186966,0.041689947
Pancreas,Male,tde,,,2,2.0999999,0.0404587830542416,0.040210612,0.040706955
Pancreas,Male,tde,,,2,2.1500001,0.0395068556551016,0.039261948,0.039751764
Pancreas,Male,tde,,,2,2.2,0.0385818918523453,0.038340189,0.038823593
Pancreas,Male,tde,,,2,2.25,0.0376831007642858,0.037444539,0.037921663
Pancreas,Male,tde,,,2,2.3,0.0368097039651425,0.036574215,0.037045196
Pancreas,Male,tde,,,2,2.3499999,0.0359609341796892,0.035728447,0.036193423
Pancreas,Male,tde,,,2,2.4000001,0.0351360339701373,0.034906477,0.035365593
Pancreas,Male,tde,,,2,2.45,0.0343342733176211,0.03410757,0.034560975
Pancreas,Male,tde,,,2,2.5,0.0335549274956343,0.033331007,0.033778846
Pancreas,Male,tde,,,2,2.55,0.0327972939780898,0.032576084,0.033018503
Pancreas,Male,tde,,,2,2.5999999,0.0320606891842408,0.031842116,0.03227926
Pancreas,Male,tde,,,2,2.6500001,0.0313444455765138,0.031128436,0.031560455
Pancreas,Male,tde,,,2,2.7,0.0306479254711352,0.030434409,0.030861441
Pancreas,Male,tde,,,2,2.75,0.0299705006209407,0.029759407,0.030181594
Pancreas,Male,tde,,,2,2.8,0.0293115658975985,0.029102826,0.029520305
Pancreas,Male,tde,,,2,2.8499999,0.028670535641912,0.028464083,0.028876988
Pancreas,Male,tde,,,2,2.9000001,0.0280468404536348,0.027842609,0.028251071
Pancreas,Male,tde,,,2,2.95,0.0274399386570313,0.027237866,0.027642012
Pancreas,Male,tde,,,2,3.0,0.026849298058834,0.026649322,0.027049273
Pancreas,Male,tde,,,2,3.05,0.0262629803810138,0.026065135,0.026460826
Pancreas,Male,tde,,,2,3.0999999,0.0256924170615325,0.025496643,0.025888192
Pancreas,Male,tde,,,2,3.1500001,0.0251371081328545,0.024943346,0.025330869
Pancreas,Male,tde,,,2,3.2,0.0245965789780475,0.024404775,0.024788383
Pancreas,Male,tde,,,2,3.25,0.0240703638873213,0.023880463,0.024260264
Pancreas,Male,tde,,,2,3.3,0.0235580161595125,0.023369968,0.023746064
Pancreas,Male,tde,,,2,3.3499999,0.0230591048612345,0.02287286,0.02324535
Pancreas,Male,tde,,,2,3.4000001,0.022573211989813,0.022388723,0.022757702
Pancreas,Male,tde,,,2,3.45,0.022099941136914,0.021917161,0.022282721
Pancreas,Male,tde,,,2,3.5,0.0216389030591825,0.021457788,0.021820018
Pancreas,Male,tde,,,2,3.55,0.0211897244872979,0.021010233,0.021369217
Pancreas,Male,tde,,,2,3.5999999,0.0207520452734658,0.020574138,0.020929953
Pancreas,Male,tde,,,2,3.6500001,0.0203255158930807,0.020149153,0.02050188
Pancreas,Male,tde,,,2,3.7,0.019909805051037,0.019734949,0.020084661
Pancreas,Male,tde,,,2,3.75,0.0195045870206587,0.019331204,0.019677971
Pancreas,Male,tde,,,2,3.8,0.0191095493853507,0.018937605,0.019281495
Pancreas,Male,tde,,,2,3.8499999,0.0187243905488982,0.018553851,0.018894929
Pancreas,Male,tde,,,2,3.9000001,0.018348817552842,0.018179653,0.018517982
Pancreas,Male,tde,,,2,3.95,0.0179825527950611,0.017814735,0.018150372
Pancreas,Male,tde,,,2,4.0,0.0176253229025803,0.017458821,0.017791824
Pancreas,Male,tde,,,2,4.0500002,0.0172686444073181,0.017103517,0.017433772
Pancreas,Male,tde,,,2,4.0999999,0.0169208151641503,0.016757036,0.017084595
Pancreas,Male,tde,,,2,4.1500001,0.0165815713491954,0.016419115,0.016744029
Pancreas,Male,tde,,,2,4.1999998,0.0162506709732303,0.01608951,0.016411832
Pancreas,Male,tde,,,2,4.25,0.0159278676519553,0.015767979,0.016087756
Pancreas,Male,tde,,,2,4.3000002,0.0156129325730887,0.015454293,0.015771572
Pancreas,Male,tde,,,2,4.3499999,0.015305644381868,0.015148234,0.015463055
Pancreas,Male,tde,,,2,4.4000001,0.0150057804303753,0.014849576,0.015161985
Pancreas,Male,tde,,,2,4.4499998,0.0147131368302887,0.01455812,0.014868154
Pancreas,Male,tde,,,2,4.5,0.0144275052930889,0.014273656,0.014581355
Pancreas,Male,tde,,,2,4.5500002,0.0141486925776629,0.013995992,0.014301393
Pancreas,Male,tde,,,2,4.5999999,0.0138765115743694,0.013724943,0.01402808
Pancreas,Male,tde,,,2,4.6500001,0.0136107735703649,0.013460319,0.013761227
Pancreas,Male,tde,,,2,4.6999998,0.0133513060363422,0.013201951,0.013500661
Pancreas,Male,tde,,,2,4.75,0.0130979321238541,0.01294966,0.013246204
Pancreas,Male,tde,,,2,4.8000002,0.0128504879253378,0.012703285,0.012997692
Pancreas,Male,tde,,,2,4.8499999,0.0126088145933631,0.012462665,0.012754965
Pancreas,Male,tde,,,2,4.9000001,0.0123727514864298,0.012227642,0.012517861
Pancreas,Male,tde,,,2,4.9499998,0.0121421519827248,0.011998069,0.012286235
Pancreas,Male,tde,,,2,5.0,0.0119168652845889,0.011773797,0.012059934
Pancreas,Male,tie,,,0,0.0,0.0,0.0,0.0
Pancreas,Male,tie,,,0,0.050000001,0.0034549097312929,0.0026745282,0.0042352914
Pancreas,Male,tie,,,0,0.1,0.0062282495309117,0.004834705,0.007621794
Pancreas,Male,tie,,,0,0.15000001,0.0080983393433034,0.0062878439,0.0099088354
Pancreas,Male,tie,,,0,0.2,0.0093521776193255,0.0072559323,0.011448423
Pancreas,Male,tie,,,0,0.25,0.0101923882265123,0.0078980215,0.012486755
Pancreas,Male,tie,,,0,0.30000001,0.0107527578909908,0.0083196806,0.013185835
Pancreas,Male,tie,,,0,0.34999999,0.0111303853573366,0.008597469,0.013663301
Pancreas,Male,tie,,,0,0.40000001,0.01138763487669,0.0087805158,0.013994753
Pancreas,Male,tie,,,0,0.44999999,0.011561449041774,0.0088979481,0.01422495
Pancreas,Male,tie,,,0,0.5,0.0116746160182566,0.0089677423,0.01438149
Pancreas,Male,tie,,,0,0.55000001,0.0117417144330689,0.0090014124,0.014482017
Pancreas,Male,tie,,,0,0.60000002,0.0117719848342872,0.0090062758,0.014537694
Pancreas,Male,tie,,,0,0.64999998,0.0117697946635349,0.0089859022,0.014553688
Pancreas,Male,tie,,,0,0.69999999,0.011738715213811,0.0089432308,0.014534199
Pancreas,Male,tie,,,0,0.75,0.0116826240360645,0.0088814078,0.014483841
Pancreas,Male,tie,,,0,0.80000001,0.0116053778415182,0.0088035269,0.014407229
Pancreas,Male,tie,,,0,0.85000002,0.0115106268198004,0.0087125003,0.014308752
Pancreas,Male,tie,,,0,0.89999998,0.0114017177230508,0.0086109806,0.014192455
Pancreas,Male,tie,,,0,0.94999999,0.0112816507136579,0.0085013323,0.014061969
Pancreas,Male,tie,,,0,1.0,0.0111530722136806,0.0083856331,0.013920511
Pancreas,Male,tie,,,0,1.05,0.0110167994914722,0.008264483,0.013769115
Pancreas,Male,tie,,,0,1.1,0.0108763149481074,0.0081406021,0.013612028
Pancreas,Male,tie,,,0,1.15,0.0107331386976521,0.0080151465,0.013451131
Pancreas,Male,tie,,,0,1.2,0.0105884696266323,0.0078890231,0.013287916
Pancreas,Male,tie,,,0,1.25,0.0104432548576092,0.0077629448,0.013123565
Pancreas,Male,tie,,,0,1.3,0.0102982394108507,0.0076374654,0.012959014
Pancreas,Male,tie,,,0,1.35,0.0101540080598761,0.0075130174,0.012794998
Pancreas,Male,tie,,,0,1.4,0.01001101851724,0.0073899338,0.012632104
Pancreas,Male,tie,,,0,1.45,0.0098696244804858,0.0072684693,0.01247078
Pancreas,Male,tie,,,0,1.5,0.0097300985770272,0.0071488163,0.01231138
Pancreas,Male,tie,,,0,1.55,0.009592646128878,0.0070311162,0.012154176
Pancreas,Male,tie,,,0,1.6,0.0094574191050953,0.0069154697,0.011999369
Pancreas,Male,tie,,,0,1.65,0.0093245274470055,0.0068019466,0.011847109
Pancreas,Male,tie,,,0,1.7,0.0091940451911314,0.0066905888,0.011697502
Pancreas,Male,tie,,,0,1.75,0.0090660197646134,0.0065814196,0.01155062
Pancreas,Male,tie,,,0,1.8,0.0089404752719101,0.0064744451,0.011406505
Pancreas,Male,tie,,,0,1.85,0.0088174179034711,0.0063696573,0.011265178
Pancreas,Male,tie,,,0,1.9,0.0086968404088795,0.0062670396,0.011126641
Pancreas,Male,tie,,,0,1.95,0.0085787230073268,0.0061665657,0.01099088
Pancreas,Male,tie,,,0,2.0,0.0084630380941733,0.0060682041,0.010857873
Pancreas,Male,tie,,,0,2.05,0.0083486387566651,0.0059710494,0.010726228
Pancreas,Male,tie,,,0,2.0999999,0.0082366326413048,0.0058759605,0.010597304
Pancreas,Male,tie,,,0,2.1500001,0.0081269730548028,0.0057828934,0.010471052
Pancreas,Male,tie,,,0,2.2,0.0080196119420706,0.0056918026,0.010347421
Pancreas,Male,tie,,,0,2.25,0.0079144976194425,0.005602641,0.010226354
Pancreas,Male,tie,,,0,2.3,0.0078115775856074,0.0055153607,0.010107795
Pancreas,Male,tie,,,0,2.3499999,0.0077107985685039,0.0054299138,0.0099916831
Pancreas,Male,tie,,,0,2.4000001,0.0076121065253893,0.0053462517,0.0098779611
Pancreas,Male,tie,,,0,2.45,0.0075154488906987,0.0052643288,0.0097665684
Pancreas,Male,tie,,,0,2.5,0.0074207720538016,0.0051840977,0.0096574463
Pancreas,Male,tie,,,0,2.55,0.0073280234905386,0.0051055122,0.0095505342
Pancreas,Male,tie,,,0,2.5999999,0.0072371514764304,0.0050285277,0.0094457753
Pancreas,Male,tie,,,0,2.6500001,0.0071481048132107,0.0049530989,0.009343111
Pancreas,Male,tie,,,0,2.7,0.0070608346308335,0.004879185,0.0092424843
Pancreas,Male,tie,,,0,2.75,0.0069752919240514,0.0048067421,0.0091438415
Pancreas,Male,tie,,,0,2.8,0.0068914293197024,0.0047357306,0.0090471283
Pancreas,Male,tie,,,0,2.8499999,0.0068092006889885,0.0046661105,0.0089522908
Pancreas,Male,tie,,,0,2.9000001,0.0067285607921135,0.0045978436,0.0088592777
Pancreas,Male,tie,,,0,2.95,0.0066494668213288,0.0045308927,0.0087680407
Pancreas,Male,tie,,,0,3.0,0.0065718760962405,0.004465221,0.0086785313
Pancreas,Male,tie,,,0,3.05,0.0064948635533482,0.0044001197,0.0085896077
Pancreas,Male,tie,,,0,3.0999999,0.006419297745761,0.0043362491,0.0085023465
Pancreas,Male,tie,,,0,3.1500001,0.0063451390295001,0.0042735762,0.008416702
Pancreas,Male,tie,,,0,3.2,0.0062723500770749,0.0042120693,0.0083326306
Pancreas,Male,tie,,,0,3.25,0.0062008937280308,0.0041516968,0.0082500903
Pancreas,Male,tie,,,0,3.3,0.0061307343795053,0.0040924288,0.0081690401
Pancreas,Male,tie,,,0,3.3499999,0.0060618375971749,0.0040342351,0.0080894399
Pancreas,Male,tie,,,0,3.4000001,0.0059941697621839,0.0039770883,0.0080112508
Pancreas,Male,tie,,,0,3.45,0.0059276993218988,0.0039209616,0.0079344371
Pancreas,Male,tie,,,0,3.5,0.005862394819764,0.0038658283,0.0078589618
Pancreas,Male,tie,,,0,3.55,0.0057982261571765,0.0038116626,0.0077847899
Pancreas,Male,tie,,,0,3.5999999,0.0057351642336222,0.0037584405,0.0077118883
Pancreas,Male,tie,,,0,3.6500001,0.0056731806197083,0.0037061376,0.0076402235
Pancreas,Male,tie,,,0,3.7,0.0056122487008208,0.0036547314,0.0075697657
Pancreas,Male,tie,,,0,3.75,0.005552341871176,0.0036042002,0.0075004837
Pancreas,Male,tie,,,0,3.8,0.0054934346889947,0.0035545218,0.0074323476
Pancreas,Male,tie,,,0,3.8499999,0.0054355025471412,0.0035056756,0.0073653297
Pancreas,Male,tie,,,0,3.9000001,0.0053785213732517,0.0034576412,0.0072994013
Pancreas,Male,tie,,,0,3.95,0.0053224686825034,0.0034104001,0.0072345375
Pancreas,Male,tie,,,0,4.0,0.0052673219189512,0.0033639329,0.0071707107
Pancreas,Male,tie,,,0,4.0500002,0.005212314661284,0.0033176665,0.0071069631
Pancreas,Male,tie,,,0,4.0999999,0.0051581895030574,0.0032721537,0.0070442255
Pancreas,Male,tie,,,0,4.1500001,0.0051049247258525,0.0032273761,0.0069824732
Pancreas,Male,tie,,,0,4.1999998,0.0050525013180354,0.0031833178,0.0069216848
Pancreas,Male,tie,,,0,4.25,0.0050008988853456,0.0031399617,0.0068618362
Pancreas,Male,tie,,,0,4.3000002,0.0049500991468556,0.0030972925,0.0068029058
Pancreas,Male,tie,,,0,4.3499999,0.0049000843777602,0.0030552947,0.0067448742
Pancreas,Male,tie,,,0,4.4000001,0.0048508359908745,0.0030139533,0.0066877189
Pancreas,Male,tie,,,0,4.4499998,0.0048023378361147,0.0029732543,0.0066314214
Pancreas,Male,tie,,,0,4.5,0.0047545724220882,0.002933183,0.0065759621
Pancreas,Male,tie,,,0,4.5500002,0.0047075241521566,0.0028937261,0.0065213223
Pancreas,Male,tie,,,0,4.5999999,0.004661177887386,0.0028548713,0.0064674844
Pancreas,Male,tie,,,0,4.6500001,0.004615517633387,0.0028166047,0.0064144307
Pancreas,Male,tie,,,0,4.6999998,0.0045705296007189,0.0027789148,0.0063621444
Pancreas,Male,tie,,,0,4.75,0.004526198704119,0.0027417887,0.0063106087
Pancreas,Male,tie,,,0,4.8000002,0.0044825115660062,0.0027052152,0.0062598079
Pancreas,Male,tie,,,0,4.8499999,0.0044394551865118,0.0026691835,0.0062097269
Pancreas,Male,tie,,,0,4.9000001,0.0043970157246586,0.002633682,0.0061603496
Pancreas,Male,tie,,,0,4.9499998,0.0043551813440197,0.0025987001,0.0061116624
Pancreas,Male,tie,,,0,5.0,0.0043139389608688,0.0025642274,0.0060636504
Pancreas,Male,tie,,,1,0.0,0.0,0.0,0.0
Pancreas,Male,tie,,,1,0.050000001,0.0028250416261375,0.0021017191,0.0035483639
Pancreas,Male,tie,,,1,0.1,0.00537502305457,0.0040004053,0.0067496407
Pancreas,Male,tie,,,1,0.15000001,0.007227076380494,0.0053745657,0.0090795867
Pancreas,Male,tie,,,1,0.2,0.0085499399879147,0.0063505317,0.010749348
Pancreas,Male,tie,,,1,0.25,0.0094929113047597,0.0070406804,0.011945142
Pancreas,Male,tie,,,1,0.30000001,0.0101651370313575,0.0075272736,0.012803
Pancreas,Male,tie,,,1,0.34999999,0.010652929787982,0.0078752348,0.013430624
Pancreas,Male,tie,,,1,0.40000001,0.0110147059533013,0.0081284558,0.013900955
Pancreas,Male,tie,,,1,0.44999999,0.0112862509505938,0.0083138337,0.014258669
Pancreas,Male,tie,,,1,0.5,0.011490284431044,0.0084484471,0.014532122
Pancreas,Male,tie,,,1,0.55000001,0.0116417189232568,0.0085435128,0.014739925
Pancreas,Male,tie,,,1,0.60000002,0.0117501933772891,0.0086062942,0.014894092
Pancreas,Male,tie,,,1,0.64999998,0.0118201430117772,0.0086402101,0.015000076
Pancreas,Male,tie,,,1,0.69999999,0.0118551489757973,0.0086480463,0.015062252
Pancreas,Male,tie,,,1,0.75,0.0118592041092196,0.008632875,0.015085533
Pancreas,Male,tie,,,1,0.80000001,0.0118363699643964,0.008597807,0.015074933
Pancreas,Male,tie,,,1,0.85000002,0.011790569833799,0.0085458336,0.015035305
Pancreas,Male,tie,,,1,0.89999998,0.0117254709183953,0.0084797442,0.014971198
Pancreas,Male,tie,,,1,0.94999999,0.0116444229802974,0.0084020784,0.014886768
Pancreas,Male,tie,,,1,1.0,0.0115504372559007,0.0083151171,0.014785757
Pancreas,Male,tie,,,1,1.05,0.011445209534038,0.0082201594,0.014670259
Pancreas,Male,tie,,,1,1.1,0.0113321419409321,0.0081197238,0.01454456
Pancreas,Male,tie,,,1,1.15,0.0112131437176345,0.0080152303,0.014411057
Pancreas,Male,tie,,,1,1.2,0.0110897620034366,0.0079078246,0.014271699
Pancreas,Male,tie,,,1,1.25,0.0109632541779613,0.0077984389,0.014128069
Pancreas,Male,tie,,,1,1.3,0.010834641444991,0.0076878257,0.013981457
Pancreas,Male,tie,,,1,1.35,0.0107047540137701,0.007576596,0.013832912
Pancreas,Male,tie,,,1,1.4,0.0105742675243312,0.0074652443,0.01368329
Pancreas,Male,tie,,,1,1.45,0.010443729384172,0.0073541705,0.013533289
Pancreas,Male,tie,,,1,1.5,0.0103135842524035,0.0072436966,0.013383472
Pancreas,Male,tie,,,1,1.55,0.0101841904909295,0.0071340809,0.013234301
Pancreas,Male,tie,,,1,1.6,0.0100558362474116,0.0070255296,0.013086143
Pancreas,Male,tie,,,1,1.65,0.0099287527144694,0.0069182068,0.012939299
Pancreas,Male,tie,,,1,1.7,0.0098031220989876,0.0068122395,0.012794005
Pancreas,Male,tie,,,1,1.75,0.0096790883360513,0.0067077274,0.01265045
Pancreas,Male,tie,,,1,1.8,0.0095567618082128,0.0066047446,0.012508779
Pancreas,Male,tie,,,1,1.85,0.0094362258934985,0.0065033459,0.012369106
Pancreas,Male,tie,,,1,1.9,0.0093175424673304,0.0064035701,0.012231515
Pancreas,Male,tie,,,1,1.95,0.009200753763558,0.0063054417,0.012096066
Pancreas,Male,tie,,,1,2.0,0.0090858878457781,0.0062089753,0.0119628
Pancreas,Male,tie,,,1,2.05,0.0089721328383822,0.0061135921,0.011830674
Pancreas,Male,tie,,,1,2.0999999,0.0088603424450784,0.0060198903,0.011700795
Pancreas,Male,tie,,,1,2.1500001,0.0087505114473205,0.0059278593,0.011573164
Pancreas,Male,tie,,,1,2.2,0.0086426292189093,0.0058374861,0.011447772
Pancreas,Male,tie,,,1,2.25,0.0085366778857375,0.0057487511,0.011324605
Pancreas,Male,tie,,,1,2.3,0.0084326355199645,0.0056616329,0.011203638
Pancreas,Male,tie,,,1,2.3499999,0.0083304765247089,0.0055761072,0.011084846
Pancreas,Male,tie,,,1,2.4000001,0.0082301719251708,0.0054921475,0.010968196
Pancreas,Male,tie,,,1,2.45,0.0081316919138766,0.0054097264,0.010853657
Pancreas,Male,tie,,,1,2.5,0.0080350035179996,0.0053288159,0.010741191
Pancreas,Male,tie,,,1,2.55,0.007940072970465,0.0052493848,0.010630761
Pancreas,Male,tie,,,1,2.5999999,0.0078468656028396,0.0051714042,0.010522327
Pancreas,Male,tie,,,1,2.6500001,0.0077553457263655,0.0050948425,0.010415849
Pancreas,Male,tie,,,1,2.7,0.0076654786305461,0.0050196708,0.010311286
Pancreas,Male,tie,,,1,2.75,0.007577228181827,0.0049458579,0.010208598
Pancreas,Male,tie,,,1,2.8,0.0074905587564835,0.0048733735,0.010107744
Pancreas,Male,tie,,,1,2.8499999,0.0074054349480568,0.0048021879,0.010008682
Pancreas,Male,tie,,,1,2.9000001,0.0073218212933074,0.0047322712,0.0099113714
Pancreas,Male,tie,,,1,2.95,0.0072396839582834,0.004663595,0.009815773
Pancreas,Male,tie,,,1,3.0,0.0071589884257513,0.0045961305,0.0097218463
Pancreas,Male,tie,,,1,3.05,0.0070790069326674,0.0045293756,0.0096286377
Pancreas,Male,tie,,,1,3.0999999,0.0070004178433525,0.0044637909,0.0095370449
Pancreas,Male,tie,,,1,3.1500001,0.0069231880958136,0.0043993481,0.0094470279
Pancreas,Male,tie,,,1,3.2,0.0068472864402281,0.0043360209,0.0093585523
Pancreas,Male,tie,,,1,3.25,0.0067726812492087,0.0042737834,0.0092715789
Pancreas,Male,tie,,,1,3.3,0.0066993420098579,0.0042126104,0.0091860741
Pancreas,Male,tie,,,1,3.3499999,0.0066272389592558,0.0041524763,0.0091020018
Pancreas,Male,tie,,,1,3.4000001,0.0065563427513911,0.0040933578,0.0090193273
Pancreas,Male,tie,,,1,3.45,0.0064866258017819,0.0040352317,0.0089380201
Pancreas,Male,tie,,,1,3.5,0.0064180602541892,0.003978075,0.0088580456
Pancreas,Male,tie,,,1,3.55,0.0063506193305877,0.003921865,0.008779374
Pancreas,Male,tie,,,1,3.5999999,0.0062842769801823,0.0038665808,0.0087019736
Pancreas,Male,tie,,,1,3.6500001,0.006219007558837,0.0038122004,0.0086258147
Pancreas,Male,tie,,,1,3.7,0.0061547870555613,0.0037587045,0.0085508693
Pancreas,Male,tie,,,1,3.75,0.0060915912109103,0.0037060734,0.0084771095
Pancreas,Male,tie,,,1,3.8,0.0060293967516065,0.0036542867,0.0084045064
Pancreas,Male,tie,,,1,3.8499999,0.0059681810608662,0.0036033266,0.0083330357
Pancreas,Male,tie,,,1,3.9000001,0.005907921876953,0.0035531744,0.0082626697
Pancreas,Male,tie,,,1,3.95,0.0058485984213006,0.0035038129,0.0081933839
Pancreas,Male,tie,,,1,4.0,0.0057901896578317,0.0034552249,0.0081251543
Pancreas,Male,tie,,,1,4.0500002,0.0057320801847909,0.0034070041,0.0080571566
Pancreas,Male,tie,,,1,4.0999999,0.0056748594937217,0.0033595343,0.0079901842
Pancreas,Male,tie,,,1,4.1500001,0.0056185071577686,0.0033127991,0.0079242149
Pancreas,Male,tie,,,1,4.1999998,0.0055630054655368,0.0032667837,0.0078592272
Pancreas,Male,tie,,,1,4.25,0.0055083351043145,0.0032214718,0.0077951984
Pancreas,Male,tie,,,1,4.3000002,0.0054544788692429,0.0031768493,0.0077321082
Pancreas,Male,tie,,,1,4.3499999,0.0054014200244491,0.0031329028,0.0076699373
Pancreas,Male,tie,,,1,4.4000001,0.0053491408043094,0.003089617,0.0076086647
Pancreas,Male,tie,,,1,4.4499998,0.0052976259216978,0.0030469797,0.0075482721
Pancreas,Male,tie,,,1,4.5,0.0052468585638001,0.0030049763,0.0074887411
Pancreas,Male,tie,,,1,4.5500002,0.0051968238348996,0.0029635949,0.0074300529
Pancreas,Male,tie,,,1,4.5999999,0.0051475072369816,0.0029228234,0.0073721912
Pancreas,Male,tie,,,1,4.6500001,0.0050988932765267,0.002882649,0.0073151374
Pancreas,Male,tie,,,1,4.6999998,0.005050968726766,0.0028430608,0.0072588767
Pancreas,Male,tie,,,1,4.75,0.0050037189052413,0.0028040463,0.0072033918
Pancreas,Male,tie,,,1,4.8000002,0.0049571308771397,0.0027655947,0.0071486672
Pancreas,Male,tie,,,1,4.8499999,0.0049111920436741,0.0027276957,0.0070946882
Pancreas,Male,tie,,,1,4.9000001,0.0048658888444768,0.0026903383,0.0070414394
Pancreas,Male,tie,,,1,4.9499998,0.0048212097979342,0.0026535124,0.0069889072
Pancreas,Male,tie,,,1,5.0,0.0047771420333663,0.0026172076,0.0069370763
Pancreas,Male,tie,,,2,0.0,0.0,0.0,0.0
Pancreas,Male,tie,,,2,0.050000001,0.0058317705054644,0.0036134045,0.0080501363
Pancreas,Male,tie,,,2,0.1,0.0094479720831446,0.0058942214,0.013001723
Pancreas,Male,tie,,,2,0.15000001,0.011386124108622,0.0071411864,0.015631061
Pancreas,Male,tie,,,2,0.2,0.0123794894359699,0.0077968691,0.016962109
Pancreas,Male,tie,,,2,0.25,0.0128319237802955,0.0081082936,0.017555553
Pancreas,Male,tie,,,2,0.30000001,0.012970195097154,0.0082159461,0.017724443
Pancreas,Male,tie,,,2,0.34999999,0.0129321044869765,0.008206604,0.017657604
Pancreas,Male,tie,,,2,0.40000001,0.0127949138328743,0.0081296572,0.017460169
Pancreas,Male,tie,,,2,0.44999999,0.0125999324047182,0.0080119027,0.017187962
Pancreas,Male,tie,,,2,0.5,0.0123702069133984,0.0078685572,0.016871857
Pancreas,Male,tie,,,2,0.55000001,0.0121190559795289,0.0077086096,0.016529502
Pancreas,Male,tie,,,2,0.60000002,0.0118542167474879,0.0075374232,0.01617101
Pancreas,Male,tie,,,2,0.64999998,0.0115798008965829,0.007357928,0.015801674
Pancreas,Male,tie,,,2,0.69999999,0.0112993425270703,0.0071726548,0.01542603
Pancreas,Male,tie,,,2,0.75,0.0110162841373659,0.0069840765,0.015048492
Pancreas,Male,tie,,,2,0.80000001,0.0107337094532982,0.0067944252,0.014672994
Pancreas,Male,tie,,,2,0.85000002,0.0104542380877304,0.0066056224,0.014302854
Pancreas,Male,tie,,,2,0.89999998,0.0101800075519402,0.0064192591,0.013940756
Pancreas,Male,tie,,,2,0.94999999,0.0099126987640751,0.0062366128,0.013588785
Pancreas,Male,tie,,,2,1.0,0.0096535814883221,0.0060586738,0.013248489
Pancreas,Male,tie,,,2,1.05,0.0094001578214132,0.0058841985,0.012916117
Pancreas,Male,tie,,,2,1.1,0.0091562130883923,0.0057155527,0.012596874
Pancreas,Male,tie,,,2,1.15,0.0089217989996052,0.0055528856,0.012290712
Pancreas,Male,tie,,,2,1.2,0.0086968002802015,0.005396218,0.011997383
Pancreas,Male,tie,,,2,1.25,0.0084809932713741,0.0052454839,0.011716503
Pancreas,Male,tie,,,2,1.3,0.0082740807914541,0.0051005566,0.011447605
Pancreas,Male,tie,,,2,1.35,0.0080757214414076,0.004961268,0.011190175
Pancreas,Male,tie,,,2,1.4,0.0078855505659526,0.0048274249,0.010943676
Pancreas,Male,tie,,,2,1.45,0.0077031908816701,0.0046988181,0.010707564
Pancreas,Male,tie,,,2,1.5,0.0075282658397585,0.0045752306,0.010481302
Pancreas,Male,tie,,,2,1.55,0.0073604032532122,0.0044564437,0.010264363
Pancreas,Male,tie,,,2,1.6,0.0071992412095624,0.0043422389,0.010056243
Pancreas,Male,tie,,,2,1.65,0.0070444320980852,0.0042324048,0.0098564597
Pancreas,Male,tie,,,2,1.7,0.0068956417652583,0.0041267332,0.0096645504
Pancreas,Male,tie,,,2,1.75,0.0067525534573,0.0040250253,0.0094800815
Pancreas,Male,tie,,,2,1.8,0.006614865700956,0.0039270897,0.0093026422
Pancreas,Male,tie,,,2,1.85,0.0064822934128014,0.0038327433,0.0091318432
Pancreas,Male,tie,,,2,1.9,0.0063545684901969,0.0037418129,0.0089673242
Pancreas,Male,tie,,,2,1.95,0.0062314371347555,0.0036541324,0.0088087423
Pancreas,Male,tie,,,2,2.0,0.0061126616730233,0.0035695459,0.0086557772
Pancreas,Male,tie,,,2,2.05,0.0059958309011286,0.0034867397,0.0085049225
Pancreas,Male,tie,,,2,2.0999999,0.0058830107402716,0.003406798,0.0083592236
Pancreas,Male,tie,,,2,2.1500001,0.0057739979886981,0.0033295851,0.0082184114
Pancreas,Male,tie,,,2,2.2,0.0056686033502267,0.0032549729,0.0080822343
Pancreas,Male,tie,,,2,2.25,0.0055666475579521,0.0031828403,0.007950455
Pancreas,Male,tie,,,2,2.3,0.0054679627389768,0.0031130721,0.0078228535
Pancreas,Male,tie,,,2,2.3499999,0.0053723911865986,0.0030455608,0.0076992214
Pancreas,Male,tie,,,2,2.4000001,0.0052797842620632,0.0029802038,0.0075793648
Pancreas,Male,tie,,,2,2.45,0.0051900035202158,0.0029169051,0.0074631018
Pancreas,Male,tie,,,2,2.5,0.0051029174719228,0.002855574,0.0073502609
Pancreas,Male,tie,,,2,2.55,0.0050184028115719,0.002796124,0.0072406814
Pancreas,Male,tie,,,2,2.5999999,0.004936343452245,0.0027384737,0.0071342131
Pancreas,Male,tie,,,2,2.6500001,0.00485662966923,0.0026825462,0.0070307129
Pancreas,Male,tie,,,2,2.7,0.0047791591602196,0.0026282694,0.006930049
Pancreas,Male,tie,,,2,2.75,0.0047038343475394,0.0025755742,0.0068320944
Pancreas,Male,tie,,,2,2.8,0.0046305635205288,0.002524395,0.0067367321
Pancreas,Male,tie,,,2,2.8499999,0.00455926008873,0.0024746705,0.0066438494
Pancreas,Male,tie,,,2,2.9000001,0.0044898419196834,0.0024263421,0.0065533416
Pancreas,Male,tie,,,2,2.95,0.0044222323422545,0.0023793543,0.0064651105
Pancreas,Male,tie,,,2,3.0,0.0043563578716728,0.0023336543,0.0063790614
Pancreas,Male,tie,,,2,3.05,0.0042905489144072,0.0022884333,0.0062926644
Pancreas,Male,tie,,,2,3.0999999,0.0042263917171145,0.0022444348,0.0062083486
Pancreas,Male,tie,,,2,3.1500001,0.0041638217981284,0.0022016128,0.0061260308
Pancreas,Male,tie,,,2,3.2,0.004102778895364,0.0021599231,0.0060456349
Pancreas,Male,tie,,,2,3.25,0.0040432049688696,0.0021193235,0.0059670866
Pancreas,Male,tie,,,2,3.3,0.0039850452083638,0.0020797737,0.0058903168
Pancreas,Male,tie,,,2,3.3499999,0.0039282475515872,0.002041236,0.0058152592
Pancreas,Male,tie,,,2,3.4000001,0.0038727622557425,0.0020036739,0.0057418505
Pancreas,Male,tie,,,2,3.45,0.0038185427940373,0.0019670529,0.0056700325
Pancreas,Male,tie,,,2,3.5,0.0037655441238192,0.0019313401,0.0055997483
Pancreas,Male,tie,,,2,3.55,0.0037137236160023,0.0018965037,0.0055309436
Pancreas,Male,tie,,,2,3.5999999,0.0036630406616974,0.0018625139,0.0054635676
Pancreas,Male,tie,,,2,3.6500001,0.0036134563211094,0.0018293419,0.0053975708
Pancreas,Male,tie,,,2,3.7,0.0035649341546307,0.0017969602,0.0053329081
Pancreas,Male,tie,,,2,3.75,0.0035174387023673,0.001765343,0.0052695344
Pancreas,Male,tie,,,2,3.8,0.0034709363395157,0.0017344651,0.0052074078
Pancreas,Male,tie,,,2,3.8499999,0.0034253949481791,0.0017043023,0.0051464876
Pancreas,Male,tie,,,2,3.9000001,0.0033807836234355,0.0016748316,0.0050867358
Pancreas,Male,tie,,,2,3.95,0.0033370734417593,0.0016460314,0.0050281156
Pancreas,Male,tie,,,2,4.0,0.0032942361118558,0.0016178804,0.004970592
Pancreas,Male,tie,,,2,4.0500002,0.0032509353272949,0.0015897946,0.0049120761
Pancreas,Male,tie,,,2,4.0999999,0.0032084914250789,0.00156234,0.0048546428
Pancreas,Male,tie,,,2,4.1500001,0.003166877812961,0.0015354964,0.0047982591
Pancreas,Male,tie,,,2,4.1999998,0.0031260705727464,0.001509246,0.0047428953
Pancreas,Male,tie,,,2,4.25,0.0030860452288582,0.0014835703,0.00468852
Pancreas,Male,tie,,,2,4.3000002,0.0030467794397341,0.0014584527,0.0046351063
Pancreas,Male,tie,,,2,4.3499999,0.003008251748746,0.0014338768,0.0045826267
Pancreas,Male,tie,,,2,4.4000001,0.0029704404684795,0.0014098265,0.0045310543
Pancreas,Male,tie,,,2,4.4499998,0.0029333261924044,0.0013862868,0.0044803657
Pancreas,Male,tie,,,2,4.5,0.0028968888684588,0.0013632427,0.0044305348
Pancreas,Male,tie,,,2,4.5500002,0.0028611102550129,0.0013406808,0.0043815398
Pancreas,Male,tie,,,2,4.5999999,0.0028259727945727,0.0013185872,0.0043333583
Pancreas,Male,tie,,,2,4.6500001,0.002791458602671,0.0012969488,0.0042859684
Pancreas,Male,tie,,,2,4.6999998,0.002757551766579,0.0012757534,0.0042393501
Pancreas,Male,tie,,,2,4.75,0.0027242356810161,0.0012549884,0.0041934829
Pancreas,Male,tie,,,2,4.8000002,0.0026914952975782,0.0012346423,0.0041483482
Pancreas,Male,tie,,,2,4.8499999,0.0026593161028804,0.0012147044,0.0041039279
Pancreas,Male,tie,,,2,4.9000001,0.002627683197042,0.0011951631,0.0040602032
Pancreas,Male,tie,,,2,4.9499998,0.0025965834047197,0.0011760085,0.0040171584
Pancreas,Male,tie,,,2,5.0,0.0025660028382362,0.00115723,0.0039747758
