site,sex,estimate,race,stage,agegroup,tt,PE,lci,uci
Pancreas,Female,AD,,,0,0.0,0.0,0.0,0.0
Pancreas,Female,AD,,,0,0.050000001,15.75618478149259,14.901824,16.610546
Pancreas,Female,AD,,,0,0.1,28.66252967876859,27.092779,30.232281
Pancreas,Female,AD,,,0,0.15000001,37.37602637916061,35.289902,39.462151
Pancreas,Female,AD,,,0,0.2,43.2545164335402,40.791138,45.717896
Pancreas,Female,AD,,,0,0.25,47.26496469656064,44.521008,50.008923
Pancreas,Female,AD,,,0,0.30000001,50.03221493114361,47.076088,52.988338
Pancreas,Female,AD,,,0,0.34999999,51.99140332372406,48.869862,55.112946
Pancreas,Female,AD,,,0,0.40000001,53.41851077617474,50.163578,56.673443
Pancreas,Female,AD,,,0,0.44999999,54.47534716938748,51.11018,57.840515
Pancreas,Female,AD,,,0,0.5,55.26075356381727,51.802937,58.718571
Pancreas,Female,AD,,,0,0.55000001,55.8373666594058,52.300854,59.373878
Pancreas,Female,AD,,,0,0.60000002,56.24576972639193,52.642128,59.849411
Pancreas,Female,AD,,,0,0.64999998,56.50805522642133,52.847813,60.168301
Pancreas,Female,AD,,,0,0.69999999,56.63945290042074,52.932625,60.346279
Pancreas,Female,AD,,,0,0.75,56.65597389084621,52.911869,60.400078
Pancreas,Female,AD,,,0,0.80000001,56.57341204322853,52.80051,60.346313
Pancreas,Female,AD,,,0,0.85000002,56.40666244453911,52.612572,60.200756
Pancreas,Female,AD,,,0,0.89999998,56.1693826147071,52.360844,59.977921
Pancreas,Female,AD,,,0,0.94999999,55.87385641226803,52.056782,59.690929
Pancreas,Female,AD,,,0,1.0,55.53098154251848,51.710506,59.351456
Pancreas,Female,AD,,,0,1.05,55.14217955694653,51.323021,58.961338
Pancreas,Female,AD,,,0,1.1,54.72401258079617,50.90984,58.538185
Pancreas,Female,AD,,,0,1.15,54.28306855046384,50.476936,58.089199
Pancreas,Female,AD,,,0,1.2,53.82465817744799,50.029106,57.620209
Pancreas,Female,AD,,,0,1.25,53.35309127297643,49.570229,57.135956
Pancreas,Female,AD,,,0,1.3,52.87187518633419,49.103443,56.640308
Pancreas,Female,AD,,,0,1.35,52.38387751248399,48.63131,56.136444
Pancreas,Female,AD,,,0,1.4,51.89145416181594,48.15593,55.62698
Pancreas,Female,AD,,,0,1.45,51.39653899437229,47.679008,55.114071
Pancreas,Female,AD,,,0,1.5,50.9007305608373,47.201958,54.599503
Pancreas,Female,AD,,,0,1.55,50.40534546053351,46.725941,54.084751
Pancreas,Female,AD,,,0,1.6,49.91147123116139,46.2519,53.571041
Pancreas,Female,AD,,,0,1.65,49.42000963837847,45.780624,53.059395
Pancreas,Female,AD,,,0,1.7,48.93170066359568,45.312756,52.550644
Pancreas,Female,AD,,,0,1.75,48.44715811000179,44.848824,52.045494
Pancreas,Female,AD,,,0,1.8,47.96688291545087,44.389252,51.544514
Pancreas,Female,AD,,,0,1.85,47.49128435728602,43.934391,51.048176
Pancreas,Female,AD,,,0,1.9,47.02069800389995,43.484524,50.556873
Pancreas,Female,AD,,,0,1.95,46.55538991611405,43.039871,50.070911
Pancreas,Female,AD,,,0,2.0,46.09557570625026,42.600609,49.590542
Pancreas,Female,AD,,,0,2.05,45.63509973234363,42.160789,49.109409
Pancreas,Female,AD,,,0,2.0999999,45.18062682475988,41.726807,48.634445
Pancreas,Female,AD,,,0,2.1500001,44.73224107587146,41.298717,48.165764
Pancreas,Female,AD,,,0,2.2,44.29000482977165,40.876564,47.703445
Pancreas,Female,AD,,,0,2.25,43.85395011479017,40.460369,47.247532
Pancreas,Female,AD,,,0,2.3,43.42409084169617,40.050125,46.798058
Pancreas,Female,AD,,,0,2.3499999,43.00042372801323,39.645824,46.355022
Pancreas,Female,AD,,,0,2.4000001,42.58292894586572,39.247437,45.918423
Pancreas,Female,AD,,,0,2.45,42.17158029788447,38.854931,45.488232
Pancreas,Female,AD,,,0,2.5,41.76633519283553,38.468258,45.064415
Pancreas,Female,AD,,,0,2.55,41.36714428482594,38.087364,44.646927
Pancreas,Female,AD,,,0,2.5999999,40.97395088262249,37.712193,44.23571
Pancreas,Female,AD,,,0,2.6500001,40.58669033422433,37.342678,43.830704
Pancreas,Female,AD,,,0,2.7,40.20529843320861,36.978752,43.431847
Pancreas,Female,AD,,,0,2.75,39.82970124352829,36.620346,43.039059
Pancreas,Female,AD,,,0,2.8,39.45982329379297,36.26738,42.652267
Pancreas,Female,AD,,,0,2.8499999,39.09558639003859,35.919785,42.271389
Pancreas,Female,AD,,,0,2.9000001,38.73690850028817,35.577477,41.896343
Pancreas,Female,AD,,,0,2.95,38.38371107177835,35.240376,41.527046
Pancreas,Female,AD,,,0,3.0,38.03590920393253,34.908405,41.16341
Pancreas,Female,AD,,,0,3.05,37.68837990602526,34.576645,40.800117
Pancreas,Female,AD,,,0,3.0999999,37.34622815861309,34.249992,40.442463
Pancreas,Female,AD,,,0,3.1500001,37.00936258143031,33.928368,40.090359
Pancreas,Female,AD,,,0,3.2,36.67769680531131,33.611687,39.743706
Pancreas,Female,AD,,,0,3.25,36.35114003393755,33.299862,39.40242
Pancreas,Female,AD,,,0,3.3,36.02960366352283,32.992809,39.066399
Pancreas,Female,AD,,,0,3.3499999,35.71299980846351,32.690445,38.735554
Pancreas,Female,AD,,,0,3.4000001,35.40123994859863,32.392689,38.409794
Pancreas,Female,AD,,,0,3.45,35.0942409555646,32.099457,38.089027
Pancreas,Female,AD,,,0,3.5,34.79191626035919,31.810667,37.773167
Pancreas,Female,AD,,,0,3.55,34.49418189409744,31.526245,37.46212
Pancreas,Female,AD,,,0,3.5999999,34.20095504899479,31.246107,37.155804
Pancreas,Female,AD,,,0,3.6500001,33.91215275959297,30.970181,36.854126
Pancreas,Female,AD,,,0,3.7,33.62769742824258,30.698387,36.557007
Pancreas,Female,AD,,,0,3.75,33.34750859274499,30.430653,36.264366
Pancreas,Female,AD,,,0,3.8,33.07150847780042,30.166904,35.976112
Pancreas,Female,AD,,,0,3.8499999,32.7996206233363,29.907068,35.692173
Pancreas,Female,AD,,,0,3.9000001,32.53176862713525,29.651075,35.41246
Pancreas,Female,AD,,,0,3.95,32.26788123986074,29.398857,35.136906
Pancreas,Female,AD,,,0,4.0,32.0078847035702,29.150343,34.865425
Pancreas,Female,AD,,,0,4.0500002,31.74754986131796,28.901476,34.593624
Pancreas,Female,AD,,,0,4.0999999,31.49107702398521,28.65629,34.325863
Pancreas,Female,AD,,,0,4.1500001,31.23838949395378,28.414711,34.062069
Pancreas,Female,AD,,,0,4.1999998,30.98942170501857,28.17668,33.802162
Pancreas,Female,AD,,,0,4.25,30.74409992379753,27.942125,33.546074
Pancreas,Female,AD,,,0,4.3000002,30.50235894060017,27.710985,33.293732
Pancreas,Female,AD,,,0,4.3499999,30.26413477293914,27.4832,33.045071
Pancreas,Female,AD,,,0,4.4000001,30.02935798277667,27.258705,32.800011
Pancreas,Female,AD,,,0,4.4499998,29.79796947615637,27.037443,32.558495
Pancreas,Female,AD,,,0,4.5,29.56990256616837,26.819351,32.320454
Pancreas,Female,AD,,,0,4.5500002,29.34509847811682,26.604376,32.085823
Pancreas,Female,AD,,,0,4.5999999,29.12349956626639,26.392462,31.854538
Pancreas,Female,AD,,,0,4.6500001,28.90504309049993,26.183548,31.626539
Pancreas,Female,AD,,,0,4.6999998,28.68967591140733,25.977587,31.401766
Pancreas,Female,AD,,,0,4.75,28.47733779731595,25.774519,31.180157
Pancreas,Female,AD,,,0,4.8000002,28.26797585191815,25.574297,30.961655
Pancreas,Female,AD,,,0,4.8499999,28.06153820129822,25.376871,30.746204
Pancreas,Female,AD,,,0,4.9000001,27.85796819203108,25.182188,30.533749
Pancreas,Female,AD,,,0,4.9499998,27.65721808100079,24.990202,30.324236
Pancreas,Female,AD,,,0,5.0,27.45923347901908,24.800861,30.117607
Pancreas,Female,AD,,,1,0.0,0.0,0.0,0.0
Pancreas,Female,AD,,,1,0.050000001,8.954048486360904,8.3516836,9.5564137
Pancreas,Female,AD,,,1,0.1,16.68184470338606,15.536733,17.826956
Pancreas,Female,AD,,,1,0.15000001,22.08600445863651,20.519331,23.652678
Pancreas,Female,AD,,,1,0.2,25.82890681343304,23.934366,27.723448
Pancreas,Female,AD,,,1,0.25,28.4458634205541,26.293627,30.598101
Pancreas,Female,AD,,,1,0.30000001,30.30420828037973,27.946978,32.661438
Pancreas,Female,AD,,,1,0.34999999,31.67409247600077,29.149435,34.19875
Pancreas,Female,AD,,,1,0.40000001,32.73163466673478,30.066101,35.397167
Pancreas,Female,AD,,,1,0.44999999,33.57977849881513,30.793085,36.36647
Pancreas,Female,AD,,,1,0.5,34.28032782925837,31.387798,37.172859
Pancreas,Female,AD,,,1,0.55000001,34.87122572633916,31.885275,37.857178
Pancreas,Female,AD,,,1,0.60000002,35.37570076116381,32.306808,38.444592
Pancreas,Female,AD,,,1,0.64999998,35.80224097888529,32.660175,38.944309
Pancreas,Female,AD,,,1,0.69999999,36.15364531934392,32.947948,39.359341
Pancreas,Female,AD,,,1,0.75,36.43462034431906,33.174385,39.694859
Pancreas,Female,AD,,,1,0.80000001,36.65097455768631,33.344677,39.957272
Pancreas,Female,AD,,,1,0.85000002,36.80896377384192,33.464401,40.153526
Pancreas,Female,AD,,,1,0.89999998,36.91488866684068,33.539127,40.290649
Pancreas,Female,AD,,,1,0.94999999,36.97485151522227,33.574245,40.375458
Pancreas,Female,AD,,,1,1.0,36.99461353689242,33.574818,40.41441
Pancreas,Female,AD,,,1,1.05,36.97724747771434,33.543423,40.411072
Pancreas,Female,AD,,,1,1.1,36.93039073529638,33.486813,40.37397
Pancreas,Female,AD,,,1,1.15,36.85851075139198,33.408844,40.308178
Pancreas,Female,AD,,,1,1.2,36.7653148247939,33.312698,40.21793
Pancreas,Female,AD,,,1,1.25,36.65390352422992,33.201031,40.106777
Pancreas,Female,AD,,,1,1.3,36.52688686768801,33.076061,39.977711
Pancreas,Female,AD,,,1,1.35,36.38647649795496,32.939682,39.833271
Pancreas,Female,AD,,,1,1.4,36.2345588937813,32.793488,39.675629
Pancreas,Female,AD,,,1,1.45,36.07275000588777,32.638855,39.506645
Pancreas,Female,AD,,,1,1.5,35.9024436565648,32.476963,39.327927
Pancreas,Female,AD,,,1,1.55,35.72484548947938,32.308834,39.140858
Pancreas,Female,AD,,,1,1.6,35.5410036683586,32.135357,38.946648
Pancreas,Female,AD,,,1,1.65,35.3518344136927,31.957315,38.746353
Pancreas,Female,AD,,,1,1.7,35.15813871181962,31.775383,38.540894
Pancreas,Female,AD,,,1,1.75,34.96062227004603,31.590164,38.331081
Pancreas,Female,AD,,,1,1.8,34.75990589895309,31.402185,38.117626
Pancreas,Female,AD,,,1,1.85,34.55653821564266,31.21192,37.901157
Pancreas,Female,AD,,,1,1.9,34.3510066708559,31.019781,37.682232
Pancreas,Female,AD,,,1,1.95,34.14374219810645,30.826143,37.461342
Pancreas,Female,AD,,,1,2.0,33.93512996764616,30.631332,37.238926
Pancreas,Female,AD,,,1,2.05,33.72320819498253,30.433512,37.012905
Pancreas,Female,AD,,,1,2.0999999,33.51062457249702,30.235117,36.786133
Pancreas,Female,AD,,,1,2.1500001,33.29765100254917,30.036383,36.558918
Pancreas,Female,AD,,,1,2.2,33.08453344391415,29.837526,36.331543
Pancreas,Female,AD,,,1,2.25,32.87148905530302,29.638735,36.104244
Pancreas,Female,AD,,,1,2.3,32.65871307646734,29.440184,35.877243
Pancreas,Female,AD,,,1,2.3499999,32.44638027645789,29.242023,35.650738
Pancreas,Female,AD,,,1,2.4000001,32.23464610451862,29.044394,35.424896
Pancreas,Female,AD,,,1,2.45,32.0236526238939,28.847422,35.199883
Pancreas,Female,AD,,,1,2.5,31.81352412685141,28.651217,34.97583
Pancreas,Female,AD,,,1,2.55,31.60437265689745,28.455881,34.752865
Pancreas,Female,AD,,,1,2.5999999,31.39629830977634,28.261503,34.531094
Pancreas,Female,AD,,,1,2.6500001,31.18938941600925,28.068165,34.310616
Pancreas,Female,AD,,,1,2.7,30.98372752080508,27.875938,34.091515
Pancreas,Female,AD,,,1,2.75,30.77938239147079,27.684891,33.873875
Pancreas,Female,AD,,,1,2.8,30.57641679992469,27.495077,33.657757
Pancreas,Female,AD,,,1,2.8499999,30.37488627736445,27.306551,33.443222
Pancreas,Female,AD,,,1,2.9000001,30.17483883236599,27.119356,33.230324
Pancreas,Female,AD,,,1,2.95,29.9763193608361,26.933535,33.019104
Pancreas,Female,AD,,,1,3.0,29.77936446441004,26.749123,32.809605
Pancreas,Female,AD,,,1,3.05,29.58181603181924,26.56411,32.599522
Pancreas,Female,AD,,,1,3.0999999,29.38593364280928,26.380604,32.391262
Pancreas,Female,AD,,,1,3.1500001,29.1917397526089,26.198626,32.184853
Pancreas,Female,AD,,,1,3.2,28.99925585142728,26.018196,31.980316
Pancreas,Female,AD,,,1,3.25,28.80849724016269,25.839331,31.777664
Pancreas,Female,AD,,,1,3.3,28.61947704401456,25.662045,31.57691
Pancreas,Female,AD,,,1,3.3499999,28.43220555676027,25.486349,31.378061
Pancreas,Female,AD,,,1,3.4000001,28.24668961018381,25.312252,31.181128
Pancreas,Female,AD,,,1,3.45,28.06293633190677,25.139761,30.986113
Pancreas,Female,AD,,,1,3.5,27.88094804559728,24.96888,30.793016
Pancreas,Female,AD,,,1,3.55,27.70072600769424,24.799614,30.601839
Pancreas,Female,AD,,,1,3.5999999,27.5222696922105,24.631962,30.412579
Pancreas,Female,AD,,,1,3.6500001,27.34557611123626,24.465923,30.225229
Pancreas,Female,AD,,,1,3.7,27.17064332211839,24.301498,30.039787
Pancreas,Female,AD,,,1,3.75,26.99746550553834,24.138685,29.856245
Pancreas,Female,AD,,,1,3.8,26.8260364662608,23.977478,29.674595
Pancreas,Female,AD,,,1,3.8499999,26.65634889851788,23.817871,29.494827
Pancreas,Female,AD,,,1,3.9000001,26.48839369219365,23.659859,29.316929
Pancreas,Female,AD,,,1,3.95,26.32216322257733,23.503435,29.140892
Pancreas,Female,AD,,,1,4.0,26.15764663210115,23.348591,28.966702
Pancreas,Female,AD,,,1,4.0500002,25.99286803613808,23.193491,28.792244
Pancreas,Female,AD,,,1,4.0999999,25.82981762666861,23.039989,28.619646
Pancreas,Female,AD,,,1,4.1500001,25.66847955681817,22.888069,28.448889
Pancreas,Female,AD,,,1,4.1999998,25.50884363316163,22.737726,28.279961
Pancreas,Female,AD,,,1,4.25,25.35089306356872,22.588945,28.112841
Pancreas,Female,AD,,,1,4.3000002,25.19461520763065,22.441715,27.947515
Pancreas,Female,AD,,,1,4.3499999,25.03999698637506,22.296024,27.78397
Pancreas,Female,AD,,,1,4.4000001,24.88702057524415,22.151859,27.622181
Pancreas,Female,AD,,,1,4.4499998,24.73567372824579,22.009209,27.462139
Pancreas,Female,AD,,,1,4.5,24.58593814422358,21.868057,27.303818
Pancreas,Female,AD,,,1,4.5500002,24.43779964433594,21.728394,27.147205
Pancreas,Female,AD,,,1,4.5999999,24.29124380572489,21.590204,26.992283
Pancreas,Female,AD,,,1,4.6500001,24.14625186677722,21.453472,26.839031
Pancreas,Female,AD,,,1,4.6999998,24.00281050096243,21.318188,26.687433
Pancreas,Female,AD,,,1,4.75,23.86090077936529,21.184334,26.537468
Pancreas,Female,AD,,,1,4.8000002,23.72050780668155,21.051897,26.389118
Pancreas,Female,AD,,,1,4.8499999,23.58161657356698,20.920864,26.242369
Pancreas,Female,AD,,,1,4.9000001,23.44420806763867,20.791218,26.097198
Pancreas,Female,AD,,,1,4.9499998,23.30826852824515,20.662949,25.953588
Pancreas,Female,AD,,,1,5.0,23.17377897893573,20.536037,25.811522
Pancreas,Female,AD,,,2,0.0,0.0,0.0,0.0
Pancreas,Female,AD,,,2,0.050000001,6.730822106450368,6.2031474,7.2584968
Pancreas,Female,AD,,,2,0.1,11.86147959592473,10.958247,12.764711
Pancreas,Female,AD,,,2,0.15000001,15.14348440258191,14.015471,16.271498
Pancreas,Female,AD,,,2,0.2,17.2632292649634,16.002254,18.524204
Pancreas,Female,AD,,,2,0.25,18.64761072485088,17.309855,19.985367
Pancreas,Female,AD,,,2,0.30000001,19.55163806087893,18.172186,20.931089
Pancreas,Female,AD,,,2,0.34999999,20.13893887625456,18.739395,21.538483
Pancreas,Female,AD,,,2,0.40000001,20.50864229306268,19.102606,21.914679
Pancreas,Female,AD,,,2,0.44999999,20.71917625029154,19.315733,22.12262
Pancreas,Female,AD,,,2,0.5,20.80728134659178,19.412836,22.201725
Pancreas,Female,AD,,,2,0.55000001,20.79743053071157,19.416721,22.178141
Pancreas,Female,AD,,,2,0.60000002,20.70679924885243,19.343477,22.070122
Pancreas,Female,AD,,,2,0.64999998,20.54878309393588,19.205799,21.891768
Pancreas,Female,AD,,,2,0.69999999,20.33558722745596,19.015303,21.655872
Pancreas,Female,AD,,,2,0.75,20.0783262194976,18.782534,21.374119
Pancreas,Female,AD,,,2,0.80000001,19.78682917780542,18.516794,21.056866
Pancreas,Female,AD,,,2,0.85000002,19.46960884725402,18.226135,20.713083
Pancreas,Female,AD,,,2,0.89999998,19.13392116839611,17.917416,20.350426
Pancreas,Female,AD,,,2,0.94999999,18.78586861430199,17.596409,19.975328
Pancreas,Female,AD,,,2,1.0,18.43052679254637,17.267918,19.593136
Pancreas,Female,AD,,,2,1.05,18.06629868452545,16.930464,19.202133
Pancreas,Female,AD,,,2,1.1,17.70198656509861,16.592363,18.811611
Pancreas,Female,AD,,,2,1.15,17.339700475073,16.255634,18.423765
Pancreas,Female,AD,,,2,1.2,16.9810382359785,15.921822,18.040255
Pancreas,Female,AD,,,2,1.25,16.62720701427889,15.592093,17.662319
Pancreas,Female,AD,,,2,1.3,16.27910477345192,15.267334,17.290876
Pancreas,Female,AD,,,2,1.35,15.93739006190178,14.948195,16.926586
Pancreas,Female,AD,,,2,1.4,15.60253630340945,14.635154,16.569918
Pancreas,Female,AD,,,2,1.45,15.27486648861715,14.328547,16.221186
Pancreas,Female,AD,,,2,1.5,14.95459109988923,14.028601,15.880582
Pancreas,Female,AD,,,2,1.55,14.64182737506084,13.735451,15.548204
Pancreas,Female,AD,,,2,1.6,14.33662127629222,13.449165,15.224077
Pancreas,Female,AD,,,2,1.65,14.03896507205204,13.169762,14.908169
Pancreas,Female,AD,,,2,1.7,13.74880458960385,12.897207,14.600402
Pancreas,Female,AD,,,2,1.75,13.46605469727737,12.631443,14.300667
Pancreas,Female,AD,,,2,1.8,13.19060225017182,12.372379,14.008825
Pancreas,Female,AD,,,2,1.85,12.92231451322843,12.119907,13.724721
Pancreas,Female,AD,,,2,1.9,12.66104602650958,11.873907,13.448185
Pancreas,Female,AD,,,2,1.95,12.40663819895244,11.634241,13.179035
Pancreas,Female,AD,,,2,2.0,12.15892752514546,11.400769,12.917086
Pancreas,Female,AD,,,2,2.05,11.9137891234256,11.169613,12.657966
Pancreas,Female,AD,,,2,2.0999999,11.6751794630195,10.944515,12.405844
Pancreas,Female,AD,,,2,2.1500001,11.44291635073719,10.725314,12.160519
Pancreas,Female,AD,,,2,2.2,11.21682152360404,10.51185,11.921792
Pancreas,Female,AD,,,2,2.25,10.99671503048677,10.303964,11.689466
Pancreas,Female,AD,,,2,2.3,10.78242049261468,10.101495,11.463346
Pancreas,Female,AD,,,2,2.3499999,10.57376460015436,9.9042873,11.243242
Pancreas,Female,AD,,,2,2.4000001,10.37057662717393,9.7121868,11.028966
Pancreas,Female,AD,,,2,2.45,10.17269263172565,9.5250454,10.82034
Pancreas,Female,AD,,,2,2.5,9.979949896925945,9.3427143,10.617186
Pancreas,Female,AD,,,2,2.55,9.792191005504094,9.1650505,10.419332
Pancreas,Female,AD,,,2,2.5999999,9.609262967835464,8.9919138,10.226612
Pancreas,Female,AD,,,2,2.6500001,9.431016441001304,8.8231678,10.038865
Pancreas,Female,AD,,,2,2.7,9.25730912260326,8.6586828,9.8559351
Pancreas,Female,AD,,,2,2.75,9.08800063533866,8.4983301,9.6776714
Pancreas,Female,AD,,,2,2.8,8.922955905048866,8.3419838,9.5039272
Pancreas,Female,AD,,,2,2.8499999,8.762044235682339,8.1895256,9.3345623
Pancreas,Female,AD,,,2,2.9000001,8.605138490225784,8.0408373,9.1694393
Pancreas,Female,AD,,,2,2.95,8.452117971593879,7.8958082,9.0084276
Pancreas,Female,AD,,,2,3.0,8.302863832467068,7.7543278,8.8513994
Pancreas,Female,AD,,,2,3.05,8.154454537240838,7.6136522,8.6952572
Pancreas,Female,AD,,,2,3.0999999,8.009695213635553,7.4764209,8.5429697
Pancreas,Female,AD,,,2,3.1500001,7.868474430352137,7.3425298,8.3944187
Pancreas,Female,AD,,,2,3.2,7.730686607498598,7.2118816,8.2494917
Pancreas,Female,AD,,,2,3.25,7.596227849075547,7.0843801,8.1080761
Pancreas,Female,AD,,,2,3.3,7.464998525824825,6.9599314,7.9700656
Pancreas,Female,AD,,,2,3.3499999,7.336902468150726,6.8384466,7.8353581
Pancreas,Female,AD,,,2,3.4000001,7.211846253770346,6.7198386,7.7038536
Pancreas,Female,AD,,,2,3.45,7.089741457876983,6.6040254,7.5754576
Pancreas,Female,AD,,,2,3.5,6.97050095831878,6.4909248,7.4500771
Pancreas,Female,AD,,,2,3.55,6.854041220421095,6.3804593,7.3276234
Pancreas,Female,AD,,,2,3.5999999,6.740281582423336,6.272553,7.2080102
Pancreas,Female,AD,,,2,3.6500001,6.629143624043422,6.1671333,7.0911541
Pancreas,Female,AD,,,2,3.7,6.520553169596383,6.0641298,6.9769764
Pancreas,Female,AD,,,2,3.75,6.414437008298563,5.9634748,6.8653989
Pancreas,Female,AD,,,2,3.8,6.31072492910107,5.8651023,6.7563477
Pancreas,Female,AD,,,2,3.8499999,6.209349091040679,5.7689481,6.6497498
Pancreas,Female,AD,,,2,3.9000001,6.110243465931546,5.6749511,6.545536
Pancreas,Female,AD,,,2,3.95,6.013345631126526,5.5830517,6.4436398
Pancreas,Female,AD,,,2,4.0,5.918593851221402,5.4931922,6.3439951
Pancreas,Female,AD,,,2,4.0500002,5.823765435493158,5.4032969,6.2442341
Pancreas,Female,AD,,,2,4.0999999,5.731040873362474,5.315402,6.1466794
Pancreas,Female,AD,,,2,4.1500001,5.640360403550716,5.2294526,6.0512681
Pancreas,Female,AD,,,2,4.1999998,5.55166967436702,5.1453967,5.957943
Pancreas,Female,AD,,,2,4.25,5.46491275023331,5.0631814,5.8666439
Pancreas,Female,AD,,,2,4.3000002,5.380038010439051,4.9827585,5.7773175
Pancreas,Female,AD,,,2,4.3499999,5.296995464086137,4.9040809,5.6899099
Pancreas,Female,AD,,,2,4.4000001,5.215734390977275,4.8271003,5.6043687
Pancreas,Female,AD,,,2,4.4499998,5.136208781586845,4.7517729,5.5206447
Pancreas,Female,AD,,,2,4.5,5.058371076399339,4.6780548,5.4386873
Pancreas,Female,AD,,,2,4.5500002,4.982177459974622,4.6059036,5.3584514
Pancreas,Female,AD,,,2,4.5999999,4.907585461042345,4.5352798,5.2798915
Pancreas,Female,AD,,,2,4.6500001,4.834551837128032,4.4661417,5.2029619
Pancreas,Female,AD,,,2,4.6999998,4.763037467370481,4.3984532,5.1276217
Pancreas,Female,AD,,,2,4.75,4.693001731063134,4.3321748,5.0538287
Pancreas,Female,AD,,,2,4.8000002,4.624407272442539,4.267272,4.9815426
Pancreas,Female,AD,,,2,4.8499999,4.557217848947516,4.2037101,4.9107256
Pancreas,Female,AD,,,2,4.9000001,4.491396428743514,4.1414537,4.8413391
Pancreas,Female,AD,,,2,4.9499998,4.426909603274368,4.080471,4.7733479
Pancreas,Female,AD,,,2,5.0,4.363722525290086,4.02073,4.7067151
Pancreas,Female,ADa,,,0,0.0,0.0,0.0,0.0
Pancreas,Female,ADa,,,0,0.050000001,13.68817262792954,13.586197,13.790148
Pancreas,Female,ADa,,,0,0.1,24.92192616365337,24.762932,25.080921
Pancreas,Female,ADa,,,0,0.15000001,32.49933966168661,32.316505,32.682171
Pancreas,Female,ADa,,,0,0.2,37.60980972085886,37.421585,37.798035
Pancreas,Female,ADa,,,0,0.25,41.1011818904351,40.917587,41.284775
Pancreas,Female,ADa,,,0,0.30000001,43.51996996784862,43.34618,43.69376
Pancreas,Female,ADa,,,0,0.34999999,45.2448383483657,45.083138,45.40654
Pancreas,Female,ADa,,,0,0.40000001,46.51507780338142,46.36615,46.664005
Pancreas,Female,ADa,,,0,0.44999999,47.47063186828922,47.334335,47.606926
Pancreas,Female,ADa,,,0,0.5,48.19671201258194,48.072456,48.320969
Pancreas,Female,ADa,,,0,0.55000001,48.74709478793898,48.634033,48.860157
Pancreas,Female,ADa,,,0,0.60000002,49.1564306676807,49.053562,49.259296
Pancreas,Female,ADa,,,0,0.64999998,49.44330968680777,49.349552,49.537067
Pancreas,Female,ADa,,,0,0.69999999,49.62026924450032,49.534473,49.706066
Pancreas,Female,ADa,,,0,0.75,49.70046161194347,49.621418,49.779507
Pancreas,Female,ADa,,,0,0.80000001,49.69684646347184,49.623306,49.770386
Pancreas,Female,ADa,,,0,0.85000002,49.62163766276512,49.552349,49.690926
Pancreas,Female,ADa,,,0,0.89999998,49.48603240818818,49.419773,49.552292
Pancreas,Female,ADa,,,0,0.94999999,49.30010614059046,49.235744,49.364468
Pancreas,Female,ADa,,,0,1.0,49.07280648314827,49.009338,49.136276
Pancreas,Female,ADa,,,0,1.05,48.80487057186519,48.741467,48.868275
Pancreas,Female,ADa,,,0,1.1,48.51040612929978,48.446396,48.574417
Pancreas,Female,ADa,,,0,1.15,48.19489336284522,48.129765,48.260021
Pancreas,Female,ADa,,,0,1.2,47.86276155766888,47.796139,47.929386
Pancreas,Female,ADa,,,0,1.25,47.51761745110275,47.449238,47.585999
Pancreas,Female,ADa,,,0,1.3,47.162409996934,47.092102,47.232716
Pancreas,Female,ADa,,,0,1.35,46.79956393398413,46.727234,46.871895
Pancreas,Female,ADa,,,0,1.4,46.4310845761774,46.356682,46.505486
Pancreas,Female,ADa,,,0,1.45,46.05863169052589,45.982155,46.135109
Pancreas,Female,ADa,,,0,1.5,45.68358960233149,45.605057,45.762123
Pancreas,Female,ADa,,,0,1.55,45.30711113455129,45.226563,45.387661
Pancreas,Female,ADa,,,0,1.6,44.93016034842867,44.847649,45.012672
Pancreas,Female,ADa,,,0,1.65,44.55354752508725,44.469139,44.637959
Pancreas,Female,ADa,,,0,1.7,44.17794900700017,44.091709,44.264191
Pancreas,Female,ADa,,,0,1.75,43.80393565574963,43.715939,43.891933
Pancreas,Female,ADa,,,0,1.8,43.43198400710583,43.3423,43.521671
Pancreas,Female,ADa,,,0,1.85,43.06249332722416,42.971191,43.153793
Pancreas,Female,ADa,,,0,1.9,42.69580010402439,42.602955,42.788647
Pancreas,Female,ADa,,,0,1.95,42.33218176463731,42.237862,42.426502
Pancreas,Female,ADa,,,0,2.0,41.97187190545463,41.876141,42.067604
Pancreas,Female,ADa,,,0,2.05,41.60935928453188,41.512299,41.706421
Pancreas,Female,ADa,,,0,2.0999999,41.25068341287607,41.152355,41.349014
Pancreas,Female,ADa,,,0,2.1500001,40.8959636116731,40.796425,40.995502
Pancreas,Female,ADa,,,0,2.2,40.54529894353135,40.444603,40.645996
Pancreas,Female,ADa,,,0,2.25,40.19876161644027,40.096958,40.300564
Pancreas,Female,ADa,,,0,2.3,39.85640680063625,39.753548,39.959267
Pancreas,Female,ADa,,,0,2.3499999,39.51827352201667,39.414402,39.622143
Pancreas,Female,ADa,,,0,2.4000001,39.18438530651406,39.079548,39.289223
Pancreas,Female,ADa,,,0,2.45,38.85475844369228,38.748993,38.960526
Pancreas,Female,ADa,,,0,2.5,38.52939408612417,38.422741,38.636047
Pancreas,Female,ADa,,,0,2.55,38.20828606622075,38.10078,38.315792
Pancreas,Female,ADa,,,0,2.5999999,37.89142053107378,37.783096,37.999744
Pancreas,Female,ADa,,,0,2.6500001,37.57877553539004,37.469662,37.687889
Pancreas,Female,ADa,,,0,2.7,37.27032791811513,37.160458,37.380196
Pancreas,Female,ADa,,,0,2.75,36.96604517089128,36.85545,37.076641
Pancreas,Female,ADa,,,0,2.8,36.66589213044767,36.554592,36.777191
Pancreas,Female,ADa,,,0,2.8499999,36.36983009714032,36.257854,36.481804
Pancreas,Female,ADa,,,0,2.9000001,36.07781599371231,35.965187,36.190445
Pancreas,Female,ADa,,,0,2.95,35.78980838973229,35.676548,35.903069
Pancreas,Female,ADa,,,0,3.0,35.50575956269711,35.391891,35.619629
Pancreas,Female,ADa,,,0,3.05,35.22097263200749,35.106533,35.335415
Pancreas,Female,ADa,,,0,3.0999999,34.94017585321831,34.82518,35.055168
Pancreas,Female,ADa,,,0,3.1500001,34.66331311699008,34.547783,34.778843
Pancreas,Female,ADa,,,0,3.2,34.39033152090076,34.274281,34.506382
Pancreas,Female,ADa,,,0,3.25,34.12117365913639,34.00462,34.237728
Pancreas,Female,ADa,,,0,3.3,33.85578310576938,33.738743,33.972824
Pancreas,Female,ADa,,,0,3.3499999,33.59410324626384,33.476585,33.71162
Pancreas,Female,ADa,,,0,3.4000001,33.33607619644414,33.218098,33.454056
Pancreas,Female,ADa,,,0,3.45,33.08164782930203,32.963219,33.200077
Pancreas,Female,ADa,,,0,3.5,32.83076050025858,32.711895,32.949627
Pancreas,Female,ADa,,,0,3.55,32.58335807884635,32.464066,32.702648
Pancreas,Female,ADa,,,0,3.5999999,32.33938479049505,32.219677,32.459091
Pancreas,Female,ADa,,,0,3.6500001,32.09878414716007,31.978672,32.218895
Pancreas,Female,ADa,,,0,3.7,31.86150358059479,31.740995,31.982012
Pancreas,Female,ADa,,,0,3.75,31.62748761094326,31.506594,31.748383
Pancreas,Female,ADa,,,0,3.8,31.39668249587129,31.275412,31.517954
Pancreas,Female,ADa,,,0,3.8499999,31.16903511290127,31.047396,31.290676
Pancreas,Female,ADa,,,0,3.9000001,30.94449192771981,30.822491,31.066492
Pancreas,Female,ADa,,,0,3.95,30.72300328858927,30.600649,30.845358
Pancreas,Female,ADa,,,0,4.0,30.50451702431718,30.381819,30.627216
Pancreas,Female,ADa,,,0,4.0500002,30.28506706563712,30.162048,30.408087
Pancreas,Female,ADa,,,0,4.0999999,30.06861691538404,29.945284,30.19195
Pancreas,Female,ADa,,,0,4.1500001,29.85511075867788,29.731472,29.97875
Pancreas,Female,ADa,,,0,4.1999998,29.64450182596579,29.520561,29.768442
Pancreas,Female,ADa,,,0,4.25,29.43673610352033,29.312502,29.56097
Pancreas,Female,ADa,,,0,4.3000002,29.23176646223169,29.107243,29.356291
Pancreas,Female,ADa,,,0,4.3499999,29.02954651002221,28.904739,29.154354
Pancreas,Female,ADa,,,0,4.4000001,28.83002492268929,28.704941,28.955109
Pancreas,Female,ADa,,,0,4.4499998,28.63315887441212,28.507801,28.758516
Pancreas,Female,ADa,,,0,4.5,28.438898807275,28.313274,28.564524
Pancreas,Female,ADa,,,0,4.5500002,28.2472016297786,28.121315,28.373089
Pancreas,Female,ADa,,,0,4.5999999,28.05802496630162,27.931879,28.18417
Pancreas,Female,ADa,,,0,4.6500001,27.87132184577604,27.744923,27.997721
Pancreas,Female,ADa,,,0,4.6999998,27.68705326219936,27.560406,27.8137
Pancreas,Female,ADa,,,0,4.75,27.50517391834757,27.378283,27.632065
Pancreas,Female,ADa,,,0,4.8000002,27.32564457464679,27.198513,27.452776
Pancreas,Female,ADa,,,0,4.8499999,27.14842666532184,27.021059,27.275795
Pancreas,Female,ADa,,,0,4.9000001,26.9734773176632,26.845879,27.101076
Pancreas,Female,ADa,,,0,4.9499998,26.80076111707979,26.672934,26.928589
Pancreas,Female,ADa,,,0,5.0,26.63023674607035,26.502186,26.758287
Pancreas,Female,ADa,,,1,0.0,0.0,0.0,0.0
Pancreas,Female,ADa,,,1,0.050000001,8.06636486485128,7.9836593,8.1490707
Pancreas,Female,ADa,,,1,0.1,14.99636052526425,14.860408,15.132313
Pancreas,Female,ADa,,,1,0.15000001,19.7983575645553,19.636513,19.960203
Pancreas,Female,ADa,,,1,0.2,23.09129116820709,22.920511,23.26207
Pancreas,Female,ADa,,,1,0.25,25.37172793983646,25.201965,25.541491
Pancreas,Female,ADa,,,1,0.30000001,26.97796747762831,26.814772,27.141163
Pancreas,Female,ADa,,,1,0.34999999,28.15589079041411,28.00201,28.309771
Pancreas,Female,ADa,,,1,0.40000001,29.0643599726499,28.920942,29.207777
Pancreas,Female,ADa,,,1,0.44999999,29.79559616822414,29.662939,29.928253
Pancreas,Female,ADa,,,1,0.5,30.40450308540645,30.282454,30.526554
Pancreas,Female,ADa,,,1,0.55000001,30.9244298919719,30.812597,31.036263
Pancreas,Female,ADa,,,1,0.60000002,31.37549588901808,31.273367,31.477625
Pancreas,Female,ADa,,,1,0.64999998,31.76462380696393,31.671638,31.857609
Pancreas,Female,ADa,,,1,0.69999999,32.09359078080598,32.009167,32.178013
Pancreas,Female,ADa,,,1,0.75,32.36582572507174,32.289345,32.442307
Pancreas,Female,ADa,,,1,0.80000001,32.5857274794767,32.516521,32.654934
Pancreas,Female,ADa,,,1,0.85000002,32.75810888611187,32.695465,32.820751
Pancreas,Female,ADa,,,1,0.89999998,32.88785782587411,32.831013,32.944702
Pancreas,Female,ADa,,,1,0.94999999,32.97973385761418,32.927872,33.031597
Pancreas,Female,ADa,,,1,1.0,33.03824885809678,32.990501,33.085995
Pancreas,Female,ADa,,,1,1.05,33.06559464456717,33.021072,33.110119
Pancreas,Female,ADa,,,1,1.1,33.06807208103174,33.025875,33.110271
Pancreas,Female,ADa,,,1,1.15,33.04925181928792,33.008511,33.089993
Pancreas,Female,ADa,,,1,1.2,33.01209085238503,32.972008,33.052174
Pancreas,Female,ADa,,,1,1.25,32.959059839421,32.918934,32.999184
Pancreas,Female,ADa,,,1,1.3,32.89223976049601,32.851494,32.932983
Pancreas,Female,ADa,,,1,1.35,32.81339699677778,32.77158,32.855217
Pancreas,Female,ADa,,,1,1.4,32.72404236585703,32.680809,32.767277
Pancreas,Female,ADa,,,1,1.45,32.62547549639174,32.580585,32.670364
Pancreas,Female,ADa,,,1,1.5,32.51882270416502,32.472118,32.565529
Pancreas,Female,ADa,,,1,1.55,32.40506425325344,32.356441,32.45369
Pancreas,Female,ADa,,,1,1.6,32.2850581653741,32.234463,32.335651
Pancreas,Female,ADa,,,1,1.65,32.15955992351729,32.106976,32.212147
Pancreas,Female,ADa,,,1,1.7,32.02923574577653,31.974667,32.083805
Pancreas,Female,ADa,,,1,1.75,31.89467754901341,31.838148,31.951206
Pancreas,Female,ADa,,,1,1.8,31.75641120833609,31.69796,31.814863
Pancreas,Female,ADa,,,1,1.85,31.61490611462619,31.554577,31.675236
Pancreas,Female,ADa,,,1,1.9,31.47058348962821,31.408426,31.53274
Pancreas,Female,ADa,,,1,1.95,31.32382013278522,31.259892,31.387751
Pancreas,Female,ADa,,,1,2.0,31.17495636568708,31.10931,31.240602
Pancreas,Female,ADa,,,1,2.05,31.02218472617318,30.954882,31.089487
Pancreas,Female,ADa,,,1,2.0999999,30.8679241605974,30.799021,30.936827
Pancreas,Female,ADa,,,1,2.1500001,30.7124245136086,30.641977,30.782871
Pancreas,Female,ADa,,,1,2.2,30.55591423195625,30.483976,30.627851
Pancreas,Female,ADa,,,1,2.25,30.39859839586785,30.325222,30.471973
Pancreas,Female,ADa,,,1,2.3,30.24066384866063,30.165901,30.315428
Pancreas,Female,ADa,,,1,2.3499999,30.08228035991823,30.006178,30.158382
Pancreas,Female,ADa,,,1,2.4000001,29.92360154288866,29.846207,30.000998
Pancreas,Female,ADa,,,1,2.45,29.76476936203471,29.686125,29.843412
Pancreas,Female,ADa,,,1,2.5,29.60591090380586,29.52606,29.68576
Pancreas,Female,ADa,,,1,2.55,29.44714256895202,29.366127,29.528158
Pancreas,Female,ADa,,,1,2.5999999,29.28857035669,29.206427,29.370712
Pancreas,Female,ADa,,,1,2.6500001,29.13029004109154,29.047056,29.213524
Pancreas,Female,ADa,,,1,2.7,28.97239102278633,28.888102,29.056681
Pancreas,Female,ADa,,,1,2.75,28.81495254960407,28.729641,28.900265
Pancreas,Female,ADa,,,1,2.8,28.65804741277077,28.571743,28.74435
Pancreas,Female,ADa,,,1,2.8499999,28.50174180106768,28.414476,28.589006
Pancreas,Female,ADa,,,1,2.9000001,28.34609511179258,28.257896,28.434294
Pancreas,Female,ADa,,,1,2.95,28.19116341614131,28.102058,28.280268
Pancreas,Female,ADa,,,1,3.0,28.03699545949212,27.94701,28.126982
Pancreas,Female,ADa,,,1,3.05,27.8815746035603,27.790739,27.972408
Pancreas,Female,ADa,,,1,3.0999999,27.72703591895214,27.635376,27.818697
Pancreas,Female,ADa,,,1,3.1500001,27.573414786022,27.480949,27.66588
Pancreas,Female,ADa,,,1,3.2,27.42074511538578,27.327497,27.513992
Pancreas,Female,ADa,,,1,3.25,27.26905524109037,27.175045,27.363066
Pancreas,Female,ADa,,,1,3.3,27.11837111943805,27.023617,27.213125
Pancreas,Female,ADa,,,1,3.3499999,26.96871583641837,26.873236,27.064196
Pancreas,Female,ADa,,,1,3.4000001,26.82010912386664,26.723921,26.916298
Pancreas,Female,ADa,,,1,3.45,26.67257039307208,26.575689,26.769451
Pancreas,Female,ADa,,,1,3.5,26.52611467073586,26.428558,26.623671
Pancreas,Female,ADa,,,1,3.55,26.38075561133019,26.282537,26.478973
Pancreas,Female,ADa,,,1,3.5999999,26.23650494517182,26.13764,26.335369
Pancreas,Female,ADa,,,1,3.6500001,26.09337194538381,25.993874,26.192869
Pancreas,Female,ADa,,,1,3.7,25.95136628805096,25.85125,26.051483
Pancreas,Female,ADa,,,1,3.75,25.81049408219377,25.70977,25.911219
Pancreas,Female,ADa,,,1,3.8,25.67076072078225,25.569441,25.772079
Pancreas,Female,ADa,,,1,3.8499999,25.53217030244804,25.430267,25.634073
Pancreas,Female,ADa,,,1,3.9000001,25.39472507774832,25.29225,25.4972
Pancreas,Female,ADa,,,1,3.95,25.2584281568337,25.155392,25.361464
Pancreas,Female,ADa,,,1,4.0,25.12327966195926,25.019693,25.226866
Pancreas,Female,ADa,,,1,4.0500002,24.98738636597386,24.883266,25.091505
Pancreas,Female,ADa,,,1,4.0999999,24.85267114113043,24.74803,24.957314
Pancreas,Female,ADa,,,1,4.1500001,24.71912909533035,24.613974,24.824286
Pancreas,Female,ADa,,,1,4.1999998,24.58675972064316,24.4811,24.692419
Pancreas,Female,ADa,,,1,4.25,24.45555676343724,24.349401,24.561712
Pancreas,Female,ADa,,,1,4.3000002,24.32551714346209,24.218874,24.432161
Pancreas,Female,ADa,,,1,4.3499999,24.19663716741888,24.089514,24.303761
Pancreas,Female,ADa,,,1,4.4000001,24.06890893862459,23.961315,24.176502
Pancreas,Female,ADa,,,1,4.4499998,23.94232897700573,23.83427,24.050386
Pancreas,Female,ADa,,,1,4.5,23.81688851465833,23.708374,23.925402
Pancreas,Female,ADa,,,1,4.5500002,23.69258201121136,23.583618,23.801544
Pancreas,Female,ADa,,,1,4.5999999,23.56940351886277,23.459999,23.678808
Pancreas,Female,ADa,,,1,4.6500001,23.44734323960711,23.337503,23.557184
Pancreas,Female,ADa,,,1,4.6999998,23.3263957521566,23.216127,23.436665
Pancreas,Female,ADa,,,1,4.75,23.20655072754573,23.09586,23.317242
Pancreas,Female,ADa,,,1,4.8000002,23.087801056231,22.976694,23.198908
Pancreas,Female,ADa,,,1,4.8499999,22.97013936532204,22.858622,23.081656
Pancreas,Female,ADa,,,1,4.9000001,22.85355472213797,22.741634,22.965475
Pancreas,Female,ADa,,,1,4.9499998,22.73804048466047,22.625721,22.850359
Pancreas,Female,ADa,,,1,5.0,22.62358542632478,22.510874,22.736296
Pancreas,Female,ADa,,,2,0.0,0.0,0.0,0.0
Pancreas,Female,ADa,,,2,0.050000001,5.567548419976283,5.5096946,5.6254025
Pancreas,Female,ADa,,,2,0.1,9.835072113048028,9.7546797,9.9154644
Pancreas,Female,ADa,,,2,0.15000001,12.58946147063889,12.506665,12.672257
Pancreas,Female,ADa,,,2,0.2,14.3942696330765,14.317668,14.470872
Pancreas,Female,ADa,,,2,0.25,15.59733272428143,15.53021,15.664456
Pancreas,Female,ADa,,,2,0.30000001,16.40513323128764,16.348318,16.461948
Pancreas,Female,ADa,,,2,0.34999999,16.94956196314308,16.9028,16.996325
Pancreas,Female,ADa,,,2,0.40000001,17.31057671699787,17.27317,17.347984
Pancreas,Female,ADa,,,2,0.44999999,17.53560615480222,17.506638,17.564575
Pancreas,Female,ADa,,,2,0.5,17.65474574489005,17.633076,17.676414
Pancreas,Female,ADa,,,2,0.55000001,17.68825409736924,17.672293,17.704216
Pancreas,Female,ADa,,,2,0.60000002,17.65051700240575,17.637732,17.663303
Pancreas,Female,ADa,,,2,0.64999998,17.55302016852907,17.54003,17.56601
Pancreas,Female,ADa,,,2,0.69999999,17.40632400641759,17.390615,17.422033
Pancreas,Female,ADa,,,2,0.75,17.21998408800016,17.200577,17.239391
Pancreas,Female,ADa,,,2,0.80000001,17.0024232195762,16.979168,17.025679
Pancreas,Female,ADa,,,2,0.85000002,16.76093019103413,16.734005,16.787855
Pancreas,Female,ADa,,,2,0.89999998,16.50172415890061,16.471426,16.532022
Pancreas,Female,ADa,,,2,0.94999999,16.23004954681079,16.196714,16.263386
Pancreas,Female,ADa,,,2,1.0,15.95028627083946,15.914248,15.986325
Pancreas,Female,ADa,,,2,1.05,15.66102375749836,15.622616,15.699431
Pancreas,Female,ADa,,,2,1.1,15.36995908088969,15.329473,15.410444
Pancreas,Female,ADa,,,2,1.15,15.07898920388416,15.036686,15.121293
Pancreas,Female,ADa,,,2,1.2,14.78957814272172,14.745687,14.833468
Pancreas,Female,ADa,,,2,1.25,14.50285691719209,14.457584,14.548129
Pancreas,Female,ADa,,,2,1.3,14.21969099508304,14.173219,14.266164
Pancreas,Female,ADa,,,2,1.35,13.94073815406512,13.893225,13.988252
Pancreas,Female,ADa,,,2,1.4,13.66649374831363,13.618081,13.714907
Pancreas,Female,ADa,,,2,1.45,13.39731994144826,13.348132,13.446508
Pancreas,Female,ADa,,,2,1.5,13.13347756581726,13.083624,13.183331
Pancreas,Female,ADa,,,2,1.55,12.87514266312809,12.824719,12.925566
Pancreas,Female,ADa,,,2,1.6,12.622425209448,12.571518,12.673332
Pancreas,Female,ADa,,,2,1.65,12.37538423012543,12.324069,12.4267
Pancreas,Female,ADa,,,2,1.7,12.13403433109502,12.082376,12.185693
Pancreas,Female,ADa,,,2,1.75,11.89835903183037,11.846416,11.950301
Pancreas,Female,ADa,,,2,1.8,11.66831366184007,11.616138,11.72049
Pancreas,Female,ADa,,,2,1.85,11.44383277851847,11.39147,11.496196
Pancreas,Female,ADa,,,2,1.9,11.2248362799817,11.172326,11.277347
Pancreas,Female,ADa,,,2,1.95,11.01122940258733,10.958608,11.063851
Pancreas,Female,ADa,,,2,2.0,10.80290991858675,10.750207,10.855613
Pancreas,Female,ADa,,,2,2.05,10.59623443729031,10.543498,10.648971
Pancreas,Female,ADa,,,2,2.0999999,10.39476907315527,10.342024,10.447515
Pancreas,Female,ADa,,,2,2.1500001,10.1983876340398,10.145655,10.251121
Pancreas,Female,ADa,,,2,2.2,10.00696489428256,9.9542627,10.059668
Pancreas,Female,ADa,,,2,2.25,9.820372044768447,9.7677174,9.8730268
Pancreas,Female,ADa,,,2,2.3,9.63848132372948,9.5858879,9.6910744
Pancreas,Female,ADa,,,2,2.3499999,9.461165760478425,9.4086466,9.5136843
Pancreas,Female,ADa,,,2,2.4000001,9.288298914220505,9.2358656,9.3407326
Pancreas,Female,ADa,,,2,2.45,9.119758587649528,9.067421,9.1720963
Pancreas,Female,ADa,,,2,2.5,8.955422225048181,8.9031887,9.0076561
Pancreas,Female,ADa,,,2,2.55,8.795170494737604,8.7430487,8.8472929
Pancreas,Female,ADa,,,2,2.5999999,8.638886654561276,8.5868826,8.6908903
Pancreas,Female,ADa,,,2,2.6500001,8.48645598118597,8.434576,8.5383358
Pancreas,Female,ADa,,,2,2.7,8.337768762394234,8.2860184,8.3895187
Pancreas,Female,ADa,,,2,2.75,8.192716004228544,8.141099,8.2443323
Pancreas,Female,ADa,,,2,2.8,8.051192394031489,7.9997134,8.1026716
Pancreas,Female,ADa,,,2,2.8499999,7.91309557831724,7.8617573,7.9644337
Pancreas,Female,ADa,,,2,2.9000001,7.778325522114898,7.7271314,7.8295197
Pancreas,Female,ADa,,,2,2.95,7.646787041873708,7.5957394,7.697835
Pancreas,Female,ADa,,,2,3.0,7.518385915912972,7.4674869,7.5692849
Pancreas,Female,ADa,,,2,3.05,7.390480622891573,7.3397508,7.4412103
Pancreas,Female,ADa,,,2,3.0999999,7.265628176951765,7.2150693,7.3161869
Pancreas,Female,ADa,,,2,3.1500001,7.14373914244905,7.0933523,7.1941261
Pancreas,Female,ADa,,,2,3.2,7.024728657779008,6.9745145,7.0749426
Pancreas,Female,ADa,,,2,3.25,6.908512874150432,6.8584723,6.9585533
Pancreas,Female,ADa,,,2,3.3,6.795011217437263,6.7451448,6.8448772
Pancreas,Female,ADa,,,2,3.3499999,6.684145722128875,6.6344543,6.7338371
Pancreas,Female,ADa,,,2,3.4000001,6.57584044252377,6.5263243,6.6253567
Pancreas,Female,ADa,,,2,3.45,6.470023427913972,6.4206824,6.5193644
Pancreas,Female,ADa,,,2,3.5,6.366623546689084,6.3174582,6.4157891
Pancreas,Female,ADa,,,2,3.55,6.265572486979082,6.2165828,6.3145623
Pancreas,Female,ADa,,,2,3.5999999,6.166804158450589,6.11799,6.2156181
Pancreas,Female,ADa,,,2,3.6500001,6.070254162814692,6.021616,6.1188927
Pancreas,Female,ADa,,,2,3.7,5.975861552049452,5.9273987,6.0243244
Pancreas,Female,ADa,,,2,3.75,5.883565995587077,5.8352785,5.9318533
Pancreas,Female,ADa,,,2,3.8,5.793309562984007,5.7451978,5.8414216
Pancreas,Female,ADa,,,2,3.8499999,5.705036191120911,5.6570997,5.7529731
Pancreas,Female,ADa,,,2,3.9000001,5.618691211790093,5.5709295,5.6664529
Pancreas,Female,ADa,,,2,3.95,5.534222926149269,5.4866362,5.5818095
Pancreas,Female,ADa,,,2,4.0,5.451580073560251,5.4041677,5.4989924
Pancreas,Female,ADa,,,2,4.0500002,5.368717413740598,5.3214979,5.4159369
Pancreas,Female,ADa,,,2,4.0999999,5.287648819403628,5.2406211,5.3346763
Pancreas,Female,ADa,,,2,4.1500001,5.208324338292613,5.1614885,5.2551603
Pancreas,Female,ADa,,,2,4.1999998,5.130698618134588,5.084054,5.1773434
Pancreas,Female,ADa,,,2,4.25,5.054724797379293,5.0082707,5.1011791
Pancreas,Female,ADa,,,2,4.3000002,4.98035967477503,4.9340954,5.0266237
Pancreas,Female,ADa,,,2,4.3499999,4.907561368200462,4.8614869,4.9536357
Pancreas,Female,ADa,,,2,4.4000001,4.836287251638495,4.7904019,4.8821726
Pancreas,Female,ADa,,,2,4.4499998,4.76649873132915,4.7208018,4.8121953
Pancreas,Female,ADa,,,2,4.5,4.698155760593806,4.652647,4.7436643
Pancreas,Female,ADa,,,2,4.5500002,4.631221490399753,4.5859003,4.6765423
Pancreas,Female,ADa,,,2,4.5999999,4.565660169993805,4.5205264,4.6107941
Pancreas,Female,ADa,,,2,4.6500001,4.501435291030958,4.4564881,4.5463824
Pancreas,Female,ADa,,,2,4.6999998,4.438513893457198,4.3937531,4.4832749
Pancreas,Female,ADa,,,2,4.75,4.376861626491618,4.3322864,4.4214368
Pancreas,Female,ADa,,,2,4.8000002,4.316446944195135,4.2720571,4.360837
Pancreas,Female,ADa,,,2,4.8499999,4.257239217428733,4.2130342,4.3014445
Pancreas,Female,ADa,,,2,4.9000001,4.199207059642717,4.1551862,4.243228
Pancreas,Female,ADa,,,2,4.9499998,4.14232221938309,4.0984855,4.1861591
Pancreas,Female,ADa,,,2,5.0,4.086555120637072,4.0429015,4.1302085
Pancreas,Female,ADb,,,0,0.0,0.0,0.0,0.0
Pancreas,Female,ADb,,,0,0.050000001,2.264211304371884,1.2857524,3.2426703
Pancreas,Female,ADb,,,0,0.1,4.154513022924789,2.3592308,5.9497952
Pancreas,Female,ADb,,,0,0.15000001,5.47043230330695,3.0890787,7.8517861
Pancreas,Female,ADb,,,0,0.2,6.382850978219324,3.5744152,9.191287
Pancreas,Female,ADb,,,0,0.25,7.017769011136807,3.8913839,10.144155
Pancreas,Female,ADb,,,0,0.30000001,7.459420044754438,4.091722,10.827118
Pancreas,Female,ADb,,,0,0.34999999,7.770077944053128,4.2129378,11.327218
Pancreas,Female,ADb,,,0,0.40000001,7.991252863918817,4.2795281,11.702978
Pancreas,Female,ADb,,,0,0.44999999,8.147535118767564,4.3060174,11.989053
Pancreas,Female,ADb,,,0,0.5,8.254118393145006,4.3014283,12.206809
Pancreas,Female,ADb,,,0,0.55000001,8.320784158526692,4.2716269,12.369941
Pancreas,Female,ADb,,,0,0.60000002,8.3539544123322,4.2205815,12.487328
Pancreas,Female,ADb,,,0,0.64999998,8.357142426246014,4.1510725,12.563212
Pancreas,Female,ADb,,,0,0.69999999,8.333237349874707,4.0657125,12.600762
Pancreas,Female,ADb,,,0,0.75,8.285477141676722,3.9671483,12.603806
Pancreas,Female,ADb,,,0,0.80000001,8.217169855961401,3.8579123,12.576427
Pancreas,Female,ADb,,,0,0.85000002,8.13151578652122,3.740339,12.522693
Pancreas,Female,ADb,,,0,0.89999998,8.031505816999697,3.6165223,12.446489
Pancreas,Female,ADb,,,0,0.94999999,7.919867998325003,3.4883041,12.351432
Pancreas,Female,ADb,,,0,1.0,7.79904673985061,3.3572767,12.240817
Pancreas,Female,ADb,,,0,1.05,7.669991142037134,3.223887,12.116096
Pancreas,Female,ADb,,,0,1.1,7.535786761160693,3.0900443,11.981529
Pancreas,Female,ADb,,,0,1.15,7.397907631799114,2.9565048,11.839311
Pancreas,Female,ADb,,,0,1.2,7.257548498340043,2.8238575,11.691239
Pancreas,Female,ADb,,,0,1.25,7.115681130819269,2.6925588,11.538803
Pancreas,Female,ADb,,,0,1.3,6.973094565996348,2.5629621,11.383227
Pancreas,Female,ADb,,,0,1.35,6.830430017076537,2.435334,11.225526
Pancreas,Female,ADb,,,0,1.4,6.688209054654408,2.3098772,11.066541
Pancreas,Female,ADb,,,0,1.45,6.546853069227495,2.186739,10.906967
Pancreas,Female,ADb,,,0,1.5,6.406703626285207,2.0660253,10.747382
Pancreas,Female,ADb,,,0,1.55,6.268034421804145,1.9478065,10.588263
Pancreas,Female,ADb,,,0,1.6,6.131063974416975,1.8321264,10.430001
Pancreas,Female,ADb,,,0,1.65,5.995966128837608,1.7190071,10.272925
Pancreas,Female,ADb,,,0,1.7,5.862875609725165,1.6084512,10.1173
Pancreas,Female,ADb,,,0,1.75,5.731897043129948,1.5004508,9.9633436
Pancreas,Female,ADb,,,0,1.8,5.603108047860133,1.3949839,9.8112326
Pancreas,Female,ADb,,,0,1.85,5.476564621232797,1.2920209,9.661108
Pancreas,Female,ADb,,,0,1.9,5.352305683895793,1.1915262,9.5130854
Pancreas,Female,ADb,,,0,1.95,5.230354031481397,1.0934578,9.3672504
Pancreas,Female,ADb,,,0,2.0,5.110721249614699,0.99777091,9.2236719
Pancreas,Female,ADb,,,0,2.05,4.992665459411569,0.90393627,9.0813942
Pancreas,Female,ADb,,,0,2.0999999,4.876964167698588,0.81242061,8.9415073
Pancreas,Female,ADb,,,0,2.1500001,4.76360016216131,0.7231698,8.8040304
Pancreas,Female,ADb,,,0,2.2,4.652552221505857,0.63613129,8.668973
Pancreas,Female,ADb,,,0,2.25,4.543792925991056,0.55124968,8.5363359
Pancreas,Female,ADb,,,0,2.3,4.437291717233393,0.46847147,8.4061117
Pancreas,Female,ADb,,,0,2.3499999,4.333015098408168,0.38774309,8.2782869
Pancreas,Female,ADb,,,0,2.4000001,4.230926781120502,0.30901048,8.1528435
Pancreas,Female,ADb,,,0,2.45,4.130990151424498,0.23222232,8.0297585
Pancreas,Female,ADb,,,0,2.5,4.033165794998013,0.1573268,7.9090047
Pancreas,Female,ADb,,,0,2.55,3.937413829543175,0.084273309,7.7905545
Pancreas,Female,ADb,,,0,2.5999999,3.843693728014159,0.013013124,7.6743741
Pancreas,Female,ADb,,,0,2.6500001,3.751964150460026,-0.0565028,7.560431
Pancreas,Female,ADb,,,0,2.7,3.662184905698382,-0.1243205,7.4486904
Pancreas,Female,ADb,,,0,2.75,3.574314512351407,-0.19048589,7.3391151
Pancreas,Female,ADb,,,0,2.8,3.488312111848245,-0.25504357,7.231668
Pancreas,Female,ADb,,,0,2.8499999,3.404137154101932,-0.31803665,7.1263108
Pancreas,Female,ADb,,,0,2.9000001,3.32174911421987,-0.37950754,7.023006
Pancreas,Female,ADb,,,0,2.95,3.241109141662264,-0.43949625,6.9217143
Pancreas,Female,ADb,,,0,3.0,3.162177773436497,-0.49804249,6.8223982
Pancreas,Female,ADb,,,0,3.05,3.084457144587759,-0.55542189,6.7243361
Pancreas,Female,ADb,,,0,3.0999999,3.008395415700534,-0.61141276,6.6282034
Pancreas,Female,ADb,,,0,3.1500001,2.933954084897323,-0.66605234,6.5339603
Pancreas,Female,ADb,,,0,3.2,2.861096490601994,-0.71937597,6.4415689
Pancreas,Female,ADb,,,0,3.25,2.789785698340779,-0.77141893,6.3509903
Pancreas,Female,ADb,,,0,3.3,2.719985938446598,-0.82221437,6.2621861
Pancreas,Female,ADb,,,0,3.3499999,2.651662252559731,-0.871795,6.1751194
Pancreas,Female,ADb,,,0,3.4000001,2.58478017915354,-0.92019266,6.0897532
Pancreas,Female,ADb,,,0,3.45,2.519307019813823,-0.96743745,6.0060515
Pancreas,Female,ADb,,,0,3.5,2.455209920524794,-1.013559,5.9239788
Pancreas,Female,ADb,,,0,3.55,2.392457146114452,-1.0585862,5.8435006
Pancreas,Female,ADb,,,0,3.5999999,2.331017747996384,-1.1025468,5.7645822
Pancreas,Female,ADb,,,0,3.6500001,2.270861268746785,-1.1454678,5.6871901
Pancreas,Female,ADb,,,0,3.7,2.211958870429498,-1.1873747,5.6112924
Pancreas,Female,ADb,,,0,3.75,2.15428159973419,-1.2282933,5.5368567
Pancreas,Female,ADb,,,0,3.8,2.097801526491935,-1.268248,5.463851
Pancreas,Female,ADb,,,0,3.8499999,2.042491438333968,-1.3072622,5.3922453
Pancreas,Female,ADb,,,0,3.9000001,1.98832456916341,-1.3453599,5.3220091
Pancreas,Female,ADb,,,0,3.95,1.93527561058022,-1.382562,5.2531133
Pancreas,Female,ADb,,,0,4.0,1.883319145895257,-1.4188913,5.1855297
Pancreas,Female,ADb,,,0,4.0500002,1.832153923510873,-1.4544486,5.1187563
Pancreas,Female,ADb,,,0,4.0999999,1.782050592235919,-1.4891599,5.0532613
Pancreas,Female,ADb,,,0,4.1500001,1.732984298919632,-1.5230465,4.9890151
Pancreas,Female,ADb,,,0,4.1999998,1.684932710425301,-1.5561274,4.925993
Pancreas,Female,ADb,,,0,4.25,1.637872251841827,-1.5884224,4.8641667
Pancreas,Female,ADb,,,0,4.3000002,1.591781321527492,-1.6199496,4.8035121
Pancreas,Female,ADb,,,0,4.3499999,1.546638857995049,-1.6507268,4.7440042
Pancreas,Female,ADb,,,0,4.4000001,1.502423073591331,-1.6807722,4.6856184
Pancreas,Female,ADb,,,0,4.4499998,1.459114430007162,-1.710102,4.6283307
Pancreas,Female,ADb,,,0,4.5,1.416692248310255,-1.7387334,4.5721178
Pancreas,Female,ADb,,,0,4.5500002,1.375137606517114,-1.7666824,4.5169578
Pancreas,Female,ADb,,,0,4.5999999,1.334432048361123,-1.7939638,4.4628282
Pancreas,Female,ADb,,,0,4.6500001,1.294556441398186,-1.8205938,4.4097066
Pancreas,Female,ADb,,,0,4.6999998,1.255493660524053,-1.8465865,4.357574
Pancreas,Female,ADb,,,0,4.75,1.217225531171039,-1.8719566,4.3064079
Pancreas,Female,ADb,,,0,4.8000002,1.179735443117806,-1.8967179,4.2561889
Pancreas,Female,ADb,,,0,4.8499999,1.143007186515206,-1.9208838,4.2068982
Pancreas,Female,ADb,,,0,4.9000001,1.107023921869768,-1.9444674,4.1585155
Pancreas,Female,ADb,,,0,4.9499998,1.071770601983189,-1.9674819,4.1110229
Pancreas,Female,ADb,,,0,5.0,1.037231214098256,-1.9899397,4.0644021
Pancreas,Female,ADb,,,1,0.0,0.0,0.0,0.0
Pancreas,Female,ADb,,,1,0.050000001,0.963968181508136,0.25652421,1.6714121
Pancreas,Female,ADb,,,1,0.1,1.835397665662512,0.48795232,3.182843
Pancreas,Female,ADb,,,1,0.15000001,2.499924602065505,0.65742081,4.3424282
Pancreas,Female,ADb,,,1,0.2,3.003229882797342,0.77752149,5.2289381
Pancreas,Female,ADb,,,1,0.25,3.385761288998623,0.86032021,5.9112024
Pancreas,Female,ADb,,,1,0.30000001,3.677706403823748,0.91502875,6.4403839
Pancreas,Female,ADb,,,1,0.34999999,3.904837383816073,0.94916093,6.8605137
Pancreas,Female,ADb,,,1,0.40000001,4.085979913700385,0.96801305,7.2039466
Pancreas,Female,ADb,,,1,0.44999999,4.232684186566843,0.97485709,7.4905114
Pancreas,Female,ADb,,,1,0.5,4.352255985951814,0.97178888,7.7327232
Pancreas,Female,ADb,,,1,0.55000001,4.449460498705946,0.96020365,7.9387174
Pancreas,Female,ADb,,,1,0.60000002,4.527391745335706,0.94106036,8.1137228
Pancreas,Female,ADb,,,1,0.64999998,4.587278971095202,0.91506827,8.25949
Pancreas,Female,ADb,,,1,0.69999999,4.629933218669464,0.88294667,8.3769197
Pancreas,Female,ADb,,,1,0.75,4.656548775725526,0.84546334,8.4676342
Pancreas,Female,ADb,,,1,0.80000001,4.66853522983871,0.80338997,8.5336809
Pancreas,Female,ADb,,,1,0.85000002,4.667395062915546,0.75747228,8.5773182
Pancreas,Female,ADb,,,1,0.89999998,4.654641981923191,0.70841157,8.600872
Pancreas,Female,ADb,,,1,0.94999999,4.631747082130119,0.65685248,8.6066418
Pancreas,Female,ADb,,,1,1.0,4.600104774770784,0.60338157,8.5968275
Pancreas,Female,ADb,,,1,1.05,4.560715490781263,0.54839784,8.5730333
Pancreas,Female,ADb,,,1,1.1,4.515144924050389,0.4924235,8.5378666
Pancreas,Female,ADb,,,1,1.15,4.464454616795877,0.43579018,8.4931192
Pancreas,Female,ADb,,,1,1.2,4.40954265901189,0.37877306,8.4403124
Pancreas,Female,ADb,,,1,1.25,4.351171467798736,0.32160094,8.3807421
Pancreas,Female,ADb,,,1,1.3,4.28998893500551,0.26446331,8.3155146
Pancreas,Female,ADb,,,1,1.35,4.226546954040487,0.20751853,8.245575
Pancreas,Female,ADb,,,1,1.4,4.161316926050688,0.15089649,8.1717377
Pancreas,Female,ADb,,,1,1.45,4.094701155562632,0.094705068,8.094697
Pancreas,Female,ADb,,,1,1.5,4.027044468472411,0.039033484,8.0150557
Pancreas,Female,ADb,,,1,1.55,3.958641778722097,-0.016045783,7.9333291
Pancreas,Female,ADb,,,1,1.6,3.889745822535758,-0.070472986,7.8499646
Pancreas,Female,ADb,,,1,1.65,3.820573768099678,-0.12420058,7.765348
Pancreas,Female,ADb,,,1,1.7,3.751311215828309,-0.17718969,7.679812
Pancreas,Female,ADb,,,1,1.75,3.682117873185291,-0.22941029,7.593646
Pancreas,Female,ADb,,,1,1.8,3.613130095864676,-0.28083864,7.5070987
Pancreas,Female,ADb,,,1,1.85,3.544464529434549,-0.33145741,7.4203863
Pancreas,Female,ADb,,,1,1.9,3.476221279750973,-0.38125384,7.3336964
Pancreas,Female,ADb,,,1,1.95,3.408485062136833,-0.43021941,7.2471895
Pancreas,Female,ADb,,,1,2.0,3.341328467044946,-0.47834927,7.1610065
Pancreas,Female,ADb,,,1,2.05,3.27457831424465,-0.52567947,7.0748363
Pancreas,Female,ADb,,,1,2.0999999,3.208531336060105,-0.57216537,6.9892282
Pancreas,Female,ADb,,,1,2.1500001,3.143230165375485,-0.61780995,6.9042702
Pancreas,Female,ADb,,,1,2.2,3.078711066342976,-0.66261727,6.8200393
Pancreas,Female,ADb,,,1,2.25,3.015003007007749,-0.70659369,6.7365999
Pancreas,Female,ADb,,,1,2.3,2.952129725189252,-0.74974728,6.6540065
Pancreas,Female,ADb,,,1,2.3499999,2.890110125017827,-0.79208595,6.5723062
Pancreas,Female,ADb,,,1,2.4000001,2.828958605273613,-0.83361959,6.4915366
Pancreas,Female,ADb,,,1,2.45,2.768686760293917,-0.8743577,6.4117312
Pancreas,Female,ADb,,,1,2.5,2.709302100672971,-0.91431123,6.3329153
Pancreas,Female,ADb,,,1,2.55,2.650809635052497,-0.95349145,6.2551107
Pancreas,Female,ADb,,,1,2.5999999,2.593211936418015,-0.99190938,6.1783333
Pancreas,Female,ADb,,,1,2.6500001,2.536509189335277,-1.0295773,6.1025958
Pancreas,Female,ADb,,,1,2.7,2.480700543983119,-1.0665066,6.0279078
Pancreas,Female,ADb,,,1,2.75,2.425782736977567,-1.1027094,5.9542747
Pancreas,Female,ADb,,,1,2.8,2.371751390832571,-1.1381979,5.8817005
Pancreas,Female,ADb,,,1,2.8499999,2.318600929427703,-1.1729842,5.8101859
Pancreas,Female,ADb,,,1,2.9000001,2.266324496299035,-1.2070807,5.7397299
Pancreas,Female,ADb,,,1,2.95,2.214915093333673,-1.2404991,5.6703291
Pancreas,Female,ADb,,,1,3.0,2.164364213679391,-1.2732515,5.6019797
Pancreas,Female,ADb,,,1,3.05,2.114498203091728,-1.3053368,5.5343332
Pancreas,Female,ADb,,,1,3.0999999,2.065481475095226,-1.3367739,5.4677367
Pancreas,Female,ADb,,,1,3.1500001,2.017303641536046,-1.3675747,5.4021821
Pancreas,Female,ADb,,,1,3.2,1.969954627264713,-1.397751,5.3376603
Pancreas,Female,ADb,,,1,3.25,1.923423360498077,-1.4273142,5.2741609
Pancreas,Female,ADb,,,1,3.3,1.877698756222685,-1.4562758,5.2116733
Pancreas,Female,ADb,,,1,3.3499999,1.832769537843035,-1.484647,5.1501861
Pancreas,Female,ADb,,,1,3.4000001,1.78862407555448,-1.5124389,5.0896869
Pancreas,Female,ADb,,,1,3.45,1.745251266002015,-1.5396621,5.0301647
Pancreas,Female,ADb,,,1,3.5,1.702639305778519,-1.5663276,4.9716063
Pancreas,Female,ADb,,,1,3.55,1.660776569110283,-1.5924454,4.9139986
Pancreas,Female,ADb,,,1,3.5999999,1.619651423586504,-1.6180258,4.8573284
Pancreas,Female,ADb,,,1,3.6500001,1.57925206384482,-1.6430793,4.8015833
Pancreas,Female,ADb,,,1,3.7,1.539567300178589,-1.6676154,4.7467499
Pancreas,Female,ADb,,,1,3.75,1.50058542157069,-1.6916437,4.6928144
Pancreas,Female,ADb,,,1,3.8,1.462294985985409,-1.7151741,4.6397638
Pancreas,Female,ADb,,,1,3.8499999,1.424684640185944,-1.7382151,4.5875845
Pancreas,Female,ADb,,,1,3.9000001,1.387742957406203,-1.7607769,4.536263
Pancreas,Female,ADb,,,1,3.95,1.351459149293191,-1.7828677,4.485786
Pancreas,Female,ADb,,,1,4.0,1.31582201809033,-1.804496,4.4361401
Pancreas,Female,ADb,,,1,4.0500002,1.280724999292829,-1.8256059,4.3870559
Pancreas,Female,ADb,,,1,4.0999999,1.246260038774722,-1.846266,4.3387861
Pancreas,Female,ADb,,,1,4.1500001,1.212415668909955,-1.8664856,4.291317
Pancreas,Female,ADb,,,1,4.1999998,1.179181874496862,-1.8862722,4.2446361
Pancreas,Female,ADb,,,1,4.25,1.146547513648102,-1.905634,4.198729
Pancreas,Female,ADb,,,1,4.3000002,1.114502553707325,-1.9245791,4.1535845
Pancreas,Female,ADb,,,1,4.3499999,1.083037097182455,-1.9431146,4.109189
Pancreas,Female,ADb,,,1,4.4000001,1.052140508273908,-1.9612485,4.0655293
Pancreas,Female,ADb,,,1,4.4499998,1.021803500846318,-1.9789878,4.0225949
Pancreas,Female,ADb,,,1,4.5,0.9920157812669004,-1.99634,3.9803715
Pancreas,Female,ADb,,,1,4.5500002,0.9627680870898984,-2.0133121,3.9388483
Pancreas,Female,ADb,,,1,4.5999999,0.9340512956574116,-2.0299106,3.8980134
Pancreas,Female,ADb,,,1,4.6500001,0.905855625098866,-2.0461428,3.8578539
Pancreas,Female,ADb,,,1,4.6999998,0.8781725381350611,-2.0620148,3.8183599
Pancreas,Female,ADb,,,1,4.75,0.850992589430291,-2.0775335,3.7795186
Pancreas,Female,ADb,,,1,4.8000002,0.8243072845928054,-2.0927052,3.7413197
Pancreas,Female,ADb,,,1,4.8499999,0.7981082654388842,-2.1075356,3.7037523
Pancreas,Female,ADb,,,1,4.9000001,0.7723865800205658,-2.1220317,3.6668048
Pancreas,Female,ADb,,,1,4.9499998,0.7471344184743316,-2.1361985,3.6304672
Pancreas,Female,ADb,,,1,5.0,0.7223431483654394,-2.1500423,3.5947285
Pancreas,Female,ADb,,,2,0.0,0.0,0.0,0.0
Pancreas,Female,ADb,,,2,0.050000001,1.390712243568522,0.70069182,2.0807326
Pancreas,Female,ADb,,,2,0.1,2.475606076174017,1.275934,3.6752782
Pancreas,Female,ADb,,,2,0.15000001,3.164701226890969,1.6606822,4.6687202
Pancreas,Female,ADb,,,2,0.2,3.593887992825302,1.9126028,5.2751732
Pancreas,Female,ADb,,,2,0.25,3.855635362884854,2.0746675,5.6366034
Pancreas,Female,ADb,,,2,0.30000001,4.008164457764892,2.1755641,5.840765
Pancreas,Female,ADb,,,2,0.34999999,4.090570825269594,2.2356832,5.9454584
Pancreas,Female,ADb,,,2,0.40000001,4.127033032619579,2.268172,5.9858942
Pancreas,Female,ADb,,,2,0.44999999,4.131419520043465,2.2807906,5.9820485
Pancreas,Female,ADb,,,2,0.5,4.112105843157423,2.2783473,5.9458642
Pancreas,Female,ADb,,,2,0.55000001,4.074413411439963,2.2639682,5.8848586
Pancreas,Female,ADb,,,2,0.60000002,4.021875459096378,2.2397718,5.8039789
Pancreas,Female,ADb,,,2,0.64999998,3.956954405102465,2.2072403,5.7066684
Pancreas,Female,ADb,,,2,0.69999999,3.881903563645551,2.1677334,5.5960736
Pancreas,Female,ADb,,,2,0.75,3.798922264097058,2.1225951,5.4752493
Pancreas,Female,ADb,,,2,0.80000001,3.710040977297552,2.0730832,5.3469987
Pancreas,Female,ADb,,,2,0.85000002,3.617065417837807,2.0203326,5.213798
Pancreas,Female,ADb,,,2,0.89999998,3.521557978859676,1.9653395,5.0777764
Pancreas,Female,ADb,,,2,0.94999999,3.424840447003902,1.9089602,4.9407206
Pancreas,Female,ADb,,,2,1.0,3.328010031068061,1.8519169,4.8041034
Pancreas,Female,ADb,,,2,1.05,3.23096825301451,1.7942858,4.6676507
Pancreas,Female,ADb,,,2,1.1,3.13532230818646,1.7370251,4.5336194
Pancreas,Female,ADb,,,2,1.15,3.041481678277336,1.6804448,4.4025187
Pancreas,Female,ADb,,,2,1.2,2.949735202213645,1.6247751,4.2746954
Pancreas,Female,ADb,,,2,1.25,2.860281320279512,1.5701849,4.1503778
Pancreas,Female,ADb,,,2,1.3,2.773248202644425,1.5167955,4.0297008
Pancreas,Female,ADb,,,2,1.35,2.688711004422942,1.4646907,3.9127314
Pancreas,Female,ADb,,,2,1.4,2.606705165973267,1.4139252,3.7994852
Pancreas,Female,ADb,,,2,1.45,2.527234813831456,1.364531,3.6899385
Pancreas,Female,ADb,,,2,1.5,2.450281890020847,1.3165236,3.5840402
Pancreas,Female,ADb,,,2,1.55,2.375810665265504,1.2699033,3.4817181
Pancreas,Female,ADb,,,2,1.6,2.303772871587995,1.2246612,3.3828845
Pancreas,Female,ADb,,,2,1.65,2.234111710756935,1.1807804,3.2874429
Pancreas,Female,ADb,,,2,1.7,2.166763396455906,1.1382375,3.1952894
Pancreas,Female,ADb,,,2,1.75,2.101660599750318,1.097005,3.1063161
Pancreas,Female,ADb,,,2,1.8,2.038732948040064,1.0570525,3.0204134
Pancreas,Female,ADb,,,2,1.85,1.977908791968417,1.0183465,2.9374709
Pancreas,Female,ADb,,,2,1.9,1.91911658518157,0.98085314,2.8573802
Pancreas,Female,ADb,,,2,1.95,1.862284618692797,0.94453675,2.7800324
Pancreas,Female,ADb,,,2,2.0,1.807342699269611,0.90936178,2.7053237
Pancreas,Female,ADb,,,2,2.05,1.753672134211882,0.87501931,2.6323249
Pancreas,Female,ADb,,,2,2.0999999,1.701789654811876,0.84176809,2.5618112
Pancreas,Female,ADb,,,2,2.1500001,1.651627601280182,0.8095718,2.4936833
Pancreas,Female,ADb,,,2,2.2,1.603121178414995,0.77839553,2.4278469
Pancreas,Female,ADb,,,2,2.25,1.556207105348562,0.74820471,2.3642094
Pancreas,Female,ADb,,,2,2.3,1.510824622858934,0.71896559,2.3026836
Pancreas,Female,ADb,,,2,2.3499999,1.466915260628014,0.69064569,2.2431848
Pancreas,Female,ADb,,,2,2.4000001,1.424422623722137,0.66321331,2.185632
Pancreas,Female,ADb,,,2,2.45,1.383293163372059,0.63663805,2.1299484
Pancreas,Female,ADb,,,2,2.5,1.343474914752306,0.61089027,2.0760596
Pancreas,Female,ADb,,,2,2.55,1.304918256795446,0.58594143,2.023895
Pancreas,Female,ADb,,,2,2.5999999,1.267575641866785,0.56176418,1.9733871
Pancreas,Female,ADb,,,2,2.6500001,1.231401356701923,0.53833181,1.9244709
Pancreas,Female,ADb,,,2,2.7,1.196352134414298,0.51561916,1.8770851
Pancreas,Female,ADb,,,2,2.75,1.16238604586772,0.49360153,1.8311706
Pancreas,Female,ADb,,,2,2.8,1.129463120469524,0.47225547,1.7866708
Pancreas,Female,ADb,,,2,2.8499999,1.097545096789531,0.45155823,1.7435319
Pancreas,Female,ADb,,,2,2.9000001,1.066595204112929,0.43148789,1.7017025
Pancreas,Female,ADb,,,2,2.95,1.036578676516484,0.41202375,1.6611336
Pancreas,Female,ADb,,,2,3.0,1.007461797919859,0.39314559,1.621778
Pancreas,Female,ADb,,,2,3.05,0.978895000352992,0.37470746,1.5830826
Pancreas,Female,ADb,,,2,3.0999999,0.9511837016983408,0.35682893,1.5455385
Pancreas,Female,ADb,,,2,3.1500001,0.9242973934298676,0.33949155,1.5091033
Pancreas,Female,ADb,,,2,3.2,0.8982072349624559,0.32267764,1.4737368
Pancreas,Female,ADb,,,2,3.25,0.8728852241386846,0.30637023,1.4394002
Pancreas,Female,ADb,,,2,3.3,0.8483046560070591,0.29055285,1.4060565
Pancreas,Female,ADb,,,2,3.3499999,0.824439937522186,0.27520978,1.3736701
Pancreas,Female,ADb,,,2,3.4000001,0.8012664260912175,0.26032579,1.3422071
Pancreas,Female,ADb,,,2,3.45,0.7787608182114809,0.2458865,1.3116351
Pancreas,Female,ADb,,,2,3.5,0.7569004390228429,0.23187774,1.2819232
Pancreas,Female,ADb,,,2,3.55,0.7356636421916392,0.21828613,1.2530411
Pancreas,Female,ADb,,,2,3.5999999,0.7150296547526409,0.20509861,1.2249607
Pancreas,Female,ADb,,,2,3.6500001,0.6949784419800835,0.19230263,1.1976542
Pancreas,Female,ADb,,,2,3.7,0.675491048219925,0.17988624,1.1710958
Pancreas,Female,ADb,,,2,3.75,0.6565489865020595,0.16783781,1.1452602
Pancreas,Female,ADb,,,2,3.8,0.6381345886633198,0.1561462,1.120123
Pancreas,Female,ADb,,,2,3.8499999,0.620230875150213,0.14480057,1.0956612
Pancreas,Female,ADb,,,2,3.9000001,0.6028214416310789,0.13379052,1.0718523
Pancreas,Female,ADb,,,2,3.95,0.585890758762531,0.12310611,1.0486754
Pancreas,Female,ADb,,,2,4.0,0.5694236458124067,0.11273765,1.0261097
Pancreas,Female,ADb,,,2,4.0500002,0.5532102846862017,0.10263258,1.003788
Pancreas,Female,ADb,,,2,4.0999999,0.5374435133284123,0.092832133,0.98205489
Pancreas,Female,ADb,,,2,4.1500001,0.5221090796540295,0.083327048,0.96089113
Pancreas,Female,ADb,,,2,4.1999998,0.5071938457133456,0.074108861,0.94027883
Pancreas,Female,ADb,,,2,4.25,0.4926845941590159,0.065168969,0.92020023
Pancreas,Female,ADb,,,2,4.3000002,0.4785690121333914,0.056499351,0.9006387
Pancreas,Female,ADb,,,2,4.3499999,0.4648352268768861,0.048092254,0.88157821
Pancreas,Female,ADb,,,2,4.4000001,0.4514714099715889,0.03993991,0.8630029
Pancreas,Female,ADb,,,2,4.4499998,0.4384666666349801,0.032035217,0.8448981
Pancreas,Female,ADb,,,2,4.5,0.4258099978294752,0.024370862,0.82724911
Pancreas,Female,ADb,,,2,4.5500002,0.4134911600846749,0.01694013,0.8100422
Pancreas,Female,ADb,,,2,4.5999999,0.4015002628103446,0.0097364625,0.79326409
Pancreas,Female,ADb,,,2,4.6500001,0.3898274244050981,0.0027532771,0.77690154
Pancreas,Female,ADb,,,2,4.6999998,0.3784635505901406,-0.0040154825,0.76094258
Pancreas,Female,ADb,,,2,4.75,0.3673994295457987,-0.010575962,0.7453748
Pancreas,Female,ADb,,,2,4.8000002,0.3566264847138712,-0.016933875,0.73018682
Pancreas,Female,ADb,,,2,4.8499999,0.3461364245818288,-0.023094827,0.71536767
Pancreas,Female,ADb,,,2,4.9000001,0.3359209430610974,-0.029064408,0.70090628
Pancreas,Female,ADb,,,2,4.9499998,0.3259724018175802,-0.034847744,0.68679255
Pancreas,Female,ADb,,,2,5.0,0.3162830396492495,-0.040450081,0.67301619
Pancreas,Female,pm,,,0,0.0,0.0,0.0,0.0
Pancreas,Female,pm,,,0,0.050000001,13.12508201599121,8.1598902,18.090275
Pancreas,Female,pm,,,0,0.1,13.05049991607666,8.049921,18.051079
Pancreas,Female,pm,,,0,0.15000001,13.04763317108154,7.9681606,18.127106
Pancreas,Female,pm,,,0,0.2,13.04998207092285,7.8829508,18.217012
Pancreas,Female,pm,,,0,0.25,13.04091262817383,7.7877393,18.294086
Pancreas,Female,pm,,,0,0.30000001,13.01610374450684,7.6817141,18.350492
Pancreas,Female,pm,,,0,0.34999999,12.97630882263184,7.5656519,18.386967
Pancreas,Female,pm,,,0,0.40000001,12.92329692840576,7.4403296,18.406263
Pancreas,Female,pm,,,0,0.44999999,12.85850524902344,7.3063607,18.41065
Pancreas,Female,pm,,,0,0.5,12.78310775756836,7.164247,18.401968
Pancreas,Female,pm,,,0,0.55000001,12.69807720184326,7.0144081,18.381746
Pancreas,Female,pm,,,0,0.60000002,12.60421752929688,6.857213,18.351221
Pancreas,Female,pm,,,0,0.64999998,12.5021915435791,6.6933932,18.310989
Pancreas,Female,pm,,,0,0.69999999,12.39274597167969,6.5240331,18.261459
Pancreas,Female,pm,,,0,0.75,12.27674961090088,6.3501992,18.2033
Pancreas,Female,pm,,,0,0.80000001,12.15511894226074,6.1729026,18.137335
Pancreas,Female,pm,,,0,0.85000002,12.02876472473145,5.9930778,18.064451
Pancreas,Female,pm,,,0,0.89999998,11.89856433868408,5.8115768,17.985552
Pancreas,Female,pm,,,0,0.94999999,11.76534175872803,5.6291685,17.901514
Pancreas,Female,pm,,,0,1.0,11.62985897064209,5.446538,17.813179
Pancreas,Female,pm,,,0,1.05,11.4926700592041,5.2636881,17.721651
Pancreas,Female,pm,,,0,1.1,11.35444259643555,5.0814981,17.627388
Pancreas,Female,pm,,,0,1.15,11.21560573577881,4.9001794,17.531033
Pancreas,Female,pm,,,0,1.2,11.07651519775391,4.7198982,17.433132
Pancreas,Female,pm,,,0,1.25,10.93746185302734,4.5407743,17.334148
Pancreas,Female,pm,,,0,1.3,10.79868125915527,4.3628945,17.234468
Pancreas,Female,pm,,,0,1.35,10.66036701202393,4.1863198,17.134415
Pancreas,Female,pm,,,0,1.4,10.52267551422119,4.0110908,17.03426
Pancreas,Female,pm,,,0,1.45,10.38573265075684,3.8372273,16.934238
Pancreas,Female,pm,,,0,1.5,10.24963855743408,3.6647406,16.834536
Pancreas,Female,pm,,,0,1.55,10.11447143554688,3.4936271,16.735315
Pancreas,Female,pm,,,0,1.6,9.980292320251465,3.3238759,16.636709
Pancreas,Female,pm,,,0,1.65,9.847148895263672,3.1554716,16.538826
Pancreas,Female,pm,,,0,1.7,9.715075492858888,2.9883919,16.441759
Pancreas,Female,pm,,,0,1.75,9.584096908569336,2.8226128,16.345581
Pancreas,Female,pm,,,0,1.8,9.454229354858398,2.6581051,16.250353
Pancreas,Female,pm,,,0,1.85,9.325481414794922,2.494839,16.156124
Pancreas,Female,pm,,,0,1.9,9.19785976409912,2.3327863,16.062933
Pancreas,Female,pm,,,0,1.95,9.071362495422363,2.1719146,15.970811
Pancreas,Female,pm,,,0,2.0,8.945985794067383,2.0121922,15.879779
Pancreas,Female,pm,,,0,2.05,8.821587562561035,1.8529365,15.790238
Pancreas,Female,pm,,,0,2.0999999,8.698293685913086,1.6947677,15.701819
Pancreas,Female,pm,,,0,2.1500001,8.576090812683105,1.5376544,15.614528
Pancreas,Female,pm,,,0,2.2,8.454968452453613,1.3815693,15.528368
Pancreas,Female,pm,,,0,2.25,8.33491325378418,1.2264854,15.443341
Pancreas,Female,pm,,,0,2.3,8.215909957885742,1.0723735,15.359447
Pancreas,Female,pm,,,0,2.3499999,8.097944259643555,0.91920906,15.276679
Pancreas,Female,pm,,,0,2.4000001,7.981000423431396,0.76696646,15.195034
Pancreas,Female,pm,,,0,2.45,7.865064144134521,0.61562347,15.114505
Pancreas,Female,pm,,,0,2.5,7.750120162963867,0.46515739,15.035083
Pancreas,Female,pm,,,0,2.55,7.636152267456055,0.31554541,14.956759
Pancreas,Female,pm,,,0,2.5999999,7.523146629333496,0.1667695,14.879523
Pancreas,Female,pm,,,0,2.6500001,7.411086559295654,0.018807407,14.803366
Pancreas,Female,pm,,,0,2.7,7.299959659576416,-0.12835518,14.728274
Pancreas,Female,pm,,,0,2.75,7.189750194549561,-0.27473769,14.654238
Pancreas,Female,pm,,,0,2.8,7.080445289611816,-0.4203549,14.581245
Pancreas,Female,pm,,,0,2.8499999,6.972030639648438,-0.56522298,14.509284
Pancreas,Female,pm,,,0,2.9000001,6.864493370056152,-0.70935577,14.438342
Pancreas,Female,pm,,,0,2.95,6.757821559906006,-0.85276514,14.368408
Pancreas,Female,pm,,,0,3.0,6.652002334594727,-0.99546444,14.299469
Pancreas,Female,pm,,,0,3.05,6.546864986419678,-1.1382071,14.231937
Pancreas,Female,pm,,,0,3.0999999,6.442557811737061,-1.2802616,14.165378
Pancreas,Female,pm,,,0,3.1500001,6.339070320129395,-1.421638,14.099779
Pancreas,Female,pm,,,0,3.2,6.236392974853516,-1.5623446,14.035131
Pancreas,Female,pm,,,0,3.25,6.134515762329102,-1.7023892,13.97142
Pancreas,Female,pm,,,0,3.3,6.033429145812988,-1.8417792,13.908638
Pancreas,Female,pm,,,0,3.3499999,5.93312406539917,-1.9805238,13.846772
Pancreas,Female,pm,,,0,3.4000001,5.833591461181641,-2.1186275,13.78581
Pancreas,Female,pm,,,0,3.45,5.734824657440186,-2.2560954,13.725745
Pancreas,Female,pm,,,0,3.5,5.636814594268799,-2.3929338,13.666563
Pancreas,Female,pm,,,0,3.55,5.539554119110107,-2.5291467,13.608255
Pancreas,Female,pm,,,0,3.5999999,5.443036079406738,-2.6647398,13.550812
Pancreas,Female,pm,,,0,3.6500001,5.34725284576416,-2.7997167,13.494223
Pancreas,Female,pm,,,0,3.7,5.252199649810791,-2.9340794,13.438478
Pancreas,Female,pm,,,0,3.75,5.157869338989258,-3.0678303,13.383569
Pancreas,Female,pm,,,0,3.8,5.064256191253662,-3.2009745,13.329487
Pancreas,Female,pm,,,0,3.8499999,4.971354961395264,-3.3335116,13.276221
Pancreas,Female,pm,,,0,3.9000001,4.879158973693848,-3.465446,13.223763
Pancreas,Female,pm,,,0,3.95,4.787664890289307,-3.5967777,13.172108
Pancreas,Female,pm,,,0,4.0,4.696866512298584,-3.7275081,13.121241
Pancreas,Female,pm,,,0,4.0500002,4.606600284576416,-3.8584502,13.071651
Pancreas,Female,pm,,,0,4.0999999,4.517025947570801,-3.9887891,13.02284
Pancreas,Female,pm,,,0,4.1500001,4.428137302398682,-4.1185274,12.974802
Pancreas,Female,pm,,,0,4.1999998,4.339931964874268,-4.247663,12.927526
Pancreas,Female,pm,,,0,4.25,4.252405643463135,-4.3761978,12.881009
Pancreas,Female,pm,,,0,4.3000002,4.165555000305176,-4.5041299,12.83524
Pancreas,Female,pm,,,0,4.3499999,4.079377174377441,-4.6314592,12.790214
Pancreas,Female,pm,,,0,4.4000001,3.993868350982666,-4.7581854,12.745922
Pancreas,Female,pm,,,0,4.4499998,3.909026861190796,-4.8843064,12.70236
Pancreas,Female,pm,,,0,4.5,3.82484769821167,-5.0098228,12.659518
Pancreas,Female,pm,,,0,4.5500002,3.741329669952393,-5.1347327,12.617393
Pancreas,Female,pm,,,0,4.5999999,3.658470392227173,-5.2590342,12.575975
Pancreas,Female,pm,,,0,4.6500001,3.576266050338745,-5.3827286,12.535261
Pancreas,Female,pm,,,0,4.6999998,3.494715929031372,-5.5058098,12.495241
Pancreas,Female,pm,,,0,4.75,3.413815975189209,-5.6282821,12.455914
Pancreas,Female,pm,,,0,4.8000002,3.333564758300781,-5.7501397,12.41727
Pancreas,Female,pm,,,0,4.8499999,3.253961086273193,-5.8713808,12.379303
Pancreas,Female,pm,,,0,4.9000001,3.175001382827759,-5.9920073,12.34201
Pancreas,Female,pm,,,0,4.9499998,3.096685171127319,-6.1120133,12.305384
Pancreas,Female,pm,,,0,5.0,3.019009113311768,-6.2314,12.269418
Pancreas,Female,pm,,,1,0.0,0.0,0.0,0.0
Pancreas,Female,pm,,,1,0.050000001,9.913768768310549,3.4071259,16.420412
Pancreas,Female,pm,,,1,0.1,10.10370349884033,3.5054379,16.701969
Pancreas,Female,pm,,,1,0.15000001,10.35790252685547,3.5799434,17.135862
Pancreas,Female,pm,,,1,0.2,10.59903812408447,3.6281142,17.569962
Pancreas,Female,pm,,,1,0.25,10.80696868896484,3.6505499,17.963387
Pancreas,Female,pm,,,1,0.30000001,10.97616767883301,3.6490066,18.303329
Pancreas,Female,pm,,,1,0.34999999,11.10750579833984,3.6256731,18.589338
Pancreas,Female,pm,,,1,0.40000001,11.20406818389893,3.5826931,18.825443
Pancreas,Female,pm,,,1,0.44999999,11.26922988891602,3.5220444,19.016415
Pancreas,Female,pm,,,1,0.5,11.30626487731934,3.4454958,19.167034
Pancreas,Female,pm,,,1,0.55000001,11.31820201873779,3.3546071,19.281797
Pancreas,Female,pm,,,1,0.60000002,11.30777549743652,3.2507532,19.364798
Pancreas,Female,pm,,,1,0.64999998,11.27755451202393,3.1355271,19.419582
Pancreas,Female,pm,,,1,0.69999999,11.23000049591064,3.0106773,19.449324
Pancreas,Female,pm,,,1,0.75,11.16738605499268,2.8777721,19.457001
Pancreas,Female,pm,,,1,0.80000001,11.09178447723389,2.7382095,19.44536
Pancreas,Female,pm,,,1,0.85000002,11.00507736206055,2.5932367,19.416918
Pancreas,Female,pm,,,1,0.89999998,10.90896129608154,2.4439604,19.373962
Pancreas,Female,pm,,,1,0.94999999,10.80495929718018,2.2913649,19.318554
Pancreas,Female,pm,,,1,1.0,10.69443416595459,2.1363227,19.252546
Pancreas,Female,pm,,,1,1.05,10.57853984832764,1.9794132,19.177666
Pancreas,Female,pm,,,1,1.1,10.45837497711182,1.821321,19.095428
Pancreas,Female,pm,,,1,1.15,10.33481502532959,1.6624544,19.007175
Pancreas,Female,pm,,,1,1.2,10.20860004425049,1.5031477,18.914053
Pancreas,Female,pm,,,1,1.25,10.08035564422607,1.3436798,18.817032
Pancreas,Female,pm,,,1,1.3,9.950607299804688,1.1842705,18.716944
Pancreas,Female,pm,,,1,1.35,9.81980037689209,1.0251056,18.614494
Pancreas,Female,pm,,,1,1.4,9.688310623168944,0.86633247,18.510288
Pancreas,Female,pm,,,1,1.45,9.556450843811035,0.7080698,18.404833
Pancreas,Female,pm,,,1,1.5,9.42448616027832,0.55041152,18.298561
Pancreas,Female,pm,,,1,1.55,9.29263973236084,0.39343509,18.191845
Pancreas,Female,pm,,,1,1.6,9.161096572875977,0.23719649,18.084997
Pancreas,Female,pm,,,1,1.65,9.030011177062988,0.081741825,17.978281
Pancreas,Female,pm,,,1,1.7,8.89951229095459,-0.072896421,17.871922
Pancreas,Female,pm,,,1,1.75,8.769708633422852,-0.22669084,17.766108
Pancreas,Female,pm,,,1,1.8,8.640686988830566,-0.37962756,17.661001
Pancreas,Female,pm,,,1,1.85,8.512519836425781,-0.53169388,17.556734
Pancreas,Female,pm,,,1,1.9,8.385265350341797,-0.68288583,17.453417
Pancreas,Female,pm,,,1,1.95,8.25897216796875,-0.83319879,17.351143
Pancreas,Female,pm,,,1,2.0,8.133676528930664,-0.98263752,17.24999
Pancreas,Female,pm,,,1,2.05,8.009390830993652,-1.1313925,17.150173
Pancreas,Female,pm,,,1,2.0999999,7.886157035827637,-1.2792825,17.051596
Pancreas,Female,pm,,,1,2.1500001,7.76399040222168,-1.4263175,16.954298
Pancreas,Female,pm,,,1,2.2,7.642904281616211,-1.5725037,16.858313
Pancreas,Female,pm,,,1,2.25,7.522904396057129,-1.7178522,16.76366
Pancreas,Female,pm,,,1,2.3,7.403994083404541,-1.8623739,16.670362
Pancreas,Female,pm,,,1,2.3499999,7.286174774169922,-2.0060785,16.578428
Pancreas,Female,pm,,,1,2.4000001,7.169443130493164,-2.1489785,16.487865
Pancreas,Female,pm,,,1,2.45,7.053796291351318,-2.2910843,16.398676
Pancreas,Female,pm,,,1,2.5,6.939229011535645,-2.4324057,16.310863
Pancreas,Female,pm,,,1,2.55,6.825733184814453,-2.5729558,16.224422
Pancreas,Female,pm,,,1,2.5999999,6.713300704956055,-2.7127457,16.139347
Pancreas,Female,pm,,,1,2.6500001,6.601922512054443,-2.8517838,16.055628
Pancreas,Female,pm,,,1,2.7,6.491590023040771,-2.9900808,15.973261
Pancreas,Female,pm,,,1,2.75,6.382291316986084,-3.1276469,15.89223
Pancreas,Female,pm,,,1,2.8,6.274016380310059,-3.2644911,15.812524
Pancreas,Female,pm,,,1,2.8499999,6.166753768920898,-3.4006231,15.734131
Pancreas,Female,pm,,,1,2.9000001,6.060492038726807,-3.5360503,15.657035
Pancreas,Female,pm,,,1,2.95,5.955220699310303,-3.6707826,15.581223
Pancreas,Female,pm,,,1,3.0,5.850927352905273,-3.8048255,15.50668
Pancreas,Female,pm,,,1,3.05,5.747589588165283,-3.9384449,15.433624
Pancreas,Female,pm,,,1,3.0999999,5.645210266113281,-4.0713897,15.36181
Pancreas,Female,pm,,,1,3.1500001,5.543776988983154,-4.2036672,15.291221
Pancreas,Female,pm,,,1,3.2,5.443280220031738,-4.3352809,15.221841
Pancreas,Female,pm,,,1,3.25,5.343708038330078,-4.466238,15.153654
Pancreas,Female,pm,,,1,3.3,5.245049953460693,-4.5965447,15.086645
Pancreas,Female,pm,,,1,3.3499999,5.147295951843262,-4.726203,15.020795
Pancreas,Female,pm,,,1,3.4000001,5.050434112548828,-4.8552208,14.956089
Pancreas,Female,pm,,,1,3.45,4.954456329345703,-4.9835987,14.892511
Pancreas,Female,pm,,,1,3.5,4.859352111816406,-5.1113415,14.830046
Pancreas,Female,pm,,,1,3.55,4.765110969543457,-5.2384529,14.768675
Pancreas,Female,pm,,,1,3.5999999,4.671724796295166,-5.3649364,14.708386
Pancreas,Female,pm,,,1,3.6500001,4.579183578491211,-5.4907937,14.64916
Pancreas,Female,pm,,,1,3.7,4.487479209899902,-5.6160278,14.590986
Pancreas,Female,pm,,,1,3.75,4.396603107452393,-5.7406406,14.533847
Pancreas,Female,pm,,,1,3.8,4.306546688079834,-5.8646336,14.477727
Pancreas,Female,pm,,,1,3.8499999,4.217301368713379,-5.9880109,14.422614
Pancreas,Female,pm,,,1,3.9000001,4.128859519958496,-6.1107717,14.368491
Pancreas,Female,pm,,,1,3.95,4.041214466094971,-6.2329168,14.315346
Pancreas,Female,pm,,,1,4.0,3.954357862472534,-6.3544483,14.263165
Pancreas,Female,pm,,,1,4.0500002,3.868298292160034,-6.4756408,14.212237
Pancreas,Female,pm,,,1,4.0999999,3.78301739692688,-6.5962191,14.162254
Pancreas,Female,pm,,,1,4.1500001,3.698506832122803,-6.7161851,14.113198
Pancreas,Female,pm,,,1,4.1999998,3.614761829376221,-6.8355374,14.065062
Pancreas,Female,pm,,,1,4.25,3.531774282455444,-6.9542775,14.017826
Pancreas,Female,pm,,,1,4.3000002,3.449538946151733,-7.0724058,13.971483
Pancreas,Female,pm,,,1,4.3499999,3.368050813674927,-7.1899204,13.926022
Pancreas,Female,pm,,,1,4.4000001,3.287302494049072,-7.3068218,13.881427
Pancreas,Female,pm,,,1,4.4499998,3.207289934158325,-7.4231095,13.837689
Pancreas,Female,pm,,,1,4.5,3.128005981445313,-7.538784,13.794796
Pancreas,Female,pm,,,1,4.5500002,3.049446582794189,-7.6538448,13.752738
Pancreas,Female,pm,,,1,4.5999999,2.971606969833374,-7.7682881,13.711502
Pancreas,Female,pm,,,1,4.6500001,2.89448070526123,-7.8821182,13.67108
Pancreas,Female,pm,,,1,4.6999998,2.81806468963623,-7.9953299,13.631459
Pancreas,Female,pm,,,1,4.75,2.742352724075317,-8.1079254,13.59263
Pancreas,Female,pm,,,1,4.8000002,2.667340755462646,-8.219903,13.554585
Pancreas,Female,pm,,,1,4.8499999,2.593024969100952,-8.3312597,13.51731
Pancreas,Female,pm,,,1,4.9000001,2.519399881362915,-8.4419985,13.480798
Pancreas,Female,pm,,,1,4.9499998,2.446462392807007,-8.5521145,13.445039
Pancreas,Female,pm,,,1,5.0,2.374207258224487,-8.6616087,13.410024
Pancreas,Female,pm,,,2,0.0,0.0,0.0,0.0
Pancreas,Female,pm,,,2,0.050000001,17.28278732299805,10.616681,23.948895
Pancreas,Female,pm,,,2,0.1,17.08393478393555,10.628487,23.539383
Pancreas,Female,pm,,,2,0.15000001,16.8654899597168,10.56457,23.166409
Pancreas,Female,pm,,,2,0.2,16.61890411376953,10.448458,22.789351
Pancreas,Female,pm,,,2,0.25,16.35747337341309,10.301657,22.41329
Pancreas,Female,pm,,,2,0.30000001,16.09330558776855,10.139252,22.047359
Pancreas,Female,pm,,,2,0.34999999,15.83686637878418,9.9726896,21.701044
Pancreas,Female,pm,,,2,0.40000001,15.59374618530273,9.8084698,21.379023
Pancreas,Female,pm,,,2,0.44999999,15.36533164978027,9.6491699,21.081493
Pancreas,Female,pm,,,2,0.5,15.1511173248291,9.4954748,20.806761
Pancreas,Female,pm,,,2,0.55000001,14.94981002807617,9.3471651,20.552454
Pancreas,Female,pm,,,2,0.60000002,14.75980091094971,9.2035847,20.316017
Pancreas,Female,pm,,,2,0.64999998,14.57878494262695,9.0635004,20.09407
Pancreas,Female,pm,,,2,0.69999999,14.40461540222168,8.9257593,19.883472
Pancreas,Female,pm,,,2,0.75,14.23595809936523,8.7897243,19.682192
Pancreas,Female,pm,,,2,0.80000001,14.07201671600342,8.6550932,19.488941
Pancreas,Female,pm,,,2,0.85000002,13.9123420715332,8.5217686,19.302916
Pancreas,Female,pm,,,2,0.89999998,13.75670433044434,8.389782,19.123627
Pancreas,Female,pm,,,2,0.94999999,13.60500907897949,8.2592297,18.950788
Pancreas,Female,pm,,,2,1.0,13.45724201202393,8.1302481,18.784235
Pancreas,Female,pm,,,2,1.05,13.31360149383545,8.0030432,18.624161
Pancreas,Female,pm,,,2,1.1,13.17381763458252,7.8775635,18.470072
Pancreas,Female,pm,,,2,1.15,13.03777599334717,7.7538056,18.321747
Pancreas,Female,pm,,,2,1.2,12.90533638000488,7.6317315,18.178942
Pancreas,Female,pm,,,2,1.25,12.7763500213623,7.5112886,18.041412
Pancreas,Female,pm,,,2,1.3,12.65065765380859,7.3924074,17.908909
Pancreas,Female,pm,,,2,1.35,12.52809810638428,7.2750115,17.781185
Pancreas,Female,pm,,,2,1.4,12.40851211547852,7.1590209,17.658003
Pancreas,Female,pm,,,2,1.45,12.29173755645752,7.0443473,17.539127
Pancreas,Female,pm,,,2,1.5,12.17762184143066,6.9309068,17.424337
Pancreas,Female,pm,,,2,1.55,12.06601238250732,6.8186121,17.313414
Pancreas,Female,pm,,,2,1.6,11.95676422119141,6.7073798,17.206148
Pancreas,Female,pm,,,2,1.65,11.84974002838135,6.5971284,17.102352
Pancreas,Female,pm,,,2,1.7,11.74480438232422,6.4877763,17.001833
Pancreas,Female,pm,,,2,1.75,11.64183330535889,6.3792496,16.904417
Pancreas,Female,pm,,,2,1.8,11.54070568084717,6.2714748,16.809937
Pancreas,Female,pm,,,2,1.85,11.44130706787109,6.164381,16.718233
Pancreas,Female,pm,,,2,1.9,11.34353160858154,6.0579047,16.629158
Pancreas,Female,pm,,,2,1.95,11.24727535247803,5.9519815,16.54257
Pancreas,Female,pm,,,2,2.0,11.15244388580322,5.8465533,16.458334
Pancreas,Female,pm,,,2,2.05,11.05907344818115,5.7415357,16.376612
Pancreas,Female,pm,,,2,2.0999999,10.96694374084473,5.6368961,16.296991
Pancreas,Female,pm,,,2,2.1500001,10.87597465515137,5.5325866,16.219362
Pancreas,Female,pm,,,2,2.2,10.78609180450439,5.4285612,16.143623
Pancreas,Female,pm,,,2,2.25,10.69722175598145,5.3247762,16.069668
Pancreas,Female,pm,,,2,2.3,10.60929870605469,5.2211919,15.997406
Pancreas,Female,pm,,,2,2.3499999,10.52225875854492,5.1177697,15.926747
Pancreas,Female,pm,,,2,2.4000001,10.43604183197021,5.0144753,15.857609
Pancreas,Female,pm,,,2,2.45,10.35059356689453,4.9112768,15.78991
Pancreas,Female,pm,,,2,2.5,10.26585960388184,4.8081427,15.723577
Pancreas,Female,pm,,,2,2.55,10.18179225921631,4.7050457,15.658539
Pancreas,Female,pm,,,2,2.5999999,10.09834289550781,4.6019583,15.594728
Pancreas,Female,pm,,,2,2.6500001,10.01546859741211,4.498857,15.53208
Pancreas,Female,pm,,,2,2.7,9.933128356933594,4.39572,15.470536
Pancreas,Female,pm,,,2,2.75,9.851283073425291,4.2925262,15.41004
Pancreas,Female,pm,,,2,2.8,9.769895553588867,4.1892552,15.350535
Pancreas,Female,pm,,,2,2.8499999,9.68893337249756,4.0858927,15.291974
Pancreas,Female,pm,,,2,2.9000001,9.608363151550291,3.98242,15.234306
Pancreas,Female,pm,,,2,2.95,9.528155326843262,3.8788247,15.177486
Pancreas,Female,pm,,,2,3.0,9.448281288146973,3.7750931,15.121469
Pancreas,Female,pm,,,2,3.05,9.368792533874512,3.6710963,15.066489
Pancreas,Female,pm,,,2,3.0999999,9.289580345153809,3.5669343,15.012226
Pancreas,Female,pm,,,2,3.1500001,9.210619926452637,3.462595,14.958645
Pancreas,Female,pm,,,2,3.2,9.131892204284668,3.3580742,14.90571
Pancreas,Female,pm,,,2,3.25,9.053374290466309,3.2533607,14.853388
Pancreas,Female,pm,,,2,3.3,8.975049018859863,3.1484513,14.801647
Pancreas,Female,pm,,,2,3.3499999,8.89689826965332,3.04334,14.750457
Pancreas,Female,pm,,,2,3.4000001,8.818903923034668,2.9380209,14.699787
Pancreas,Female,pm,,,2,3.45,8.741052627563477,2.8324928,14.649612
Pancreas,Female,pm,,,2,3.5,8.663329124450684,2.7267518,14.599906
Pancreas,Female,pm,,,2,3.55,8.585719108581543,2.620795,14.550643
Pancreas,Female,pm,,,2,3.5999999,8.508212089538574,2.5146239,14.501801
Pancreas,Female,pm,,,2,3.6500001,8.430794715881348,2.4082353,14.453354
Pancreas,Female,pm,,,2,3.7,8.3534574508667,2.3016305,14.405284
Pancreas,Female,pm,,,2,3.75,8.276190757751465,2.1948113,14.35757
Pancreas,Female,pm,,,2,3.8,8.198984146118164,2.0877771,14.310191
Pancreas,Female,pm,,,2,3.8499999,8.121831893920898,1.9805322,14.263131
Pancreas,Female,pm,,,2,3.9000001,8.044724464416504,1.8730775,14.216372
Pancreas,Female,pm,,,2,3.95,7.967656135559082,1.765417,14.169895
Pancreas,Female,pm,,,2,4.0,7.890620231628418,1.6575538,14.123687
Pancreas,Female,pm,,,2,4.0500002,7.813639163970947,1.5492978,14.07798
Pancreas,Female,pm,,,2,4.0999999,7.73667573928833,1.4408422,14.032509
Pancreas,Female,pm,,,2,4.1500001,7.659724235534668,1.3321905,13.987258
Pancreas,Female,pm,,,2,4.1999998,7.582782745361328,1.2233503,13.942215
Pancreas,Female,pm,,,2,4.25,7.505846500396729,1.1143252,13.897367
Pancreas,Female,pm,,,2,4.3000002,7.42891263961792,1.0051215,13.852704
Pancreas,Female,pm,,,2,4.3499999,7.351980686187744,0.89574826,13.808213
Pancreas,Female,pm,,,2,4.4000001,7.275047302246094,0.78621054,13.763884
Pancreas,Female,pm,,,2,4.4499998,7.198112010955811,0.67651671,13.719707
Pancreas,Female,pm,,,2,4.5,7.121172428131104,0.56667227,13.675673
Pancreas,Female,pm,,,2,4.5500002,7.044228553771973,0.4566862,13.631771
Pancreas,Female,pm,,,2,4.5999999,6.967281341552734,0.34656829,13.587995
Pancreas,Female,pm,,,2,4.6500001,6.890329360961914,0.23632504,13.544333
Pancreas,Female,pm,,,2,4.6999998,6.813374519348145,0.12596631,13.500783
Pancreas,Female,pm,,,2,4.75,6.736415863037109,0.015499554,13.457333
Pancreas,Female,pm,,,2,4.8000002,6.659455299377441,-0.09506537,13.413976
Pancreas,Female,pm,,,2,4.8499999,6.582494735717773,-0.20571814,13.370708
Pancreas,Female,pm,,,2,4.9000001,6.505535125732422,-0.3164508,13.327521
Pancreas,Female,pm,,,2,4.9499998,6.428578853607178,-0.42725208,13.28441
Pancreas,Female,pm,,,2,5.0,6.351627826690674,-0.53811306,13.241368
Pancreas,Female,tce,,,0,0.0,0.0,0.0,0.0
Pancreas,Female,tce,,,0,0.050000001,0.0123869377212992,0.011715271,0.013058606
Pancreas,Female,tce,,,0,0.1,0.0225334352820508,0.021299355,0.023767516
Pancreas,Female,tce,,,0,0.15000001,0.0293836685370759,0.027743634,0.031023704
Pancreas,Female,tce,,,0,0.2,0.0340051229823429,0.032068502,0.035941742
Pancreas,Female,tce,,,0,0.25,0.0371579911136483,0.03500079,0.03931519
Pancreas,Female,tce,,,0,0.30000001,0.0393335023043581,0.037009504,0.0416575
Pancreas,Female,tce,,,0,0.34999999,0.0408737447513554,0.038419701,0.04332779
Pancreas,Female,tce,,,0,0.40000001,0.0419956845724645,0.039436776,0.044554595
Pancreas,Female,tce,,,0,0.44999999,0.0428265307935436,0.040180959,0.045472104
Pancreas,Female,tce,,,0,0.5,0.0434439886507997,0.040725578,0.0461624
Pancreas,Female,tce,,,0,0.55000001,0.0438973008328662,0.041117024,0.046677578
Pancreas,Female,tce,,,0,0.60000002,0.0442183724264088,0.041385323,0.047051422
Pancreas,Female,tce,,,0,0.64999998,0.0444245717188847,0.041547023,0.047302123
Pancreas,Female,tce,,,0,0.69999999,0.0445278717770603,0.041613698,0.047442045
Pancreas,Female,tce,,,0,0.75,0.0445408599770803,0.041597381,0.047484338
Pancreas,Female,tce,,,0,0.80000001,0.0444759528641733,0.041509837,0.047442071
Pancreas,Female,tce,,,0,0.85000002,0.0443448604123736,0.041362084,0.047327638
Pancreas,Female,tce,,,0,0.89999998,0.0441583196656503,0.041164186,0.047152456
Pancreas,Female,tce,,,0,0.94999999,0.0439259877454937,0.040925145,0.046926834
Pancreas,Female,tce,,,0,1.0,0.0436564320302819,0.040652912,0.04665995
Pancreas,Female,tce,,,0,1.05,0.0433507700919391,0.040348288,0.046353254
Pancreas,Female,tce,,,0,1.1,0.0430220224691794,0.040023457,0.046020586
Pancreas,Female,tce,,,0,1.15,0.0426753683572829,0.039683126,0.045667611
Pancreas,Female,tce,,,0,1.2,0.0423149828439056,0.03933106,0.045298908
Pancreas,Female,tce,,,0,1.25,0.0419442541454217,0.038970307,0.044918202
Pancreas,Female,tce,,,0,1.3,0.0415659396118978,0.038603336,0.044528544
Pancreas,Female,tce,,,0,1.35,0.0411822936418899,0.038232163,0.044132423
Pancreas,Female,tce,,,0,1.4,0.0407951683662074,0.037858434,0.043731902
Pancreas,Female,tce,,,0,1.45,0.0404060841150726,0.037483498,0.043328673
Pancreas,Female,tce,,,0,1.5,0.0400162976107211,0.037108459,0.042924136
Pancreas,Female,tce,,,0,1.55,0.0396268439155137,0.036734231,0.042519458
Pancreas,Female,tce,,,0,1.6,0.0392385780119193,0.036361557,0.042115599
Pancreas,Female,tce,,,0,1.65,0.0388522088352033,0.035991058,0.041713361
Pancreas,Female,tce,,,0,1.7,0.0384683181317577,0.035623237,0.041313399
Pancreas,Female,tce,,,0,1.75,0.0380873884512593,0.035258509,0.040916268
Pancreas,Female,tce,,,0,1.8,0.0377098136127758,0.034897212,0.040522415
Pancreas,Female,tce,,,0,1.85,0.037335915375225,0.034539618,0.040132213
Pancreas,Female,tce,,,0,1.9,0.0369659575502359,0.034185946,0.039745968
Pancreas,Female,tce,,,0,1.95,0.0366001493051211,0.033836376,0.039363924
Pancreas,Female,tce,,,0,2.0,0.0362386601464231,0.033491045,0.038986277
Pancreas,Female,tce,,,0,2.05,0.0358766507329746,0.033145275,0.038608026
Pancreas,Female,tce,,,0,2.0999999,0.0355193607112891,0.032804094,0.038234629
Pancreas,Female,tce,,,0,2.1500001,0.0351668561917229,0.032467544,0.037866168
Pancreas,Female,tce,,,0,2.2,0.0348191861869274,0.032135665,0.037502706
Pancreas,Female,tce,,,0,2.25,0.0344763758764075,0.031808466,0.037144285
Pancreas,Female,tce,,,0,2.3,0.0341384361963021,0.031485949,0.036790926
Pancreas,Female,tce,,,0,2.3499999,0.0338053645660481,0.031168101,0.036442626
Pancreas,Female,tce,,,0,2.4000001,0.0334771453976931,0.030854903,0.036099389
Pancreas,Female,tce,,,0,2.45,0.0331537580958211,0.030546328,0.035761189
Pancreas,Female,tce,,,0,2.5,0.0328351691767576,0.030242341,0.035427999
Pancreas,Female,tce,,,0,2.55,0.0325213398465612,0.029942896,0.035099782
Pancreas,Female,tce,,,0,2.5999999,0.0322122255366529,0.02964795,0.034776501
Pancreas,Female,tce,,,0,2.6500001,0.0319077754199876,0.02935745,0.034458101
Pancreas,Female,tce,,,0,2.7,0.0316079390198181,0.029071346,0.034144532
Pancreas,Female,tce,,,0,2.75,0.0313126582103209,0.02878958,0.033835739
Pancreas,Female,tce,,,0,2.8,0.0310218736586422,0.028512092,0.033531655
Pancreas,Female,tce,,,0,2.8499999,0.0307355238915399,0.028238824,0.033232223
Pancreas,Female,tce,,,0,2.9000001,0.0304535444184655,0.027969712,0.032937378
Pancreas,Female,tce,,,0,2.95,0.0301758734841025,0.027704699,0.032647047
Pancreas,Female,tce,,,0,3.0,0.0299024443427143,0.027443716,0.032361172
Pancreas,Female,tce,,,0,3.05,0.029629229485869,0.027182896,0.032075562
Pancreas,Female,tce,,,0,3.0999999,0.0293602422630607,0.026926095,0.031794388
Pancreas,Female,tce,,,0,3.1500001,0.0290954108344578,0.026673246,0.031517576
Pancreas,Female,tce,,,0,3.2,0.0288346672997731,0.026424281,0.031245053
Pancreas,Female,tce,,,0,3.25,0.0285779402782527,0.026179137,0.030976744
Pancreas,Female,tce,,,0,3.3,0.0283251601128324,0.025937743,0.030712577
Pancreas,Female,tce,,,0,3.3499999,0.0280762577110562,0.025700036,0.030452479
Pancreas,Female,tce,,,0,3.4000001,0.0278311634816026,0.025465949,0.030196378
Pancreas,Female,tce,,,0,3.45,0.0275898120719847,0.02523542,0.029944204
Pancreas,Female,tce,,,0,3.5,0.0273521354248107,0.025008386,0.029695885
Pancreas,Female,tce,,,0,3.55,0.0271180675268062,0.024784783,0.029451352
Pancreas,Female,tce,,,0,3.5999999,0.0268875432775116,0.024564549,0.029210536
Pancreas,Female,tce,,,0,3.6500001,0.0266604974525102,0.024347626,0.028973369
Pancreas,Female,tce,,,0,3.7,0.0264368690473606,0.024133952,0.028739786
Pancreas,Female,tce,,,0,3.75,0.0262165948056171,0.023923468,0.028509721
Pancreas,Female,tce,,,0,3.8,0.0259996135831764,0.02371612,0.028283108
Pancreas,Female,tce,,,0,3.8499999,0.0257858652699185,0.023511847,0.028059883
Pancreas,Female,tce,,,0,3.9000001,0.025575289801207,0.023310594,0.027839985
Pancreas,Female,tce,,,0,3.95,0.0253678311634126,0.023112308,0.027623354
Pancreas,Female,tce,,,0,4.0,0.0251634313707313,0.022916935,0.027409926
Pancreas,Female,tce,,,0,4.0500002,0.0249587656142436,0.022721287,0.027196245
Pancreas,Female,tce,,,0,4.0999999,0.0247571360251456,0.022528529,0.026985742
Pancreas,Female,tce,,,0,4.1500001,0.0245584823065674,0.02233861,0.026778355
Pancreas,Female,tce,,,0,4.1999998,0.0243627529127504,0.022151478,0.026574029
Pancreas,Female,tce,,,0,4.25,0.0241698898771993,0.021967079,0.026372701
Pancreas,Female,tce,,,0,4.3000002,0.0239798419344341,0.021785365,0.026174318
Pancreas,Female,tce,,,0,4.3499999,0.0237925587837571,0.021606289,0.025978828
Pancreas,Female,tce,,,0,4.4000001,0.0236079858355163,0.021429799,0.025786173
Pancreas,Female,tce,,,0,4.4499998,0.0234260766321985,0.021255851,0.025596302
Pancreas,Female,tce,,,0,4.5,0.0232467787469877,0.021084396,0.025409162
Pancreas,Female,tce,,,0,4.5500002,0.0230700459733623,0.020915389,0.025224702
Pancreas,Female,tce,,,0,4.5999999,0.0228958329923478,0.02074879,0.025042877
Pancreas,Female,tce,,,0,4.6500001,0.0227240904799528,0.02058455,0.024863631
Pancreas,Female,tce,,,0,4.6999998,0.0225547766599115,0.02042263,0.024686923
Pancreas,Female,tce,,,0,4.75,0.0223878441802798,0.020262986,0.024512701
Pancreas,Female,tce,,,0,4.8000002,0.0222232514559105,0.02010558,0.024340924
Pancreas,Female,tce,,,0,4.8499999,0.0220609577054231,0.019950371,0.024171544
Pancreas,Female,tce,,,0,4.9000001,0.0219009183899617,0.019797318,0.024004519
Pancreas,Female,tce,,,0,4.9499998,0.0217430959756295,0.019646384,0.023839807
Pancreas,Female,tce,,,0,5.0,0.0215874477036313,0.019497532,0.023677364
Pancreas,Female,tce,,,1,0.0,0.0,0.0,0.0
Pancreas,Female,tce,,,1,0.050000001,0.0095458939087003,0.0089037139,0.010188074
Pancreas,Female,tce,,,1,0.1,0.0177844826262112,0.016563682,0.019005284
Pancreas,Female,tce,,,1,0.15000001,0.0235458469708279,0.02187562,0.025216075
Pancreas,Female,tce,,,1,0.2,0.0275361479887345,0.025516381,0.029555915
Pancreas,Female,tce,,,1,0.25,0.0303260804057081,0.028031584,0.032620575
Pancreas,Female,tce,,,1,0.30000001,0.0323072582946479,0.02979422,0.034820296
Pancreas,Female,tce,,,1,0.34999999,0.0337676892068239,0.031076156,0.036459222
Pancreas,Female,tce,,,1,0.40000001,0.0348951329069667,0.032053415,0.037736852
Pancreas,Female,tce,,,1,0.44999999,0.0357993374187794,0.03282845,0.038770225
Pancreas,Female,tce,,,1,0.5,0.0365461917156272,0.033462472,0.039629914
Pancreas,Female,tce,,,1,0.55000001,0.0371761468297859,0.033992831,0.040359464
Pancreas,Female,tce,,,1,0.60000002,0.0377139666963367,0.034442227,0.040985707
Pancreas,Female,tce,,,1,0.64999998,0.0381687004039289,0.034818947,0.041518454
Pancreas,Female,tce,,,1,0.69999999,0.0385433318969552,0.035125744,0.041960921
Pancreas,Female,tce,,,1,0.75,0.0388428788318966,0.035367146,0.042318612
Pancreas,Female,tce,,,1,0.80000001,0.0390735336435888,0.035548698,0.04259837
Pancreas,Female,tce,,,1,0.85000002,0.0392419656437547,0.03567633,0.042807598
Pancreas,Female,tce,,,1,0.89999998,0.0393548919689133,0.035755999,0.042953786
Pancreas,Female,tce,,,1,0.94999999,0.0394188182465056,0.035793439,0.043044198
Pancreas,Female,tce,,,1,1.0,0.0394398864998853,0.03579405,0.043085724
Pancreas,Female,tce,,,1,1.05,0.0394213725775206,0.035760578,0.043082166
Pancreas,Female,tce,,,1,1.1,0.0393714186943458,0.035700228,0.043042611
Pancreas,Female,tce,,,1,1.15,0.0392947875814413,0.035617106,0.042972472
Pancreas,Female,tce,,,1,1.2,0.0391954315829359,0.035514604,0.042876258
Pancreas,Female,tce,,,1,1.25,0.0390766562092003,0.035395551,0.042757761
Pancreas,Female,tce,,,1,1.3,0.0389412439954031,0.035262328,0.04262016
Pancreas,Female,tce,,,1,1.35,0.0387915527696748,0.03511693,0.042466175
Pancreas,Female,tce,,,1,1.4,0.0386295937033916,0.034961075,0.042298112
Pancreas,Female,tce,,,1,1.45,0.0384570895585158,0.034796219,0.042117961
Pancreas,Female,tce,,,1,1.5,0.0382755262863164,0.034623627,0.041927427
Pancreas,Female,tce,,,1,1.55,0.0380861892211934,0.034444384,0.041727994
Pancreas,Female,tce,,,1,1.6,0.0378901958084846,0.034259446,0.041520946
Pancreas,Female,tce,,,1,1.65,0.0376885228290966,0.034069631,0.041307412
Pancreas,Female,tce,,,1,1.7,0.0374820242130273,0.033875674,0.041088372
Pancreas,Female,tce,,,1,1.75,0.0372714523134819,0.033678211,0.040864691
Pancreas,Female,tce,,,1,1.8,0.0370574689754298,0.033477809,0.040637128
Pancreas,Female,tce,,,1,1.85,0.0368406590785103,0.033274967,0.04040635
Pancreas,Female,tce,,,1,1.9,0.0366215422930233,0.033070128,0.040172953
Pancreas,Female,tce,,,1,1.95,0.0364005780363609,0.032863691,0.039937466
Pancreas,Female,tce,,,1,2.0,0.036178176937789,0.032656007,0.039700348
Pancreas,Female,tce,,,1,2.05,0.0359522475426254,0.03244511,0.039459385
Pancreas,Female,tce,,,1,2.0999999,0.0357256125506366,0.0322336,0.039217625
Pancreas,Female,tce,,,1,2.1500001,0.0354985618364064,0.032021731,0.038975395
Pancreas,Female,tce,,,1,2.2,0.0352713576161132,0.031809729,0.038732987
Pancreas,Female,tce,,,1,2.25,0.035044231402242,0.031597797,0.038490664
Pancreas,Female,tce,,,1,2.3,0.0348173913395174,0.031386122,0.038248662
Pancreas,Female,tce,,,1,2.3499999,0.0345910237488891,0.031174865,0.038007181
Pancreas,Female,tce,,,1,2.4000001,0.0343652943544975,0.030964173,0.037766416
Pancreas,Female,tce,,,1,2.45,0.0341403546096951,0.030754181,0.037526529
Pancreas,Female,tce,,,1,2.5,0.0339163370222296,0.030545007,0.037287667
Pancreas,Female,tce,,,1,2.55,0.0336933610414685,0.03033676,0.037049964
Pancreas,Female,tce,,,1,2.5999999,0.0334715333792925,0.030129533,0.036813531
Pancreas,Female,tce,,,1,2.6500001,0.0332509482047008,0.029923417,0.03657848
Pancreas,Female,tce,,,1,2.7,0.0330316924528838,0.029718485,0.036344901
Pancreas,Female,tce,,,1,2.75,0.0328138405026342,0.029514808,0.036112871
Pancreas,Female,tce,,,1,2.8,0.0325974592749731,0.029312449,0.035882469
Pancreas,Female,tce,,,1,2.8499999,0.0323826079716039,0.029111462,0.035653755
Pancreas,Female,tce,,,1,2.9000001,0.0321693377743773,0.028911892,0.035426781
Pancreas,Female,tce,,,1,2.95,0.0319576965467335,0.028713789,0.035201602
Pancreas,Female,tce,,,1,3.0,0.0317477233096055,0.028517189,0.034978259
Pancreas,Female,tce,,,1,3.05,0.0315371173047113,0.028319947,0.034754287
Pancreas,Female,tce,,,1,3.0999999,0.0313282874656815,0.028124312,0.034532264
Pancreas,Female,tce,,,1,3.1500001,0.0311212577319924,0.027930304,0.034312211
Pancreas,Female,tce,,,1,3.2,0.0309160510143148,0.027737949,0.034094155
Pancreas,Female,tce,,,1,3.25,0.0307126836249069,0.027547261,0.033878107
Pancreas,Female,tce,,,1,3.3,0.0305111695565188,0.027358256,0.033664081
Pancreas,Female,tce,,,1,3.3499999,0.0303115197833266,0.027170949,0.03345209
Pancreas,Female,tce,,,1,3.4000001,0.0301137415886822,0.026985344,0.03324214
Pancreas,Female,tce,,,1,3.45,0.0299178425713292,0.02680145,0.033034235
Pancreas,Female,tce,,,1,3.5,0.0297238252085259,0.026619276,0.032828376
Pancreas,Female,tce,,,1,3.55,0.0295316908397594,0.026438821,0.032624561
Pancreas,Female,tce,,,1,3.5999999,0.0293414389042756,0.026260087,0.032422792
Pancreas,Female,tce,,,1,3.6500001,0.0291530662166698,0.026083075,0.032223057
Pancreas,Female,tce,,,1,3.7,0.0289665707058833,0.025907781,0.03202536
Pancreas,Female,tce,,,1,3.75,0.0287819461679514,0.025734207,0.031829685
Pancreas,Female,tce,,,1,3.8,0.0285991859981458,0.025562342,0.031636029
Pancreas,Female,tce,,,1,3.8499999,0.0284182824078016,0.025392186,0.031444378
Pancreas,Female,tce,,,1,3.9000001,0.0282392256846415,0.02522373,0.031254724
Pancreas,Female,tce,,,1,3.95,0.0280620076999757,0.025056968,0.031067049
Pancreas,Female,tce,,,1,4.0,0.0278866168785726,0.024891889,0.030881345
Pancreas,Female,tce,,,1,4.0500002,0.0277109467336226,0.024726536,0.030695356
Pancreas,Female,tce,,,1,4.0999999,0.0275371190049772,0.024562888,0.030511349
Pancreas,Female,tce,,,1,4.1500001,0.0273651167983137,0.024400927,0.030329306
Pancreas,Female,tce,,,1,4.1999998,0.027194929246441,0.024240647,0.030149212
Pancreas,Female,tce,,,1,4.25,0.0270265384473014,0.024082031,0.029971046
Pancreas,Female,tce,,,1,4.3000002,0.0268599309249795,0.02392507,0.029794794
Pancreas,Female,tce,,,1,4.3499999,0.0266950927360075,0.023769749,0.029620437
Pancreas,Female,tce,,,1,4.4000001,0.0265320048776589,0.023616055,0.029447954
Pancreas,Female,tce,,,1,4.4499998,0.0263706542945051,0.023463976,0.029277332
Pancreas,Female,tce,,,1,4.5,0.026211021475718,0.023313494,0.029108549
Pancreas,Female,tce,,,1,4.5500002,0.0260530913052622,0.023164598,0.028941585
Pancreas,Female,tce,,,1,4.5999999,0.0258968484069561,0.023017274,0.028776422
Pancreas,Female,tce,,,1,4.6500001,0.0257422727790804,0.022871505,0.02861304
Pancreas,Female,tce,,,1,4.6999998,0.0255893502142456,0.022727279,0.02845142
Pancreas,Female,tce,,,1,4.75,0.0254380605323724,0.022584578,0.028291544
Pancreas,Female,tce,,,1,4.8000002,0.025288387853605,0.022443386,0.028133389
Pancreas,Female,tce,,,1,4.8499999,0.0251403161765107,0.022303693,0.027976939
Pancreas,Female,tce,,,1,4.9000001,0.0249938252320241,0.022165477,0.027822172
Pancreas,Female,tce,,,1,4.9499998,0.0248489003499415,0.022028729,0.02766907
Pancreas,Female,tce,,,1,5.0,0.0247055212995049,0.021893431,0.027517613
Pancreas,Female,tce,,,2,0.0,0.0,0.0,0.0
Pancreas,Female,tce,,,2,0.050000001,0.0201521619953604,0.018572299,0.021732025
Pancreas,Female,tce,,,2,0.1,0.0355134119638465,0.032809123,0.038217701
Pancreas,Female,tce,,,2,0.15000001,0.0453397736604249,0.041962489,0.048717059
Pancreas,Female,tce,,,2,0.2,0.0516863151645611,0.04791094,0.05546169
Pancreas,Female,tce,,,2,0.25,0.0558311698348829,0.051825915,0.059836425
Pancreas,Female,tce,,,2,0.30000001,0.0585378385056256,0.054407742,0.062667936
Pancreas,Female,tce,,,2,0.34999999,0.0602962241804028,0.056105971,0.064486474
Pancreas,Female,tce,,,2,0.40000001,0.0614031206379122,0.057193432,0.065612808
Pancreas,Female,tce,,,2,0.44999999,0.0620334618272202,0.057831537,0.066235386
Pancreas,Female,tce,,,2,0.5,0.0622972495406939,0.058122266,0.066472232
Pancreas,Female,tce,,,2,0.55000001,0.0622677560799748,0.058133893,0.066401616
Pancreas,Female,tce,,,2,0.60000002,0.0619964049366838,0.0579146,0.066078208
Pancreas,Female,tce,,,2,0.64999998,0.0615233026764548,0.057502389,0.065544218
Pancreas,Female,tce,,,2,0.69999999,0.0608849916989699,0.056932043,0.06483794
Pancreas,Female,tce,,,2,0.75,0.0601147491601725,0.056235131,0.06399437
Pancreas,Female,tce,,,2,0.80000001,0.0592420035263637,0.055439502,0.063044503
Pancreas,Female,tce,,,2,0.85000002,0.0582922420576468,0.054569267,0.062015221
Pancreas,Female,tce,,,2,0.89999998,0.0572871891269344,0.053644959,0.060929421
Pancreas,Female,tce,,,2,0.94999999,0.0562451156116827,0.05268386,0.059806369
Pancreas,Female,tce,,,2,1.0,0.0551812179417557,0.051700354,0.058662083
Pancreas,Female,tce,,,2,1.05,0.0540907146243277,0.05069001,0.057491418
Pancreas,Female,tce,,,2,1.1,0.0529999597757444,0.049677733,0.056322187
Pancreas,Female,tce,,,2,1.15,0.0519152708834521,0.048669565,0.055160977
Pancreas,Female,tce,,,2,1.2,0.0508414318442471,0.047670122,0.054012742
Pancreas,Female,tce,,,2,1.25,0.0497820569289786,0.046682917,0.052881196
Pancreas,Female,tce,,,2,1.3,0.0487398346510536,0.045710579,0.051769089
Pancreas,Female,tce,,,2,1.35,0.0477167367122809,0.044755071,0.050678402
Pancreas,Female,tce,,,2,1.4,0.0467141805491301,0.043817826,0.049610533
Pancreas,Female,tce,,,2,1.45,0.0457331331994525,0.042899843,0.048566423
Pancreas,Female,tce,,,2,1.5,0.0447742248499678,0.042001799,0.047546651
Pancreas,Female,tce,,,2,1.55,0.0438378065121583,0.041124105,0.046551511
Pancreas,Female,tce,,,2,1.6,0.0429240157972821,0.040266965,0.045581069
Pancreas,Female,tce,,,2,1.65,0.0420328295570421,0.039430425,0.044635236
Pancreas,Female,tce,,,2,1.7,0.0411640855976163,0.038614392,0.043713778
Pancreas,Female,tce,,,2,1.75,0.0403175290337646,0.037818689,0.042816367
Pancreas,Female,tce,,,2,1.8,0.0394928211082989,0.03704305,0.041942593
Pancreas,Female,tce,,,2,1.85,0.0386895644108636,0.036287148,0.041091979
Pancreas,Female,tce,,,2,1.9,0.0379073234326633,0.03555062,0.040264025
Pancreas,Female,tce,,,2,1.95,0.037145623350157,0.034833059,0.039458189
Pancreas,Female,tce,,,2,2.0,0.0364039746261839,0.034134038,0.038673911
Pancreas,Female,tce,,,2,2.05,0.0356700273156454,0.033441957,0.037898101
Pancreas,Female,tce,,,2,2.0999999,0.0349556271347888,0.032768011,0.037143245
Pancreas,Female,tce,,,2,2.1500001,0.0342602285950215,0.032111719,0.036408737
Pancreas,Female,tce,,,2,2.2,0.0335832979748625,0.031472608,0.035693988
Pancreas,Female,tce,,,2,2.25,0.0329242964984634,0.030850191,0.034998402
Pancreas,Female,tce,,,2,2.3,0.0322826960856726,0.030243997,0.034321398
Pancreas,Female,tce,,,2,2.3499999,0.0316579778447735,0.029653555,0.033662401
Pancreas,Female,tce,,,2,2.4000001,0.0310496306202812,0.029078403,0.033020858
Pancreas,Female,tce,,,2,2.45,0.0304571635680409,0.028518099,0.032396227
Pancreas,Female,tce,,,2,2.5,0.0298800895117542,0.027972197,0.03178798
Pancreas,Female,tce,,,2,2.55,0.0293179371422279,0.02744027,0.031195605
Pancreas,Female,tce,,,2,2.5999999,0.0287702484066931,0.026921896,0.030618601
Pancreas,Female,tce,,,2,2.6500001,0.0282365761706624,0.026416671,0.030056482
Pancreas,Female,tce,,,2,2.7,0.0277164943790517,0.0259242,0.029508788
Pancreas,Female,tce,,,2,2.75,0.027209582740535,0.025444102,0.028975064
Pancreas,Female,tce,,,2,2.8,0.0267154368414638,0.024976,0.028454874
Pancreas,Female,tce,,,2,2.8499999,0.0262336653762944,0.024519539,0.027947793
Pancreas,Female,tce,,,2,2.9000001,0.0257638876952869,0.024074364,0.027453411
Pancreas,Female,tce,,,2,2.95,0.0253057424299218,0.023640145,0.02697134
Pancreas,Female,tce,,,2,3.0,0.0248588737499013,0.023216549,0.026501197
Pancreas,Female,tce,,,2,3.05,0.0244145345426373,0.022795366,0.026033703
Pancreas,Female,tce,,,2,3.0999999,0.0239811233941184,0.022384493,0.025577754
Pancreas,Female,tce,,,2,3.1500001,0.023558306677701,0.021983622,0.025132991
Pancreas,Female,tce,,,2,3.2,0.0231457682859239,0.021592461,0.024699075
Pancreas,Female,tce,,,2,3.25,0.0227431971529208,0.021210719,0.024275675
Pancreas,Female,tce,,,2,3.3,0.0223502949874995,0.020838117,0.023862472
Pancreas,Female,tce,,,2,3.3499999,0.0219667738567386,0.020474391,0.023459157
Pancreas,Female,tce,,,2,3.4000001,0.0215923540532047,0.020119278,0.023065431
Pancreas,Female,tce,,,2,3.45,0.0212267708319671,0.019772531,0.022681011
Pancreas,Female,tce,,,2,3.5,0.02086976334826,0.019433906,0.022305621
Pancreas,Female,tce,,,2,3.55,0.0205210814982667,0.019103171,0.021938993
Pancreas,Female,tce,,,2,3.5999999,0.0201804837797106,0.018780099,0.021580869
Pancreas,Female,tce,,,2,3.6500001,0.0198477354013277,0.01846447,0.021231001
Pancreas,Female,tce,,,2,3.7,0.0195226142802287,0.018156078,0.02088915
Pancreas,Female,tce,,,2,3.75,0.0192049012224508,0.017854715,0.020555086
Pancreas,Female,tce,,,2,3.8,0.0188943860152727,0.017560186,0.020228585
Pancreas,Female,tce,,,2,3.8499999,0.0185908655420379,0.017272299,0.01990943
Pancreas,Female,tce,,,2,3.9000001,0.0182941421135674,0.01699087,0.019597413
Pancreas,Female,tce,,,2,3.95,0.0180040288357082,0.016715724,0.019292334
Pancreas,Female,tce,,,2,4.0,0.0177203408719203,0.016446684,0.018993998
Pancreas,Female,tce,,,2,4.0500002,0.0174364234595603,0.016177535,0.018695312
Pancreas,Female,tce,,,2,4.0999999,0.0171588050100674,0.015914379,0.018403232
Pancreas,Female,tce,,,2,4.1500001,0.0168873065974573,0.015657043,0.018117569
Pancreas,Female,tce,,,2,4.1999998,0.0166217654921168,0.015405379,0.017838152
Pancreas,Female,tce,,,2,4.25,0.0163620142222554,0.015159226,0.017564801
Pancreas,Female,tce,,,2,4.3000002,0.0161078982348473,0.014918439,0.017297357
Pancreas,Female,tce,,,2,4.3499999,0.0158592678565453,0.014682877,0.017035659
Pancreas,Female,tce,,,2,4.4000001,0.015615971230471,0.014452396,0.016779548
Pancreas,Female,tce,,,2,4.4499998,0.0153778706035534,0.014226866,0.016528876
Pancreas,Female,tce,,,2,4.5,0.0151448235820338,0.014006152,0.016283495
Pancreas,Female,tce,,,2,4.5500002,0.01491669898196,0.013790131,0.016043268
Pancreas,Female,tce,,,2,4.5999999,0.0146933696438393,0.013578681,0.015808057
Pancreas,Female,tce,,,2,4.6500001,0.0144747060991857,0.013371682,0.01557773
Pancreas,Female,tce,,,2,4.6999998,0.014260591219672,0.013169021,0.015352162
Pancreas,Female,tce,,,2,4.75,0.0140509033864166,0.012970584,0.015131223
Pancreas,Female,tce,,,2,4.8000002,0.0138455307558159,0.012776263,0.014914799
Pancreas,Female,tce,,,2,4.8499999,0.0136443648172082,0.012585958,0.014702772
Pancreas,Female,tce,,,2,4.9000001,0.0134472946968368,0.012399562,0.014495028
Pancreas,Female,tce,,,2,4.9499998,0.013254220369085,0.01221698,0.014291461
Pancreas,Female,tce,,,2,5.0,0.0130650375008687,0.012038114,0.014091962
Pancreas,Female,tde,,,0,0.0,0.0,0.0,0.0
Pancreas,Female,tde,,,0,0.050000001,0.0107611420030893,0.010680973,0.010841312
Pancreas,Female,tde,,,0,0.1,0.0195927092481552,0.019467713,0.019717705
Pancreas,Female,tde,,,0,0.15000001,0.0255497953315146,0.025406059,0.025693532
Pancreas,Female,tde,,,0,0.2,0.0295674604723733,0.029419485,0.029715436
Pancreas,Female,tde,,,0,0.25,0.0323122499138641,0.032167915,0.032456584
Pancreas,Female,tde,,,0,0.30000001,0.0342138128678055,0.034077186,0.03435044
Pancreas,Female,tde,,,0,0.34999999,0.035569841468841,0.035442717,0.035696965
Pancreas,Female,tde,,,0,0.40000001,0.0365684573925954,0.036451377,0.036685538
Pancreas,Female,tde,,,0,0.44999999,0.0373196791417367,0.037212528,0.037426829
Pancreas,Female,tde,,,0,0.5,0.0378904968652374,0.037792809,0.037988182
Pancreas,Female,tde,,,0,0.55000001,0.0383231877263671,0.038234301,0.038412072
Pancreas,Female,tde,,,0,0.60000002,0.038644992663271,0.038564123,0.038725864
Pancreas,Female,tde,,,0,0.64999998,0.0388705264833394,0.038796816,0.038944237
Pancreas,Female,tde,,,0,0.69999999,0.0390096456324687,0.038942195,0.039077096
Pancreas,Female,tde,,,0,0.75,0.0390726899464963,0.039010547,0.03913483
Pancreas,Female,tde,,,0,0.80000001,0.0390698478486414,0.039012033,0.039127663
Pancreas,Female,tde,,,0,0.85000002,0.0390107214329914,0.038956251,0.039065193
Pancreas,Female,tde,,,0,0.89999998,0.0389041135284498,0.038852025,0.038956203
Pancreas,Female,tde,,,0,0.94999999,0.0387579450790806,0.038707346,0.038808543
Pancreas,Female,tde,,,0,1.0,0.0385792503798336,0.038529355,0.038629148
Pancreas,Female,tde,,,0,1.05,0.0383686089401456,0.038318764,0.038418453
Pancreas,Female,tde,,,0,1.1,0.0381371117368709,0.038086791,0.038187433
Pancreas,Female,tde,,,0,1.15,0.0378890671091551,0.037837867,0.037940267
Pancreas,Female,tde,,,0,1.2,0.0376279571994252,0.03757558,0.037680335
Pancreas,Female,tde,,,0,1.25,0.0373566174930052,0.037302859,0.037410375
Pancreas,Female,tde,,,0,1.3,0.0370773663497908,0.037022095,0.037132639
Pancreas,Female,tde,,,0,1.35,0.0367921100109939,0.036735248,0.036848973
Pancreas,Female,tde,,,0,1.4,0.0365024249812714,0.036443934,0.036560915
Pancreas,Female,tde,,,0,1.45,0.036209616108904,0.036149491,0.036269739
Pancreas,Female,tde,,,0,1.5,0.0359147716999461,0.035853032,0.035976514
Pancreas,Female,tde,,,0,1.55,0.0356187980617541,0.035555471,0.035682123
Pancreas,Female,tde,,,0,1.6,0.0353224531041105,0.035257585,0.035387322
Pancreas,Female,tde,,,0,1.65,0.0350263738404774,0.034960013,0.035092734
Pancreas,Female,tde,,,0,1.7,0.0347310919866355,0.034663294,0.03479889
Pancreas,Female,tde,,,0,1.75,0.0344370563331365,0.034367874,0.034506239
Pancreas,Female,tde,,,0,1.8,0.0341446415150202,0.034074135,0.034215149
Pancreas,Female,tde,,,0,1.85,0.0338541614207737,0.033782385,0.033925939
Pancreas,Female,tde,,,0,1.9,0.0335658805849249,0.033492889,0.033638872
Pancreas,Female,tde,,,0,1.95,0.0332800171105638,0.033205867,0.033354171
Pancreas,Female,tde,,,0,2.0,0.032996754642653,0.032921493,0.033072017
Pancreas,Female,tde,,,0,2.05,0.0327117604438144,0.032635454,0.032788064
Pancreas,Female,tde,,,0,2.0999999,0.0324297825572925,0.032352481,0.032507084
Pancreas,Female,tde,,,0,2.1500001,0.0321509147890512,0.03207266,0.03222917
Pancreas,Female,tde,,,0,2.2,0.0318752350184995,0.031796072,0.0319544
Pancreas,Female,tde,,,0,2.25,0.0316028000129247,0.031522766,0.031682834
Pancreas,Female,tde,,,0,2.3,0.0313336531451543,0.03125279,0.031414516
Pancreas,Female,tde,,,0,2.3499999,0.0310678250959249,0.030986166,0.031149484
Pancreas,Female,tde,,,0,2.4000001,0.0308053343604671,0.030722914,0.030887755
Pancreas,Female,tde,,,0,2.45,0.0305461937450411,0.030463045,0.030629342
Pancreas,Female,tde,,,0,2.5,0.030290404155758,0.030206557,0.030374251
Pancreas,Female,tde,,,0,2.55,0.0300379607438841,0.029953443,0.030122479
Pancreas,Female,tde,,,0,2.5999999,0.0297888526187686,0.029703692,0.029874014
Pancreas,Female,tde,,,0,2.6500001,0.0295430625278224,0.029457282,0.029628843
Pancreas,Female,tde,,,0,2.7,0.0293005722626691,0.029214198,0.029386947
Pancreas,Female,tde,,,0,2.75,0.0290613562664239,0.028974408,0.029148303
Pancreas,Female,tde,,,0,2.8,0.0288253868950061,0.028737888,0.028912885
Pancreas,Female,tde,,,0,2.8499999,0.028592633724167,0.028504603,0.028680665
Pancreas,Female,tde,,,0,2.9000001,0.0283630628881384,0.028274519,0.028451607
Pancreas,Female,tde,,,0,2.95,0.0281366418158272,0.028047601,0.028225683
Pancreas,Female,tde,,,0,3.0,0.0279133329895418,0.027823813,0.028002853
Pancreas,Female,tde,,,0,3.05,0.0276894438930878,0.027599474,0.027779413
Pancreas,Female,tde,,,0,3.0999999,0.027468691708505,0.027378287,0.027559096
Pancreas,Female,tde,,,0,3.1500001,0.0272510323246778,0.027160207,0.027341858
Pancreas,Female,tde,,,0,3.2,0.0270364241516516,0.026945191,0.027127657
Pancreas,Female,tde,,,0,3.25,0.0268248220590694,0.026733192,0.026916452
Pancreas,Female,tde,,,0,3.3,0.0266161816869255,0.026524168,0.026708195
Pancreas,Female,tde,,,0,3.3499999,0.026410458526937,0.026318071,0.026502846
Pancreas,Female,tde,,,0,3.4000001,0.0262076070726762,0.026114857,0.026300358
Pancreas,Female,tde,,,0,3.45,0.0260075847714637,0.025914481,0.02610069
Pancreas,Female,tde,,,0,3.5,0.0258103463052347,0.025716899,0.025903795
Pancreas,Female,tde,,,0,3.55,0.0256158475462629,0.025522064,0.025709631
Pancreas,Female,tde,,,0,3.5999999,0.0254240446466156,0.025329934,0.025518155
Pancreas,Female,tde,,,0,3.6500001,0.025234893197453,0.025140464,0.025329322
Pancreas,Female,tde,,,0,3.7,0.0250483518715368,0.024953613,0.025143091
Pancreas,Female,tde,,,0,3.75,0.0248643770526284,0.024769334,0.024959419
Pancreas,Female,tde,,,0,3.8,0.0246829264904649,0.024587587,0.024778266
Pancreas,Female,tde,,,0,3.8499999,0.0245039584220922,0.024408329,0.024599588
Pancreas,Female,tde,,,0,3.9000001,0.0243274307607861,0.024231518,0.024423344
Pancreas,Female,tde,,,0,3.95,0.0241533044721612,0.024057114,0.024249494
Pancreas,Female,tde,,,0,4.0,0.0239815385411299,0.023885077,0.024078
Pancreas,Female,tde,,,0,4.0500002,0.0238090149887085,0.023712302,0.023905728
Pancreas,Female,tde,,,0,4.0999999,0.0236388497762453,0.02354189,0.02373581
Pancreas,Female,tde,,,0,4.1500001,0.0234709990241178,0.023373798,0.0235682
Pancreas,Female,tde,,,0,4.1999998,0.0233054259638096,0.023207989,0.023402862
Pancreas,Female,tde,,,0,4.25,0.0231420881316984,0.023044419,0.023239756
Pancreas,Female,tde,,,0,4.3000002,0.0229809484765973,0.022883052,0.023078844
Pancreas,Female,tde,,,0,4.3499999,0.022821970526747,0.022723852,0.022920089
Pancreas,Female,tde,,,0,4.4000001,0.0226651139329319,0.022566777,0.022763452
Pancreas,Female,tde,,,0,4.4499998,0.0225103450270535,0.022411793,0.022608897
Pancreas,Female,tde,,,0,4.5,0.0223576248484866,0.022258863,0.022456387
Pancreas,Female,tde,,,0,4.5500002,0.0222069195202661,0.022107951,0.022305887
Pancreas,Female,tde,,,0,4.5999999,0.0220581957282245,0.021959025,0.022157367
Pancreas,Female,tde,,,0,4.6500001,0.0219114165454214,0.021812046,0.022010786
Pancreas,Female,tde,,,0,4.6999998,0.0217665513067605,0.021666985,0.021866117
Pancreas,Female,tde,,,0,4.75,0.0216235644012165,0.021523807,0.021723323
Pancreas,Female,tde,,,0,4.8000002,0.0214824249800683,0.021382479,0.021582371
Pancreas,Female,tde,,,0,4.8499999,0.0213431027243096,0.021242971,0.021443235
Pancreas,Female,tde,,,0,4.9000001,0.0212055639289807,0.02110525,0.021305878
Pancreas,Female,tde,,,0,4.9499998,0.0210697807524211,0.020969288,0.021170273
Pancreas,Female,tde,,,0,5.0,0.0209357207123194,0.020835051,0.02103639
Pancreas,Female,tde,,,1,0.0,0.0,0.0,0.0
Pancreas,Female,tde,,,1,0.050000001,0.008599536103253,0.0085113635,0.0086877085
Pancreas,Female,tde,,,1,0.1,0.0159875911783201,0.015842652,0.01613253
Pancreas,Female,tde,,,1,0.15000001,0.0211069910069886,0.02093445,0.021279532
Pancreas,Female,tde,,,1,0.2,0.0246175812027794,0.024435515,0.024799649
Pancreas,Female,tde,,,1,0.25,0.0270487504689088,0.026867768,0.027229734
Pancreas,Female,tde,,,1,0.30000001,0.0287611593578127,0.028587176,0.028935142
Pancreas,Female,tde,,,1,0.34999999,0.0300169411411664,0.029852889,0.030180993
Pancreas,Female,tde,,,1,0.40000001,0.030985458393017,0.030832561,0.031138355
Pancreas,Female,tde,,,1,0.44999999,0.0317650278978935,0.031623602,0.031906452
Pancreas,Female,tde,,,1,0.5,0.0324141823938234,0.032284066,0.0325443
Pancreas,Female,tde,,,1,0.55000001,0.0329684753645756,0.032849248,0.033087701
Pancreas,Female,tde,,,1,0.60000002,0.0334493559584415,0.033340476,0.033558235
Pancreas,Female,tde,,,1,0.64999998,0.0338642044850362,0.033765074,0.033963334
Pancreas,Female,tde,,,1,0.69999999,0.0342149155445693,0.034124911,0.034304921
Pancreas,Female,tde,,,1,0.75,0.0345051446962384,0.034423608,0.034586683
Pancreas,Female,tde,,,1,0.80000001,0.0347395815346233,0.034665801,0.034813359
Pancreas,Female,tde,,,1,0.85000002,0.0349233570214412,0.034856573,0.034990139
Pancreas,Female,tde,,,1,0.89999998,0.0350616821171366,0.03500108,0.035122283
Pancreas,Female,tde,,,1,0.94999999,0.0351596309782667,0.035104338,0.035214923
Pancreas,Female,tde,,,1,1.0,0.0352220137079922,0.03517111,0.035272915
Pancreas,Female,tde,,,1,1.05,0.0352511669984724,0.035203699,0.035298634
Pancreas,Female,tde,,,1,1.1,0.0352538081887331,0.035208821,0.035298795
Pancreas,Female,tde,,,1,1.15,0.0352337439438037,0.03519031,0.035277177
Pancreas,Female,tde,,,1,1.2,0.0351941267082997,0.035151392,0.035236858
Pancreas,Female,tde,,,1,1.25,0.0351375904471439,0.035094813,0.035180368
Pancreas,Female,tde,,,1,1.3,0.0350663536892282,0.035022914,0.035109792
Pancreas,Female,tde,,,1,1.35,0.0349822995701256,0.034937717,0.035026882
Pancreas,Female,tde,,,1,1.4,0.0348870387695704,0.034840949,0.034933131
Pancreas,Female,tde,,,1,1.45,0.034781956819181,0.0347341,0.034829814
Pancreas,Female,tde,,,1,1.5,0.0346682544820523,0.03461846,0.034718048
Pancreas,Female,tde,,,1,1.55,0.0345469768158353,0.034495138,0.034598816
Pancreas,Female,tde,,,1,1.6,0.0344190385558359,0.034365099,0.034472976
Pancreas,Female,tde,,,1,1.65,0.0342852451210205,0.034229185,0.034341305
Pancreas,Female,tde,,,1,1.7,0.0341463067652202,0.034088131,0.034204483
Pancreas,Female,tde,,,1,1.75,0.0340028545298652,0.033942591,0.034063119
Pancreas,Female,tde,,,1,1.8,0.0338554490493989,0.033793133,0.033917762
Pancreas,Female,tde,,,1,1.85,0.0337045907405396,0.033640273,0.033768907
Pancreas,Female,tde,,,1,1.9,0.0335507286669811,0.033484463,0.033616994
Pancreas,Female,tde,,,1,1.95,0.0333942645338861,0.033326108,0.03346242
Pancreas,Female,tde,,,1,2.0,0.033235561157449,0.033165574,0.033305548
Pancreas,Female,tde,,,1,2.05,0.0330726916057283,0.033000939,0.033144444
Pancreas,Female,tde,,,1,2.0999999,0.0329082347127905,0.032834779,0.03298169
Pancreas,Female,tde,,,1,2.1500001,0.0327424568375358,0.032667354,0.032817561
Pancreas,Female,tde,,,1,2.2,0.0325756015266059,0.032498907,0.032652292
Pancreas,Female,tde,,,1,2.25,0.0324078874156374,0.03232966,0.032486115
Pancreas,Female,tde,,,1,2.3,0.0322395136979325,0.032159809,0.032319218
Pancreas,Female,tde,,,1,2.3499999,0.0320706613645183,0.03198953,0.032151796
Pancreas,Female,tde,,,1,2.4000001,0.0319014941821841,0.031818982,0.031984005
Pancreas,Female,tde,,,1,2.45,0.0317321634989709,0.031648323,0.031816006
Pancreas,Female,tde,,,1,2.5,0.0315628048014988,0.031477679,0.031647932
Pancreas,Female,tde,,,1,2.55,0.0313935421843838,0.031307172,0.031479914
Pancreas,Female,tde,,,1,2.5999999,0.0312244886531876,0.031136917,0.03131206
Pancreas,Female,tde,,,1,2.6500001,0.0310557463124643,0.030967012,0.031144481
Pancreas,Female,tde,,,1,2.7,0.0308874104720536,0.03079755,0.030977271
Pancreas,Female,tde,,,1,2.75,0.0307195656179149,0.030628614,0.030810516
Pancreas,Female,tde,,,1,2.8,0.0305522893526341,0.030460281,0.030644298
Pancreas,Female,tde,,,1,2.8499999,0.0303856522399443,0.030292619,0.030478686
Pancreas,Female,tde,,,1,2.9000001,0.0302197176031904,0.030125689,0.030313745
Pancreas,Female,tde,,,1,2.95,0.030054545219767,0.02995955,0.03014954
Pancreas,Female,tde,,,1,3.0,0.029890187057028,0.029794253,0.029986121
Pancreas,Female,tde,,,1,3.05,0.0297244931807679,0.029627655,0.029821333
Pancreas,Female,tde,,,1,3.0999999,0.0295597397856632,0.029462021,0.029657459
Pancreas,Female,tde,,,1,3.1500001,0.0293959645906418,0.029297389,0.029494541
Pancreas,Female,tde,,,1,3.2,0.0292332037477461,0.029133793,0.029332615
Pancreas,Female,tde,,,1,3.25,0.029071487463849,0.028971262,0.029171713
Pancreas,Female,tde,,,1,3.3,0.0289108434109149,0.028809827,0.02901186
Pancreas,Female,tde,,,1,3.3499999,0.0287512962008723,0.028649505,0.028853087
Pancreas,Female,tde,,,1,3.4000001,0.0285928668697939,0.02849032,0.028695414
Pancreas,Female,tde,,,1,3.45,0.0284355761120171,0.028332291,0.02853886
Pancreas,Female,tde,,,1,3.5,0.0282794399474797,0.028175434,0.028383445
Pancreas,Female,tde,,,1,3.55,0.0281244729331878,0.028019764,0.028229183
Pancreas,Female,tde,,,1,3.5999999,0.02797068757481,0.027865289,0.028076086
Pancreas,Female,tde,,,1,3.6500001,0.0278180937584048,0.027712019,0.027924167
Pancreas,Female,tde,,,1,3.7,0.0276667017996279,0.027559968,0.027773436
Pancreas,Female,tde,,,1,3.75,0.027516518211294,0.027409136,0.027623899
Pancreas,Female,tde,,,1,3.8,0.0273675487428383,0.027259532,0.027475566
Pancreas,Female,tde,,,1,3.8499999,0.0272197977638039,0.02711116,0.027328435
Pancreas,Female,tde,,,1,3.9000001,0.0270732676735057,0.02696402,0.027182516
Pancreas,Female,tde,,,1,3.95,0.0269279617876693,0.026818115,0.027037809
Pancreas,Female,tde,,,1,4.0,0.0267838802366304,0.026673447,0.026894314
Pancreas,Female,tde,,,1,4.0500002,0.0266390046545563,0.026528003,0.026750006
Pancreas,Female,tde,,,1,4.0999999,0.026495385011866,0.026383827,0.026606943
Pancreas,Female,tde,,,1,4.1500001,0.0263530160931028,0.026240909,0.026465122
Pancreas,Female,tde,,,1,4.1999998,0.0262118973567626,0.026099253,0.026324542
Pancreas,Female,tde,,,1,4.25,0.0260720221358605,0.025958849,0.026185194
Pancreas,Female,tde,,,1,4.3000002,0.0259333871465481,0.025819695,0.026047079
Pancreas,Female,tde,,,1,4.3499999,0.025795988451406,0.025681786,0.025910191
Pancreas,Female,tde,,,1,4.4000001,0.0256598176317959,0.025545113,0.025774524
Pancreas,Female,tde,,,1,4.4499998,0.0255248709776181,0.025409671,0.02564007
Pancreas,Female,tde,,,1,4.5,0.0253911391414268,0.025275452,0.025506826
Pancreas,Female,tde,,,1,4.5500002,0.0252586162166431,0.025142452,0.025374781
Pancreas,Female,tde,,,1,4.5999999,0.0251272958623269,0.025010658,0.025243932
Pancreas,Female,tde,,,1,4.6500001,0.0249971676328433,0.024880067,0.025114268
Pancreas,Female,tde,,,1,4.6999998,0.0248682257485678,0.024750669,0.024985783
Pancreas,Female,tde,,,1,4.75,0.02474045919781,0.024622452,0.024858467
Pancreas,Female,tde,,,1,4.8000002,0.0246138604010991,0.02449541,0.024732312
Pancreas,Female,tde,,,1,4.8499999,0.0244884214982112,0.024369534,0.02460731
Pancreas,Female,tde,,,1,4.9000001,0.0243641308338358,0.024244811,0.02448345
Pancreas,Female,tde,,,1,4.9499998,0.0242409813269301,0.024121238,0.024360724
Pancreas,Female,tde,,,1,5.0,0.0241189610088751,0.023998801,0.024239123
Pancreas,Female,tde,,,2,0.0,0.0,0.0,0.0
Pancreas,Female,tde,,,2,0.050000001,0.0166693066466356,0.01649609,0.016842522
Pancreas,Female,tde,,,2,0.1,0.0294463236917605,0.029205626,0.029687021
Pancreas,Female,tde,,,2,0.15000001,0.0376929984150865,0.037445106,0.03794089
Pancreas,Female,tde,,,2,0.2,0.0430966156678937,0.042867269,0.043325964
Pancreas,Female,tde,,,2,0.25,0.0466986009709025,0.046497632,0.046899568
Pancreas,Female,tde,,,2,0.30000001,0.0491171653631367,0.048947062,0.049287267
Pancreas,Female,tde,,,2,0.34999999,0.0507471915064164,0.050607186,0.050887197
Pancreas,Female,tde,,,2,0.40000001,0.0518280740029877,0.051716078,0.051940072
Pancreas,Female,tde,,,2,0.44999999,0.0525018148347372,0.052415084,0.052588545
Pancreas,Female,tde,,,2,0.5,0.0528585201942816,0.052793641,0.0529234
Pancreas,Female,tde,,,2,0.55000001,0.0529588446029019,0.052911054,0.053006634
Pancreas,Female,tde,,,2,0.60000002,0.05284585928864,0.052807577,0.052884139
Pancreas,Female,tde,,,2,0.64999998,0.0525539526003865,0.05251506,0.052592844
Pancreas,Female,tde,,,2,0.69999999,0.0521147425341844,0.052067712,0.052161776
Pancreas,Female,tde,,,2,0.75,0.0515568385868268,0.051498733,0.051614944
Pancreas,Female,tde,,,2,0.80000001,0.0509054587412461,0.050835833,0.050975084
Pancreas,Female,tde,,,2,0.85000002,0.0501824257216591,0.050101809,0.050263043
Pancreas,Female,tde,,,2,0.89999998,0.0494063597571874,0.049315646,0.049497072
Pancreas,Female,tde,,,2,0.94999999,0.0485929627150024,0.048493154,0.04869277
Pancreas,Female,tde,,,2,1.0,0.0477553481162858,0.047647446,0.047863249
Pancreas,Female,tde,,,2,1.05,0.0468892926871209,0.046774302,0.047004286
Pancreas,Female,tde,,,2,1.1,0.04601784155955,0.045896627,0.046139058
Pancreas,Female,tde,,,2,1.15,0.0451466742631264,0.045020018,0.04527333
Pancreas,Female,tde,,,2,1.2,0.0442801740800051,0.044148766,0.044411581
Pancreas,Female,tde,,,2,1.25,0.0434217272969822,0.043286182,0.043557271
Pancreas,Female,tde,,,2,1.3,0.0425739251349792,0.042434786,0.042713065
Pancreas,Female,tde,,,2,1.35,0.0417387369882189,0.04159648,0.041880991
Pancreas,Female,tde,,,2,1.4,0.0409176459530348,0.040772699,0.041062593
Pancreas,Female,tde,,,2,1.45,0.0401117363516417,0.039964467,0.040259007
Pancreas,Female,tde,,,2,1.5,0.0393217891192134,0.039172526,0.039471053
Pancreas,Female,tde,,,2,1.55,0.0385483313267308,0.038397364,0.038699299
Pancreas,Female,tde,,,2,1.6,0.0377916922438564,0.037639275,0.037944108
Pancreas,Female,tde,,,2,1.65,0.0370520485931899,0.036898408,0.037205689
Pancreas,Female,tde,,,2,1.7,0.036329444105075,0.036174778,0.036484111
Pancreas,Female,tde,,,2,1.75,0.0356238294366179,0.035468314,0.035779346
Pancreas,Female,tde,,,2,1.8,0.0349350708438325,0.034778856,0.035091285
Pancreas,Female,tde,,,2,1.85,0.0342629723907739,0.034106199,0.034419749
Pancreas,Female,tde,,,2,1.9,0.0336072942514422,0.033450078,0.033764511
Pancreas,Female,tde,,,2,1.95,0.0329677527023572,0.0328102,0.033125304
Pancreas,Female,tde,,,2,2.0,0.0323440416724154,0.032186247,0.032501835
Pancreas,Female,tde,,,2,2.05,0.0317252528062584,0.031567361,0.031883147
Pancreas,Female,tde,,,2,2.0999999,0.0311220630932793,0.030964144,0.031279981
Pancreas,Female,tde,,,2,2.1500001,0.030534094712694,0.030376211,0.030691978
Pancreas,Female,tde,,,2,2.2,0.029960972737373,0.029803181,0.030118763
Pancreas,Female,tde,,,2,2.25,0.0294023115112826,0.029244661,0.029559961
Pancreas,Female,tde,,,2,2.3,0.0288577285141602,0.028700262,0.029015195
Pancreas,Female,tde,,,2,2.3499999,0.0283268435942469,0.0281696,0.028484086
Pancreas,Female,tde,,,2,2.4000001,0.027809278186289,0.027652292,0.027966265
Pancreas,Female,tde,,,2,2.45,0.0273046664300885,0.027147966,0.027461367
Pancreas,Female,tde,,,2,2.5,0.0268126413923599,0.026656253,0.02696903
Pancreas,Female,tde,,,2,2.55,0.0263328457926276,0.026176792,0.0264889
Pancreas,Female,tde,,,2,2.5999999,0.0258649301034768,0.02570923,0.026020629
Pancreas,Female,tde,,,2,2.6500001,0.025408550841874,0.025253223,0.025563879
Pancreas,Female,tde,,,2,2.7,0.0249633795281264,0.024808438,0.025118321
Pancreas,Female,tde,,,2,2.75,0.0245290898330198,0.024374548,0.02468363
Pancreas,Female,tde,,,2,2.8,0.0241053664491961,0.023951238,0.024259495
Pancreas,Female,tde,,,2,2.8499999,0.0236919029290936,0.023538196,0.023845609
Pancreas,Female,tde,,,2,2.9000001,0.0232883997668111,0.023135124,0.023441676
Pancreas,Female,tde,,,2,2.95,0.0228945719816578,0.022741735,0.02304741
Pancreas,Female,tde,,,2,3.0,0.0225101374727934,0.022357745,0.02266253
Pancreas,Female,tde,,,2,3.05,0.0221271874936874,0.021975301,0.022279073
Pancreas,Female,tde,,,2,3.0999999,0.0217533777753047,0.021602003,0.021904752
Pancreas,Female,tde,,,2,3.1500001,0.0213884405462547,0.021237582,0.021539301
Pancreas,Female,tde,,,2,3.2,0.0210321217298773,0.020881779,0.021182463
Pancreas,Female,tde,,,2,3.25,0.0206841702818876,0.020534348,0.020833991
Pancreas,Female,tde,,,2,3.3,0.0203443449623871,0.020195045,0.020493645
Pancreas,Female,tde,,,2,3.3499999,0.0200124123417033,0.019863635,0.020161189
Pancreas,Female,tde,,,2,3.4000001,0.0196881450374963,0.019539893,0.019836398
Pancreas,Female,tde,,,2,3.45,0.0193713276284849,0.019223601,0.019519055
Pancreas,Female,tde,,,2,3.5,0.0190617471457757,0.018914545,0.019208949
Pancreas,Female,tde,,,2,3.55,0.0187591990628117,0.018612523,0.018905874
Pancreas,Female,tde,,,2,3.5999999,0.0184634855043431,0.018317336,0.018609636
Pancreas,Female,tde,,,2,3.6500001,0.0181744136611219,0.01802879,0.018320037
Pancreas,Female,tde,,,2,3.7,0.0178918010540403,0.017746704,0.0180369
Pancreas,Female,tde,,,2,3.75,0.0176154670526559,0.017470894,0.01776004
Pancreas,Female,tde,,,2,3.8,0.017345238212527,0.017201191,0.017489286
Pancreas,Female,tde,,,2,3.8499999,0.0170809466800028,0.016937423,0.01722447
Pancreas,Female,tde,,,2,3.9000001,0.0168224287778148,0.01667943,0.016965428
Pancreas,Female,tde,,,2,3.95,0.0165695297190098,0.016427055,0.016712004
Pancreas,Female,tde,,,2,4.0,0.0163220960286235,0.016180143,0.016464049
Pancreas,Female,tde,,,2,4.0500002,0.0160740042327562,0.015932629,0.01621538
Pancreas,Female,tde,,,2,4.0999999,0.0158312838904301,0.015690483,0.015972085
Pancreas,Female,tde,,,2,4.1500001,0.0155937854439899,0.015453558,0.015734013
Pancreas,Female,tde,,,2,4.1999998,0.0153613731081874,0.015221718,0.015501028
Pancreas,Female,tde,,,2,4.25,0.0151339065789799,0.014994822,0.015272991
Pancreas,Female,tde,,,2,4.3000002,0.0149112565113025,0.014772741,0.015049771
Pancreas,Female,tde,,,2,4.3499999,0.0146932975095823,0.01455535,0.014831245
Pancreas,Female,tde,,,2,4.4000001,0.0144799019510134,0.01434252,0.014617284
Pancreas,Female,tde,,,2,4.4499998,0.0142709542854167,0.014134138,0.014407771
Pancreas,Female,tde,,,2,4.5,0.0140663346125562,0.013930081,0.014202588
Pancreas,Female,tde,,,2,4.5500002,0.0138659326059873,0.013730241,0.014001625
Pancreas,Female,tde,,,2,4.5999999,0.0136696412275264,0.01353451,0.013804773
Pancreas,Female,tde,,,2,4.6500001,0.0134773511707513,0.013342779,0.013611924
Pancreas,Female,tde,,,2,4.6999998,0.013288963752866,0.013154949,0.013422979
Pancreas,Female,tde,,,2,4.75,0.0131043761272204,0.012970917,0.013237835
Pancreas,Female,tde,,,2,4.8000002,0.0129234938448956,0.01279059,0.013056397
Pancreas,Female,tde,,,2,4.8499999,0.0127462252018825,0.012613875,0.012878576
Pancreas,Female,tde,,,2,4.9000001,0.0125724762264753,0.012440678,0.012704275
Pancreas,Female,tde,,,2,4.9499998,0.0124021623334822,0.012270914,0.01253341
Pancreas,Female,tde,,,2,5.0,0.0122351949719673,0.012104496,0.012365893
Pancreas,Female,tie,,,0,0.0,0.0,0.0,0.0
Pancreas,Female,tie,,,0,0.050000001,0.0016257957182099,0.00092523015,0.0023263614
Pancreas,Female,tie,,,0,0.1,0.0029407260338956,0.0016590684,0.0042223837
Pancreas,Female,tie,,,0,0.15000001,0.0038338732055613,0.0021373814,0.0055303653
Pancreas,Female,tie,,,0,0.2,0.0044376625099696,0.0024416454,0.0064336797
Pancreas,Female,tie,,,0,0.25,0.0048457411997843,0.002629701,0.0070617814
Pancreas,Female,tie,,,0,0.30000001,0.0051196894365527,0.0027394192,0.0074999598
Pancreas,Female,tie,,,0,0.34999999,0.0053039032825144,0.0027972376,0.0078105689
Pancreas,Female,tie,,,0,0.40000001,0.0054272271798691,0.0028198978,0.0080345562
Pancreas,Female,tie,,,0,0.44999999,0.0055068516518068,0.002817319,0.0081963846
Pancreas,Female,tie,,,0,0.5,0.0055534917855623,0.0027956697,0.0083113136
Pancreas,Female,tie,,,0,0.55000001,0.0055741131064991,0.0027589668,0.0083892597
Pancreas,Female,tie,,,0,0.60000002,0.0055733797631378,0.0027099331,0.0084368261
Pancreas,Female,tie,,,0,0.64999998,0.0055540452355453,0.0026504691,0.0084576216
Pancreas,Female,tie,,,0,0.69999999,0.0055182261445916,0.0025822599,0.0084541924
Pancreas,Female,tie,,,0,0.75,0.005468170030584,0.0025069662,0.0084293736
Pancreas,Female,tie,,,0,0.80000001,0.0054061050155319,0.0024261437,0.0083860662
Pancreas,Female,tie,,,0,0.85000002,0.0053341389793821,0.0023412029,0.0083270753
Pancreas,Female,tie,,,0,0.89999998,0.0052542061372005,0.0022533895,0.0082550226
Pancreas,Female,tie,,,0,0.94999999,0.0051680426664131,0.0021637827,0.0081723025
Pancreas,Female,tie,,,0,1.0,0.0050771816504483,0.0020733031,0.0080810599
Pancreas,Female,tie,,,0,1.05,0.0049821611517936,0.0019821627,0.00798216
Pancreas,Female,tie,,,0,1.1,0.0048849107323084,0.0018914805,0.0078783408
Pancreas,Female,tie,,,0,1.15,0.0047863012481278,0.0018016563,0.0077709462
Pancreas,Female,tie,,,0,1.2,0.0046870256444804,0.0017129896,0.0076610614
Pancreas,Female,tie,,,0,1.25,0.0045876366524163,0.0016257059,0.0075495676
Pancreas,Female,tie,,,0,1.3,0.004488573262107,0.0015399682,0.0074371784
Pancreas,Female,tie,,,0,1.35,0.0043901836308961,0.0014558944,0.007324473
Pancreas,Female,tie,,,0,1.4,0.004292743384936,0.0013735649,0.0072119217
Pancreas,Female,tie,,,0,1.45,0.0041964680061686,0.0012930315,0.0070999046
Pancreas,Female,tie,,,0,1.5,0.004101525910775,0.0012143234,0.0069887284
Pancreas,Female,tie,,,0,1.55,0.0040080458537596,0.0011374516,0.00687864
Pancreas,Female,tie,,,0,1.6,0.0039161249078088,0.0010624141,0.0067698359
Pancreas,Female,tie,,,0,1.65,0.0038258349947258,0.00098919764,0.0066624722
Pancreas,Female,tie,,,0,1.7,0.0037372261451222,0.0009177812,0.0065566711
Pancreas,Female,tie,,,0,1.75,0.0036503321181228,0.00084813725,0.0064525269
Pancreas,Female,tie,,,0,1.8,0.0035651720977556,0.00078023371,0.0063501103
Pancreas,Female,tie,,,0,1.85,0.0034817539544513,0.00071403489,0.006249473
Pancreas,Female,tie,,,0,1.9,0.0034000769653109,0.00064950302,0.0061506508
Pancreas,Female,tie,,,0,1.95,0.0033201321945573,0.00058659841,0.0060536661
Pancreas,Female,tie,,,0,2.0,0.0032419055037701,0.00052528072,0.0059585301
Pancreas,Female,tie,,,0,2.05,0.0031648902891603,0.00046520552,0.005864575
Pancreas,Female,tie,,,0,2.0999999,0.0030895781539967,0.00040665589,0.0057725003
Pancreas,Female,tie,,,0,2.1500001,0.0030159414026717,0.00034958974,0.0056822929
Pancreas,Female,tie,,,0,2.2,0.0029439511684278,0.00029396568,0.0055939369
Pancreas,Female,tie,,,0,2.25,0.0028735758634827,0.00023974298,0.0055074086
Pancreas,Female,tie,,,0,2.3,0.0028047830511477,0.00018688098,0.0054226853
Pancreas,Female,tie,,,0,2.3499999,0.0027375394701232,0.00013534096,0.005339738
Pancreas,Female,tie,,,0,2.4000001,0.0026718110372261,8.5084495e-05,0.0052585374
Pancreas,Female,tie,,,0,2.45,0.00260756435078,3.6074533e-05,0.0051790541
Pancreas,Female,tie,,,0,2.5,0.0025447650209996,-1.1724912e-05,0.0051012551
Pancreas,Female,tie,,,0,2.55,0.002483379102677,-5.8349153e-05,0.0050251074
Pancreas,Female,tie,,,0,2.5999999,0.0024233729178842,-0.00010383187,0.0049505779
Pancreas,Female,tie,,,0,2.6500001,0.0023647128921653,-0.00014820596,0.0048776316
Pancreas,Female,tie,,,0,2.7,0.002307366757149,-0.00019150322,0.0048062368
Pancreas,Female,tie,,,0,2.75,0.0022513019438969,-0.00023375395,0.0047363578
Pancreas,Female,tie,,,0,2.8,0.0021964867636362,-0.00027498844,0.004667962
Pancreas,Female,tie,,,0,2.8499999,0.002142890167373,-0.00031523482,0.0046010152
Pancreas,Female,tie,,,0,2.9000001,0.002090481530327,-0.00035452141,0.0045354846
Pancreas,Female,tie,,,0,2.95,0.0020392316682753,-0.00039287398,0.0044713374
Pancreas,Female,tie,,,0,3.0,0.0019891113531725,-0.00043031902,0.0044085416
Pancreas,Female,tie,,,0,3.05,0.0019397855927813,-0.00046703976,0.004346611
Pancreas,Female,tie,,,0,3.0999999,0.0018915505545557,-0.00050288835,0.0042859893
Pancreas,Female,tie,,,0,3.1500001,0.00184437850978,-0.00053788937,0.0042266464
Pancreas,Female,tie,,,0,3.2,0.0017982431481214,-0.00057206478,0.0041685509
Pancreas,Female,tie,,,0,3.25,0.0017531182191833,-0.00060543709,0.0041116737
Pancreas,Female,tie,,,0,3.3,0.0017089784259069,-0.00063802762,0.0040559843
Pancreas,Female,tie,,,0,3.3499999,0.0016657991841192,-0.00066985702,0.0040014554
Pancreas,Female,tie,,,0,3.4000001,0.0016235564089265,-0.00070094527,0.003948058
Pancreas,Female,tie,,,0,3.45,0.001582227300521,-0.00073131104,0.0038957656
Pancreas,Female,tie,,,0,3.5,0.001541789119576,-0.00076097343,0.0038445517
Pancreas,Female,tie,,,0,3.55,0.0015022199805433,-0.00078995002,0.00379439
Pancreas,Female,tie,,,0,3.5999999,0.001463498630896,-0.00081825838,0.0037452558
Pancreas,Female,tie,,,0,3.6500001,0.0014256042550573,-0.000845915,0.0036971236
Pancreas,Female,tie,,,0,3.7,0.0013885171758238,-0.00087293639,0.0036499707
Pancreas,Female,tie,,,0,3.75,0.0013522177529888,-0.00089933805,0.0036037734
Pancreas,Female,tie,,,0,3.8,0.0013166870927115,-0.00092513498,0.0035585091
Pancreas,Female,tie,,,0,3.8499999,0.0012819068478263,-0.0009503421,0.0035141557
Pancreas,Female,tie,,,0,3.9000001,0.001247859040421,-0.00097497355,0.0034706916
Pancreas,Female,tie,,,0,3.95,0.0012145266912513,-0.00099904288,0.0034280962
Pancreas,Female,tie,,,0,4.0,0.0011818928296015,-0.0010225637,0.0033863494
Pancreas,Female,tie,,,0,4.0500002,0.0011497506255352,-0.0010456135,0.0033451149
Pancreas,Female,tie,,,0,4.0999999,0.0011182862489003,-0.0010681316,0.0033047041
Pancreas,Female,tie,,,0,4.1500001,0.0010874832824496,-0.0010901304,0.003265097
Pancreas,Female,tie,,,0,4.1999998,0.0010573269489408,-0.0011116217,0.0032262756
Pancreas,Female,tie,,,0,4.25,0.0010278017455009,-0.0011326179,0.0031882215
Pancreas,Female,tie,,,0,4.3000002,0.0009988934578369,-0.0011531299,0.0031509167
Pancreas,Female,tie,,,0,4.3499999,0.0009705882570101,-0.0011731684,0.003114345
Pancreas,Female,tie,,,0,4.4000001,0.0009428719025845,-0.0011927446,0.0030784884
Pancreas,Female,tie,,,0,4.4499998,0.000915731605145,-0.0012118684,0.0030433317
Pancreas,Female,tie,,,0,4.5,0.0008891538985011,-0.0012305502,0.0030088581
Pancreas,Female,tie,,,0,4.5500002,0.0008631264530961,-0.0012487996,0.0029750525
Pancreas,Female,tie,,,0,4.5999999,0.0008376372641233,-0.0012666262,0.0029419006
Pancreas,Female,tie,,,0,4.6500001,0.0008126739345314,-0.0012840392,0.002909387
Pancreas,Female,tie,,,0,4.6999998,0.000788225353151,-0.0013010474,0.002877498
Pancreas,Female,tie,,,0,4.75,0.0007642797790632,-0.0013176597,0.0028462193
Pancreas,Female,tie,,,0,4.8000002,0.0007408264758422,-0.0013338847,0.0028155376
Pancreas,Female,tie,,,0,4.8499999,0.0007178549811135,-0.0013497302,0.0027854401
Pancreas,Female,tie,,,0,4.9000001,0.0006953544609811,-0.0013652047,0.0027559137
Pancreas,Female,tie,,,0,4.9499998,0.0006733152232083,-0.0013803157,0.0027269463
Pancreas,Female,tie,,,0,5.0,0.0006517269913119,-0.001395071,0.0026985251
Pancreas,Female,tie,,,1,0.0,0.0,0.0,0.0
Pancreas,Female,tie,,,1,0.050000001,0.0009463578054474,0.00027519508,0.0016175206
Pancreas,Female,tie,,,1,0.1,0.0017968914478911,0.00052652258,0.0030672604
Pancreas,Female,tie,,,1,0.15000001,0.0024388559638392,0.00070756197,0.00417015
Pancreas,Female,tie,,,1,0.2,0.0029185667859551,0.00083236798,0.0050047655
Pancreas,Female,tie,,,1,0.25,0.0032773299367992,0.00091501576,0.0056396443
Pancreas,Female,tie,,,1,0.30000001,0.0035460989368352,0.0009663672,0.0061258306
Pancreas,Female,tie,,,1,0.34999999,0.0037507480656574,0.00099513482,0.0065063615
Pancreas,Female,tie,,,1,0.40000001,0.0039096745139497,0.0010073396,0.0068120095
Pancreas,Female,tie,,,1,0.44999999,0.0040343095208859,0.0010067509,0.007061868
Pancreas,Female,tie,,,1,0.5,0.0041320093218038,0.00099582307,0.0072681955
Pancreas,Female,tie,,,1,0.55000001,0.0042076714652104,0.0009762182,0.0074391249
Pancreas,Female,tie,,,1,0.60000002,0.0042646107378952,0.00094910245,0.0075801192
Pancreas,Female,tie,,,1,0.64999998,0.0043044959188928,0.00091533532,0.0076936567
Pancreas,Female,tie,,,1,0.69999999,0.0043284163523859,0.00087573414,0.0077810986
Pancreas,Female,tie,,,1,0.75,0.0043377341356581,0.00083114044,0.0078443279
Pancreas,Female,tie,,,1,0.80000001,0.0043339521089655,0.00078237744,0.0078855269
Pancreas,Female,tie,,,1,0.85000002,0.0043186086223136,0.00073022424,0.0079069929
Pancreas,Female,tie,,,1,0.89999998,0.0042932098517767,0.00067540049,0.007911019
Pancreas,Female,tie,,,1,0.94999999,0.0042591872682389,0.00061855657,0.007899818
Pancreas,Female,tie,,,1,1.0,0.004217872791893,0.000560274,0.0078754714
Pancreas,Female,tie,,,1,1.05,0.0041702055790482,0.00050095713,0.0078394543
Pancreas,Female,tie,,,1,1.1,0.0041176105056127,0.00044109393,0.0077941269
Pancreas,Female,tie,,,1,1.15,0.0040610436376376,0.00038099065,0.0077410964
Pancreas,Female,tie,,,1,1.2,0.0040013048746362,0.00032089619,0.0076817134
Pancreas,Female,tie,,,1,1.25,0.0039390657620564,0.00026101246,0.0076171192
Pancreas,Female,tie,,,1,1.3,0.0038748903061748,0.00020150308,0.0075482777
Pancreas,Female,tie,,,1,1.35,0.0038092531995493,0.00014250024,0.0074760062
Pancreas,Female,tie,,,1,1.4,0.0037425549338213,8.4109866e-05,0.0074009998
Pancreas,Female,tie,,,1,1.45,0.0036751327393348,2.6416608e-05,0.007323849
Pancreas,Female,tie,,,1,1.5,0.0036072718042642,-3.0512254e-05,0.0072450559
Pancreas,Female,tie,,,1,1.55,0.0035392124053583,-8.6624452e-05,0.0071650492
Pancreas,Female,tie,,,1,1.6,0.0034711572526487,-0.00014187997,0.0070841946
Pancreas,Female,tie,,,1,1.65,0.0034032777080762,-0.00019624797,0.0070028035
Pancreas,Female,tie,,,1,1.7,0.0033357174478071,-0.00024970734,0.0069211423
Pancreas,Female,tie,,,1,1.75,0.0032685977836168,-0.00030224238,0.0068394379
Pancreas,Female,tie,,,1,1.8,0.0032020199260309,-0.00035384408,0.0067578838
Pancreas,Female,tie,,,1,1.85,0.0031360683379707,-0.00040450806,0.0066766446
Pancreas,Female,tie,,,1,1.9,0.0030708136260422,-0.00045423355,0.0065958607
Pancreas,Female,tie,,,1,1.95,0.0030063135024748,-0.00050302281,0.0065156496
Pancreas,Female,tie,,,1,2.0,0.0029426157803401,-0.00055088144,0.0064361128
Pancreas,Female,tie,,,1,2.05,0.002879555936897,-0.00059784501,0.0063569569
Pancreas,Female,tie,,,1,2.0999999,0.0028173778378461,-0.00064388785,0.0062786434
Pancreas,Female,tie,,,1,2.1500001,0.0027561049988706,-0.0006890209,0.0062012309
Pancreas,Female,tie,,,1,2.2,0.0026957560895073,-0.00073325529,0.0061247675
Pancreas,Female,tie,,,1,2.25,0.0026363439866046,-0.00077660446,0.0060492926
Pancreas,Female,tie,,,1,2.3,0.002577877641585,-0.00081908185,0.0059748371
Pancreas,Female,tie,,,1,2.3499999,0.0025203623843707,-0.00086070137,0.0059014261
Pancreas,Female,tie,,,1,2.4000001,0.0024638001723134,-0.0009014777,0.0058290781
Pancreas,Female,tie,,,1,2.45,0.0024081911107242,-0.00094142492,0.0057578073
Pancreas,Female,tie,,,1,2.5,0.0023535322207308,-0.00098055822,0.0056876228
Pancreas,Female,tie,,,1,2.55,0.0022998188570846,-0.0010188925,0.0056185303
Pancreas,Female,tie,,,1,2.5999999,0.0022470447261049,-0.0010564427,0.0055505321
Pancreas,Female,tie,,,1,2.6500001,0.0021952018922364,-0.0010932236,0.0054836273
Pancreas,Female,tie,,,1,2.7,0.0021442819808302,-0.0011292502,0.005417814
Pancreas,Female,tie,,,1,2.75,0.0020942748847194,-0.0011645367,0.0053530866
Pancreas,Female,tie,,,1,2.8,0.002045169922339,-0.0011990981,0.0052894377
Pancreas,Female,tie,,,1,2.8499999,0.0019969557316596,-0.0012329483,0.0052268598
Pancreas,Female,tie,,,1,2.9000001,0.0019496201711869,-0.0012661015,0.0051653418
Pancreas,Female,tie,,,1,2.95,0.0019031513269666,-0.0012985717,0.0051048743
Pancreas,Female,tie,,,1,3.0,0.0018575362525777,-0.0013303722,0.0050454447
Pancreas,Female,tie,,,1,3.05,0.0018126241239435,-0.001361498,0.0049867462
Pancreas,Female,tie,,,1,3.0999999,0.0017685476800183,-0.0013919758,0.0049290713
Pancreas,Female,tie,,,1,3.1500001,0.0017252931413506,-0.0014218183,0.0048724045
Pancreas,Female,tie,,,1,3.2,0.0016828472665687,-0.0014510383,0.0048167328
Pancreas,Female,tie,,,1,3.25,0.0016411961610579,-0.0014796484,0.0047620409
Pancreas,Female,tie,,,1,3.3,0.001600326145604,-0.0015076604,0.0047083125
Pancreas,Female,tie,,,1,3.3499999,0.0015602235824542,-0.0015350864,0.0046555335
Pancreas,Female,tie,,,1,3.4000001,0.0015208747188883,-0.0015619382,0.0046036877
Pancreas,Female,tie,,,1,3.45,0.001482266459312,-0.0015882271,0.0045527602
Pancreas,Female,tie,,,1,3.5,0.0014443852610462,-0.001613964,0.0045027346
Pancreas,Female,tie,,,1,3.55,0.0014072179065716,-0.00163916,0.0044535957
Pancreas,Female,tie,,,1,3.5999999,0.0013707513294656,-0.0016638256,0.0044053281
Pancreas,Female,tie,,,1,3.6500001,0.0013349724582649,-0.0016879714,0.0043579163
Pancreas,Female,tie,,,1,3.7,0.0012998689062553,-0.0017116072,0.0043113451
Pancreas,Female,tie,,,1,3.75,0.0012654279566573,-0.0017347428,0.0042655985
Pancreas,Female,tie,,,1,3.8,0.0012316372553075,-0.0017573881,0.0042206626
Pancreas,Female,tie,,,1,3.8499999,0.0011984846439977,-0.0017795524,0.0041765217
Pancreas,Female,tie,,,1,3.9000001,0.0011659580111358,-0.0018012451,0.0041331612
Pancreas,Female,tie,,,1,3.95,0.0011340459123065,-0.001822475,0.0040905667
Pancreas,Female,tie,,,1,4.0,0.0011027366419422,-0.0018432508,0.0040487242
Pancreas,Female,tie,,,1,4.0500002,0.0010719420790663,-0.0018635177,0.0040074019
Pancreas,Female,tie,,,1,4.0999999,0.0010417339931111,-0.0018833438,0.0039668116
Pancreas,Female,tie,,,1,4.1500001,0.0010121007052109,-0.0019027378,0.0039269393
Pancreas,Female,tie,,,1,4.1999998,0.0009830318896784,-0.0019217073,0.0038877712
Pancreas,Female,tie,,,1,4.25,0.0009545163114408,-0.001940261,0.0038492936
Pancreas,Female,tie,,,1,4.3000002,0.0009265437784313,-0.0019584061,0.0038114935
Pancreas,Female,tie,,,1,4.3499999,0.0008991042846015,-0.0019761501,0.0037743587
Pancreas,Female,tie,,,1,4.4000001,0.0008721872458631,-0.0019935006,0.0037378753
Pancreas,Female,tie,,,1,4.4499998,0.000845783316887,-0.0020104649,0.0037020317
Pancreas,Female,tie,,,1,4.5,0.0008198823342913,-0.0020270501,0.0036668149
Pancreas,Female,tie,,,1,4.5500002,0.000794475088619,-0.0020432631,0.0036322132
Pancreas,Female,tie,,,1,4.5999999,0.0007695525446292,-0.0020591104,0.0035982155
Pancreas,Female,tie,,,1,4.6500001,0.000745105146237,-0.002074599,0.0035648092
Pancreas,Female,tie,,,1,4.6999998,0.0007211244656779,-0.0020897349,0.0035319838
Pancreas,Female,tie,,,1,4.75,0.0006976013345624,-0.0021045248,0.0034997275
Pancreas,Female,tie,,,1,4.8000002,0.0006745274525059,-0.0021189752,0.0034680299
Pancreas,Female,tie,,,1,4.8499999,0.0006518946782996,-0.0021330912,0.0034368804
Pancreas,Female,tie,,,1,4.9000001,0.0006296943981884,-0.0021468794,0.0034062683
Pancreas,Female,tie,,,1,4.9499998,0.0006079190230114,-0.0021603457,0.0033761836
Pancreas,Female,tie,,,1,5.0,0.0005865602906299,-0.0021734957,0.0033466162
Pancreas,Female,tie,,,2,0.0,0.0,0.0,0.0
Pancreas,Female,tie,,,2,0.050000001,0.0034828553487248,0.0018504639,0.0051152469
Pancreas,Female,tie,,,2,0.1,0.0060670882720859,0.0032838557,0.0088503212
Pancreas,Female,tie,,,2,0.15000001,0.0076467752453384,0.0041837324,0.011109818
Pancreas,Female,tie,,,2,0.2,0.0085896994966674,0.0047316751,0.012447724
Pancreas,Female,tie,,,2,0.25,0.0091325688639803,0.005052472,0.013212666
Pancreas,Female,tie,,,2,0.30000001,0.0094206731424889,0.0052255127,0.013615834
Pancreas,Female,tie,,,2,0.34999999,0.0095490326739864,0.0053040851,0.01379398
Pancreas,Female,tie,,,2,0.40000001,0.0095750466349246,0.0053209919,0.013829101
Pancreas,Female,tie,,,2,0.44999999,0.009531646992483,0.0052953716,0.013767922
Pancreas,Female,tie,,,2,0.5,0.0094387293464124,0.0052389735,0.013638485
Pancreas,Female,tie,,,2,0.55000001,0.009308911477073,0.0051593683,0.013458455
Pancreas,Female,tie,,,2,0.60000002,0.009150545648044,0.0050616488,0.013239442
Pancreas,Female,tie,,,2,0.64999998,0.0089693500760684,0.0049494049,0.012989295
Pancreas,Female,tie,,,2,0.69999999,0.0087702491647855,0.0048257657,0.012714732
Pancreas,Female,tie,,,2,0.75,0.0085579105733457,0.0046936707,0.012422151
Pancreas,Female,tie,,,2,0.80000001,0.0083365447851175,0.0045557572,0.012117333
Pancreas,Female,tie,,,2,0.85000002,0.0081098163359877,0.0044143172,0.011805316
Pancreas,Female,tie,,,2,0.89999998,0.007880829369747,0.0042712893,0.011490369
Pancreas,Female,tie,,,2,0.94999999,0.0076521528966803,0.0041282773,0.011176028
Pancreas,Female,tie,,,2,1.0,0.0074258698254698,0.0039865812,0.010865158
Pancreas,Female,tie,,,2,1.05,0.0072014219372069,0.0038460207,0.010556824
Pancreas,Female,tie,,,2,1.1,0.0069821182161944,0.0037085025,0.010255734
Pancreas,Female,tie,,,2,1.15,0.0067685966203258,0.0035744414,0.0099627515
Pancreas,Female,tie,,,2,1.2,0.0065612577642419,0.003444104,0.0096784113
Pancreas,Female,tie,,,2,1.25,0.0063603296319963,0.0033176497,0.0094030099
Pancreas,Female,tie,,,2,1.3,0.0061659095160744,0.0031951554,0.0091366637
Pancreas,Female,tie,,,2,1.35,0.005977999724062,0.0030766374,0.0088793617
Pancreas,Female,tie,,,2,1.4,0.0057965345960952,0.0029620691,0.0086310003
Pancreas,Female,tie,,,2,1.45,0.0056213968478109,0.0028513903,0.0083914036
Pancreas,Female,tie,,,2,1.5,0.0054524357307544,0.0027445187,0.0081603527
Pancreas,Female,tie,,,2,1.55,0.0052894751854274,0.0026413547,0.0079375952
Pancreas,Female,tie,,,2,1.6,0.0051323235534258,0.0025417889,0.0077228583
Pancreas,Female,tie,,,2,1.65,0.0049807809638522,0.0024457052,0.0075158565
Pancreas,Female,tie,,,2,1.7,0.0048346414925412,0.0023529828,0.0073163002
Pancreas,Female,tie,,,2,1.75,0.0046936995971466,0.0022635011,0.0071238982
Pancreas,Female,tie,,,2,1.8,0.0045577502644663,0.0021771376,0.006938363
Pancreas,Female,tie,,,2,1.85,0.0044265920200897,0.0020937731,0.0067594107
Pancreas,Female,tie,,,2,1.9,0.0043000291812212,0.0020132903,0.0065867682
Pancreas,Female,tie,,,2,1.95,0.0041778706477998,0.0019355747,0.0064201667
Pancreas,Female,tie,,,2,2.0,0.0040599329537685,0.0018605156,0.0062593501
Pancreas,Female,tie,,,2,2.05,0.0039447745093871,0.0017873934,0.0061021559
Pancreas,Female,tie,,,2,2.0999999,0.0038335640415096,0.0017167649,0.0059503634
Pancreas,Female,tie,,,2,2.1500001,0.0037261338823275,0.0016485289,0.0058037387
Pancreas,Female,tie,,,2,2.2,0.0036223252374895,0.0015825889,0.0056620617
Pancreas,Female,tie,,,2,2.25,0.0035219849871808,0.0015188516,0.0055251182
Pancreas,Female,tie,,,2,2.3,0.0034249675715125,0.0014572283,0.005392707
Pancreas,Female,tie,,,2,2.3499999,0.0033311342505267,0.0013976346,0.0052646338
Pancreas,Female,tie,,,2,2.4000001,0.0032403524339922,0.0013399888,0.0051407162
Pancreas,Female,tie,,,2,2.45,0.0031524971379524,0.0012842147,0.0050207796
Pancreas,Female,tie,,,2,2.5,0.0030674481193942,0.0012302384,0.0049046581
Pancreas,Female,tie,,,2,2.55,0.0029850913496003,0.0011779896,0.004792193
Pancreas,Female,tie,,,2,2.5999999,0.0029053183032162,0.0011274018,0.0046832347
Pancreas,Female,tie,,,2,2.6500001,0.0028280253287884,0.0010784108,0.00457764
Pancreas,Female,tie,,,2,2.7,0.0027531148509252,0.0010309566,0.0044752732
Pancreas,Female,tie,,,2,2.75,0.0026804929075153,0.00098498096,0.0043760049
Pancreas,Female,tie,,,2,2.8,0.0026100703922677,0.00094042881,0.0042797117
Pancreas,Female,tie,,,2,2.8499999,0.0025417624472008,0.0008972474,0.0041862773
Pancreas,Female,tie,,,2,2.9000001,0.0024754879284758,0.00085538637,0.0040955893
Pancreas,Female,tie,,,2,2.95,0.0024111704482639,0.00081479823,0.0040075425
Pancreas,Female,tie,,,2,3.0,0.0023487362771079,0.00077543705,0.0039220355
Pancreas,Female,tie,,,2,3.05,0.00228734704895,0.00073697156,0.0038377226
Pancreas,Female,tie,,,2,3.0999999,0.0022277456188137,0.00069967395,0.0037558172
Pancreas,Female,tie,,,2,3.1500001,0.0021698661314463,0.00066350278,0.0036762294
Pancreas,Female,tie,,,2,3.2,0.0021136465560465,0.00062841916,0.003598874
Pancreas,Female,tie,,,2,3.25,0.0020590268710333,0.00059438526,0.0035236685
Pancreas,Female,tie,,,2,3.3,0.0020059500251125,0.00056136551,0.0034505345
Pancreas,Female,tie,,,2,3.3499999,0.0019543615150353,0.00052932533,0.0033793978
Pancreas,Female,tie,,,2,3.4000001,0.0019042090157083,0.00049823185,0.0033101861
Pancreas,Female,tie,,,2,3.45,0.0018554432034821,0.00046805377,0.0032428326
Pancreas,Female,tie,,,2,3.5,0.0018080162024843,0.00043876079,0.0031772717
Pancreas,Female,tie,,,2,3.55,0.0017618824354551,0.00041032411,0.0031134407
Pancreas,Female,tie,,,2,3.5999999,0.0017169982753675,0.00038271604,0.0030512805
Pancreas,Female,tie,,,2,3.6500001,0.0016733217402058,0.00035590972,0.0029907338
Pancreas,Female,tie,,,2,3.7,0.0016308132261885,0.00032988007,0.0029317464
Pancreas,Female,tie,,,2,3.75,0.001589434169795,0.00030460241,0.0028742659
Pancreas,Female,tie,,,2,3.8,0.0015491478027456,0.00028005324,0.0028182424
Pancreas,Female,tie,,,2,3.8499999,0.0015099188620351,0.00025621013,0.0027636276
Pancreas,Female,tie,,,2,3.9000001,0.0014717133357527,0.00023305105,0.0027103757
Pancreas,Female,tie,,,2,3.95,0.0014344991166984,0.00021055537,0.0026584428
Pancreas,Female,tie,,,2,4.0,0.0013982448432968,0.00018870307,0.0026077866
Pancreas,Female,tie,,,2,4.0500002,0.0013624192268041,0.00016737606,0.0025574623
Pancreas,Female,tie,,,2,4.0999999,0.0013275211196373,0.00014667044,0.0025083718
Pancreas,Female,tie,,,2,4.1500001,0.0012935211534674,0.00012656706,0.0024604753
Pancreas,Female,tie,,,2,4.1999998,0.0012603923839294,0.00010704838,0.0024137364
Pancreas,Female,tie,,,2,4.25,0.0012281076432755,8.8096866e-05,0.0023681184
Pancreas,Female,tie,,,2,4.3000002,0.0011966417235449,6.9696063e-05,0.0023235874
Pancreas,Female,tie,,,2,4.3499999,0.0011659703469631,5.1830146e-05,0.0022801105
Pancreas,Female,tie,,,2,4.4000001,0.0011360692794576,3.4483211e-05,0.0022376555
Pancreas,Female,tie,,,2,4.4499998,0.0011069163181368,1.7640812e-05,0.0021961918
Pancreas,Female,tie,,,2,4.5,0.0010784889694775,1.2880979e-06,0.0021556898
Pancreas,Female,tie,,,2,4.5500002,0.0010507663759726,-1.4588488e-05,0.0021161214
Pancreas,Female,tie,,,2,4.5999999,0.0010237284163129,-3.0002449e-05,0.0020774594
Pancreas,Female,tie,,,2,4.6500001,0.0009973549284343,-4.4966873e-05,0.0020396768
Pancreas,Female,tie,,,2,4.6999998,0.0009716274668061,-5.949405e-05,0.0020027489
Pancreas,Female,tie,,,2,4.75,0.0009465272591961,-7.3596355e-05,0.0019666508
Pancreas,Female,tie,,,2,4.8000002,0.0009220369109203,-8.7285371e-05,0.0019313592
Pancreas,Female,tie,,,2,4.8499999,0.0008981396153257,-0.00010057232,0.0018968516
Pancreas,Female,tie,,,2,4.9000001,0.0008748184703616,-0.00011346827,0.0018631052
Pancreas,Female,tie,,,2,4.9499998,0.0008520580356027,-0.00012598376,0.0018300998
Pancreas,Female,tie,,,2,5.0,0.0008298425289013,-0.00013812911,0.0017978142
