site,sex,estimate,race,stage,agegroup,tt,PE,lci,uci
Rectum,Male,AD,,,0,0.0,0.0,0.0,0.0
Rectum,Male,AD,,,0,0.050000001,1.805037672636396,1.5929447,2.0171306
Rectum,Male,AD,,,0,0.1,3.817957290258297,3.419595,4.2163196
Rectum,Male,AD,,,0,0.15000001,5.778813567830067,5.2127304,6.3448968
Rectum,Male,AD,,,0,0.2,7.656160865692225,6.9369769,8.3753452
Rectum,Male,AD,,,0,0.25,9.443103431862834,8.5827246,10.303482
Rectum,Male,AD,,,0,0.30000001,11.14017644790795,10.148532,12.131821
Rectum,Male,AD,,,0,0.34999999,12.75066031824397,11.636189,13.865131
Rectum,Male,AD,,,0,0.40000001,14.27886750226708,13.048852,15.508883
Rectum,Male,AD,,,0,0.44999999,15.72940912943978,14.390218,17.0686
Rectum,Male,AD,,,0,0.5,17.10687381778315,15.664137,18.54961
Rectum,Male,AD,,,0,0.55000001,18.41567097716932,16.874416,19.956926
Rectum,Male,AD,,,0,0.60000002,19.65996909336422,18.024725,21.295214
Rectum,Male,AD,,,0,0.64999998,20.84367083227654,19.118547,22.568794
Rectum,Male,AD,,,0,0.69999999,21.97041756483192,20.159172,23.781664
Rectum,Male,AD,,,0,0.75,23.04359065059215,21.149675,24.937506
Rectum,Male,AD,,,0,0.80000001,24.06633196680792,22.092937,26.039726
Rectum,Male,AD,,,0,0.85000002,25.04155927917964,22.991652,27.091467
Rectum,Male,AD,,,0,0.89999998,25.97198232075073,23.848328,28.095636
Rectum,Male,AD,,,0,0.94999999,26.86012381238972,24.665312,29.054935
Rectum,Male,AD,,,0,1.0,27.70834418721165,25.444811,29.971878
Rectum,Male,AD,,,0,1.05,28.51477890243281,26.185116,30.844442
Rectum,Male,AD,,,0,1.1,29.2854600355364,26.891832,31.679089
Rectum,Male,AD,,,0,1.15,30.02234573625557,27.566797,32.477894
Rectum,Male,AD,,,0,1.2,30.72726373071617,28.211737,33.24279
Rectum,Male,AD,,,0,1.25,31.40190979360591,28.828249,33.975571
Rectum,Male,AD,,,0,1.3,32.04787086518144,29.417831,34.67791
Rectum,Male,AD,,,0,1.35,32.66662964250936,29.98189,35.351368
Rectum,Male,AD,,,0,1.4,33.25956933365941,30.521734,35.997406
Rectum,Male,AD,,,0,1.45,33.82799176430107,31.038599,36.617386
Rectum,Male,AD,,,0,1.5,34.37311316247803,31.533636,37.212589
Rectum,Male,AD,,,0,1.55,34.89608017611698,32.007938,37.784222
Rectum,Male,AD,,,0,1.6,35.39797131403391,32.462528,38.333416
Rectum,Male,AD,,,0,1.65,35.87979877475584,32.898365,38.861233
Rectum,Male,AD,,,0,1.7,36.3425186726797,33.316364,39.368671
Rectum,Male,AD,,,0,1.75,36.78694600819561,33.717308,39.856586
Rectum,Male,AD,,,0,1.8,37.21377076358208,34.101864,40.325676
Rectum,Male,AD,,,0,1.85,37.62366249286424,34.470688,40.776638
Rectum,Male,AD,,,0,1.9,38.01727245891794,34.824406,41.210136
Rectum,Male,AD,,,0,1.95,38.39523920280055,35.163643,41.626835
Rectum,Male,AD,,,0,2.0,38.75818014307802,35.488991,42.02737
Rectum,Male,AD,,,0,2.05,39.10112169988602,35.795803,42.406441
Rectum,Male,AD,,,0,2.0999999,39.43017559953341,36.089821,42.770531
Rectum,Male,AD,,,0,2.1500001,39.74591249481585,36.37159,43.120235
Rectum,Male,AD,,,0,2.2,40.04887924587361,36.641636,43.456123
Rectum,Male,AD,,,0,2.25,40.33960797891308,36.900467,43.778751
Rectum,Male,AD,,,0,2.3,40.61861013267172,37.148567,44.08865
Rectum,Male,AD,,,0,2.3499999,40.88637820714457,37.386414,44.386341
Rectum,Male,AD,,,0,2.4000001,41.14338724450094,37.614452,44.672321
Rectum,Male,AD,,,0,2.45,41.39009031511699,37.833111,44.947067
Rectum,Male,AD,,,0,2.5,41.62692624937976,38.042812,45.21104
Rectum,Male,AD,,,0,2.55,41.85431568858195,38.243946,45.464687
Rectum,Male,AD,,,0,2.5999999,42.0726921584648,38.43692,45.708462
Rectum,Male,AD,,,0,2.6500001,42.28251083463331,38.622162,45.94286
Rectum,Male,AD,,,0,2.7,42.48419867098484,38.800068,46.168331
Rectum,Male,AD,,,0,2.75,42.67815851458793,38.971004,46.385311
Rectum,Male,AD,,,0,2.8,42.86476700965376,39.135326,46.594208
Rectum,Male,AD,,,0,2.8499999,43.04437740831226,39.293358,46.795395
Rectum,Male,AD,,,0,2.9000001,43.21732202915344,39.445408,46.989235
Rectum,Male,AD,,,0,2.95,43.38391051080892,39.591763,47.17606
Rectum,Male,AD,,,0,3.0,43.54443615982051,39.732689,47.356186
Rectum,Male,AD,,,0,3.05,43.69289012749367,39.862526,47.523254
Rectum,Male,AD,,,0,3.0999999,43.83581553368693,39.987431,47.6842
Rectum,Male,AD,,,0,3.1500001,43.97345819101963,40.107624,47.839291
Rectum,Male,AD,,,0,3.2,44.10604761908311,40.22332,47.988777
Rectum,Male,AD,,,0,3.25,44.2338019354889,40.334713,48.132893
Rectum,Male,AD,,,0,3.3,44.35692609030043,40.441994,48.271858
Rectum,Male,AD,,,0,3.3499999,44.47561335308188,40.545341,48.405888
Rectum,Male,AD,,,0,3.4000001,44.59004660700738,40.644917,48.535175
Rectum,Male,AD,,,0,3.45,44.70039688978116,40.740883,48.659912
Rectum,Male,AD,,,0,3.5,44.80682731878206,40.833382,48.780273
Rectum,Male,AD,,,0,3.55,44.90949149485587,40.922558,48.896427
Rectum,Male,AD,,,0,3.5999999,45.00853462068893,41.008537,49.00853
Rectum,Male,AD,,,0,3.6500001,45.10409447145193,41.09145,49.116737
Rectum,Male,AD,,,0,3.7,45.19630007536557,41.171413,49.221188
Rectum,Male,AD,,,0,3.75,45.28527489955343,41.248535,49.322018
Rectum,Male,AD,,,0,3.8,45.37113543318989,41.322918,49.41935
Rectum,Male,AD,,,0,3.8499999,45.45399204426337,41.394669,49.513313
Rectum,Male,AD,,,0,3.9000001,45.53394972040246,41.463879,49.604023
Rectum,Male,AD,,,0,3.95,45.61110689941398,41.530632,49.691582
Rectum,Male,AD,,,0,4.0,45.68555807512965,41.595016,49.7761
Rectum,Male,AD,,,0,4.0500002,45.7507541568647,41.650856,49.850651
Rectum,Male,AD,,,0,4.0999999,45.81343861661361,41.704498,49.922379
Rectum,Male,AD,,,0,4.1500001,45.87369382984039,41.756023,49.991364
Rectum,Male,AD,,,0,4.1999998,45.93159577050704,41.805492,50.057701
Rectum,Male,AD,,,0,4.25,45.98721884225381,41.852974,50.121464
Rectum,Male,AD,,,0,4.3000002,46.0406321725691,41.898525,50.182739
Rectum,Male,AD,,,0,4.3499999,46.09190156656973,41.942211,50.241589
Rectum,Male,AD,,,0,4.4000001,46.14109106858598,41.984085,50.298096
Rectum,Male,AD,,,0,4.4499998,46.1882597668133,42.0242,50.352318
Rectum,Male,AD,,,0,4.5,46.23346571565423,42.062607,50.404324
Rectum,Male,AD,,,0,4.5500002,46.27676289503376,42.099354,50.454174
Rectum,Male,AD,,,0,4.5999999,46.31820278891666,42.13448,50.501926
Rectum,Male,AD,,,0,4.6500001,46.35783562714266,42.168034,50.547634
Rectum,Male,AD,,,0,4.6999998,46.39570779186016,42.200058,50.591358
Rectum,Male,AD,,,0,4.75,46.4318649655016,42.230591,50.633141
Rectum,Male,AD,,,0,4.8000002,46.46634967529457,42.259666,50.673035
Rectum,Male,AD,,,0,4.8499999,46.49920255677046,42.287323,50.711082
Rectum,Male,AD,,,0,4.9000001,46.53046332376869,42.313591,50.747334
Rectum,Male,AD,,,0,4.9499998,46.56016870910651,42.338505,50.78183
Rectum,Male,AD,,,0,5.0,46.58835494169321,42.362099,50.81461
Rectum,Male,AD,,,1,0.0,0.0,0.0,0.0
Rectum,Male,AD,,,1,0.050000001,1.525492105322853,1.3639498,1.6870344
Rectum,Male,AD,,,1,0.1,3.030308322276568,2.7265899,3.3340268
Rectum,Male,AD,,,1,0.15000001,4.472038935150499,4.0361228,4.9079552
Rectum,Male,AD,,,1,0.2,5.851856777424697,5.2912998,6.4124136
Rectum,Male,AD,,,1,0.25,7.172332354439604,6.4933763,7.8512883
Rectum,Male,AD,,,1,0.30000001,8.43622592720472,7.6442556,9.2281961
Rectum,Male,AD,,,1,0.34999999,9.646269036281662,8.7460566,10.546481
Rectum,Male,AD,,,1,0.40000001,10.80510293089881,9.8009539,11.809252
Rectum,Male,AD,,,1,0.44999999,11.91524901556267,10.811097,13.019401
Rectum,Male,AD,,,1,0.5,12.97910622245826,11.778583,14.17963
Rectum,Male,AD,,,1,0.55000001,13.99894560682802,12.705425,15.292466
Rectum,Male,AD,,,1,0.60000002,14.97691608881458,13.593557,16.360275
Rectum,Male,AD,,,1,0.64999998,15.91504766884545,14.444819,17.385275
Rectum,Male,AD,,,1,0.69999999,16.81526175502106,15.260967,18.369556
Rectum,Male,AD,,,1,0.75,17.67937070504618,16.043665,19.315077
Rectum,Male,AD,,,1,0.80000001,18.50908861306873,16.794495,20.223684
Rectum,Male,AD,,,1,0.85000002,19.30603627080315,17.514956,21.097118
Rectum,Male,AD,,,1,0.89999998,20.07174610735774,18.206472,21.937021
Rectum,Male,AD,,,1,0.94999999,20.80767131963603,18.870398,22.744946
Rectum,Male,AD,,,1,1.0,21.51519890173722,19.508026,23.522371
Rectum,Male,AD,,,1,1.05,22.19411127259109,20.119198,24.269024
Rectum,Male,AD,,,1,1.1,22.84717782860064,20.706457,24.9879
Rectum,Male,AD,,,1,1.15,23.4756087581957,21.270933,25.680283
Rectum,Male,AD,,,1,1.2,24.08055026864695,21.813704,26.347397
Rectum,Male,AD,,,1,1.25,24.66307806704955,22.335773,26.990381
Rectum,Male,AD,,,1,1.3,25.22421250760327,22.838102,27.610323
Rectum,Male,AD,,,1,1.35,25.76491844784726,23.321594,28.208242
Rectum,Male,AD,,,1,1.4,26.28610558863369,23.787104,28.785107
Rectum,Male,AD,,,1,1.45,26.78864097808004,24.235447,29.341835
Rectum,Male,AD,,,1,1.5,27.27334232063407,24.667391,29.879293
Rectum,Male,AD,,,1,1.55,27.74098943861358,25.083672,30.398308
Rectum,Male,AD,,,1,1.6,28.19232319410749,25.484983,30.899662
Rectum,Male,AD,,,1,1.65,28.62804490944515,25.871988,31.384102
Rectum,Male,AD,,,1,1.7,29.04882329528726,26.245314,31.852333
Rectum,Male,AD,,,1,1.75,29.45520619637443,26.605482,32.304932
Rectum,Male,AD,,,1,1.8,29.8476328674233,26.952921,32.742344
Rectum,Male,AD,,,1,1.85,30.22653913094727,27.28805,33.165028
Rectum,Male,AD,,,1,1.9,30.59235865026264,27.611288,33.573429
Rectum,Male,AD,,,1,1.95,30.94552690775011,27.923056,33.967999
Rectum,Male,AD,,,1,2.0,31.28647230823464,28.223761,34.349186
Rectum,Male,AD,,,1,2.05,31.61328587347401,28.511692,34.714882
Rectum,Male,AD,,,1,2.0999999,31.92867758399591,28.789326,35.068031
Rectum,Male,AD,,,1,2.1500001,32.23306181531555,29.057055,35.409069
Rectum,Male,AD,,,1,2.2,32.52683987225379,29.31526,35.738419
Rectum,Male,AD,,,1,2.25,32.81040796718722,29.564314,36.056503
Rectum,Male,AD,,,1,2.3,33.0841507898314,29.804579,36.363724
Rectum,Male,AD,,,1,2.3499999,33.34844254324261,30.036406,36.66048
Rectum,Male,AD,,,1,2.4000001,33.60364781382461,30.260138,36.947159
Rectum,Male,AD,,,1,2.45,33.85011652164613,30.476099,37.224133
Rectum,Male,AD,,,1,2.5,34.08819108041249,30.684612,37.491772
Rectum,Male,AD,,,1,2.55,34.31820195737492,30.885983,37.75042
Rectum,Male,AD,,,1,2.5999999,34.54049581057645,31.08053,38.000462
Rectum,Male,AD,,,1,2.6500001,34.7554434812491,31.268593,38.242294
Rectum,Male,AD,,,1,2.7,34.96339368819753,31.450491,38.476295
Rectum,Male,AD,,,1,2.75,35.16467705588218,31.626522,38.702831
Rectum,Male,AD,,,1,2.8,35.35960340061823,31.796968,38.922237
Rectum,Male,AD,,,1,2.8499999,35.54846408973324,31.962095,39.134834
Rectum,Male,AD,,,1,2.9000001,35.73153412351586,32.12215,39.340916
Rectum,Male,AD,,,1,2.95,35.90906980598791,32.27737,39.540771
Rectum,Male,AD,,,1,3.0,36.08131503434893,32.427967,39.734661
Rectum,Male,AD,,,1,3.05,36.24561484120994,32.571533,39.919697
Rectum,Male,AD,,,1,3.0999999,36.40504694575364,32.710857,40.099236
Rectum,Male,AD,,,1,3.1500001,36.55981665628593,32.84613,40.273502
Rectum,Male,AD,,,1,3.2,36.71011549804679,32.97752,40.442711
Rectum,Male,AD,,,1,3.25,36.85612637444385,33.105194,40.607059
Rectum,Male,AD,,,1,3.3,36.998021277318,33.229301,40.766739
Rectum,Male,AD,,,1,3.3499999,37.13596267185807,33.349991,40.921932
Rectum,Male,AD,,,1,3.4000001,37.27010471948589,33.4674,41.072807
Rectum,Male,AD,,,1,3.45,37.40059128897389,33.581657,41.219528
Rectum,Male,AD,,,1,3.5,37.52756030707701,33.692879,41.36224
Rectum,Male,AD,,,1,3.55,37.65114166171688,33.801189,41.501095
Rectum,Male,AD,,,1,3.5999999,37.7714582973102,33.906689,41.636227
Rectum,Male,AD,,,1,3.6500001,37.8886271829892,34.009487,41.767769
Rectum,Male,AD,,,1,3.7,38.00275748199364,34.109676,41.89584
Rectum,Male,AD,,,1,3.75,38.11395426650927,34.207352,42.020557
Rectum,Male,AD,,,1,3.8,38.22231660803028,34.302597,42.142036
Rectum,Male,AD,,,1,3.8499999,38.32793846088688,34.3955,42.26038
Rectum,Male,AD,,,1,3.9000001,38.43090944390946,34.48613,42.375687
Rectum,Male,AD,,,1,3.95,38.53131316686034,34.57457,42.488056
Rectum,Male,AD,,,1,4.0,38.62923043583368,34.660885,42.597576
Rectum,Male,AD,,,1,4.0500002,38.72144620638404,34.742138,42.700752
Rectum,Male,AD,,,1,4.0999999,38.81131156325179,34.821388,42.801235
Rectum,Male,AD,,,1,4.1500001,38.89889766989981,34.898689,42.899105
Rectum,Male,AD,,,1,4.1999998,38.98426888614814,34.974102,42.994438
Rectum,Male,AD,,,1,4.25,39.06748964284506,35.04768,43.087299
Rectum,Male,AD,,,1,4.3000002,39.14861886747047,35.119473,43.177765
Rectum,Male,AD,,,1,4.3499999,39.22771268340911,35.189526,43.2659
Rectum,Male,AD,,,1,4.4000001,39.3048267399202,35.257896,43.351757
Rectum,Male,AD,,,1,4.4499998,39.38001112653626,35.324615,43.435406
Rectum,Male,AD,,,1,4.5,39.4533163972669,35.389732,43.516899
Rectum,Male,AD,,,1,4.5500002,39.52478863563974,35.453289,43.596291
Rectum,Male,AD,,,1,4.5999999,39.59447180711567,35.515316,43.67363
Rectum,Male,AD,,,1,4.6500001,39.66240978953861,35.575851,43.74897
Rectum,Male,AD,,,1,4.6999998,39.72864187153729,35.63493,43.822353
Rectum,Male,AD,,,1,4.75,39.79320804002857,35.692585,43.893829
Rectum,Male,AD,,,1,4.8000002,39.85614461447958,35.748848,43.96344
Rectum,Male,AD,,,1,4.8499999,39.91748630284353,35.803749,44.031227
Rectum,Male,AD,,,1,4.9000001,39.97726797250755,35.857311,44.097225
Rectum,Male,AD,,,1,4.9499998,40.03552067344852,35.909561,44.16148
Rectum,Male,AD,,,1,5.0,40.09227627713729,35.960533,44.224022
Rectum,Male,AD,,,2,0.0,0.0,0.0,0.0
Rectum,Male,AD,,,2,0.050000001,0.2758933203959595,0.15879966,0.39298698
Rectum,Male,AD,,,2,0.1,0.7718976075375541,0.54927152,0.9945237
Rectum,Male,AD,,,2,0.15000001,1.278249400114048,0.96532255,1.5911763
Rectum,Male,AD,,,2,0.2,1.763528056506581,1.373176,2.1538801
Rectum,Male,AD,,,2,0.25,2.218624548791951,1.7615426,2.6757066
Rectum,Male,AD,,,2,0.30000001,2.641407051453425,2.1265225,3.1562915
Rectum,Male,AD,,,2,0.34999999,3.032416122042076,2.4672422,3.59759
Rectum,Male,AD,,,2,0.40000001,3.393273234004301,2.7841852,4.0023613
Rectum,Male,AD,,,2,0.44999999,3.726002555326438,3.0784507,4.3735547
Rectum,Male,AD,,,2,0.5,4.03272403207181,3.3514001,4.7140479
Rectum,Male,AD,,,2,0.55000001,4.315507605410717,3.604475,5.0265403
Rectum,Male,AD,,,2,0.60000002,4.576308245321487,3.8391051,5.3135114
Rectum,Male,AD,,,2,0.64999998,4.816938881260775,4.0566607,5.5772171
Rectum,Male,AD,,,2,0.69999999,5.039064856312182,4.2584319,5.8196979
Rectum,Male,AD,,,2,0.75,5.244205603212043,4.4456177,6.0427933
Rectum,Male,AD,,,2,0.80000001,5.433744076771017,4.6193261,6.2481618
Rectum,Male,AD,,,2,0.85000002,5.608936804222409,4.7805762,6.4372973
Rectum,Male,AD,,,2,0.89999998,5.770924638234181,4.9303026,6.6115465
Rectum,Male,AD,,,2,0.94999999,5.92074425152072,5.0693622,6.7721262
Rectum,Male,AD,,,2,1.0,6.059339460320521,5.1985421,6.9201369
Rectum,Male,AD,,,2,1.05,6.185122591318637,5.3164907,7.0537543
Rectum,Male,AD,,,2,1.1,6.301248944463676,5.425869,7.1766291
Rectum,Male,AD,,,2,1.15,6.408444341991116,5.5272923,7.2895966
Rectum,Male,AD,,,2,1.2,6.507370317773661,5.621326,7.3934145
Rectum,Male,AD,,,2,1.25,6.598628897914566,5.7084866,7.488771
Rectum,Male,AD,,,2,1.3,6.682770344277689,5.789248,7.576293
Rectum,Male,AD,,,2,1.35,6.760297715726416,5.8640447,7.6565509
Rectum,Male,AD,,,2,1.4,6.831671122390114,5.9332762,7.7300663
Rectum,Male,AD,,,2,1.45,6.897313177285529,5.9973106,7.7973156
Rectum,Male,AD,,,2,1.5,6.957611352678589,6.0564866,7.858736
Rectum,Male,AD,,,2,1.55,7.012922418815812,6.1111169,7.9147282
Rectum,Male,AD,,,2,1.6,7.063574866268336,6.1614895,7.9656601
Rectum,Male,AD,,,2,1.65,7.109871223720734,6.2078714,8.0118713
Rectum,Male,AD,,,2,1.7,7.152091265274903,6.2505097,8.0536728
Rectum,Male,AD,,,2,1.75,7.190494736818524,6.2896371,8.0913525
Rectum,Male,AD,,,2,1.8,7.225325089206498,6.3254724,8.1251783
Rectum,Male,AD,,,2,1.85,7.256809383967024,6.3582206,8.1553984
Rectum,Male,AD,,,2,1.9,7.285159131283782,6.3880734,8.1822443
Rectum,Male,AD,,,2,1.95,7.310571840017952,6.4152093,8.2059345
Rectum,Male,AD,,,2,2.0,7.33323145720281,6.4397936,8.2266693
Rectum,Male,AD,,,2,2.05,7.350177224747108,6.4592557,8.2410984
Rectum,Male,AD,,,2,2.0999999,7.364698166138155,6.476459,8.2529373
Rectum,Male,AD,,,2,2.1500001,7.376946628621321,6.4915414,8.262352
Rectum,Male,AD,,,2,2.2,7.387064573264222,6.504631,8.2694979
Rectum,Male,AD,,,2,2.25,7.395184650278907,6.5158486,8.2745209
Rectum,Male,AD,,,2,2.3,7.40143063057824,6.5253062,8.2775555
Rectum,Male,AD,,,2,2.3499999,7.405918096900251,6.5331082,8.2787275
Rectum,Male,AD,,,2,2.4000001,7.408755036125392,6.5393529,8.2781572
Rectum,Male,AD,,,2,2.45,7.410042333653459,6.5441318,8.2759533
Rectum,Male,AD,,,2,2.5,7.409874355162305,6.5475307,8.2722178
Rectum,Male,AD,,,2,2.55,7.408339400516775,6.5496302,8.2670488
Rectum,Male,AD,,,2,2.5999999,7.405522653874732,6.5505075,8.2605381
Rectum,Male,AD,,,2,2.6500001,7.401506962860184,6.5502386,8.2527752
Rectum,Male,AD,,,2,2.7,7.396369203574768,6.5488935,8.243845
Rectum,Male,AD,,,2,2.75,7.390180381568381,6.5465379,8.2338228
Rectum,Male,AD,,,2,2.8,7.383006215332941,6.543231,8.2227812
Rectum,Male,AD,,,2,2.8499999,7.374907581566713,6.5390301,8.2107849
Rectum,Male,AD,,,2,2.9000001,7.365940886962832,6.5339861,8.197896
Rectum,Male,AD,,,2,2.95,7.356158619674744,6.5281482,8.1841688
Rectum,Male,AD,,,2,3.0,7.345609432691877,6.5215611,8.1696577
Rectum,Male,AD,,,2,3.05,7.331050653645711,6.5113702,8.1507311
Rectum,Male,AD,,,2,3.0999999,7.315834217006312,6.5005283,8.1311398
Rectum,Male,AD,,,2,3.1500001,7.300000030173116,6.4890718,8.1109276
Rectum,Male,AD,,,2,3.2,7.283585523005442,6.4770365,8.0901346
Rectum,Male,AD,,,2,3.25,7.266625409745611,6.4644537,8.0687971
Rectum,Male,AD,,,2,3.3,7.249152184155651,6.4513545,8.0469494
Rectum,Male,AD,,,2,3.3499999,7.231196223881913,6.4377675,8.0246248
Rectum,Male,AD,,,2,3.4000001,7.212785864341015,6.4237194,8.001852
Rectum,Male,AD,,,2,3.45,7.193947900583161,6.4092355,7.9786606
Rectum,Male,AD,,,2,3.5,7.174707196101284,6.3943386,7.9550757
Rectum,Male,AD,,,2,3.55,7.155087156102208,6.3790517,7.9311228
Rectum,Male,AD,,,2,3.5999999,7.13510975442729,6.3633947,7.9068246
Rectum,Male,AD,,,2,3.6500001,7.11479554005648,6.3473883,7.8822026
Rectum,Male,AD,,,2,3.7,7.09416412170539,6.3310504,7.8572779
Rectum,Male,AD,,,2,3.75,7.073233674183296,6.3143983,7.8320689
Rectum,Male,AD,,,2,3.8,7.052021404933519,6.2974486,7.8065944
Rectum,Male,AD,,,2,3.8499999,7.030543532053372,6.2802167,7.78087
Rectum,Male,AD,,,2,3.9000001,7.008815248315695,6.2627177,7.7549129
Rectum,Male,AD,,,2,3.95,6.986851199633648,6.2449651,7.7287374
Rectum,Male,AD,,,2,4.0,6.964664921236601,6.2269721,7.7023578
Rectum,Male,AD,,,2,4.0500002,6.939030438330644,6.2058764,7.6721845
Rectum,Male,AD,,,2,4.0999999,6.913230519237548,6.1845913,7.6418695
Rectum,Male,AD,,,2,4.1500001,6.88727627245277,6.1631269,7.6114254
Rectum,Male,AD,,,2,4.1999998,6.861179164605129,6.1414952,7.5808635
Rectum,Male,AD,,,2,4.25,6.834949081299303,6.1197052,7.5501933
Rectum,Male,AD,,,2,4.3000002,6.808596103345838,6.0977664,7.5194254
Rectum,Male,AD,,,2,4.3499999,6.782129800153978,6.0756893,7.4885702
Rectum,Male,AD,,,2,4.4000001,6.755558499480188,6.0534816,7.4576354
Rectum,Male,AD,,,2,4.4499998,6.728891086656056,6.0311518,7.4266305
Rectum,Male,AD,,,2,4.5,6.70213500553151,6.0087075,7.3955626
Rectum,Male,AD,,,2,4.5500002,6.675298062226396,5.9861565,7.3644395
Rectum,Male,AD,,,2,4.5999999,6.648387689663721,5.9635062,7.3332691
Rectum,Male,AD,,,2,4.6500001,6.621410196537113,5.940763,7.3020577
Rectum,Male,AD,,,2,4.6999998,6.594372586183681,5.917933,7.270812
Rectum,Male,AD,,,2,4.75,6.567280518065015,5.8950233,7.2395377
Rectum,Male,AD,,,2,4.8000002,6.540140129361543,5.8720388,7.2082415
Rectum,Male,AD,,,2,4.8499999,6.512957280375645,5.8489861,7.1769285
Rectum,Male,AD,,,2,4.9000001,6.485736790505307,5.82587,7.1456037
Rectum,Male,AD,,,2,4.9499998,6.45848426851056,5.8026962,7.1142726
Rectum,Male,AD,,,2,5.0,6.431204049754513,5.7794685,7.0829396
Rectum,Male,ADa,,,0,0.0,0.0,0.0,0.0
Rectum,Male,ADa,,,0,0.050000001,0.6155277874848455,0.59796715,0.63308847
Rectum,Male,ADa,,,0,0.1,1.588990742244182,1.5572461,1.6207354
Rectum,Male,ADa,,,0,0.15000001,2.620304258943477,2.5756564,2.6649523
Rectum,Male,ADa,,,0,0.2,3.656057933868997,3.5997641,3.7123518
Rectum,Male,ADa,,,0,0.25,4.674626349455117,4.6078191,4.7414336
Rectum,Male,ADa,,,0,0.30000001,5.665848101690472,5.5895219,5.7421741
Rectum,Male,ADa,,,0,0.34999999,6.624847643225266,6.5398722,6.7098231
Rectum,Male,ADa,,,0,0.40000001,7.549503345707613,7.4566407,7.6423659
Rectum,Male,ADa,,,0,0.44999999,8.43922393161138,8.3391476,8.5393
Rectum,Male,ADa,,,0,0.5,9.294305697284308,9.1876135,9.4009981
Rectum,Male,ADa,,,0,0.55000001,10.11556169328043,10.002789,10.228335
Rectum,Male,ADa,,,0,0.60000002,10.90410580723856,10.785732,11.022479
Rectum,Male,ADa,,,0,0.64999998,11.66121749641821,11.537681,11.784754
Rectum,Male,ADa,,,0,0.69999999,12.3882613671189,12.259958,12.516564
Rectum,Male,ADa,,,0,0.75,13.08662834963245,12.953921,13.219335
Rectum,Male,ADa,,,0,0.80000001,13.75770522401744,13.620929,13.894482
Rectum,Male,ADa,,,0,0.85000002,14.40285201810002,14.262312,14.543392
Rectum,Male,ADa,,,0,0.89999998,15.02338775610355,14.879368,15.167408
Rectum,Male,ADa,,,0,0.94999999,15.62058527529685,15.473347,15.767823
Rectum,Male,ADa,,,0,1.0,16.19567109402523,16.045458,16.345884
Rectum,Male,ADa,,,0,1.05,16.7477693221803,16.594822,16.900717
Rectum,Male,ADa,,,0,1.1,17.27997304519569,17.124498,17.435448
Rectum,Male,ADa,,,0,1.15,17.79336697464873,17.635557,17.951176
Rectum,Male,ADa,,,0,1.2,18.28897996220807,18.129015,18.448944
Rectum,Male,ADa,,,0,1.25,18.76777828489398,18.605824,18.929733
Rectum,Male,ADa,,,0,1.3,19.23067717299369,19.066885,19.394468
Rectum,Male,ADa,,,0,1.35,19.67854021298375,19.513054,19.844027
Rectum,Male,ADa,,,0,1.4,20.11217934470228,19.945127,20.27923
Rectum,Male,ADa,,,0,1.45,20.53236515738256,20.363869,20.700861
Rectum,Male,ADa,,,0,1.5,20.93982137221917,20.769991,21.109652
Rectum,Male,ADa,,,0,1.55,21.3352345448229,21.164171,21.506298
Rectum,Male,ADa,,,0,1.6,21.71925338349533,21.547047,21.89146
Rectum,Male,ADa,,,0,1.65,22.09248843084194,21.919222,22.265755
Rectum,Male,ADa,,,0,1.7,22.45551893979439,22.281267,22.62977
Rectum,Male,ADa,,,0,1.75,22.80883924211976,22.633669,22.984009
Rectum,Male,ADa,,,0,1.8,23.15286603000223,22.976837,23.328894
Rectum,Male,ADa,,,0,1.85,23.48799874028262,23.311167,23.664831
Rectum,Male,ADa,,,0,1.9,23.81462054012599,23.637032,23.99221
Rectum,Male,ADa,,,0,1.95,24.13310356244982,23.9548,24.311409
Rectum,Male,ADa,,,0,2.0,24.44380251335863,24.264818,24.622786
Rectum,Male,ADa,,,0,2.05,24.74394427985816,24.564327,24.923561
Rectum,Male,ADa,,,0,2.0999999,25.03692390523797,24.856697,25.21715
Rectum,Male,ADa,,,0,2.1500001,25.32305924049355,25.142242,25.503876
Rectum,Male,ADa,,,0,2.2,25.60264986904205,25.421259,25.78404
Rectum,Male,ADa,,,0,2.25,25.87598558358003,25.694033,26.05794
Rectum,Male,ADa,,,0,2.3,26.1433412328802,25.960831,26.325853
Rectum,Male,ADa,,,0,2.3499999,26.40497847100769,26.221912,26.588045
Rectum,Male,ADa,,,0,2.4000001,26.66114736057223,26.477524,26.84477
Rectum,Male,ADa,,,0,2.45,26.91208192639539,26.727896,27.096268
Rectum,Male,ADa,,,0,2.5,27.15800790972084,26.973251,27.342764
Rectum,Male,ADa,,,0,2.55,27.39913870114482,27.2138,27.584476
Rectum,Male,ADa,,,0,2.5999999,27.63569783850865,27.449764,27.821632
Rectum,Male,ADa,,,0,2.6500001,27.86792707447611,27.681381,28.054474
Rectum,Male,ADa,,,0,2.7,28.09605051581474,27.908871,28.28323
Rectum,Male,ADa,,,0,2.75,28.32027977583786,28.132446,28.508114
Rectum,Male,ADa,,,0,2.8,28.54081070019309,28.352299,28.729322
Rectum,Male,ADa,,,0,2.8499999,28.75782556579318,28.568611,28.947041
Rectum,Male,ADa,,,0,2.9000001,28.97149508796262,28.781551,29.16144
Rectum,Male,ADa,,,0,2.95,29.18197527872573,28.991272,29.372679
Rectum,Male,ADa,,,0,3.0,29.38941440454661,29.197924,29.580906
Rectum,Male,ADa,,,0,3.05,29.59020752075003,29.397917,29.782497
Rectum,Male,ADa,,,0,3.0999999,29.78820282278009,29.595081,29.981325
Rectum,Male,ADa,,,0,3.1500001,29.98352162138016,29.789537,30.177505
Rectum,Male,ADa,,,0,3.2,30.17627433356441,29.981398,30.371151
Rectum,Male,ADa,,,0,3.25,30.36656664208448,30.170763,30.56237
Rectum,Male,ADa,,,0,3.3,30.55449628658734,30.357735,30.751257
Rectum,Male,ADa,,,0,3.3499999,30.7401544899722,30.542402,30.937906
Rectum,Male,ADa,,,0,3.4000001,30.92362728017554,30.724854,31.122402
Rectum,Male,ADa,,,0,3.45,31.10499241945301,30.905163,31.304821
Rectum,Male,ADa,,,0,3.5,31.28432504022391,31.08341,31.485241
Rectum,Male,ADa,,,0,3.55,31.46169449433913,31.259661,31.663729
Rectum,Male,ADa,,,0,3.5999999,31.63716556550123,31.433983,31.840347
Rectum,Male,ADa,,,0,3.6500001,31.81079960113652,31.606438,32.015163
Rectum,Male,ADa,,,0,3.7,31.98265149531863,31.777079,32.188225
Rectum,Male,ADa,,,0,3.75,32.15277492142815,31.945963,32.359589
Rectum,Male,ADa,,,0,3.8,32.32121925834447,32.11314,32.529301
Rectum,Male,ADa,,,0,3.8499999,32.48803065166631,32.278652,32.697407
Rectum,Male,ADa,,,0,3.9000001,32.65325301061985,32.442551,32.863956
Rectum,Male,ADa,,,0,3.95,32.81692506219461,32.60487,33.02898
Rectum,Male,ADa,,,0,4.0,32.97908526199591,32.765656,33.192516
Rectum,Male,ADa,,,0,4.0500002,33.13558472020608,32.920773,33.350395
Rectum,Male,ADa,,,0,4.0999999,33.29062890182362,33.074413,33.506844
Rectum,Male,ADa,,,0,4.1500001,33.44425202533058,33.226612,33.661892
Rectum,Male,ADa,,,0,4.1999998,33.5964803792421,33.377392,33.815571
Rectum,Male,ADa,,,0,4.25,33.74734417468598,33.526783,33.967903
Rectum,Male,ADa,,,0,4.3000002,33.89686747167937,33.674816,34.118919
Rectum,Male,ADa,,,0,4.3499999,34.04507270585184,33.82151,34.268635
Rectum,Male,ADa,,,0,4.4000001,34.1919849774072,33.966892,34.41708
Rectum,Male,ADa,,,0,4.4499998,34.33762228739835,34.110981,34.564266
Rectum,Male,ADa,,,0,4.5,34.48200683988757,34.253796,34.710217
Rectum,Male,ADa,,,0,4.5500002,34.62515537580414,34.395363,34.854946
Rectum,Male,ADa,,,0,4.5999999,34.76708347382034,34.535694,34.998474
Rectum,Male,ADa,,,0,4.6500001,34.90780963375593,34.674805,35.140812
Rectum,Male,ADa,,,0,4.6999998,35.04734590143686,34.812714,35.281979
Rectum,Male,ADa,,,0,4.75,35.18570867230787,34.949436,35.421982
Rectum,Male,ADa,,,0,4.8000002,35.3229094101539,35.084984,35.560837
Rectum,Male,ADa,,,0,4.8499999,35.45895874746178,35.219368,35.698551
Rectum,Male,ADa,,,0,4.9000001,35.59387038260003,35.352604,35.835136
Rectum,Male,ADa,,,0,4.9499998,35.72765207584713,35.484699,35.970604
Rectum,Male,ADa,,,0,5.0,35.86031599078703,35.615665,36.104965
Rectum,Male,ADa,,,1,0.0,0.0,0.0,0.0
Rectum,Male,ADa,,,1,0.050000001,0.7679590916033154,0.75291646,0.78300172
Rectum,Male,ADa,,,1,0.1,1.618890748293956,1.5926291,1.6451523
Rectum,Male,ADa,,,1,0.15000001,2.461895812986409,2.4254262,2.4983654
Rectum,Male,ADa,,,1,0.2,3.28546286993701,3.2395422,3.3313835
Rectum,Male,ADa,,,1,0.25,4.085311898156625,4.0305815,4.1400423
Rectum,Male,ADa,,,1,0.30000001,4.859716098938904,4.7967453,4.9226871
Rectum,Male,ADa,,,1,0.34999999,5.608153343576703,5.5374599,5.6788468
Rectum,Male,ADa,,,1,0.40000001,6.330749886001556,6.2528114,6.4086885
Rectum,Male,ADa,,,1,0.44999999,7.027999168571938,6.9432602,7.1127381
Rectum,Male,ADa,,,1,0.5,7.700611578239119,7.609488,7.7917352
Rectum,Male,ADa,,,1,0.55000001,8.349420520838216,8.2523031,8.446538
Rectum,Male,ADa,,,1,0.60000002,8.975327747135921,8.8725863,9.0780697
Rectum,Male,ADa,,,1,0.64999998,9.579266243290078,9.4712477,9.6872845
Rectum,Male,ADa,,,1,0.69999999,10.16217966479643,10.049213,10.275146
Rectum,Male,ADa,,,1,0.75,10.72500262298207,10.6074,10.842605
Rectum,Male,ADa,,,1,0.80000001,11.26865346316902,11.146709,11.390597
Rectum,Male,ADa,,,1,0.85000002,11.79402693950691,11.668021,11.920033
Rectum,Male,ADa,,,1,0.89999998,12.30198943659404,12.172186,12.431793
Rectum,Male,ADa,,,1,0.94999999,12.79337885131368,12.660028,12.92673
Rectum,Male,ADa,,,1,1.0,13.26900748743475,13.132345,13.405669
Rectum,Male,ADa,,,1,1.05,13.72887583173435,13.589134,13.868618
Rectum,Male,ADa,,,1,1.1,14.17450537481456,14.031895,14.317117
Rectum,Male,ADa,,,1,1.15,14.60662722480216,14.461347,14.751908
Rectum,Male,ADa,,,1,1.2,15.0259394447333,14.878176,15.173703
Rectum,Male,ADa,,,1,1.25,15.43310073434957,15.283031,15.583171
Rectum,Male,ADa,,,1,1.3,15.82873937913139,15.676529,15.980949
Rectum,Male,ADa,,,1,1.35,16.2134519259783,16.059258,16.367647
Rectum,Male,ADa,,,1,1.4,16.58780226868659,16.431768,16.743837
Rectum,Male,ADa,,,1,1.45,16.95232963101571,16.794592,17.110067
Rectum,Male,ADa,,,1,1.5,17.3075429541352,17.148228,17.466858
Rectum,Male,ADa,,,1,1.55,17.65392848409563,17.493155,17.814701
Rectum,Male,ADa,,,1,1.6,17.99194842837981,17.829826,18.154072
Rectum,Male,ADa,,,1,1.65,18.32203990930837,18.158669,18.485411
Rectum,Male,ADa,,,1,1.7,18.64461986244902,18.480093,18.809147
Rectum,Male,ADa,,,1,1.75,18.96002308577032,18.794426,19.12562
Rectum,Male,ADa,,,1,1.8,19.26850787993874,19.101919,19.435097
Rectum,Male,ADa,,,1,1.85,19.57032652473676,19.402819,19.737835
Rectum,Male,ADa,,,1,1.9,19.86572618360879,19.697365,20.034088
Rectum,Male,ADa,,,1,1.95,20.15495273139767,19.985796,20.324108
Rectum,Male,ADa,,,1,2.0,20.43824416007143,20.268347,20.608141
Rectum,Male,ADa,,,1,2.05,20.71453903220502,20.543957,20.88512
Rectum,Male,ADa,,,1,2.0999999,20.98532625858786,20.814102,21.156551
Rectum,Male,ADa,,,1,2.1500001,21.25082813151086,21.078997,21.422659
Rectum,Male,ADa,,,1,2.2,21.51125578277643,21.338848,21.683664
Rectum,Male,ADa,,,1,2.25,21.76681652493086,21.593857,21.939775
Rectum,Male,ADa,,,1,2.3,22.01770859708712,21.844219,22.191198
Rectum,Male,ADa,,,1,2.3499999,22.2641223517642,22.090118,22.438126
Rectum,Male,ADa,,,1,2.4000001,22.50624137140778,22.331734,22.680748
Rectum,Male,ADa,,,1,2.45,22.74423789689466,22.569235,22.919241
Rectum,Male,ADa,,,1,2.5,22.97827982484269,22.802784,23.153776
Rectum,Male,ADa,,,1,2.55,23.20852655515908,23.032537,23.384516
Rectum,Male,ADa,,,1,2.5999999,23.43514946402756,23.258663,23.611637
Rectum,Male,ADa,,,1,2.6500001,23.65833921420193,23.481348,23.835331
Rectum,Male,ADa,,,1,2.7,23.87827240543366,23.700764,24.05578
Rectum,Male,ADa,,,1,2.75,24.09511637933667,23.917078,24.273153
Rectum,Male,ADa,,,1,2.8,24.3090258381291,24.130442,24.48761
Rectum,Male,ADa,,,1,2.8499999,24.52014474160821,24.340996,24.699293
Rectum,Male,ADa,,,1,2.9000001,24.72860805828265,24.548874,24.908342
Rectum,Male,ADa,,,1,2.95,24.93453850840908,24.754196,25.114882
Rectum,Male,ADa,,,1,3.0,25.13805318114045,24.957077,25.319029
Rectum,Male,ADa,,,1,3.05,25.33753241905212,25.155907,25.519157
Rectum,Male,ADa,,,1,3.0999999,25.5347776160386,25.352476,25.717079
Rectum,Male,ADa,,,1,3.1500001,25.72988382079846,25.546877,25.912891
Rectum,Male,ADa,,,1,3.2,25.92293682230634,25.739195,26.106678
Rectum,Male,ADa,,,1,3.25,26.11401917891138,25.929512,26.298527
Rectum,Male,ADa,,,1,3.3,26.30320690229202,26.117903,26.48851
Rectum,Male,ADa,,,1,3.3499999,26.49057077761121,26.30444,26.676702
Rectum,Male,ADa,,,1,3.4000001,26.67617760137209,26.489185,26.863169
Rectum,Male,ADa,,,1,3.45,26.8600869808441,26.672203,27.047972
Rectum,Male,ADa,,,1,3.5,27.04235695124929,26.853548,27.231167
Rectum,Male,ADa,,,1,3.55,27.22304071300762,27.033274,27.412807
Rectum,Male,ADa,,,1,3.5999999,27.40218778605373,27.21143,27.592945
Rectum,Male,ADa,,,1,3.6500001,27.57984509986731,27.388065,27.771626
Rectum,Male,ADa,,,1,3.7,27.75605384111624,27.563219,27.948889
Rectum,Male,ADa,,,1,3.75,27.93085474915408,27.736933,28.124777
Rectum,Male,ADa,,,1,3.8,28.10428491879956,27.909243,28.299326
Rectum,Male,ADa,,,1,3.8499999,28.27637883542751,28.080187,28.47257
Rectum,Male,ADa,,,1,3.9000001,28.44716935802433,28.249798,28.644541
Rectum,Male,ADa,,,1,3.95,28.61668462781799,28.418102,28.815268
Rectum,Male,ADa,,,1,4.0,28.78495310344756,28.585131,28.984776
Rectum,Male,ADa,,,1,4.0500002,28.94987194455669,28.748795,29.150949
Rectum,Male,ADa,,,1,4.0999999,29.11356807729356,28.911207,29.315929
Rectum,Male,ADa,,,1,4.1500001,29.27606698100774,29.072395,29.479738
Rectum,Male,ADa,,,1,4.1999998,29.43738628179824,29.23238,29.642393
Rectum,Male,ADa,,,1,4.25,29.59754825683403,29.391178,29.803917
Rectum,Male,ADa,,,1,4.3000002,29.75656913565133,29.548813,29.964325
Rectum,Male,ADa,,,1,4.3499999,29.91446385680547,29.705296,30.123632
Rectum,Male,ADa,,,1,4.4000001,30.07125062252737,29.860647,30.281853
Rectum,Male,ADa,,,1,4.4499998,30.22694046507118,30.014881,30.438999
Rectum,Male,ADa,,,1,4.5,30.38154928453494,30.168011,30.595087
Rectum,Male,ADa,,,1,4.5500002,30.53508749969984,30.320049,30.750126
Rectum,Male,ADa,,,1,4.5999999,30.68756461430083,30.471008,30.904121
Rectum,Male,ADa,,,1,4.6500001,30.83899359524808,30.620899,31.057089
Rectum,Male,ADa,,,1,4.6999998,30.98938077645003,30.76973,31.209032
Rectum,Male,ADa,,,1,4.75,31.13873746644806,30.917511,31.359964
Rectum,Male,ADa,,,1,4.8000002,31.28706993482496,31.064253,31.509888
Rectum,Male,ADa,,,1,4.8499999,31.43438380635646,31.209961,31.658808
Rectum,Male,ADa,,,1,4.9000001,31.58068827633706,31.354643,31.806734
Rectum,Male,ADa,,,1,4.9499998,31.725986342159,31.498304,31.953667
Rectum,Male,ADa,,,1,5.0,31.87028600488603,31.640955,32.099617
Rectum,Male,ADa,,,2,0.0,0.0,0.0,0.0
Rectum,Male,ADa,,,2,0.050000001,-0.1435497644464601,-0.15020834,-0.13689119
Rectum,Male,ADa,,,2,0.1,-0.0218343069973073,-0.035339113,-0.0083294995
Rectum,Male,ADa,,,2,0.15000001,0.1632188510029393,0.1432386,0.18319911
Rectum,Male,ADa,,,2,0.2,0.3711932903350768,0.34563237,0.39675421
Rectum,Male,ADa,,,2,0.25,0.5853594610614978,0.55513078,0.61558813
Rectum,Male,ADa,,,2,0.30000001,0.7975837543432114,0.7635088,0.83165866
Rectum,Male,ADa,,,2,0.34999999,1.003669697012873,0.96645969,1.0408797
Rectum,Male,ADa,,,2,0.40000001,1.201452150274772,1.1617135,1.2411908
Rectum,Male,ADa,,,2,0.44999999,1.389888185065451,1.3481349,1.4316416
Rectum,Male,ADa,,,2,0.5,1.568581912626985,1.5252481,1.6119157
Rectum,Male,ADa,,,2,0.55000001,1.737517311380228,1.6929694,1.7820653
Rectum,Male,ADa,,,2,0.60000002,1.896902644563609,1.8514494,1.942356
Rectum,Male,ADa,,,2,0.64999998,2.047075731886819,2.0009768,2.0931747
Rectum,Male,ADa,,,2,0.69999999,2.188446195166634,2.1419196,2.234973
Rectum,Male,ADa,,,2,0.75,2.321457692098976,2.2746859,2.3682296
Rectum,Male,ADa,,,2,0.80000001,2.446565483051266,2.3997004,2.4934306
Rectum,Male,ADa,,,2,0.85000002,2.564221681319593,2.5173891,2.6110544
Rectum,Male,ADa,,,2,0.89999998,2.674866105962376,2.6281693,2.7215629
Rectum,Male,ADa,,,2,0.94999999,2.778921401325391,2.732444,2.8253989
Rectum,Male,ADa,,,2,1.0,2.876790133613083,2.8305988,2.9229813
Rectum,Male,ADa,,,2,1.05,2.967627975063296,2.9217951,3.0134609
Rectum,Male,ADa,,,2,1.1,3.052955603845765,3.0075197,3.0983915
Rectum,Male,ADa,,,2,1.15,3.133116841746526,3.088105,3.1781287
Rectum,Male,ADa,,,2,1.2,3.208433387697301,3.1638627,3.2530041
Rectum,Male,ADa,,,2,1.25,3.279204408527942,3.2350838,3.3233252
Rectum,Male,ADa,,,2,1.3,3.345709062087701,3.3020394,3.3893788
Rectum,Male,ADa,,,2,1.35,3.408207192189122,3.3649828,3.4514315
Rectum,Male,ADa,,,2,1.4,3.466940203026448,3.4241498,3.5097306
Rectum,Male,ADa,,,2,1.45,3.52213332194435,3.4797602,3.5645065
Rectum,Male,ADa,,,2,1.5,3.573995666906644,3.5320189,3.6159723
Rectum,Male,ADa,,,2,1.55,3.622722316818214,3.5811174,3.6643271
Rectum,Male,ADa,,,2,1.6,3.66849494326504,3.627234,3.7097559
Rectum,Male,ADa,,,2,1.65,3.711482507585179,3.6705346,3.7524304
Rectum,Male,ADa,,,2,1.7,3.751843187261713,3.7111757,3.7925107
Rectum,Male,ADa,,,2,1.75,3.789732124246157,3.7493107,3.8301535
Rectum,Male,ADa,,,2,1.8,3.825303030516977,3.7850926,3.8655136
Rectum,Male,ADa,,,2,1.85,3.858698768479766,3.8186638,3.8987339
Rectum,Male,ADa,,,2,1.9,3.89005143301817,3.8501565,3.9299464
Rectum,Male,ADa,,,2,1.95,3.919483724195395,3.8796937,3.9592738
Rectum,Male,ADa,,,2,2.0,3.947109113184984,3.9073894,3.9868288
Rectum,Male,ADa,,,2,2.05,3.971273944882382,3.9316096,4.0109382
Rectum,Male,ADa,,,2,2.0999999,3.9938210615594,3.9541798,4.0334625
Rectum,Male,ADa,,,2,2.1500001,4.014843484945651,3.975194,4.054493
Rectum,Male,ADa,,,2,2.2,4.034427341503605,3.9947402,4.0741143
Rectum,Male,ADa,,,2,2.25,4.052652988144862,4.0129004,4.0924058
Rectum,Male,ADa,,,2,2.3,4.069595086882357,4.0297508,4.1094394
Rectum,Male,ADa,,,2,2.3499999,4.085323151754189,4.0453629,4.1252832
Rectum,Male,ADa,,,2,2.4000001,4.099902022565018,4.0598035,4.1400008
Rectum,Male,ADa,,,2,2.45,4.113391965783633,4.0731344,4.1536498
Rectum,Male,ADa,,,2,2.5,4.125849433901013,4.0854139,4.166285
Rectum,Male,ADa,,,2,2.55,4.137327129806929,4.0966969,4.1779575
Rectum,Male,ADa,,,2,2.5999999,4.147876045822892,4.1070356,4.1887164
Rectum,Male,ADa,,,2,2.6500001,4.157546224778647,4.1164818,4.1986108
Rectum,Male,ADa,,,2,2.7,4.166384197060459,4.1250839,4.2076845
Rectum,Male,ADa,,,2,2.75,4.174433336172761,4.1328864,4.2159805
Rectum,Male,ADa,,,2,2.8,4.181733947307073,4.1399312,4.223537
Rectum,Male,ADa,,,2,2.8499999,4.188323566426547,4.1462569,4.2303905
Rectum,Male,ADa,,,2,2.9000001,4.19423721446044,4.1518998,4.2365746
Rectum,Male,ADa,,,2,2.95,4.199507494313508,4.1568937,4.2421212
Rectum,Male,ADa,,,2,3.0,4.204164947502573,4.1612706,4.2470593
Rectum,Male,ADa,,,2,3.05,4.206289908400446,4.1631331,4.2494469
Rectum,Male,ADa,,,2,3.0999999,4.207862090213506,4.1644402,4.2512836
Rectum,Male,ADa,,,2,3.1500001,4.208907204006668,4.1652188,4.2525954
Rectum,Male,ADa,,,2,3.2,4.209449346711029,4.165494,4.2534046
Rectum,Male,ADa,,,2,3.25,4.209511152691331,4.1652889,4.2537336
Rectum,Male,ADa,,,2,3.3,4.209113882746976,4.1646252,4.2536025
Rectum,Male,ADa,,,2,3.3499999,4.208277532115837,4.1635237,4.2530313
Rectum,Male,ADa,,,2,3.4000001,4.207020916666277,4.162004,4.252038
Rectum,Male,ADa,,,2,3.45,4.205361784219409,4.1600838,4.2506394
Rectum,Male,ADa,,,2,3.5,4.203316856717866,4.1577811,4.2488527
Rectum,Male,ADa,,,2,3.55,4.200901924099259,4.1551113,4.2466927
Rectum,Male,ADa,,,2,3.5999999,4.198131905246953,4.1520901,4.244174
Rectum,Male,ADa,,,2,3.6500001,4.195020892995821,4.1487317,4.2413101
Rectum,Male,ADa,,,2,3.7,4.191582270889192,4.1450496,4.2381148
Rectum,Male,ADa,,,2,3.75,4.187828675445871,4.1410575,4.2346001
Rectum,Male,ADa,,,2,3.8,4.183772101289488,4.1367669,4.2307773
Rectum,Male,ADa,,,2,3.8499999,4.179423930780619,4.1321898,4.2266583
Rectum,Male,ADa,,,2,3.9000001,4.174794951596947,4.127337,4.2222533
Rectum,Male,ADa,,,2,3.95,4.169895483603778,4.1222186,4.2175722
Rectum,Male,ADa,,,2,4.0,4.164735280769378,4.1168451,4.2126255
Rectum,Male,ADa,,,2,4.0500002,4.15733405618737,4.109261,4.2054071
Rectum,Male,ADa,,,2,4.0999999,4.149703501826981,4.1014538,4.1979532
Rectum,Male,ADa,,,2,4.1500001,4.141852146987361,4.0934315,4.1902728
Rectum,Male,ADa,,,2,4.1999998,4.133788413233425,4.0852022,4.1823745
Rectum,Male,ADa,,,2,4.25,4.125520040342536,4.0767746,4.1742654
Rectum,Male,ADa,,,2,4.3000002,4.1170546423518,4.0681558,4.1659532
Rectum,Male,ADa,,,2,4.3499999,4.108399506523263,4.0593534,4.1574454
Rectum,Male,ADa,,,2,4.4000001,4.099561356981656,4.050374,4.1487489
Rectum,Male,ADa,,,2,4.4499998,4.090546955207714,4.041224,4.1398697
Rectum,Male,ADa,,,2,4.5,4.081362443123929,4.0319104,4.1308146
Rectum,Male,ADa,,,2,4.5500002,4.072013956564575,4.0224385,4.1215897
Rectum,Male,ADa,,,2,4.5999999,4.062507389252143,4.012814,4.1122003
Rectum,Male,ADa,,,2,4.6500001,4.052848127617427,4.0030432,4.102653
Rectum,Male,ADa,,,2,4.6999998,4.04304170198591,3.9931312,4.0929523
Rectum,Male,ADa,,,2,4.75,4.033093061949067,3.9830828,4.0831037
Rectum,Male,ADa,,,2,4.8000002,4.023007238771676,3.9729028,4.0731115
Rectum,Male,ADa,,,2,4.8499999,4.012789081269879,3.9625962,4.0629821
Rectum,Male,ADa,,,2,4.9000001,4.002442967453337,3.9521673,4.0527186
Rectum,Male,ADa,,,2,4.9499998,3.991973498950596,3.9416208,4.0423265
Rectum,Male,ADa,,,2,5.0,3.981384720527615,3.9309604,4.0318089
Rectum,Male,ADb,,,0,0.0,0.0,0.0,0.0
Rectum,Male,ADb,,,0,0.050000001,1.108144913272366,0.89294761,1.3233422
Rectum,Male,ADb,,,0,0.1,2.184448586118975,1.7686694,2.6002278
Rectum,Male,ADb,,,0,0.15000001,3.196435356757483,2.591254,3.8016167
Rectum,Male,ADb,,,0,0.2,4.141783533682332,3.3580191,4.9255481
Rectum,Male,ADb,,,0,0.25,5.023484557709676,4.0712838,5.9756851
Rectum,Male,ADb,,,0,0.30000001,5.845893121635051,4.7346144,6.9571719
Rectum,Male,ADb,,,0,0.34999999,6.61356185845743,5.3517728,7.875351
Rectum,Male,ADb,,,0,0.40000001,7.330839836271124,5.9263654,8.7353144
Rectum,Male,ADb,,,0,0.44999999,8.001731869635947,6.4617224,9.5417414
Rectum,Male,ADb,,,0,0.5,8.629869966501701,6.9608712,10.298869
Rectum,Male,ADb,,,0,0.55000001,9.21852167629826,7.4265437,11.0105
Rectum,Male,ADb,,,0,0.60000002,9.770619888518633,7.8611989,11.680041
Rectum,Male,ADb,,,0,0.64999998,10.28879528893225,8.2670488,12.310541
Rectum,Male,ADb,,,0,0.69999999,10.77541231072418,8.6460886,12.904737
Rectum,Male,ADb,,,0,0.75,11.23259674116882,9.0001135,13.465079
Rectum,Male,ADb,,,0,0.80000001,11.66226647773868,9.3307524,13.993781
Rectum,Male,ADb,,,0,0.85000002,12.06615590702074,9.6394768,14.492835
Rectum,Male,ADb,,,0,0.89999998,12.44583739235601,9.9276285,14.964046
Rectum,Male,ADb,,,0,0.94999999,12.80274216593892,10.196427,15.409058
Rectum,Male,ADb,,,0,1.0,13.13817829091981,10.446991,15.829366
Rectum,Male,ADb,,,0,1.05,13.45109485039528,10.67842,16.22377
Rectum,Male,ADb,,,0,1.1,13.7449334675741,10.893646,16.59622
Rectum,Male,ADb,,,0,1.15,14.02078451172879,11.093596,16.947971
Rectum,Male,ADb,,,0,1.2,14.2796374949404,11.279115,17.280159
Rectum,Male,ADb,,,0,1.25,14.5223887754444,11.450966,17.593811
Rectum,Male,ADb,,,0,1.3,14.74985705275651,11.609848,17.889866
Rectum,Male,ADb,,,0,1.35,14.96279083300395,11.756401,18.16918
Rectum,Male,ADb,,,0,1.4,15.16187521620958,11.891212,18.432539
Rectum,Male,ADb,,,0,1.45,15.34774239088003,12.014822,18.680662
Rectum,Male,ADb,,,0,1.5,15.52097390511615,12.127729,18.914219
Rectum,Male,ADb,,,0,1.55,15.68210912085458,12.230396,19.133821
Rectum,Male,ADb,,,0,1.6,15.83164834540649,12.323252,19.340044
Rectum,Male,ADb,,,0,1.65,15.97005590132937,12.406694,19.533417
Rectum,Male,ADb,,,0,1.7,16.09776603949879,12.481097,19.714436
Rectum,Male,ADb,,,0,1.75,16.21515159893158,12.546785,19.883518
Rectum,Male,ADb,,,0,1.8,16.32248195812498,12.604013,20.040951
Rectum,Male,ADb,,,0,1.85,16.42001883843389,12.65303,20.187008
Rectum,Male,ADb,,,0,1.9,16.50803252822342,12.69409,20.321976
Rectum,Male,ADb,,,0,1.95,16.5868011561144,12.727449,20.446152
Rectum,Male,ADb,,,0,2.0,16.65660701147166,12.75337,20.559843
Rectum,Male,ADb,,,0,2.05,16.7148822871896,12.769668,20.660097
Rectum,Male,ADb,,,0,2.0999999,16.7647689965155,12.779051,20.750488
Rectum,Male,ADb,,,0,2.1500001,16.80655818605482,12.781781,20.831335
Rectum,Male,ADb,,,0,2.2,16.84053937183242,12.778121,20.902958
Rectum,Male,ADb,,,0,2.25,16.86700075532693,12.768326,20.965675
Rectum,Male,ADb,,,0,2.3,16.88622754639064,12.752651,21.019804
Rectum,Male,ADb,,,0,2.3499999,16.89850145742437,12.731347,21.065657
Rectum,Male,ADb,,,0,2.4000001,16.90410009567597,12.704657,21.103544
Rectum,Male,ADb,,,0,2.45,16.90329636289272,12.672821,21.133772
Rectum,Male,ADb,,,0,2.5,16.89635817078437,12.636076,21.156641
Rectum,Male,ADb,,,0,2.55,16.8835479790319,12.59465,21.172445
Rectum,Male,ADb,,,0,2.5999999,16.8651332797254,12.548774,21.181494
Rectum,Male,ADb,,,0,2.6500001,16.84139578482444,12.498681,21.184111
Rectum,Male,ADb,,,0,2.7,16.81260497866606,12.444594,21.180614
Rectum,Male,ADb,,,0,2.75,16.77901446083627,12.386724,21.171305
Rectum,Male,ADb,,,0,2.8,16.74086344456552,12.325268,21.15646
Rectum,Male,ADb,,,0,2.8499999,16.69837764206244,12.26041,21.136345
Rectum,Male,ADb,,,0,2.9000001,16.65176994247605,12.192328,21.111212
Rectum,Male,ADb,,,0,2.95,16.60124216045722,12.121187,21.081297
Rectum,Male,ADb,,,0,3.0,16.54698447708148,12.047143,21.046825
Rectum,Male,ADb,,,0,3.05,16.48624185511375,11.967849,21.004635
Rectum,Male,ADb,,,0,3.0999999,16.42214722855616,11.885964,20.95833
Rectum,Male,ADb,,,0,3.1500001,16.35486263805851,11.801624,20.9081
Rectum,Male,ADb,,,0,3.2,16.2845426067426,11.714955,20.85413
Rectum,Male,ADb,,,0,3.25,16.21133274767169,11.626075,20.796591
Rectum,Male,ADb,,,0,3.3,16.13537152775007,11.535097,20.735645
Rectum,Male,ADb,,,0,3.3499999,16.05679041367316,11.44213,20.671452
Rectum,Male,ADb,,,0,3.4000001,15.97571390616667,11.347274,20.604155
Rectum,Male,ADb,,,0,3.45,15.89226149486291,11.250626,20.533897
Rectum,Male,ADb,,,0,3.5,15.80654570662725,11.152279,20.460812
Rectum,Male,ADb,,,0,3.55,15.71867398398948,11.05232,20.385029
Rectum,Male,ADb,,,0,3.5999999,15.62874862408796,10.95083,20.306667
Rectum,Male,ADb,,,0,3.6500001,15.53686663399264,10.84789,20.225843
Rectum,Male,ADb,,,0,3.7,15.44312177049389,10.743576,20.142668
Rectum,Male,ADb,,,0,3.75,15.34760217004128,10.637959,20.057245
Rectum,Male,ADb,,,0,3.8,15.25039233466211,10.531106,19.969679
Rectum,Male,ADb,,,0,3.8499999,15.15157292477249,10.423083,19.880062
Rectum,Male,ADb,,,0,3.9000001,15.0512204887853,10.313952,19.788488
Rectum,Male,ADb,,,0,3.95,14.94940958257789,10.203774,19.695045
Rectum,Male,ADb,,,0,4.0,14.84621008330069,10.092605,19.599815
Rectum,Male,ADb,,,0,4.0500002,14.73886531518787,9.9781294,19.499601
Rectum,Male,ADb,,,0,4.0999999,14.63030170895414,9.8628044,19.397799
Rectum,Male,ADb,,,0,4.1500001,14.5205789203026,9.7466774,19.294481
Rectum,Male,ADb,,,0,4.1999998,14.40975813005326,9.6297979,19.189718
Rectum,Male,ADb,,,0,4.25,14.29789381187717,9.5122099,19.083578
Rectum,Male,ADb,,,0,4.3000002,14.18504123200083,9.3939571,18.976126
Rectum,Male,ADb,,,0,4.3499999,14.07125344134465,9.2750835,18.867424
Rectum,Male,ADb,,,0,4.4000001,13.95657809074106,9.1556253,18.75753
Rectum,Male,ADb,,,0,4.4499998,13.84106515464546,9.0356236,18.646507
Rectum,Male,ADb,,,0,4.5,13.72475828453145,8.9151125,18.534405
Rectum,Male,ADb,,,0,4.5500002,13.6077025945344,8.7941284,18.421278
Rectum,Male,ADb,,,0,4.5999999,13.48994147776807,8.6727057,18.307177
Rectum,Male,ADb,,,0,4.6500001,13.37151328893333,8.5508757,18.19215
Rectum,Male,ADb,,,0,4.6999998,13.25245930076045,8.4286709,18.076248
Rectum,Male,ADb,,,0,4.75,13.13281474520119,8.306119,17.959511
Rectum,Male,ADb,,,0,4.8000002,13.01261681671008,8.1832495,17.841984
Rectum,Male,ADb,,,0,4.8499999,12.89190135655682,8.060091,17.723711
Rectum,Male,ADb,,,0,4.9000001,12.77069943842656,7.9366684,17.604731
Rectum,Male,ADb,,,0,4.9499998,12.64904549824436,7.8130093,17.485083
Rectum,Male,ADb,,,0,5.0,12.52696814512134,7.6891351,17.364801
Rectum,Male,ADb,,,1,0.0,0.0,0.0,0.0
Rectum,Male,ADb,,,1,0.050000001,0.7853944411159341,0.60129613,0.96949273
Rectum,Male,ADb,,,1,0.1,1.491790030825024,1.1432178,1.8403623
Rectum,Male,ADb,,,1,0.15000001,2.150014020907282,1.6465354,2.6534927
Rectum,Male,ADb,,,1,0.2,2.768736530200126,2.1178946,3.4195783
Rectum,Male,ADb,,,1,0.25,3.352957920600083,2.5612328,4.1446829
Rectum,Male,ADb,,,1,0.30000001,3.906136770635264,2.9793112,4.832962
Rectum,Male,ADb,,,1,0.34999999,4.430897011131691,3.3742437,5.4875503
Rectum,Male,ADb,,,1,0.40000001,4.929345783242724,3.7477369,6.1109548
Rectum,Male,ADb,,,1,0.44999999,5.403237666684923,4.1012182,6.7052574
Rectum,Male,ADb,,,1,0.5,5.854074884971894,4.4359117,7.2722378
Rectum,Male,ADb,,,1,0.55000001,6.28316737049132,4.7528887,7.813446
Rectum,Male,ADb,,,1,0.60000002,6.691675665221481,5.0530977,8.3302536
Rectum,Male,ADb,,,1,0.64999998,7.080639571596471,5.3373909,8.8238888
Rectum,Male,ADb,,,1,0.69999999,7.451001441134821,5.6065397,9.2954626
Rectum,Male,ADb,,,1,0.75,7.803619533157494,5.861249,9.7459908
Rectum,Male,ADb,,,1,0.80000001,8.139282336746327,6.1021638,10.176401
Rectum,Male,ADb,,,1,0.85000002,8.458717897012775,6.3298817,10.587554
Rectum,Male,ADb,,,1,0.89999998,8.76260132168531,6.5449567,10.980246
Rectum,Male,ADb,,,1,0.94999999,9.051562613639746,6.7479048,11.355221
Rectum,Male,ADb,,,1,1.0,9.326192927502476,6.9392109,11.713175
Rectum,Male,ADb,,,1,1.05,9.586241056155274,7.1186886,12.053793
Rectum,Male,ADb,,,1,1.1,9.833124393146846,7.2874689,12.37878
Rectum,Male,ADb,,,1,1.15,10.06739729259662,7.4459972,12.688797
Rectum,Male,ADb,,,1,1.2,10.28957158572479,7.5946875,12.984455
Rectum,Male,ADb,,,1,1.25,10.5001174874707,7.7339187,13.266316
Rectum,Male,ADb,,,1,1.3,10.6994719612336,7.8640437,13.5349
Rectum,Male,ADb,,,1,1.35,10.88804093440275,7.9853902,13.790691
Rectum,Male,ADb,,,1,1.4,11.06620144594453,8.0982628,14.03414
Rectum,Male,ADb,,,1,1.45,11.23430764890009,8.2029486,14.265667
Rectum,Male,ADb,,,1,1.5,11.39268993983934,8.2997141,14.485665
Rectum,Male,ADb,,,1,1.55,11.54166003043069,8.388813,14.694508
Rectum,Male,ADb,,,1,1.6,11.68151157322507,8.4704809,14.892542
Rectum,Male,ADb,,,1,1.65,11.81252095594589,8.5449438,15.080098
Rectum,Male,ADb,,,1,1.7,11.93495105099707,8.6124134,15.257488
Rectum,Male,ADb,,,1,1.75,12.04902381366773,8.6730766,15.424971
Rectum,Male,ADb,,,1,1.8,12.1548844667404,8.7270708,15.582698
Rectum,Male,ADb,,,1,1.85,12.2526792222407,8.7745371,15.730822
Rectum,Male,ADb,,,1,1.9,12.34256804369448,8.8156252,15.869512
Rectum,Male,ADb,,,1,1.95,12.42472391311543,8.8504944,15.998954
Rectum,Male,ADb,,,1,2.0,12.49932905191088,8.8793106,16.119347
Rectum,Male,ADb,,,1,2.05,12.56539266278551,8.901329,16.229456
Rectum,Male,ADb,,,1,2.0999999,12.62428215142928,8.917635,16.330929
Rectum,Male,ADb,,,1,2.1500001,12.67620205455914,8.9284077,16.423996
Rectum,Male,ADb,,,1,2.2,12.72135993801521,8.9338312,16.508888
Rectum,Male,ADb,,,1,2.25,12.75996672423179,8.9340878,16.585846
Rectum,Male,ADb,,,1,2.3,12.79223464264899,8.9293613,16.655107
Rectum,Male,ADb,,,1,2.3499999,12.81837658298662,8.919836,16.716917
Rectum,Male,ADb,,,1,2.4000001,12.83860537226573,8.9056931,16.771517
Rectum,Male,ADb,,,1,2.45,12.85313270657218,8.8871155,16.819149
Rectum,Male,ADb,,,1,2.5,12.86216910331015,8.8642817,16.860056
Rectum,Male,ADb,,,1,2.55,12.86592298024604,8.837369,16.894478
Rectum,Male,ADb,,,1,2.5999999,12.86460985458878,8.8065567,16.922663
Rectum,Male,ADb,,,1,2.6500001,12.85846059013747,8.7720289,16.944893
Rectum,Male,ADb,,,1,2.7,12.84769754412677,8.733963,16.961432
Rectum,Male,ADb,,,1,2.75,12.83253146670134,8.6925268,16.972536
Rectum,Male,ADb,,,1,2.8,12.81316228469643,8.6478796,16.978445
Rectum,Male,ADb,,,1,2.8499999,12.78977972829384,8.600172,16.979387
Rectum,Male,ADb,,,1,2.9000001,12.76256379593775,8.5495453,16.975582
Rectum,Male,ADb,,,1,2.95,12.73168585679753,8.4961376,16.967234
Rectum,Male,ADb,,,1,3.0,12.69730839969819,8.4400768,16.95454
Rectum,Male,ADb,,,1,3.05,12.65826903850916,8.3804865,16.936052
Rectum,Male,ADb,,,1,3.0999999,12.61603731837482,8.31849,16.913586
Rectum,Male,ADb,,,1,3.1500001,12.57075376735989,8.2541981,16.88731
Rectum,Male,ADb,,,1,3.2,12.52255281813638,8.1877174,16.857388
Rectum,Male,ADb,,,1,3.25,12.47156189467634,8.1191483,16.823975
Rectum,Male,ADb,,,1,3.3,12.41790262107148,8.0485878,16.787218
Rectum,Male,ADb,,,1,3.3499999,12.36169094897048,7.9761267,16.747255
Rectum,Male,ADb,,,1,3.4000001,12.30303718727657,7.9018526,16.704222
Rectum,Male,ADb,,,1,3.45,12.24204742787697,7.8258486,16.658247
Rectum,Male,ADb,,,1,3.5,12.17882214367552,7.7481947,16.609449
Rectum,Male,ADb,,,1,3.55,12.11345755598475,7.6689663,16.557949
Rectum,Male,ADb,,,1,3.5999999,12.04604560426651,7.5882368,16.503855
Rectum,Male,ADb,,,1,3.6500001,11.97667383954857,7.5060735,16.447275
Rectum,Male,ADb,,,1,3.7,11.90542697177855,7.422544,16.388309
Rectum,Male,ADb,,,1,3.75,11.83238508627383,7.3377118,16.327059
Rectum,Male,ADb,,,1,3.8,11.75762514765,7.251637,16.263613
Rectum,Male,ADb,,,1,3.8499999,11.68122085192792,7.1643772,16.198065
Rectum,Male,ADb,,,1,3.9000001,11.60324241875747,7.0759878,16.130497
Rectum,Male,ADb,,,1,3.95,11.52375824407798,6.9865227,16.060993
Rectum,Male,ADb,,,1,4.0,11.44283281720482,6.8960323,15.989634
Rectum,Male,ADb,,,1,4.0500002,11.35920180597023,6.8035922,15.914812
Rectum,Male,ADb,,,1,4.0999999,11.27426611972496,6.710237,15.838295
Rectum,Male,ADb,,,1,4.1500001,11.18808175161425,6.6160116,15.760152
Rectum,Male,ADb,,,1,4.1999998,11.10070565568978,6.5209599,15.680451
Rectum,Male,ADb,,,1,4.25,11.01218928565075,6.4251218,15.599257
Rectum,Male,ADb,,,1,4.3000002,10.92258450453429,6.3285389,15.51663
Rectum,Male,ADb,,,1,4.3499999,10.83194123101538,6.2312503,15.432632
Rectum,Male,ADb,,,1,4.4000001,10.74030489324753,6.1332908,15.34732
Rectum,Male,ADb,,,1,4.4499998,10.64772259226976,6.0346975,15.260748
Rectum,Male,ADb,,,1,4.5,10.55423619663651,5.935503,15.172969
Rectum,Male,ADb,,,1,4.5500002,10.45988857956922,5.835741,15.084036
Rectum,Male,ADb,,,1,4.5999999,10.36472108216583,5.7354441,14.993998
Rectum,Male,ADb,,,1,4.6500001,10.26877082467311,5.6346407,14.902901
Rectum,Male,ADb,,,1,4.6999998,10.17207714543713,5.5333614,14.810793
Rectum,Male,ADb,,,1,4.75,10.07467434587963,5.4316335,14.717715
Rectum,Male,ADb,,,1,4.8000002,9.976598188009092,5.3294845,14.623713
Rectum,Male,ADb,,,1,4.8499999,9.877883214111336,5.2269411,14.528825
Rectum,Male,ADb,,,1,4.9000001,9.778559947827574,5.1240273,14.433093
Rectum,Male,ADb,,,1,4.9499998,9.67866155000914,5.0207696,14.336554
Rectum,Male,ADb,,,1,5.0,9.578216291231485,4.9171886,14.239244
Rectum,Male,ADb,,,2,0.0,0.0,0.0,0.0
Rectum,Male,ADb,,,2,0.050000001,0.3335239916557383,0.25212845,0.41491953
Rectum,Male,ADb,,,2,0.1,0.7170401130818034,0.53694743,0.89713281
Rectum,Male,ADb,,,2,0.15000001,1.083929780373056,0.80788982,1.3599697
Rectum,Male,ADb,,,2,0.2,1.422603876418274,1.05753,1.7876776
Rectum,Male,ADb,,,2,0.25,1.730922093460144,1.2847847,2.1770597
Rectum,Male,ADb,,,2,0.30000001,2.009802145310313,1.4905477,2.5290565
Rectum,Male,ADb,,,2,0.34999999,2.261250576783087,1.6763818,2.8461194
Rectum,Male,ADb,,,2,0.40000001,2.487605933002667,1.8440274,3.1311846
Rectum,Male,ADb,,,2,0.44999999,2.691217769259929,1.9951992,3.3872364
Rectum,Male,ADb,,,2,0.5,2.874310904664016,2.1315045,3.6171174
Rectum,Male,ADb,,,2,0.55000001,3.038930769434936,2.2544124,3.8234491
Rectum,Male,ADb,,,2,0.60000002,3.18692937894223,2.3652482,4.0086107
Rectum,Male,ADb,,,2,0.64999998,3.319969139938783,2.4651997,4.1747384
Rectum,Male,ADb,,,2,0.69999999,3.439535984700008,2.5553274,4.3237448
Rectum,Male,ADb,,,2,0.75,3.546954233222234,2.6365764,4.4573321
Rectum,Male,ADb,,,2,0.80000001,3.643403742932712,2.7097893,4.5770183
Rectum,Male,ADb,,,2,0.85000002,3.729935641410387,2.775717,4.684154
Rectum,Male,ADb,,,2,0.89999998,3.807486946615098,2.8350298,4.7799439
Rectum,Male,ADb,,,2,0.94999999,3.876894218166919,2.8883269,4.8654613
Rectum,Male,ADb,,,2,1.0,3.938905798174027,2.9361455,4.9416661
Rectum,Male,ADb,,,2,1.05,3.992684257237791,2.9778919,5.0074768
Rectum,Male,ADb,,,2,1.1,4.040344217162868,3.0150785,5.0656099
Rectum,Male,ADb,,,2,1.15,4.082444464310466,3.0481088,5.1167803
Rectum,Male,ADb,,,2,1.2,4.119482856732194,3.0773432,5.1616225
Rectum,Male,ADb,,,2,1.25,4.151903449466708,3.1031036,5.2007031
Rectum,Male,ADb,,,2,1.3,4.180103921398342,3.1256788,5.234529
Rectum,Male,ADb,,,2,1.35,4.204441068988757,3.1453285,5.2635536
Rectum,Male,ADb,,,2,1.4,4.225235660323527,3.1622868,5.2881846
Rectum,Male,ADb,,,2,1.45,4.242777109211417,3.1767647,5.3087897
Rectum,Male,ADb,,,2,1.5,4.257326777105224,3.1889539,5.3256998
Rectum,Male,ADb,,,2,1.55,4.269121489243993,3.1990278,5.3392153
Rectum,Male,ADb,,,2,1.6,4.278376159644893,3.2071447,5.3496075
Rectum,Male,ADb,,,2,1.65,4.28528617350004,3.2134485,5.3571239
Rectum,Male,ADb,,,2,1.7,4.290029632817898,3.218071,5.3619885
Rectum,Male,ADb,,,2,1.75,4.292763402484962,3.2211277,5.364399
Rectum,Male,ADb,,,2,1.8,4.293616803237846,3.2227144,5.3645191
Rectum,Male,ADb,,,2,1.85,4.292710077503845,3.2229204,5.3624997
Rectum,Male,ADb,,,2,1.9,4.290157938637375,3.2218311,5.3584847
Rectum,Male,ADb,,,2,1.95,4.286069582253734,3.2195284,5.3526111
Rectum,Male,ADb,,,2,2.0,4.28054881529529,3.2160902,5.3450074
Rectum,Male,ADb,,,2,2.05,4.271947468469445,3.2103267,5.3335686
Rectum,Male,ADb,,,2,2.0999999,4.262118582744517,3.2035811,5.3206563
Rectum,Male,ADb,,,2,2.1500001,4.251151594639012,3.1959221,5.3063812
Rectum,Male,ADb,,,2,2.2,4.239131136879553,3.1874142,5.2908483
Rectum,Male,ADb,,,2,2.25,4.226136919350918,3.1781187,5.2741551
Rectum,Male,ADb,,,2,2.3,4.212244133267799,3.1680932,5.2563949
Rectum,Male,ADb,,,2,2.3499999,4.197523603216506,3.1573927,5.2376542
Rectum,Male,ADb,,,2,2.4000001,4.182041912807559,3.146069,5.2180147
Rectum,Male,ADb,,,2,2.45,4.165861902538825,3.134171,5.1975527
Rectum,Male,ADb,,,2,2.5,4.149042421662728,3.1217446,5.1763401
Rectum,Male,ADb,,,2,2.55,4.13163881572757,3.1088331,5.1544447
Rectum,Male,ADb,,,2,2.5999999,4.113704215347443,3.0954783,5.1319304
Rectum,Male,ADb,,,2,2.6500001,4.095290469139211,3.0817211,5.1088595
Rectum,Male,ADb,,,2,2.7,4.076445576884172,3.0675998,5.0852914
Rectum,Male,ADb,,,2,2.75,4.057213125703363,3.0531485,5.0612779
Rectum,Male,ADb,,,2,2.8,4.037633034740718,3.038399,5.0368671
Rectum,Male,ADb,,,2,2.8499999,4.017741822493171,3.023381,5.0121026
Rectum,Male,ADb,,,2,2.9000001,3.99757282731764,3.0081208,4.9870248
Rectum,Male,ADb,,,2,2.95,3.977156878151693,2.9926431,4.9616704
Rectum,Male,ADb,,,2,3.0,3.956521972982927,2.9769707,4.9360733
Rectum,Male,ADb,,,2,3.05,3.934004647711209,2.9598975,4.9081116
Rectum,Male,ADb,,,2,3.0999999,3.911340587108818,2.9426861,4.8799953
Rectum,Male,ADb,,,2,3.1500001,3.88855144825213,2.925354,4.8517489
Rectum,Male,ADb,,,2,3.2,3.865657435750087,2.9079177,4.8233972
Rectum,Male,ADb,,,2,3.25,3.842676804879108,2.8903928,4.794961
Rectum,Male,ADb,,,2,3.3,3.819626436115112,2.8727927,4.7664604
Rectum,Male,ADb,,,2,3.3499999,3.796521853728514,2.8551304,4.7379131
Rectum,Male,ADb,,,2,3.4000001,3.773377230355603,2.8374176,4.7093368
Rectum,Male,ADb,,,2,3.45,3.750205932911076,2.8196659,4.6807461
Rectum,Male,ADb,,,2,3.5,3.727019954949931,2.8018849,4.6521549
Rectum,Male,ADb,,,2,3.55,3.70383044396057,2.7840843,4.6235766
Rectum,Male,ADb,,,2,3.5999999,3.680647669249492,2.7662728,4.5950227
Rectum,Male,ADb,,,2,3.6500001,3.657480982666311,2.7484581,4.566504
Rectum,Male,ADb,,,2,3.7,3.634339325205993,2.7306483,4.5380306
Rectum,Male,ADb,,,2,3.75,3.611230623237542,2.7128496,4.5096116
Rectum,Male,ADb,,,2,3.8,3.58816228442948,2.6950688,4.4812555
Rectum,Male,ADb,,,2,3.8499999,3.565141136498251,2.6773119,4.4529705
Rectum,Male,ADb,,,2,3.9000001,3.542173362862382,2.659584,4.4247627
Rectum,Male,ADb,,,2,3.95,3.519264981671288,2.6418905,4.3966393
Rectum,Male,ADb,,,2,4.0,3.496421226388502,2.6242361,4.3686066
Rectum,Male,ADb,,,2,4.0500002,3.472084539719312,2.6054909,4.3386784
Rectum,Male,ADb,,,2,4.0999999,3.447846400960181,2.5868111,4.3088818
Rectum,Male,ADb,,,2,4.1500001,3.423710288665205,2.5682001,4.2792206
Rectum,Male,ADb,,,2,4.1999998,3.399680267112458,2.5496614,4.2496991
Rectum,Male,ADb,,,2,4.25,3.3757591701774,2.5311978,4.2203207
Rectum,Male,ADb,,,2,4.3000002,3.351950231148347,2.5128121,4.1910882
Rectum,Male,ADb,,,2,4.3499999,3.328256411684922,2.4945076,4.1620054
Rectum,Male,ADb,,,2,4.4000001,3.304679748331086,2.4762857,4.1330738
Rectum,Male,ADb,,,2,4.4499998,3.281222949509363,2.4581492,4.1042967
Rectum,Male,ADb,,,2,4.5,3.257887613518754,2.4400997,4.0756755
Rectum,Male,ADb,,,2,4.5500002,3.234675812656157,2.4221392,4.0472126
Rectum,Male,ADb,,,2,4.5999999,3.211589430990646,2.4042697,4.018909
Rectum,Male,ADb,,,2,4.6500001,3.188629522254693,2.3864923,3.9907668
Rectum,Male,ADb,,,2,4.6999998,3.165797860125107,2.3688087,3.9627872
Rectum,Male,ADb,,,2,4.75,3.143095197790831,2.3512197,3.9349706
Rectum,Male,ADb,,,2,4.8000002,3.120522805554618,2.3337269,3.9073186
Rectum,Male,ADb,,,2,4.8499999,3.098081821623811,2.3163314,3.8798323
Rectum,Male,ADb,,,2,4.9000001,3.075772624551895,2.2990336,3.8525116
Rectum,Male,ADb,,,2,4.9499998,3.053596336445871,2.2818348,3.8253577
Rectum,Male,ADb,,,2,5.0,3.031553128598965,2.2647357,3.7983706
Rectum,Male,pm,,,0,0.0,0.0,0.0,0.0
Rectum,Male,pm,,,0,0.050000001,65.89945220947266,61.950573,69.848335
Rectum,Male,pm,,,0,0.1,58.38113021850586,53.985779,62.776482
Rectum,Male,pm,,,0,0.15000001,54.65670776367188,50.103676,59.20974
Rectum,Male,pm,,,0,0.2,52.24684906005859,47.610859,56.882839
Rectum,Male,pm,,,0,0.25,50.49692916870117,45.807438,55.18642
Rectum,Male,pm,,,0,0.30000001,49.14041137695313,44.411373,53.86945
Rectum,Male,pm,,,0,0.34999999,48.0431022644043,43.281818,52.804386
Rectum,Male,pm,,,0,0.40000001,47.12813568115234,42.338646,51.917625
Rectum,Male,pm,,,0,0.44999999,46.34748458862305,41.532093,51.162876
Rectum,Male,pm,,,0,0.5,45.66917419433594,40.829205,50.509144
Rectum,Male,pm,,,0,0.55000001,45.07090377807617,40.207111,49.934696
Rectum,Male,pm,,,0,0.60000002,44.53650665283203,39.649296,49.423717
Rectum,Male,pm,,,0,0.64999998,44.05391693115234,39.143482,48.964352
Rectum,Male,pm,,,0,0.69999999,43.6139030456543,38.680302,48.547504
Rectum,Male,pm,,,0,0.75,43.20924758911133,38.252468,48.166027
Rectum,Male,pm,,,0,0.80000001,42.83422470092773,37.854198,47.814251
Rectum,Male,pm,,,0,0.85000002,42.48420333862305,37.480835,47.487572
Rectum,Male,pm,,,0,0.89999998,42.1554069519043,37.128593,47.18222
Rectum,Male,pm,,,0,0.94999999,41.84469985961914,36.794327,46.895073
Rectum,Male,pm,,,0,1.0,41.54948043823242,36.475433,46.623528
Rectum,Male,pm,,,0,1.05,41.26635360717773,36.168324,46.364384
Rectum,Male,pm,,,0,1.1,40.99470138549805,35.87257,46.116833
Rectum,Male,pm,,,0,1.15,40.7329216003418,35.586571,45.879272
Rectum,Male,pm,,,0,1.2,40.47963333129883,35.308956,45.650311
Rectum,Male,pm,,,0,1.25,40.23363876342773,35.038528,45.428749
Rectum,Male,pm,,,0,1.3,39.99390029907227,34.774261,45.213539
Rectum,Male,pm,,,0,1.35,39.75950241088867,34.51524,45.003765
Rectum,Male,pm,,,0,1.4,39.52964401245117,34.260674,44.798615
Rectum,Male,pm,,,0,1.45,39.30362319946289,34.009865,44.597382
Rectum,Male,pm,,,0,1.5,39.080810546875,33.762188,44.399433
Rectum,Male,pm,,,0,1.55,38.86065673828125,33.517097,44.204216
Rectum,Male,pm,,,0,1.6,38.64266204833984,33.274101,44.011223
Rectum,Male,pm,,,0,1.65,38.42638778686523,33.032764,43.820011
Rectum,Male,pm,,,0,1.7,38.21144104003906,32.792698,43.630184
Rectum,Male,pm,,,0,1.75,37.99746322631836,32.553551,43.441376
Rectum,Male,pm,,,0,1.8,37.78414535522461,32.315033,43.253258
Rectum,Male,pm,,,0,1.85,37.57120513916016,32.076878,43.065533
Rectum,Male,pm,,,0,1.9,37.35841751098633,31.838869,42.877964
Rectum,Male,pm,,,0,1.95,37.14558410644531,31.600828,42.690338
Rectum,Male,pm,,,0,2.0,36.93253326416016,31.362589,42.502476
Rectum,Male,pm,,,0,2.05,36.71807098388672,31.122669,42.313473
Rectum,Male,pm,,,0,2.0999999,36.50313949584961,30.882317,42.123962
Rectum,Male,pm,,,0,2.1500001,36.28763961791992,30.641445,41.933834
Rectum,Male,pm,,,0,2.2,36.07149505615234,30.39999,41.743
Rectum,Male,pm,,,0,2.25,35.85464477539063,30.157898,41.551392
Rectum,Male,pm,,,0,2.3,35.63703536987305,29.915123,41.358948
Rectum,Male,pm,,,0,2.3499999,35.41864013671875,29.671648,41.165634
Rectum,Male,pm,,,0,2.4000001,35.19943618774414,29.42746,40.971413
Rectum,Male,pm,,,0,2.45,34.97940826416016,29.182549,40.776268
Rectum,Male,pm,,,0,2.5,34.7585563659668,28.936922,40.580189
Rectum,Male,pm,,,0,2.55,34.53688430786133,28.690592,40.383179
Rectum,Male,pm,,,0,2.5999999,34.31440734863281,28.443575,40.185238
Rectum,Male,pm,,,0,2.6500001,34.09112548828125,28.195877,39.986374
Rectum,Male,pm,,,0,2.7,33.86705780029297,27.947512,39.786606
Rectum,Male,pm,,,0,2.75,33.64221572875977,27.698494,39.585938
Rectum,Male,pm,,,0,2.8,33.41661834716797,27.448841,39.384396
Rectum,Male,pm,,,0,2.8499999,33.19028472900391,27.198572,39.181995
Rectum,Male,pm,,,0,2.9000001,32.96323394775391,26.947708,38.97876
Rectum,Male,pm,,,0,2.95,32.73548889160156,26.69627,38.774708
Rectum,Male,pm,,,0,3.0,32.50707244873047,26.444281,38.569862
Rectum,Male,pm,,,0,3.05,32.27683639526367,26.190187,38.363483
Rectum,Male,pm,,,0,3.0999999,32.04597091674805,25.935583,38.156361
Rectum,Male,pm,,,0,3.1500001,31.81450080871582,25.680485,37.948517
Rectum,Male,pm,,,0,3.2,31.58245658874512,25.424931,37.739983
Rectum,Male,pm,,,0,3.25,31.34986114501953,25.16894,37.530785
Rectum,Male,pm,,,0,3.3,31.11674118041992,24.912535,37.320946
Rectum,Male,pm,,,0,3.3499999,30.88312339782715,24.655748,37.110497
Rectum,Male,pm,,,0,3.4000001,30.6490364074707,24.398605,36.899467
Rectum,Male,pm,,,0,3.45,30.41450500488281,24.141132,36.687878
Rectum,Male,pm,,,0,3.5,30.17955780029297,23.883352,36.475761
Rectum,Male,pm,,,0,3.55,29.9442195892334,23.625296,36.263142
Rectum,Male,pm,,,0,3.5999999,29.70851898193359,23.366987,36.050049
Rectum,Male,pm,,,0,3.6500001,29.47247886657715,23.108452,35.836506
Rectum,Male,pm,,,0,3.7,29.23612976074219,22.849716,35.622543
Rectum,Male,pm,,,0,3.75,28.99949264526367,22.590801,35.408184
Rectum,Male,pm,,,0,3.8,28.76259613037109,22.331738,35.193455
Rectum,Male,pm,,,0,3.8499999,28.52546310424805,22.072544,34.978382
Rectum,Male,pm,,,0,3.9000001,28.28811645507813,21.813246,34.762989
Rectum,Male,pm,,,0,3.95,28.05058479309082,21.553867,34.547302
Rectum,Male,pm,,,0,4.0,27.81288719177246,21.29443,34.331345
Rectum,Male,pm,,,0,4.0500002,27.57368659973145,21.033112,34.114262
Rectum,Male,pm,,,0,4.0999999,27.33435821533203,20.771769,33.896946
Rectum,Male,pm,,,0,4.1500001,27.09492301940918,20.510416,33.679428
Rectum,Male,pm,,,0,4.1999998,26.85540390014648,20.249083,33.461727
Rectum,Male,pm,,,0,4.25,26.61581802368164,19.98778,33.243858
Rectum,Male,pm,,,0,4.3000002,26.37619018554688,19.72653,33.025852
Rectum,Male,pm,,,0,4.3499999,26.13654136657715,19.465357,32.807724
Rectum,Male,pm,,,0,4.4000001,25.89688682556152,19.204277,32.589497
Rectum,Male,pm,,,0,4.4499998,25.65725135803223,18.943308,32.371193
Rectum,Male,pm,,,0,4.5,25.41764640808105,18.682465,32.152828
Rectum,Male,pm,,,0,4.5500002,25.1780948638916,18.421766,31.934423
Rectum,Male,pm,,,0,4.5999999,24.93861770629883,18.161234,31.716002
Rectum,Male,pm,,,0,4.6500001,24.6992244720459,17.900877,31.497572
Rectum,Male,pm,,,0,4.6999998,24.45993995666504,17.640718,31.279161
Rectum,Male,pm,,,0,4.75,24.22077178955078,17.380766,31.060778
Rectum,Male,pm,,,0,4.8000002,23.98174285888672,17.121038,30.842447
Rectum,Male,pm,,,0,4.8499999,23.74286651611328,16.861551,30.624182
Rectum,Male,pm,,,0,4.9000001,23.5041561126709,16.602312,30.406
Rectum,Male,pm,,,0,4.9499998,23.2656307220459,16.343346,30.187916
Rectum,Male,pm,,,0,5.0,23.02729797363281,16.084652,29.969944
Rectum,Male,pm,,,1,0.0,0.0,0.0,0.0
Rectum,Male,pm,,,1,0.050000001,49.65827178955078,44.356895,54.959648
Rectum,Male,pm,,,1,0.1,46.57669830322266,41.09016,52.063236
Rectum,Male,pm,,,1,0.15000001,44.94914245605469,39.375374,50.522911
Rectum,Male,pm,,,1,0.2,43.85606002807617,38.224678,49.487442
Rectum,Male,pm,,,1,0.25,43.04067611694336,37.364506,48.716846
Rectum,Male,pm,,,1,0.30000001,42.3946647644043,36.680241,48.109089
Rectum,Male,pm,,,1,0.34999999,41.86194229125977,36.112923,47.610962
Rectum,Male,pm,,,1,0.40000001,41.40962982177734,35.628181,47.191078
Rectum,Male,pm,,,1,0.44999999,41.01676559448242,35.20422,46.829311
Rectum,Male,pm,,,1,0.5,40.66917037963867,34.826359,46.511982
Rectum,Male,pm,,,1,0.55000001,40.35678863525391,34.484238,46.22934
Rectum,Male,pm,,,1,0.60000002,40.07225799560547,34.1703,45.974216
Rectum,Male,pm,,,1,0.64999998,39.81000518798828,33.878838,45.741173
Rectum,Male,pm,,,1,0.69999999,39.56573486328125,33.605469,45.526001
Rectum,Male,pm,,,1,0.75,39.3360595703125,33.346745,45.325375
Rectum,Male,pm,,,1,0.80000001,39.11827087402344,33.099922,45.13662
Rectum,Male,pm,,,1,0.85000002,38.91016006469727,32.862762,44.957558
Rectum,Male,pm,,,1,0.89999998,38.70991897583008,32.633438,44.7864
Rectum,Male,pm,,,1,0.94999999,38.51604843139648,32.410439,44.621658
Rectum,Male,pm,,,1,1.0,38.32728576660156,32.192486,44.462086
Rectum,Male,pm,,,1,1.05,38.14180755615234,31.977697,44.305916
Rectum,Male,pm,,,1,1.1,37.95949172973633,31.765999,44.152985
Rectum,Male,pm,,,1,1.15,37.77956008911133,31.55661,44.00251
Rectum,Male,pm,,,1,1.2,37.60134506225586,31.34886,43.853828
Rectum,Male,pm,,,1,1.25,37.42427062988281,31.142172,43.706371
Rectum,Male,pm,,,1,1.3,37.24783706665039,30.936049,43.559628
Rectum,Male,pm,,,1,1.35,37.07159805297852,30.73004,43.413158
Rectum,Male,pm,,,1,1.4,36.89516830444336,30.523762,43.266575
Rectum,Male,pm,,,1,1.45,36.71821594238281,30.316889,43.119541
Rectum,Male,pm,,,1,1.5,36.54043960571289,30.109119,42.97176
Rectum,Male,pm,,,1,1.55,36.36157608032227,29.900188,42.822964
Rectum,Male,pm,,,1,1.6,36.18139266967773,29.689871,42.672913
Rectum,Male,pm,,,1,1.65,35.99968338012695,29.477959,42.521408
Rectum,Male,pm,,,1,1.7,35.81626510620117,29.264275,42.368256
Rectum,Male,pm,,,1,1.75,35.63099670410156,29.048687,42.213306
Rectum,Male,pm,,,1,1.8,35.44376373291016,28.831097,42.056431
Rectum,Male,pm,,,1,1.85,35.25448989868164,28.611448,41.897533
Rectum,Male,pm,,,1,1.9,35.0631103515625,28.38969,41.73653
Rectum,Male,pm,,,1,1.95,34.86957550048828,28.165789,41.57336
Rectum,Male,pm,,,1,2.0,34.67386245727539,27.939737,41.407986
Rectum,Male,pm,,,1,2.05,34.47521209716797,27.710703,41.239719
Rectum,Male,pm,,,1,2.0999999,34.27436447143555,27.479523,41.069206
Rectum,Male,pm,,,1,2.1500001,34.07133102416992,27.246227,40.896435
Rectum,Male,pm,,,1,2.2,33.86613845825195,27.010847,40.721428
Rectum,Male,pm,,,1,2.25,33.65880584716797,26.773424,40.544189
Rectum,Male,pm,,,1,2.3,33.44937515258789,26.534002,40.36475
Rectum,Male,pm,,,1,2.3499999,33.23789596557617,26.292648,40.183144
Rectum,Male,pm,,,1,2.4000001,33.02441024780273,26.049414,39.999409
Rectum,Male,pm,,,1,2.45,32.80898284912109,25.804373,39.813591
Rectum,Male,pm,,,1,2.5,32.59167098999023,25.557594,39.625748
Rectum,Male,pm,,,1,2.55,32.37254333496094,25.309158,39.435928
Rectum,Male,pm,,,1,2.5999999,32.15166854858398,25.059135,39.244202
Rectum,Male,pm,,,1,2.6500001,31.92911148071289,24.807598,39.050625
Rectum,Male,pm,,,1,2.7,31.70493507385254,24.554605,38.855263
Rectum,Male,pm,,,1,2.75,31.47920417785645,24.300228,38.65818
Rectum,Male,pm,,,1,2.8,31.25198364257813,24.044531,38.459435
Rectum,Male,pm,,,1,2.8499999,31.02333641052246,23.787577,38.259094
Rectum,Male,pm,,,1,2.9000001,30.79332160949707,23.52943,38.057213
Rectum,Male,pm,,,1,2.95,30.56200408935547,23.270155,37.853855
Rectum,Male,pm,,,1,3.0,30.32944297790527,23.009809,37.649078
Rectum,Male,pm,,,1,3.05,30.09490203857422,22.74753,37.442276
Rectum,Male,pm,,,1,3.0999999,29.85923767089844,22.484301,37.234173
Rectum,Male,pm,,,1,3.1500001,29.62250328063965,22.220179,37.02483
Rectum,Male,pm,,,1,3.2,29.38475799560547,21.955219,36.814297
Rectum,Male,pm,,,1,3.25,29.14605522155762,21.68948,36.602631
Rectum,Male,pm,,,1,3.3,28.90645027160645,21.423014,36.389885
Rectum,Male,pm,,,1,3.3499999,28.66599082946777,21.155872,36.176109
Rectum,Male,pm,,,1,3.4000001,28.42473220825195,20.888105,35.961357
Rectum,Male,pm,,,1,3.45,28.18272018432617,20.619764,35.745674
Rectum,Male,pm,,,1,3.5,27.94000816345215,20.350899,35.529118
Rectum,Male,pm,,,1,3.55,27.69664001464844,20.081556,35.311726
Rectum,Male,pm,,,1,3.5999999,27.45266151428223,19.811779,35.093544
Rectum,Male,pm,,,1,3.6500001,27.20811653137207,19.541609,34.874622
Rectum,Male,pm,,,1,3.7,26.96305274963379,19.271099,34.655006
Rectum,Male,pm,,,1,3.75,26.71751022338867,19.000284,34.434734
Rectum,Male,pm,,,1,3.8,26.47152900695801,18.729206,34.213852
Rectum,Male,pm,,,1,3.8499999,26.22515106201172,18.457905,33.992397
Rectum,Male,pm,,,1,3.9000001,25.97841262817383,18.186417,33.770409
Rectum,Male,pm,,,1,3.95,25.73135375976563,17.914782,33.547928
Rectum,Male,pm,,,1,4.0,25.48401069641113,17.643032,33.324989
Rectum,Male,pm,,,1,4.0500002,25.23556137084961,17.370184,33.100937
Rectum,Male,pm,,,1,4.0999999,24.98690032958984,17.097294,32.876507
Rectum,Male,pm,,,1,4.1500001,24.7380542755127,16.824389,32.651722
Rectum,Male,pm,,,1,4.1999998,24.48906326293945,16.551502,32.426624
Rectum,Male,pm,,,1,4.25,24.23995399475098,16.278664,32.201244
Rectum,Male,pm,,,1,4.3000002,23.99075698852539,16.005901,31.975613
Rectum,Male,pm,,,1,4.3499999,23.74150276184082,15.733245,31.74976
Rectum,Male,pm,,,1,4.4000001,23.49221992492676,15.460721,31.523718
Rectum,Male,pm,,,1,4.4499998,23.24293518066406,15.188356,31.297514
Rectum,Male,pm,,,1,4.5,22.99367523193359,14.916174,31.071177
Rectum,Male,pm,,,1,4.5500002,22.74446296691895,14.644198,30.844728
Rectum,Male,pm,,,1,4.5999999,22.49533081054688,14.372457,30.618204
Rectum,Male,pm,,,1,4.6500001,22.24629402160645,14.100965,30.391623
Rectum,Male,pm,,,1,4.6999998,21.99738121032715,13.829751,30.165012
Rectum,Male,pm,,,1,4.75,21.74861145019531,13.55883,29.938393
Rectum,Male,pm,,,1,4.8000002,21.50000953674316,13.288226,29.711794
Rectum,Male,pm,,,1,4.8499999,21.25159454345703,13.017957,29.485233
Rectum,Male,pm,,,1,4.9000001,21.00338554382324,12.748038,29.258734
Rectum,Male,pm,,,1,4.9499998,20.75540542602539,12.478493,29.032318
Rectum,Male,pm,,,1,5.0,20.50766563415527,12.209329,28.806004
Rectum,Male,pm,,,2,0.0,0.0,0.0,0.0
Rectum,Male,pm,,,2,0.050000001,152.0308990478516,116.31509,187.7467
Rectum,Male,pm,,,2,0.1,102.8286514282227,100.87929,104.77802
Rectum,Male,pm,,,2,0.15000001,87.23106384277344,83.363716,91.098412
Rectum,Male,pm,,,2,0.2,78.95166778564453,73.504379,84.398956
Rectum,Male,pm,,,2,0.25,73.6161117553711,67.411438,79.820786
Rectum,Male,pm,,,2,0.30000001,69.8045883178711,63.190369,76.418808
Rectum,Male,pm,,,2,0.34999999,66.9019775390625,60.050983,73.752975
Rectum,Male,pm,,,2,0.40000001,64.59312438964844,57.601128,71.585121
Rectum,Male,pm,,,2,0.44999999,62.69760513305664,55.621872,69.773338
Rectum,Male,pm,,,2,0.5,61.10366439819336,53.98032,68.227013
Rectum,Male,pm,,,2,0.55000001,59.73782348632813,52.590572,66.885078
Rectum,Male,pm,,,2,0.60000002,58.54949951171875,51.394341,65.704659
Rectum,Male,pm,,,2,0.64999998,57.50255966186523,50.350513,64.654602
Rectum,Male,pm,,,2,0.69999999,56.57038879394531,49.429153,63.711624
Rectum,Male,pm,,,2,0.75,55.73290252685547,48.607883,62.857922
Rectum,Male,pm,,,2,0.80000001,54.97459030151367,47.869591,62.07959
Rectum,Male,pm,,,2,0.85000002,54.28328323364258,47.200947,61.36562
Rectum,Male,pm,,,2,0.89999998,53.64926147460938,46.591404,60.707119
Rectum,Male,pm,,,2,0.94999999,53.06465911865234,46.032478,60.09684
Rectum,Male,pm,,,2,1.0,52.52304077148438,45.517277,59.528805
Rectum,Male,pm,,,2,1.05,52.01990127563477,45.041473,58.998329
Rectum,Male,pm,,,2,1.1,51.54999160766602,44.599022,58.500961
Rectum,Male,pm,,,2,1.15,51.10955810546875,44.185978,58.033138
Rectum,Male,pm,,,2,1.2,50.69539260864258,43.798985,57.591801
Rectum,Male,pm,,,2,1.25,50.30475997924805,43.435196,57.174324
Rectum,Male,pm,,,2,1.3,49.93529891967773,43.092171,56.778427
Rectum,Male,pm,,,2,1.35,49.58495330810547,42.767784,56.402122
Rectum,Male,pm,,,2,1.4,49.25194549560547,42.460213,56.043678
Rectum,Male,pm,,,2,1.45,48.9347038269043,42.167858,55.70155
Rectum,Male,pm,,,2,1.5,48.63185882568359,41.889324,55.374393
Rectum,Male,pm,,,2,1.55,48.34218597412109,41.623375,55.060997
Rectum,Male,pm,,,2,1.6,48.06461334228516,41.368923,54.760303
Rectum,Male,pm,,,2,1.65,47.79817581176758,41.125004,54.471348
Rectum,Male,pm,,,2,1.7,47.54201126098633,40.890751,54.193272
Rectum,Male,pm,,,2,1.75,47.29525375366211,40.665306,53.925201
Rectum,Male,pm,,,2,1.8,47.05701065063477,40.447777,53.666245
Rectum,Male,pm,,,2,1.85,46.82651138305664,40.237415,53.415607
Rectum,Male,pm,,,2,1.9,46.60306930541992,40.033531,53.172607
Rectum,Male,pm,,,2,1.95,46.38608551025391,39.835552,52.936619
Rectum,Male,pm,,,2,2.0,46.1750373840332,39.64296,52.707115
Rectum,Male,pm,,,2,2.05,45.97036361694336,39.4566,52.484127
Rectum,Male,pm,,,2,2.0999999,45.77074432373047,39.274765,52.266724
Rectum,Male,pm,,,2,2.1500001,45.57580947875977,39.097107,52.054512
Rectum,Male,pm,,,2,2.2,45.3852424621582,38.923313,51.847172
Rectum,Male,pm,,,2,2.25,45.19875717163086,38.75312,51.644394
Rectum,Male,pm,,,2,2.3,45.0161018371582,38.586288,51.445915
Rectum,Male,pm,,,2,2.3499999,44.8370475769043,38.422607,51.251488
Rectum,Male,pm,,,2,2.4000001,44.66139221191406,38.26189,51.060894
Rectum,Male,pm,,,2,2.45,44.48895645141602,38.103966,50.873947
Rectum,Male,pm,,,2,2.5,44.31957626342773,37.948685,50.690468
Rectum,Male,pm,,,2,2.55,44.15311050415039,37.795925,50.510296
Rectum,Male,pm,,,2,2.5999999,43.98942184448242,37.645561,50.333282
Rectum,Male,pm,,,2,2.6500001,43.8283805847168,37.497478,50.159283
Rectum,Male,pm,,,2,2.7,43.66987228393555,37.351574,49.988171
Rectum,Male,pm,,,2,2.75,43.5137825012207,37.207748,49.819817
Rectum,Male,pm,,,2,2.8,43.36001205444336,37.065914,49.65411
Rectum,Male,pm,,,2,2.8499999,43.20846176147461,36.925987,49.490936
Rectum,Male,pm,,,2,2.9000001,43.05904388427734,36.787891,49.330196
Rectum,Male,pm,,,2,2.95,42.91167831420898,36.651558,49.171799
Rectum,Male,pm,,,2,3.0,42.76628875732422,36.516914,49.015663
Rectum,Male,pm,,,2,3.05,42.62364196777344,36.385071,48.862213
Rectum,Male,pm,,,2,3.0999999,42.48281097412109,36.254772,48.71085
Rectum,Male,pm,,,2,3.1500001,42.3437385559082,36.125973,48.561504
Rectum,Male,pm,,,2,3.2,42.20635604858398,35.998615,48.414097
Rectum,Male,pm,,,2,3.25,42.07061767578125,35.872658,48.268578
Rectum,Male,pm,,,2,3.3,41.93646621704102,35.748055,48.124878
Rectum,Male,pm,,,2,3.3499999,41.80385208129883,35.62476,47.982944
Rectum,Male,pm,,,2,3.4000001,41.67273330688477,35.502747,47.84272
Rectum,Male,pm,,,2,3.45,41.54306030273438,35.381966,47.704155
Rectum,Male,pm,,,2,3.5,41.414794921875,35.26239,47.5672
Rectum,Male,pm,,,2,3.55,41.28789901733398,35.143986,47.431812
Rectum,Male,pm,,,2,3.5999999,41.16233444213867,35.026722,47.297947
Rectum,Male,pm,,,2,3.6500001,41.03806686401367,34.910572,47.165562
Rectum,Male,pm,,,2,3.7,40.91506576538086,34.795509,47.034622
Rectum,Male,pm,,,2,3.75,40.79329299926758,34.681503,46.905083
Rectum,Male,pm,,,2,3.8,40.67272567749023,34.568531,46.77692
Rectum,Male,pm,,,2,3.8499999,40.55332946777344,34.45657,46.650089
Rectum,Male,pm,,,2,3.9000001,40.43508529663086,34.345596,46.524574
Rectum,Male,pm,,,2,3.95,40.31795883178711,34.235596,46.400322
Rectum,Male,pm,,,2,4.0,40.20192718505859,34.126537,46.277317
Rectum,Male,pm,,,2,4.0500002,40.08768081665039,34.01939,46.155972
Rectum,Male,pm,,,2,4.0999999,39.97446823120117,33.913132,46.035805
Rectum,Male,pm,,,2,4.1500001,39.86226272583008,33.807735,45.91679
Rectum,Male,pm,,,2,4.1999998,39.75104904174805,33.703194,45.798904
Rectum,Male,pm,,,2,4.25,39.64080810546875,33.599491,45.682125
Rectum,Male,pm,,,2,4.3000002,39.53152084350586,33.496609,45.566433
Rectum,Male,pm,,,2,4.3499999,39.42316436767578,33.394531,45.451797
Rectum,Male,pm,,,2,4.4000001,39.31573104858398,33.293251,45.338211
Rectum,Male,pm,,,2,4.4499998,39.20919799804688,33.192753,45.225643
Rectum,Male,pm,,,2,4.5,39.10354614257813,33.093018,45.114075
Rectum,Male,pm,,,2,4.5500002,38.9987678527832,32.994038,45.003498
Rectum,Male,pm,,,2,4.5999999,38.89484786987305,32.895809,44.893887
Rectum,Male,pm,,,2,4.6500001,38.79176712036133,32.798306,44.785229
Rectum,Male,pm,,,2,4.6999998,38.68951797485352,32.70153,44.677505
Rectum,Male,pm,,,2,4.75,38.58808135986328,32.605465,44.570698
Rectum,Male,pm,,,2,4.8000002,38.48744583129883,32.510098,44.464794
Rectum,Male,pm,,,2,4.8499999,38.38760375976563,32.415424,44.359783
Rectum,Male,pm,,,2,4.9000001,38.28853988647461,32.32143,44.25565
Rectum,Male,pm,,,2,4.9499998,38.19024276733398,32.228111,44.152374
Rectum,Male,pm,,,2,5.0,38.09270095825195,32.135456,44.049946
Rectum,Male,tce,,,0,0.0,0.0,0.0,0.0
Rectum,Male,tce,,,0,0.050000001,0.001794272040394,0.0015695306,0.0020190135
Rectum,Male,tce,,,0,0.1,0.003795186173219,0.0033690948,0.0042212778
Rectum,Male,tce,,,0,0.15000001,0.0057443474829325,0.0051350407,0.0063536544
Rectum,Male,tce,,,0,0.2,0.0076104978784217,0.006832568,0.008388428
Rectum,Male,tce,,,0,0.25,0.0093867827354501,0.0084523223,0.010321243
Rectum,Male,tce,,,0,0.30000001,0.0110737340436461,0.0099929953,0.012154473
Rectum,Male,tce,,,0,0.34999999,0.0126746126423896,0.011456443,0.013892782
Rectum,Male,tce,,,0,0.40000001,0.0141937052706433,0.012845854,0.015541556
Rectum,Male,tce,,,0,0.44999999,0.0156355955561033,0.014164934,0.017106257
Rectum,Male,tce,,,0,0.5,0.0170048447492874,0.015417526,0.018592164
Rectum,Male,tce,,,0,0.55000001,0.0183058359614008,0.016607421,0.020004252
Rectum,Male,tce,,,0,0.60000002,0.0195427128164655,0.017738264,0.021347161
Rectum,Male,tce,,,0,0.64999998,0.0207193547040523,0.018813517,0.022625193
Rectum,Male,tce,,,0,0.69999999,0.0218393812771688,0.019836433,0.023842329
Rectum,Male,tce,,,0,0.75,0.0229061537282229,0.020810066,0.025002243
Rectum,Male,tce,,,0,0.80000001,0.023922795195634,0.021737259,0.026108332
Rectum,Male,tce,,,0,0.85000002,0.0248922060429221,0.022620674,0.027163738
Rectum,Male,tce,,,0,0.89999998,0.0258170798417005,0.023462793,0.028171368
Rectum,Male,tce,,,0,0.94999999,0.0266999242667889,0.02426593,0.02913392
Rectum,Male,tce,,,0,1.0,0.0275430856731726,0.02503226,0.030053912
Rectum,Male,tce,,,0,1.05,0.0283447106386013,0.025760101,0.03092932
Rectum,Male,tce,,,0,1.1,0.0291107952639526,0.02645498,0.031766612
Rectum,Male,tce,,,0,1.15,0.0298432860201349,0.027118703,0.032567866
Rectum,Male,tce,,,0,1.2,0.0305439997323222,0.027752971,0.033335026
Rectum,Male,tce,,,0,1.25,0.0312146220612385,0.028359357,0.034069888
Rectum,Male,tce,,,0,1.3,0.0318567304822876,0.028939337,0.034774125
Rectum,Male,tce,,,0,1.35,0.0324717988494127,0.029494287,0.035449311
Rectum,Male,tce,,,0,1.4,0.0330612021209338,0.030025499,0.036096904
Rectum,Male,tce,,,0,1.45,0.0336262343581523,0.030534187,0.036718283
Rectum,Male,tce,,,0,1.5,0.0341681045352664,0.031021483,0.037314728
Rectum,Male,tce,,,0,1.55,0.0346879524613489,0.03148846,0.037887447
Rectum,Male,tce,,,0,1.6,0.0351868502127574,0.03193612,0.038437579
Rectum,Male,tce,,,0,1.65,0.0356658039510495,0.032365412,0.038966194
Rectum,Male,tce,,,0,1.7,0.0361257640881508,0.032777231,0.039474297
Rectum,Male,tce,,,0,1.75,0.0365675407636139,0.033172343,0.039962739
Rectum,Male,tce,,,0,1.8,0.0369918198445149,0.033551406,0.040432233
Rectum,Male,tce,,,0,1.85,0.0373992668915152,0.033915058,0.040883474
Rectum,Male,tce,,,0,1.9,0.0377905292832186,0.034263924,0.041317135
Rectum,Male,tce,,,0,1.95,0.0381662417522868,0.034598608,0.041733876
Rectum,Male,tce,,,0,2.0,0.0385270180348689,0.03491969,0.042134345
Rectum,Male,tce,,,0,2.05,0.0388679142145984,0.035222594,0.042513233
Rectum,Male,tce,,,0,2.0999999,0.0391950055661365,0.035512973,0.042877037
Rectum,Male,tce,,,0,2.1500001,0.0395088593387832,0.03579136,0.043226358
Rectum,Male,tce,,,0,2.2,0.039810019131087,0.036058269,0.043561768
Rectum,Male,tce,,,0,2.25,0.0400990138955398,0.036314201,0.04388383
Rectum,Male,tce,,,0,2.3,0.0403763520205484,0.036559626,0.044193078
Rectum,Male,tce,,,0,2.3499999,0.0406425230687321,0.036795013,0.044490036
Rectum,Male,tce,,,0,2.4000001,0.0408979992490069,0.037020795,0.044775203
Rectum,Male,tce,,,0,2.45,0.0411432309295397,0.037237402,0.04504906
Rectum,Male,tce,,,0,2.5,0.0413786543234391,0.037445232,0.045312077
Rectum,Male,tce,,,0,2.55,0.0416046875632028,0.037644681,0.045564696
Rectum,Male,tce,,,0,2.5999999,0.0418217615889312,0.037836142,0.04580738
Rectum,Male,tce,,,0,2.6500001,0.0420303288614644,0.038020033,0.046040624
Rectum,Male,tce,,,0,2.7,0.0422308137882553,0.038196739,0.046264891
Rectum,Male,tce,,,0,2.75,0.0424236168137057,0.038366627,0.046480607
Rectum,Male,tce,,,0,2.8,0.0426091123356399,0.038530037,0.046688188
Rectum,Male,tce,,,0,2.8499999,0.0427876514993163,0.038687292,0.046888012
Rectum,Male,tce,,,0,2.9000001,0.0429595646413055,0.038838688,0.047080439
Rectum,Male,tce,,,0,2.95,0.043125159553488,0.038984511,0.047265809
Rectum,Male,tce,,,0,3.0,0.0432847277930621,0.039125022,0.047444437
Rectum,Male,tce,,,0,3.05,0.0434322963493972,0.039254636,0.047609959
Rectum,Male,tce,,,0,3.0999999,0.0435743693177802,0.039379418,0.047769323
Rectum,Male,tce,,,0,3.1500001,0.0437111910447511,0.039499588,0.047922794
Rectum,Male,tce,,,0,3.2,0.0438429896809971,0.039615352,0.048070628
Rectum,Male,tce,,,0,3.25,0.0439699820432295,0.039726902,0.048213061
Rectum,Male,tce,,,0,3.3,0.0440923718591455,0.039834429,0.048350316
Rectum,Male,tce,,,0,3.3499999,0.0442103512456082,0.0399381,0.048482601
Rectum,Male,tce,,,0,3.4000001,0.0443241019950371,0.040038083,0.048610121
Rectum,Male,tce,,,0,3.45,0.0444337941250309,0.040134523,0.048733063
Rectum,Male,tce,,,0,3.5,0.0445395897801014,0.040227573,0.048851606
Rectum,Male,tce,,,0,3.55,0.0446416416449858,0.040317364,0.04896592
Rectum,Male,tce,,,0,3.5999999,0.0447400940563508,0.040404025,0.049076162
Rectum,Male,tce,,,0,3.6500001,0.0448350839676461,0.040487684,0.049182486
Rectum,Male,tce,,,0,3.7,0.0449267396375402,0.040568449,0.049285032
Rectum,Male,tce,,,0,3.75,0.0450151837967727,0.040646426,0.049383938
Rectum,Male,tce,,,0,3.8,0.0451005322397513,0.040721729,0.049479336
Rectum,Male,tce,,,0,3.8499999,0.0451828946762061,0.040794447,0.049571343
Rectum,Male,tce,,,0,3.9000001,0.0452623754675968,0.040864669,0.049660079
Rectum,Male,tce,,,0,3.95,0.0453390724646262,0.040932491,0.049745657
Rectum,Male,tce,,,0,4.0,0.0454130795975443,0.040997986,0.049828172
Rectum,Male,tce,,,0,4.0500002,0.0454778868358495,0.041055065,0.049900711
Rectum,Male,tce,,,0,4.0999999,0.0455401974320214,0.041109987,0.049970407
Rectum,Male,tce,,,0,4.1500001,0.0456000932702189,0.04116283,0.050037358
Rectum,Male,tce,,,0,4.1999998,0.0456576498712792,0.041213658,0.050101642
Rectum,Male,tce,,,0,4.25,0.0457129411950832,0.041262534,0.050163351
Rectum,Male,tce,,,0,4.3000002,0.045766035956828,0.041309521,0.050222553
Rectum,Male,tce,,,0,4.3499999,0.0458169995691547,0.041354671,0.050279327
Rectum,Male,tce,,,0,4.4000001,0.0458658956944193,0.041398045,0.050333746
Rectum,Male,tce,,,0,4.4499998,0.0459127830684028,0.04143969,0.050385877
Rectum,Male,tce,,,0,4.5,0.0459577193992586,0.041479658,0.050435781
Rectum,Male,tce,,,0,4.5500002,0.0460007583449639,0.041517995,0.050483521
Rectum,Male,tce,,,0,4.5999999,0.0460419510824221,0.041554742,0.05052916
Rectum,Male,tce,,,0,4.6500001,0.0460813475418912,0.041589946,0.050572749
Rectum,Male,tce,,,0,4.6999998,0.0461189938288868,0.041623645,0.050614346
Rectum,Male,tce,,,0,4.75,0.0461549353533813,0.041655876,0.050653998
Rectum,Male,tce,,,0,4.8000002,0.0461892143889608,0.041686676,0.050691754
Rectum,Male,tce,,,0,4.8499999,0.0462218713287976,0.04171608,0.050727665
Rectum,Male,tce,,,0,4.9000001,0.0462529456498694,0.04174412,0.05076177
Rectum,Male,tce,,,0,4.9499998,0.046282473865911,0.041770827,0.050794117
Rectum,Male,tce,,,0,5.0,0.0463104919897546,0.041796237,0.050824746
Rectum,Male,tce,,,1,0.0,0.0,0.0,0.0
Rectum,Male,tce,,,1,0.050000001,0.0016949912281365,0.0014938718,0.0018961107
Rectum,Male,tce,,,1,0.1,0.003367009246974,0.0029870523,0.0037469661
Rectum,Male,tce,,,1,0.15000001,0.0049689321501672,0.0044227499,0.0055151144
Rectum,Male,tce,,,1,0.2,0.0065020630860274,0.0057993033,0.0072048227
Rectum,Male,tce,,,1,0.25,0.0079692581715995,0.0071179168,0.0088205999
Rectum,Male,tce,,,1,0.30000001,0.0093735843635608,0.0083805695,0.010366599
Rectum,Male,tce,,,1,0.34999999,0.0107180767069796,0.009589511,0.011846643
Rectum,Male,tce,,,1,0.40000001,0.012005669923221,0.010747076,0.013264264
Rectum,Male,tce,,,1,0.44999999,0.0132391655728475,0.011855589,0.014622741
Rectum,Male,tce,,,1,0.5,0.0144212291360647,0.012917325,0.015925134
Rectum,Male,tce,,,1,0.55000001,0.0155543840075866,0.013934478,0.01717429
Rectum,Male,tce,,,1,0.60000002,0.0166410178764607,0.014909155,0.018372882
Rectum,Male,tce,,,1,0.64999998,0.0176833862987172,0.015843365,0.019523406
Rectum,Male,tce,,,1,0.69999999,0.0186836241722455,0.016739033,0.020628216
Rectum,Male,tce,,,1,0.75,0.0196437452278291,0.017597979,0.02168951
Rectum,Male,tce,,,1,0.80000001,0.0205656540145207,0.018421939,0.02270937
Rectum,Male,tce,,,1,0.85000002,0.0214511514120035,0.019212555,0.023689747
Rectum,Male,tce,,,1,0.89999998,0.0223019401192863,0.019971395,0.024632486
Rectum,Male,tce,,,1,0.94999999,0.0231196347995955,0.020699941,0.025539329
Rectum,Male,tce,,,1,1.0,0.0239057765574858,0.021399615,0.026411938
Rectum,Male,tce,,,1,1.05,0.0246601236362125,0.022070261,0.027249986
Rectum,Male,tce,,,1,1.1,0.0253857531428896,0.022714656,0.028056851
Rectum,Male,tce,,,1,1.15,0.0260840097313287,0.023334045,0.028833974
Rectum,Male,tce,,,1,1.2,0.0267561669651632,0.023929609,0.029582726
Rectum,Male,tce,,,1,1.25,0.0274034200744995,0.024502454,0.030304385
Rectum,Male,tce,,,1,1.3,0.0280269027862257,0.025053637,0.031000169
Rectum,Male,tce,,,1,1.35,0.0286276871642745,0.02558415,0.031671226
Rectum,Male,tce,,,1,1.4,0.0292067839873707,0.026094936,0.032318633
Rectum,Male,tce,,,1,1.45,0.0297651566423112,0.026586892,0.03294342
Rectum,Male,tce,,,1,1.5,0.0303037136895934,0.027060863,0.033546567
Rectum,Male,tce,,,1,1.55,0.0308233215984595,0.027517654,0.03412899
Rectum,Male,tce,,,1,1.6,0.0313248035490083,0.027958035,0.034691572
Rectum,Male,tce,,,1,1.65,0.0318089387882724,0.028382732,0.035235148
Rectum,Male,tce,,,1,1.7,0.032276470328097,0.028792435,0.035760507
Rectum,Male,tce,,,1,1.75,0.0327280068848605,0.029187722,0.036268294
Rectum,Male,tce,,,1,1.8,0.0331640365193592,0.029569061,0.036759011
Rectum,Male,tce,,,1,1.85,0.0335850434788303,0.029936921,0.037233166
Rectum,Male,tce,,,1,1.9,0.033991509611403,0.030291758,0.037691262
Rectum,Male,tce,,,1,1.95,0.0343839187863889,0.030634036,0.0381338
Rectum,Male,tce,,,1,2.0,0.0347627470091497,0.030964207,0.038561288
Rectum,Male,tce,,,1,2.05,0.0351258731927489,0.031280417,0.038971327
Rectum,Male,tce,,,1,2.0999999,0.0354763084266621,0.031585366,0.039367251
Rectum,Male,tce,,,1,2.1500001,0.0358145131281284,0.031879481,0.039749544
Rectum,Male,tce,,,1,2.2,0.0361409331913931,0.03216318,0.040118687
Rectum,Male,tce,,,1,2.25,0.0364560088524302,0.032436877,0.040475138
Rectum,Male,tce,,,1,2.3,0.0367601675442571,0.032700971,0.040819366
Rectum,Male,tce,,,1,2.3499999,0.0370538250480473,0.032955844,0.041151807
Rectum,Male,tce,,,1,2.4000001,0.0373373864598051,0.033201873,0.041472901
Rectum,Male,tce,,,1,2.45,0.0376112405796068,0.03343942,0.041783061
Rectum,Male,tce,,,1,2.5,0.0378757678671249,0.033668831,0.042082705
Rectum,Male,tce,,,1,2.55,0.0381313355081944,0.033890449,0.042372223
Rectum,Male,tce,,,1,2.5999999,0.0383783286784182,0.034104619,0.042652041
Rectum,Male,tce,,,1,2.6500001,0.03861715942361,0.034311716,0.042922605
Rectum,Male,tce,,,1,2.7,0.0388482152091084,0.034512084,0.043184344
Rectum,Male,tce,,,1,2.75,0.0390718633954246,0.03470606,0.043437667
Rectum,Male,tce,,,1,2.8,0.0392884482229091,0.034893949,0.043682948
Rectum,Male,tce,,,1,2.8499999,0.0394982934330369,0.035076037,0.04392055
Rectum,Male,tce,,,1,2.9000001,0.0397017045816842,0.035252601,0.044150807
Rectum,Male,tce,,,1,2.95,0.0398989664510976,0.035423893,0.044374041
Rectum,Male,tce,,,1,3.0,0.0400903500381654,0.035590157,0.044590544
Rectum,Male,tce,,,1,3.05,0.0402729053791221,0.035748769,0.044797044
Rectum,Male,tce,,,1,3.0999999,0.0404500521619484,0.035902765,0.044997338
Rectum,Male,tce,,,1,3.1500001,0.0406220185069843,0.03605235,0.045191687
Rectum,Male,tce,,,1,3.2,0.0407890172200519,0.036197715,0.04538032
Rectum,Male,tce,,,1,3.25,0.0409512515271598,0.036339033,0.045563471
Rectum,Male,tce,,,1,3.3,0.0411089125303533,0.036476478,0.045741346
Rectum,Male,tce,,,1,3.3499999,0.041262180746509,0.036610205,0.045914158
Rectum,Male,tce,,,1,3.4000001,0.0414112274660954,0.036740363,0.046082094
Rectum,Male,tce,,,1,3.45,0.0415562125433043,0.036867093,0.046245329
Rectum,Male,tce,,,1,3.5,0.0416972892300855,0.036990531,0.046404045
Rectum,Male,tce,,,1,3.55,0.041834601846352,0.037110802,0.046558402
Rectum,Male,tce,,,1,3.5999999,0.0419682869970114,0.037228025,0.04670855
Rectum,Male,tce,,,1,3.6500001,0.0420984746477657,0.03734231,0.046854641
Rectum,Male,tce,,,1,3.7,0.0422252860911039,0.037453763,0.04699681
Rectum,Male,tce,,,1,3.75,0.0423488380738992,0.037562486,0.047135189
Rectum,Male,tce,,,1,3.8,0.0424692406755891,0.037668575,0.047269907
Rectum,Male,tce,,,1,3.8499999,0.0425865982898743,0.037772115,0.047401082
Rectum,Male,tce,,,1,3.9000001,0.0427010104932326,0.037873197,0.047528822
Rectum,Male,tce,,,1,3.95,0.0428125701854003,0.037971899,0.047653243
Rectum,Male,tce,,,1,4.0,0.0429213671509263,0.038068295,0.047774442
Rectum,Male,tce,,,1,4.0500002,0.0430238291182044,0.038159195,0.047888462
Rectum,Male,tce,,,1,4.0999999,0.0431236795147242,0.038247921,0.047999438
Rectum,Male,tce,,,1,4.1500001,0.0432209974109997,0.038334534,0.04810746
Rectum,Male,tce,,,1,4.1999998,0.0433158543179422,0.038419101,0.048212606
Rectum,Male,tce,,,1,4.25,0.0434083218253833,0.038501676,0.04831497
Rectum,Male,tce,,,1,4.3000002,0.0434984654083004,0.038582314,0.048414614
Rectum,Male,tce,,,1,4.3499999,0.0435863474260101,0.038661074,0.048511621
Rectum,Male,tce,,,1,4.4000001,0.0436720297110224,0.038737997,0.04860606
Rectum,Male,tce,,,1,4.4499998,0.0437555679183736,0.03881314,0.048697997
Rectum,Male,tce,,,1,4.5,0.0438370182191853,0.03888654,0.048787493
Rectum,Male,tce,,,1,4.5500002,0.0439164318173774,0.038958248,0.048874617
Rectum,Male,tce,,,1,4.5999999,0.0439938575634617,0.039028298,0.048959415
Rectum,Male,tce,,,1,4.6500001,0.0440693442105984,0.039096732,0.049041957
Rectum,Male,tce,,,1,4.6999998,0.0441429354128191,0.039163586,0.049122285
Rectum,Male,tce,,,1,4.75,0.0442146756000317,0.039228898,0.049200453
Rectum,Male,tce,,,1,4.8000002,0.0442846051271994,0.039292697,0.049276512
Rectum,Male,tce,,,1,4.8499999,0.044352762558715,0.039355017,0.049350508
Rectum,Male,tce,,,1,4.9000001,0.0444191866361195,0.039415888,0.049422484
Rectum,Male,tce,,,1,4.9499998,0.0444839118593872,0.039475337,0.049492486
Rectum,Male,tce,,,1,5.0,0.0445469736412636,0.039533395,0.049560551
Rectum,Male,tce,,,2,0.0,0.0,0.0,0.0
Rectum,Male,tce,,,2,0.050000001,0.0026027671735467,0.0015214576,0.0036840767
Rectum,Male,tce,,,2,0.1,0.0072820529012978,0.0052250391,0.0093390672
Rectum,Male,tce,,,2,0.15000001,0.0120589566048496,0.009168895,0.014949018
Rectum,Male,tce,,,2,0.2,0.0166370571368546,0.013034509,0.020239605
Rectum,Male,tce,,,2,0.25,0.0209304202716222,0.016715426,0.025145415
Rectum,Male,tce,,,2,0.30000001,0.0249189344476737,0.020174874,0.029662995
Rectum,Male,tce,,,2,0.34999999,0.028607699264548,0.023404624,0.033810772
Rectum,Male,tce,,,2,0.40000001,0.0320120116415503,0.02640925,0.037614774
Rectum,Male,tce,,,2,0.44999999,0.0351509675030799,0.029199138,0.041102797
Rectum,Male,tce,,,2,0.5,0.0380445663403002,0.031787146,0.044301987
Rectum,Male,tce,,,2,0.55000001,0.040712335900101,0.034186892,0.04723778
Rectum,Male,tce,,,2,0.60000002,0.0431727192954858,0.036411881,0.049933556
Rectum,Male,tce,,,2,0.64999998,0.0454428196345359,0.038475066,0.052410573
Rectum,Male,tce,,,2,0.69999999,0.0475383477010581,0.040388636,0.054688059
Rectum,Male,tce,,,2,0.75,0.0494736377661515,0.042163935,0.056783345
Rectum,Male,tce,,,2,0.80000001,0.0512617365733114,0.043811426,0.058712047
Rectum,Male,tce,,,2,0.85000002,0.0529144981530418,0.045340758,0.060488235
Rectum,Male,tce,,,2,0.89999998,0.0544426852663603,0.046760771,0.062124599
Rectum,Male,tce,,,2,0.94999999,0.0558560778445352,0.04807958,0.063632578
Rectum,Male,tce,,,2,1.0,0.0571635798143446,0.049304619,0.065022543
Rectum,Male,tce,,,2,1.05,0.0583502131256479,0.050423123,0.066277303
Rectum,Male,tce,,,2,1.1,0.0594457447590912,0.051460259,0.067431234
Rectum,Male,tce,,,2,1.15,0.0604570220942561,0.05242186,0.068492182
Rectum,Male,tce,,,2,1.2,0.0613902860167327,0.053313285,0.069467284
Rectum,Male,tce,,,2,1.25,0.062251216018062,0.054139424,0.070363007
Rectum,Male,tce,,,2,1.3,0.0630450032479028,0.054904766,0.071185239
Rectum,Male,tce,,,2,1.35,0.0637763935445887,0.055613443,0.071939349
Rectum,Male,tce,,,2,1.4,0.0644497275697181,0.056269236,0.072630219
Rectum,Male,tce,,,2,1.45,0.0650689922385428,0.056875639,0.073262349
Rectum,Male,tce,,,2,1.5,0.0656378429497981,0.057435863,0.073839821
Rectum,Male,tce,,,2,1.55,0.0661596454605267,0.057952877,0.074366413
Rectum,Male,tce,,,2,1.6,0.0666374987383807,0.058429424,0.074845575
Rectum,Male,tce,,,2,1.65,0.0670742568275542,0.058868024,0.075280488
Rectum,Male,tce,,,2,1.7,0.0674725591063671,0.059271038,0.075674079
Rectum,Male,tce,,,2,1.75,0.067834856007722,0.059640665,0.076029047
Rectum,Male,tce,,,2,1.8,0.0681634442377971,0.059978988,0.076347902
Rectum,Male,tce,,,2,1.85,0.0684604658864815,0.06028796,0.076632977
Rectum,Male,tce,,,2,1.9,0.068727916332866,0.060569394,0.076886438
Rectum,Male,tce,,,2,1.95,0.0689676588680938,0.060824994,0.077110328
Rectum,Male,tce,,,2,2.0,0.0691814288415361,0.061056331,0.077306524
Rectum,Male,tce,,,2,2.05,0.069341294573086,0.061239041,0.077443548
Rectum,Male,tce,,,2,2.0999999,0.0694782845862091,0.061400272,0.077556297
Rectum,Male,tce,,,2,2.1500001,0.069593836119069,0.061541334,0.077646337
Rectum,Male,tce,,,2,2.2,0.069689288427021,0.061663449,0.077715129
Rectum,Male,tce,,,2,2.25,0.0697658929271595,0.061767764,0.077764019
Rectum,Male,tce,,,2,2.3,0.0698248172696062,0.061855346,0.077794291
Rectum,Male,tce,,,2,2.3499999,0.0698671518575495,0.061927196,0.077807106
Rectum,Male,tce,,,2,2.4000001,0.0698939154351453,0.061984245,0.077803582
Rectum,Male,tce,,,2,2.45,0.0699060597514478,0.062027369,0.077784754
Rectum,Male,tce,,,2,2.5,0.069904475048701,0.06205738,0.077751569
Rectum,Male,tce,,,2,2.55,0.0698899943444979,0.062075049,0.077704936
Rectum,Male,tce,,,2,2.5999999,0.0698634212629693,0.062081117,0.077645727
Rectum,Male,tce,,,2,2.6500001,0.0698255373854735,0.0620763,0.077574775
Rectum,Male,tce,,,2,2.7,0.0697770679582526,0.062061269,0.07749287
Rectum,Male,tce,,,2,2.75,0.0697186828449847,0.062036645,0.077400722
Rectum,Male,tce,,,2,2.8,0.0696510020314427,0.062003002,0.077298999
Rectum,Male,tce,,,2,2.8499999,0.0695745998261012,0.061960876,0.077188328
Rectum,Male,tce,,,2,2.9000001,0.0694900083675738,0.06191076,0.07706926
Rectum,Male,tce,,,2,2.95,0.0693977228271202,0.061853115,0.076942332
Rectum,Male,tce,,,2,3.0,0.0692982021952064,0.061788369,0.076808035
Rectum,Male,tce,,,2,3.05,0.0691608552230727,0.06168944,0.076632269
Rectum,Male,tce,,,2,3.0999999,0.0690173039340217,0.061584342,0.076450266
Rectum,Male,tce,,,2,3.1500001,0.0688679248129539,0.061473429,0.076262422
Rectum,Male,tce,,,2,3.2,0.0687130709717493,0.061357033,0.076069109
Rectum,Male,tce,,,2,3.25,0.0685530699032605,0.061235458,0.075870678
Rectum,Male,tce,,,2,3.3,0.0683882281524118,0.061109003,0.075667456
Rectum,Male,tce,,,2,3.3499999,0.0682188323007727,0.060977932,0.075459734
Rectum,Male,tce,,,2,3.4000001,0.0680451496635945,0.060842507,0.075247794
Rectum,Male,tce,,,2,3.45,0.0678674330243694,0.060702961,0.075031906
Rectum,Male,tce,,,2,3.5,0.0676859169443517,0.060559526,0.074812308
Rectum,Male,tce,,,2,3.55,0.0675008222273793,0.060412403,0.074589245
Rectum,Male,tce,,,2,3.5999999,0.0673123561738424,0.060261797,0.074362919
Rectum,Male,tce,,,2,3.6500001,0.0671207126420423,0.060107894,0.07413353
Rectum,Male,tce,,,2,3.7,0.066926076619862,0.059950866,0.073901288
Rectum,Male,tce,,,2,3.75,0.0667286195677669,0.059790887,0.073666357
Rectum,Male,tce,,,2,3.8,0.0665285038201276,0.059628103,0.073428907
Rectum,Male,tce,,,2,3.8499999,0.0663258823778619,0.05946267,0.073189095
Rectum,Male,tce,,,2,3.9000001,0.0661208985690159,0.059294723,0.07294707
Rectum,Male,tce,,,2,3.95,0.0659136905625815,0.059124399,0.072702982
Rectum,Male,tce,,,2,4.0,0.0657043860494019,0.058951817,0.072456956
Rectum,Male,tce,,,2,4.0500002,0.0654625513050061,0.05874981,0.072175294
Rectum,Male,tce,,,2,4.0999999,0.0652191558418636,0.058546029,0.071892284
Rectum,Male,tce,,,2,4.1500001,0.0649743044571016,0.058340579,0.071608029
Rectum,Male,tce,,,2,4.1999998,0.0647281053264634,0.058133561,0.07132265
Rectum,Male,tce,,,2,4.25,0.0644806517103707,0.057925068,0.071036234
Rectum,Male,tce,,,2,4.3000002,0.0642320387108097,0.057715196,0.070748881
Rectum,Male,tce,,,2,4.3499999,0.0639823566052262,0.057504036,0.070460677
Rectum,Male,tce,,,2,4.4000001,0.0637316839573602,0.05729166,0.070171706
Rectum,Male,tce,,,2,4.4499998,0.0634801045910948,0.057078157,0.06988205
Rectum,Male,tce,,,2,4.5,0.0632276887314293,0.056863595,0.069591783
Rectum,Male,tce,,,2,4.5500002,0.0629745100210037,0.05664805,0.069300972
Rectum,Male,tce,,,2,4.5999999,0.0627206385817331,0.056431588,0.069009691
Rectum,Male,tce,,,2,4.6500001,0.0624661339295954,0.056214269,0.068718001
Rectum,Male,tce,,,2,4.6999998,0.0622110621338082,0.055996161,0.068425961
Rectum,Male,tce,,,2,4.75,0.061955476585519,0.055777319,0.068133637
Rectum,Male,tce,,,2,4.8000002,0.0616994351826561,0.055557799,0.067841068
Rectum,Male,tce,,,2,4.8499999,0.0614429932110909,0.05533766,0.067548327
Rectum,Male,tce,,,2,4.9000001,0.0611861961368424,0.055116944,0.067255445
Rectum,Male,tce,,,2,4.9499998,0.0609290968727411,0.054895706,0.066962488
Rectum,Male,tce,,,2,5.0,0.0606717363184387,0.054673992,0.066669479
Rectum,Male,tde,,,0,0.0,0.0,0.0,0.0
Rectum,Male,tde,,,0,0.050000001,0.0006118566475993,0.00059440074,0.00062931259
Rectum,Male,tde,,,0,0.1,0.0015795136602825,0.0015479584,0.001611069
Rectum,Male,tde,,,0,0.15000001,0.0026046762017331,0.0025602945,0.0026490579
Rectum,Male,tde,,,0,0.2,0.0036342524193529,0.0035782943,0.0036902104
Rectum,Male,tde,,,0,0.25,0.0046467458742099,0.0045803371,0.0047131549
Rectum,Male,tde,,,0,0.30000001,0.0056320557670879,0.0055561848,0.0057079266
Rectum,Male,tde,,,0,0.34999999,0.0065853356294486,0.0065008667,0.0066698045
Rectum,Male,tde,,,0,0.40000001,0.0075044764867869,0.0074121677,0.0075967852
Rectum,Male,tde,,,0,0.44999999,0.0083888905880829,0.0082894107,0.0084883701
Rectum,Male,tde,,,0,0.5,0.0092388724625093,0.0091328165,0.0093449289
Rectum,Male,tde,,,0,0.55000001,0.010055230311412,0.0099431295,0.010167331
Rectum,Male,tde,,,0,0.60000002,0.0108390713789648,0.010721404,0.010956738
Rectum,Male,tde,,,0,0.64999998,0.0115916674914694,0.011468868,0.011714468
Rectum,Male,tde,,,0,0.69999999,0.0123143751164204,0.012186837,0.012441913
Rectum,Male,tde,,,0,0.75,0.0130085768883026,0.012876661,0.013140492
Rectum,Male,tde,,,0,0.80000001,0.0136756513161207,0.013539691,0.013811613
Rectum,Male,tde,,,0,0.85000002,0.0143169503162028,0.014177249,0.014456652
Rectum,Male,tde,,,0,0.89999998,0.0149337850458286,0.014790623,0.015076946
Rectum,Male,tde,,,0,0.94999999,0.0155274207507921,0.015381061,0.015673781
Rectum,Male,tde,,,0,1.0,0.0160990766342199,0.01594976,0.016248394
Rectum,Male,tde,,,0,1.05,0.0166478820300003,0.016495846,0.016799917
Rectum,Male,tde,,,0,1.1,0.0171769115757413,0.017022364,0.017331459
Rectum,Male,tde,,,0,1.15,0.0176872435135673,0.017530376,0.017844113
Rectum,Male,tde,,,0,1.2,0.018179900558855,0.018020891,0.018338911
Rectum,Male,tde,,,0,1.25,0.0186558432255407,0.018494854,0.018816832
Rectum,Male,tde,,,0,1.3,0.019115981285282,0.018953167,0.019278796
Rectum,Male,tde,,,0,1.35,0.0195611731739401,0.019396674,0.019725673
Rectum,Male,tde,,,0,1.4,0.0199922259887697,0.019826172,0.020158282
Rectum,Male,tde,,,0,1.45,0.0204099057230443,0.020242415,0.020577397
Rectum,Male,tde,,,0,1.5,0.02081493178153,0.020646114,0.02098375
Rectum,Male,tde,,,0,1.55,0.0212079866250725,0.021037944,0.021378031
Rectum,Male,tde,,,0,1.6,0.0215897150929377,0.021418536,0.021760894
Rectum,Male,tde,,,0,1.65,0.021960724086324,0.021788491,0.022132957
Rectum,Male,tde,,,0,1.7,0.0223215894033742,0.022148376,0.022494802
Rectum,Male,tde,,,0,1.75,0.0226728024275544,0.022498677,0.022846928
Rectum,Male,tde,,,0,1.8,0.0230147773658074,0.0228398,0.023189755
Rectum,Male,tde,,,0,1.85,0.0233479112726467,0.023172133,0.02352369
Rectum,Male,tde,,,0,1.9,0.0236725850299463,0.023496054,0.023849115
Rectum,Male,tde,,,0,1.95,0.023989168551143,0.023811927,0.024166409
Rectum,Male,tde,,,0,2.0,0.0242980144267979,0.024120098,0.02447593
Rectum,Male,tde,,,0,2.05,0.024596366083358,0.024417819,0.024774913
Rectum,Male,tde,,,0,2.0999999,0.0248875983153459,0.024708446,0.02506675
Rectum,Male,tde,,,0,2.1500001,0.0251720270780254,0.024992289,0.025351765
Rectum,Male,tde,,,0,2.2,0.0254499501680338,0.025269642,0.025630258
Rectum,Male,tde,,,0,2.25,0.0257216556496819,0.025540788,0.025902525
Rectum,Male,tde,,,0,2.3,0.0259874167324853,0.025805995,0.02616884
Rectum,Male,tde,,,0,2.3499999,0.026247493509948,0.026065519,0.026429469
Rectum,Male,tde,,,0,2.4000001,0.0265021345532527,0.026319606,0.026684662
Rectum,Male,tde,,,0,2.45,0.0267515724914467,0.026568485,0.026934659
Rectum,Male,tde,,,0,2.5,0.0269960317194044,0.026812378,0.027179686
Rectum,Male,tde,,,0,2.55,0.0272357243550147,0.027051492,0.027419956
Rectum,Male,tde,,,0,2.5999999,0.0274708726028913,0.027286047,0.027655696
Rectum,Male,tde,,,0,2.6500001,0.0277017167738331,0.027516283,0.027887151
Rectum,Male,tde,,,0,2.7,0.0279284796379868,0.027742418,0.028114542
Rectum,Male,tde,,,0,2.75,0.0281513715465585,0.027964659,0.028338084
Rectum,Male,tde,,,0,2.8,0.0283705871771303,0.028183199,0.028557975
Rectum,Male,tde,,,0,2.8499999,0.0285863077194763,0.028398221,0.028774394
Rectum,Male,tde,,,0,2.9000001,0.0287987028707382,0.02860989,0.028987514
Rectum,Male,tde,,,0,2.95,0.029007927712451,0.028818361,0.029197494
Rectum,Male,tde,,,0,3.0,0.0292141296267859,0.029023781,0.029404478
Rectum,Male,tde,,,0,3.05,0.0294137251697317,0.029222582,0.029604869
Rectum,Male,tde,,,0,3.0999999,0.0296105395852685,0.029418569,0.029802509
Rectum,Male,tde,,,0,3.1500001,0.0298046934606165,0.029611867,0.02999752
Rectum,Male,tde,,,0,3.2,0.0299962965542389,0.029802581,0.030190011
Rectum,Male,tde,,,0,3.25,0.030185453918573,0.029990818,0.030380089
Rectum,Male,tde,,,0,3.3,0.0303722627103254,0.030176675,0.030567851
Rectum,Male,tde,,,0,3.3499999,0.0305568136083223,0.030360242,0.030753385
Rectum,Male,tde,,,0,3.4000001,0.0307391921274111,0.030541604,0.030936781
Rectum,Male,tde,,,0,3.45,0.0309194755660567,0.030720839,0.031118112
Rectum,Male,tde,,,0,3.5,0.0310977386085725,0.030898022,0.031297456
Rectum,Male,tde,,,0,3.55,0.0312740501931801,0.031073222,0.031474877
Rectum,Male,tde,,,0,3.5999999,0.031448474717198,0.031246504,0.031650446
Rectum,Male,tde,,,0,3.6500001,0.0316210731621635,0.031417929,0.031824216
Rectum,Male,tde,,,0,3.7,0.0317919000947501,0.031587552,0.031996246
Rectum,Male,tde,,,0,3.75,0.0319610088682188,0.031755429,0.032166589
Rectum,Male,tde,,,0,3.8,0.0321284485669428,0.03192161,0.032335289
Rectum,Male,tde,,,0,3.8499999,0.0322942650612985,0.032086138,0.032502394
Rectum,Male,tde,,,0,3.9000001,0.0324585019986281,0.032249056,0.032667946
Rectum,Male,tde,,,0,3.95,0.032621197874945,0.032410409,0.032831986
Rectum,Male,tde,,,0,4.0,0.032782390916497,0.032570232,0.03299455
Rectum,Male,tde,,,0,4.0500002,0.032937956978336,0.032724429,0.033151485
Rectum,Male,tde,,,0,4.0999999,0.0330920764431646,0.032877151,0.033307001
Rectum,Male,tde,,,0,4.1500001,0.0332447833253783,0.033028442,0.033461127
Rectum,Male,tde,,,0,4.1999998,0.0333961037567018,0.033178322,0.033613887
Rectum,Male,tde,,,0,4.25,0.0335460677680775,0.033326823,0.033765312
Rectum,Male,tde,,,0,4.3000002,0.0336946992760232,0.033473972,0.033915427
Rectum,Male,tde,,,0,4.3499999,0.0338420205823576,0.033619791,0.034064252
Rectum,Male,tde,,,0,4.4000001,0.0339880566375817,0.033764306,0.034211807
Rectum,Male,tde,,,0,4.4499998,0.034132825335386,0.033907533,0.034358118
Rectum,Male,tde,,,0,4.5,0.0342763487474032,0.0340495,0.034503195
Rectum,Male,tde,,,0,4.5500002,0.0344186435147159,0.034190223,0.034647066
Rectum,Male,tde,,,0,4.5999999,0.0345597251230819,0.034329716,0.034789737
Rectum,Male,tde,,,0,4.6500001,0.034699611961984,0.034467999,0.034931228
Rectum,Male,tde,,,0,4.6999998,0.0348383160054044,0.034605082,0.035071548
Rectum,Male,tde,,,0,4.75,0.0349758535510019,0.034740992,0.035210717
Rectum,Male,tde,,,0,4.8000002,0.0351122359941887,0.034875728,0.035348743
Rectum,Male,tde,,,0,4.8499999,0.0352474739040376,0.035009313,0.035485636
Rectum,Male,tde,,,0,4.9000001,0.0353815808972167,0.035141751,0.035621408
Rectum,Male,tde,,,0,4.9499998,0.0355145646877208,0.03527306,0.03575607
Rectum,Male,tde,,,0,5.0,0.0356464373665875,0.035403248,0.035889626
Rectum,Male,tde,,,1,0.0,0.0,0.0,0.0
Rectum,Male,tde,,,1,0.050000001,0.0008532878795592,0.00083657389,0.00087000191
Rectum,Male,tde,,,1,0.1,0.0017987674981044,0.0017695879,0.0018279471
Rectum,Male,tde,,,1,0.15000001,0.0027354397922071,0.0026949181,0.0027759615
Rectum,Male,tde,,,1,0.2,0.00365051429993,0.0035994914,0.0037015371
Rectum,Male,tde,,,1,0.25,0.0045392354423963,0.0044784239,0.0046000471
Rectum,Male,tde,,,1,0.30000001,0.0053996845543766,0.005329717,0.0054696519
Rectum,Male,tde,,,1,0.34999999,0.006231281492863,0.0061527332,0.0063098297
Rectum,Male,tde,,,1,0.40000001,0.0070341665400017,0.0069475682,0.0071207648
Rectum,Male,tde,,,1,0.44999999,0.0078088879650799,0.0077147335,0.0079030422
Rectum,Male,tde,,,1,0.5,0.0085562350869324,0.0084549868,0.0086574834
Rectum,Male,tde,,,1,0.55000001,0.0092771339120425,0.0091692265,0.0093850419
Rectum,Male,tde,,,1,0.60000002,0.0099725863857066,0.0098584285,0.010086744
Rectum,Male,tde,,,1,0.64999998,0.0106436291592112,0.010523609,0.01076365
Rectum,Male,tde,,,1,0.69999999,0.0112913107386627,0.011165793,0.011416828
Rectum,Male,tde,,,1,0.75,0.0119166695810912,0.011786,0.012047339
Rectum,Male,tde,,,1,0.80000001,0.0125207260701878,0.012385233,0.012656219
Rectum,Male,tde,,,1,0.85000002,0.0131044743772299,0.012964468,0.013244481
Rectum,Male,tde,,,1,0.89999998,0.0136688771517712,0.013524651,0.013813104
Rectum,Male,tde,,,1,0.94999999,0.0142148653903485,0.014066697,0.014363034
Rectum,Male,tde,,,1,1.0,0.0147433416527053,0.014591496,0.014895189
Rectum,Male,tde,,,1,1.05,0.0152543064797049,0.015099037,0.015409576
Rectum,Male,tde,,,1,1.1,0.0157494504164606,0.015590994,0.015907908
Rectum,Male,tde,,,1,1.15,0.0162295858053357,0.016068162,0.016391009
Rectum,Male,tde,,,1,1.2,0.0166954882719259,0.016531307,0.016859669
Rectum,Male,tde,,,1,1.25,0.0171478897048329,0.016981145,0.017314633
Rectum,Male,tde,,,1,1.3,0.0175874881990349,0.017418366,0.017756611
Rectum,Male,tde,,,1,1.35,0.0180149465844203,0.017843619,0.018186275
Rectum,Male,tde,,,1,1.4,0.0184308914096518,0.018257519,0.018604264
Rectum,Male,tde,,,1,1.45,0.0188359218122397,0.018660657,0.019011186
Rectum,Male,tde,,,1,1.5,0.0192306032823724,0.019053588,0.019407619
Rectum,Male,tde,,,1,1.55,0.0196154760934396,0.01943684,0.019794112
Rectum,Male,tde,,,1,1.6,0.0199910538093109,0.019810917,0.02017119
Rectum,Male,tde,,,1,1.65,0.0203578221214537,0.020176299,0.020539345
Rectum,Male,tde,,,1,1.7,0.02071624429161,0.020533437,0.020899052
Rectum,Male,tde,,,1,1.75,0.0210666923175225,0.020882696,0.021250689
Rectum,Male,tde,,,1,1.8,0.0214094531999319,0.021224355,0.021594552
Rectum,Male,tde,,,1,1.85,0.0217448072497075,0.021558687,0.021930927
Rectum,Male,tde,,,1,1.9,0.0220730290928987,0.021885961,0.022260098
Rectum,Male,tde,,,1,1.95,0.0223943919237752,0.022206441,0.022582343
Rectum,Male,tde,,,1,2.0,0.0227091601778572,0.022520386,0.022897935
Rectum,Male,tde,,,1,2.05,0.0230161544802278,0.022826619,0.02320569
Rectum,Male,tde,,,1,2.0999999,0.0233170291762087,0.023126779,0.023507278
Rectum,Male,tde,,,1,2.1500001,0.0236120312572343,0.023421107,0.023802955
Rectum,Male,tde,,,1,2.2,0.023901395314196,0.023709832,0.024092959
Rectum,Male,tde,,,1,2.25,0.0241853516943676,0.023993175,0.024377529
Rectum,Male,tde,,,1,2.3,0.0244641206634302,0.024271354,0.024656886
Rectum,Male,tde,,,1,2.3499999,0.0247379137241825,0.024544576,0.024931252
Rectum,Male,tde,,,1,2.4000001,0.0250069348571198,0.024813037,0.025200831
Rectum,Male,tde,,,1,2.45,0.025271375440994,0.025076928,0.025465824
Rectum,Male,tde,,,1,2.5,0.025531422027603,0.025336426,0.025726417
Rectum,Male,tde,,,1,2.55,0.0257872517279546,0.025591709,0.025982795
Rectum,Male,tde,,,1,2.5999999,0.0260390549600306,0.025842959,0.026235152
Rectum,Male,tde,,,1,2.6500001,0.0262870435713354,0.026090385,0.026483702
Rectum,Male,tde,,,1,2.7,0.0265314137838152,0.026334183,0.026728645
Rectum,Male,tde,,,1,2.75,0.0267723515325963,0.026574532,0.02697017
Rectum,Male,tde,,,1,2.8,0.0270100287090323,0.026811603,0.027208455
Rectum,Male,tde,,,1,2.8499999,0.0272446052684535,0.027045552,0.027443659
Rectum,Male,tde,,,1,2.9000001,0.0274762311758695,0.027276527,0.027675936
Rectum,Male,tde,,,1,2.95,0.0277050427871212,0.027504662,0.027905423
Rectum,Male,tde,,,1,3.0,0.0279311702012671,0.027730085,0.028132254
Rectum,Male,tde,,,1,3.05,0.0281528137989468,0.027951008,0.028354621
Rectum,Male,tde,,,1,3.0999999,0.0283719751289317,0.028169418,0.028574532
Rectum,Male,tde,,,1,3.1500001,0.0285887598008872,0.028385419,0.0287921
Rectum,Male,tde,,,1,3.2,0.028803263135896,0.028599106,0.02900742
Rectum,Male,tde,,,1,3.25,0.0290155768654571,0.02881057,0.029220585
Rectum,Male,tde,,,1,3.3,0.0292257854469911,0.029019892,0.029431678
Rectum,Male,tde,,,1,3.3499999,0.0294339675306791,0.029227154,0.029640781
Rectum,Male,tde,,,1,3.4000001,0.0296401973348579,0.029432429,0.029847967
Rectum,Male,tde,,,1,3.45,0.0298445410898268,0.029635781,0.030053301
Rectum,Male,tde,,,1,3.5,0.0300470632791659,0.029837275,0.030256851
Rectum,Male,tde,,,1,3.55,0.0302478230144529,0.030036971,0.030458676
Rectum,Male,tde,,,1,3.5999999,0.0304468753178375,0.030234922,0.030658828
Rectum,Male,tde,,,1,3.6500001,0.0306442723331859,0.030431183,0.030857362
Rectum,Male,tde,,,1,3.7,0.0308400598234625,0.030625798,0.031054322
Rectum,Male,tde,,,1,3.75,0.0310342830546156,0.030818813,0.031249752
Rectum,Male,tde,,,1,3.8,0.0312269832431106,0.03101027,0.031443696
Rectum,Male,tde,,,1,3.8499999,0.0314181987060305,0.031200208,0.03163619
Rectum,Male,tde,,,1,3.9000001,0.0316079659533604,0.031388663,0.031827267
Rectum,Male,tde,,,1,3.95,0.0317963162531311,0.031575669,0.032016963
Rectum,Male,tde,,,1,4.0,0.0319832812260528,0.031761255,0.032205306
Rectum,Male,tde,,,1,4.0500002,0.0321665243828407,0.031943105,0.032389943
Rectum,Male,tde,,,1,4.0999999,0.0323484089747706,0.032123566,0.032573253
Rectum,Male,tde,,,1,4.1500001,0.0325289633122308,0.032302663,0.032755263
Rectum,Male,tde,,,1,4.1999998,0.0327082069797758,0.032480422,0.032935992
Rectum,Male,tde,,,1,4.25,0.0328861647298156,0.032656867,0.033115465
Rectum,Male,tde,,,1,4.3000002,0.0330628545951681,0.032832015,0.033293694
Rectum,Male,tde,,,1,4.3499999,0.0332382931742283,0.033005886,0.033470701
Rectum,Male,tde,,,1,4.4000001,0.0334125006916971,0.033178497,0.033646505
Rectum,Male,tde,,,1,4.4499998,0.0335854894056347,0.033349868,0.03382111
Rectum,Male,tde,,,1,4.5,0.0337572769828166,0.033520013,0.033994541
Rectum,Male,tde,,,1,4.5500002,0.0339278749996665,0.033688944,0.034166805
Rectum,Male,tde,,,1,4.5999999,0.0340972940158899,0.033856675,0.034337912
Rectum,Male,tde,,,1,4.6500001,0.0342655484391645,0.034023222,0.034507878
Rectum,Male,tde,,,1,4.6999998,0.0344326453071667,0.034188587,0.034676705
Rectum,Male,tde,,,1,4.75,0.0345985971849423,0.034352791,0.034844406
Rectum,Male,tde,,,1,4.8000002,0.0347634110386944,0.034515835,0.035010986
Rectum,Male,tde,,,1,4.8499999,0.0349270931181738,0.034677733,0.035176452
Rectum,Male,tde,,,1,4.9000001,0.0350896536403746,0.034838494,0.035340816
Rectum,Male,tde,,,1,4.9499998,0.0352510959357323,0.034998115,0.035504077
Rectum,Male,tde,,,1,5.0,0.0354114288943179,0.035156619,0.035666242
Rectum,Male,tde,,,2,0.0,0.0,0.0,0.0
Rectum,Male,tde,,,2,0.050000001,-0.0013542430608157,-0.0014170598,-0.0012914262
Rectum,Male,tde,,,2,0.1,-0.0002059840282765,-0.00033338787,-7.8580182e-05
Rectum,Male,tde,,,2,0.15000001,0.0015398004811598,0.0013513075,0.0017282934
Rectum,Male,tde,,,2,0.2,0.0035018234937271,0.0032606828,0.0037429642
Rectum,Male,tde,,,2,0.25,0.0055222590666179,0.005237083,0.0058074351
Rectum,Male,tde,,,2,0.30000001,0.0075243750409737,0.0072029135,0.0078458367
Rectum,Male,tde,,,2,0.34999999,0.0094685820472913,0.0091175437,0.0098196203
Rectum,Male,tde,,,2,0.40000001,0.0113344542478752,0.010959561,0.011709347
Rectum,Male,tde,,,2,0.44999999,0.0131121526892967,0.012718253,0.013506052
Rectum,Male,tde,,,2,0.5,0.0147979425719527,0.014389133,0.015206752
Rectum,Male,tde,,,2,0.55000001,0.0163916727488701,0.015971409,0.016811935
Rectum,Male,tde,,,2,0.60000002,0.0178953079675812,0.017466502,0.018324113
Rectum,Male,tde,,,2,0.64999998,0.0193120352064794,0.018877139,0.019746931
Rectum,Male,tde,,,2,0.69999999,0.0206457188223267,0.020206789,0.021084649
Rectum,Male,tde,,,2,0.75,0.0219005442650847,0.0214593,0.02234179
Rectum,Male,tde,,,2,0.80000001,0.0230808064438799,0.022638682,0.02352293
Rectum,Male,tde,,,2,0.85000002,0.0241907705784867,0.023748953,0.024632588
Rectum,Male,tde,,,2,0.89999998,0.0252345859053054,0.02479405,0.025675122
Rectum,Male,tde,,,2,0.94999999,0.0262162396351452,0.025777774,0.026654705
Rectum,Male,tde,,,2,1.0,0.0271395295623876,0.026703764,0.027575295
Rectum,Male,tde,,,2,1.05,0.0279964903307858,0.027564105,0.028428877
Rectum,Male,tde,,,2,1.1,0.0288014679608091,0.028372826,0.02923011
Rectum,Male,tde,,,2,1.15,0.0295577060542125,0.029133065,0.029982347
Rectum,Male,tde,,,2,1.2,0.0302682395065783,0.029847762,0.030688718
Rectum,Male,tde,,,2,1.25,0.03093589064649,0.030519657,0.031352125
Rectum,Male,tde,,,2,1.3,0.0315632930385632,0.031151315,0.031975273
Rectum,Male,tde,,,2,1.35,0.03215289803952,0.031745121,0.032560676
Rectum,Male,tde,,,2,1.4,0.0327069830474194,0.0323033,0.033110667
Rectum,Male,tde,,,2,1.45,0.0332276728485316,0.032827925,0.033627421
Rectum,Male,tde,,,2,1.5,0.0337169402538363,0.033320934,0.034112945
Rectum,Male,tde,,,2,1.55,0.0341766256303606,0.033784125,0.034569126
Rectum,Male,tde,,,2,1.6,0.0346084428609909,0.034219187,0.034997698
Rectum,Male,tde,,,2,1.65,0.0350139859206149,0.034627687,0.035400286
Rectum,Male,tde,,,2,1.7,0.0353947470496388,0.03501109,0.035778403
Rectum,Male,tde,,,2,1.75,0.0357521898513788,0.035370857,0.036133524
Rectum,Male,tde,,,2,1.8,0.0360877644388394,0.03570842,0.036467109
Rectum,Male,tde,,,2,1.85,0.0364028185705638,0.036025129,0.036780506
Rectum,Male,tde,,,2,1.9,0.0366985984246997,0.036322232,0.037074964
Rectum,Male,tde,,,2,1.95,0.0369762615490132,0.036600884,0.037351638
Rectum,Male,tde,,,2,2.0,0.0372368784262734,0.036862165,0.037611593
Rectum,Male,tde,,,2,2.05,0.0374648485366262,0.037090655,0.03783904
Rectum,Male,tde,,,2,2.0999999,0.0376775571845227,0.037303582,0.038051534
Rectum,Male,tde,,,2,2.1500001,0.0378758819334495,0.037501831,0.038249936
Rectum,Male,tde,,,2,2.2,0.0380606352972039,0.037686229,0.038435042
Rectum,Male,tde,,,2,2.25,0.0382325753598572,0.037857551,0.038607601
Rectum,Male,tde,,,2,2.3,0.0383924064800222,0.038016517,0.038768295
Rectum,Male,tde,,,2,2.3499999,0.0385407844505112,0.0381638,0.038917769
Rectum,Male,tde,,,2,2.4000001,0.0386783209675946,0.038300034,0.03905661
Rectum,Male,tde,,,2,2.45,0.0388055845828645,0.038425796,0.039185375
Rectum,Male,tde,,,2,2.5,0.0389231078669907,0.038541641,0.039304573
Rectum,Male,tde,,,2,2.55,0.0390313880170464,0.038648084,0.039414693
Rectum,Male,tde,,,2,2.5999999,0.0391309060926688,0.038745619,0.039516196
Rectum,Male,tde,,,2,2.6500001,0.0392221341960249,0.038834736,0.039609533
Rectum,Male,tde,,,2,2.7,0.0393055112930233,0.038915884,0.039695136
Rectum,Male,tde,,,2,2.75,0.0393814465676675,0.038989492,0.039773401
Rectum,Male,tde,,,2,2.8,0.0394503202576139,0.039055951,0.039844688
Rectum,Male,tde,,,2,2.8499999,0.0395124864757221,0.03911563,0.039909344
Rectum,Male,tde,,,2,2.9000001,0.0395682756081173,0.039168864,0.039967686
Rectum,Male,tde,,,2,2.95,0.0396179952293728,0.039215982,0.040020011
Rectum,Male,tde,,,2,3.0,0.0396619334670054,0.039257273,0.040066596
Rectum,Male,tde,,,2,3.05,0.0396819802679287,0.039274842,0.040089119
Rectum,Male,tde,,,2,3.0999999,0.0396968121718256,0.039287172,0.040106449
Rectum,Male,tde,,,2,3.1500001,0.039706671735912,0.039294519,0.040118825
Rectum,Male,tde,,,2,3.2,0.0397117862897267,0.039297115,0.040126458
Rectum,Male,tde,,,2,3.25,0.0397123693650125,0.039295178,0.040129561
Rectum,Male,tde,,,2,3.3,0.0397086215353488,0.039288916,0.040128324
Rectum,Male,tde,,,2,3.3499999,0.039700731435055,0.039278526,0.040122937
Rectum,Male,tde,,,2,3.4000001,0.0396888765723234,0.039264187,0.040113565
Rectum,Male,tde,,,2,3.45,0.0396732243794284,0.039246075,0.040100373
Rectum,Male,tde,,,2,3.5,0.0396539326105459,0.039224349,0.040083516
Rectum,Male,tde,,,2,3.55,0.0396311502273515,0.039199162,0.040063139
Rectum,Male,tde,,,2,3.5999999,0.0396050179740278,0.03917066,0.040039375
Rectum,Male,tde,,,2,3.6500001,0.0395756688018474,0.039138976,0.04001236
Rectum,Male,tde,,,2,3.7,0.0395432289706527,0.039104242,0.039982215
Rectum,Male,tde,,,2,3.75,0.0395078176928856,0.039066579,0.039949056
Rectum,Male,tde,,,2,3.8,0.0394695481253725,0.039026104,0.039912995
Rectum,Male,tde,,,2,3.8499999,0.0394285276488737,0.03898292,0.039874133
Rectum,Male,tde,,,2,3.9000001,0.0393848580339335,0.03893714,0.039832577
Rectum,Male,tde,,,2,3.95,0.0393386366377715,0.038888853,0.039788418
Rectum,Male,tde,,,2,4.0,0.0392899554789564,0.038838163,0.039741751
Rectum,Male,tde,,,2,4.0500002,0.0392201326055412,0.038766615,0.039673649
Rectum,Male,tde,,,2,4.0999999,0.0391481462436508,0.038692959,0.039603334
Rectum,Male,tde,,,2,4.1500001,0.0390740768583713,0.038617276,0.039530877
Rectum,Male,tde,,,2,4.1999998,0.0389980038984285,0.038539644,0.039456364
Rectum,Male,tde,,,2,4.25,0.03892000038059,0.038460139,0.039379861
Rectum,Male,tde,,,2,4.3000002,0.0388401381353943,0.038378831,0.039301448
Rectum,Male,tde,,,2,4.3499999,0.0387584859105969,0.038295787,0.039221182
Rectum,Male,tde,,,2,4.4000001,0.0386751071413363,0.038211074,0.03913914
Rectum,Male,tde,,,2,4.4499998,0.0385900656151671,0.038124755,0.039055374
Rectum,Male,tde,,,2,4.5,0.0385034192747541,0.03803689,0.038969949
Rectum,Male,tde,,,2,4.5500002,0.0384152260053262,0.037947532,0.038882919
Rectum,Male,tde,,,2,4.5999999,0.0383255414080391,0.037856739,0.038794346
Rectum,Male,tde,,,2,4.6500001,0.0382344162982776,0.03776456,0.038704272
Rectum,Male,tde,,,2,4.6999998,0.0381419028489237,0.037671048,0.038612757
Rectum,Male,tde,,,2,4.75,0.0380480477542365,0.037576251,0.038519844
Rectum,Male,tde,,,2,4.8000002,0.0379528984789781,0.037480213,0.038425583
Rectum,Male,tde,,,2,4.8499999,0.037856500766697,0.037382983,0.038330019
Rectum,Male,tde,,,2,4.9000001,0.0377588959193711,0.037284598,0.038233195
Rectum,Male,tde,,,2,4.9499998,0.0376601273485905,0.037185103,0.038135152
Rectum,Male,tde,,,2,5.0,0.0375602332125247,0.037084531,0.038035933
Rectum,Male,tie,,,0,0.0,0.0,0.0,0.0
Rectum,Male,tie,,,0,0.050000001,0.0011824153927948,0.00095595699,0.0014088738
Rectum,Male,tie,,,0,0.1,0.0022156725129365,0.0017822154,0.0026491296
Rectum,Male,tie,,,0,0.15000001,0.0031396712811994,0.0025171966,0.003762146
Rectum,Male,tie,,,0,0.2,0.0039762454590688,0.0031795925,0.0047728983
Rectum,Male,tie,,,0,0.25,0.0047400368612403,0.0037816453,0.0056984285
Rectum,Male,tie,,,0,0.30000001,0.0054416782765581,0.0043321638,0.0065511926
Rectum,Male,tie,,,0,0.34999999,0.0060892770129411,0.0048378422,0.007340712
Rectum,Male,tie,,,0,0.40000001,0.0066892287838564,0.005303957,0.0080745006
Rectum,Male,tie,,,0,0.44999999,0.0072467049680203,0.005734778,0.0087586325
Rectum,Male,tie,,,0,0.5,0.0077659722867782,0.006133833,0.0093981121
Rectum,Male,tie,,,0,0.55000001,0.008250605649989,0.0065040831,0.0099971276
Rectum,Male,tie,,,0,0.60000002,0.0087036414375006,0.0068480489,0.010559234
Rectum,Male,tie,,,0,0.64999998,0.0091276872125828,0.0071678986,0.011087476
Rectum,Male,tie,,,0,0.69999999,0.0095250061607485,0.0074655167,0.011584495
Rectum,Male,tie,,,0,0.75,0.0098975768399202,0.0077425553,0.012052598
Rectum,Male,tie,,,0,0.80000001,0.0102471438795134,0.0080004716,0.012493816
Rectum,Male,tie,,,0,0.85000002,0.0105752557267193,0.0082405619,0.01290995
Rectum,Male,tie,,,0,0.89999998,0.010883294795872,0.0084639844,0.013302606
Rectum,Male,tie,,,0,0.94999999,0.0111725035159969,0.008671781,0.013673225
Rectum,Male,tie,,,0,1.0,0.0114440090389527,0.0088648982,0.01402312
Rectum,Male,tie,,,0,1.05,0.0116968286086009,0.0090425266,0.01435113
Rectum,Male,tie,,,0,1.1,0.0119338836882114,0.0092070978,0.014660669
Rectum,Male,tie,,,0,1.15,0.0121560425065674,0.0093593383,0.014952746
Rectum,Male,tie,,,0,1.2,0.0123640991734673,0.0094999149,0.015228284
Rectum,Male,tie,,,0,1.25,0.0125587788356978,0.0096294358,0.015488122
Rectum,Male,tie,,,0,1.3,0.0127407491970057,0.0097484607,0.015733037
Rectum,Male,tie,,,0,1.35,0.0129106256754728,0.0098575074,0.015963744
Rectum,Male,tie,,,0,1.4,0.0130689761321642,0.0099570509,0.016180901
Rectum,Male,tie,,,0,1.45,0.0132163286351079,0.010047534,0.016385123
Rectum,Male,tie,,,0,1.5,0.0133531727537364,0.01012937,0.016576976
Rectum,Male,tie,,,0,1.55,0.0134799658362764,0.010202941,0.016756991
Rectum,Male,tie,,,0,1.6,0.0135971351198197,0.010268603,0.016925666
Rectum,Male,tie,,,0,1.65,0.0137050798647255,0.010326696,0.017083464
Rectum,Male,tie,,,0,1.7,0.0138041746847766,0.010377529,0.01723082
Rectum,Male,tie,,,0,1.75,0.0138947383360595,0.010421379,0.017368097
Rectum,Male,tie,,,0,1.8,0.0139770424787075,0.010458487,0.017495599
Rectum,Male,tie,,,0,1.85,0.0140513556188684,0.010489092,0.01761362
Rectum,Male,tie,,,0,1.9,0.0141179442532724,0.010513429,0.01772246
Rectum,Male,tie,,,0,1.95,0.0141770732011438,0.010531731,0.017822416
Rectum,Male,tie,,,0,2.0,0.0142290036080709,0.010544227,0.017913781
Rectum,Male,tie,,,0,2.05,0.0142715481312404,0.010549099,0.017993998
Rectum,Male,tie,,,0,2.0999999,0.0143074072507907,0.010548613,0.018066201
Rectum,Male,tie,,,0,2.1500001,0.0143368322607578,0.010542987,0.018130679
Rectum,Male,tie,,,0,2.2,0.0143600689630532,0.010532432,0.018187705
Rectum,Male,tie,,,0,2.25,0.014377358245858,0.010517157,0.018237561
Rectum,Male,tie,,,0,2.3,0.0143889352880631,0.010497362,0.018280508
Rectum,Male,tie,,,0,2.3499999,0.0143950295587841,0.010473247,0.018316813
Rectum,Male,tie,,,0,2.4000001,0.0143958646957542,0.010445,0.018346731
Rectum,Male,tie,,,0,2.45,0.0143916584380931,0.010412809,0.018370509
Rectum,Male,tie,,,0,2.5,0.0143826226040348,0.010376853,0.018388392
Rectum,Male,tie,,,0,2.55,0.0143689632081881,0.010337307,0.018400619
Rectum,Male,tie,,,0,2.5999999,0.0143508889860399,0.010294346,0.018407432
Rectum,Male,tie,,,0,2.6500001,0.0143286120876314,0.010248141,0.018409083
Rectum,Male,tie,,,0,2.7,0.0143023341502685,0.010198857,0.018405812
Rectum,Male,tie,,,0,2.75,0.0142722452671472,0.010146645,0.018397845
Rectum,Male,tie,,,0,2.8,0.0142385251585095,0.010091651,0.018385399
Rectum,Male,tie,,,0,2.8499999,0.01420134377984,0.010034014,0.018368674
Rectum,Male,tie,,,0,2.9000001,0.0141608617705674,0.0099738613,0.018347863
Rectum,Male,tie,,,0,2.95,0.014117231841037,0.0099113174,0.018323146
Rectum,Male,tie,,,0,3.0,0.0140705981662763,0.0098464964,0.018294699
Rectum,Male,tie,,,0,3.05,0.0140185711796656,0.0097774072,0.018259736
Rectum,Male,tie,,,0,3.0999999,0.0139638297325117,0.0097062765,0.018221382
Rectum,Male,tie,,,0,3.1500001,0.0139064975841347,0.0096332049,0.018179791
Rectum,Male,tie,,,0,3.2,0.0138466931267582,0.0095582865,0.018135101
Rectum,Male,tie,,,0,3.25,0.0137845281246566,0.0094816107,0.018087445
Rectum,Male,tie,,,0,3.3,0.0137201091488202,0.0094032632,0.018036954
Rectum,Male,tie,,,0,3.3499999,0.013653537637286,0.0093233259,0.01798375
Rectum,Male,tie,,,0,3.4000001,0.013584909867626,0.0092418753,0.017927945
Rectum,Male,tie,,,0,3.45,0.0135143185589743,0.0091589848,0.017869653
Rectum,Male,tie,,,0,3.5,0.013441851171529,0.0090747243,0.017808978
Rectum,Male,tie,,,0,3.55,0.0133675914518059,0.0089891618,0.01774602
Rectum,Male,tie,,,0,3.5999999,0.0132916193391528,0.0089023598,0.017680878
Rectum,Male,tie,,,0,3.6500001,0.0132140108054826,0.0088143796,0.017613642
Rectum,Male,tie,,,0,3.7,0.0131348395427902,0.008725279,0.0175444
Rectum,Male,tie,,,0,3.75,0.013054174928554,0.0086351139,0.017473236
Rectum,Male,tie,,,0,3.8,0.0129720836728086,0.0085439365,0.017400231
Rectum,Male,tie,,,0,3.8499999,0.0128886296149076,0.008451798,0.017325461
Rectum,Male,tie,,,0,3.9000001,0.0128038734689688,0.0083587458,0.017249001
Rectum,Male,tie,,,0,3.95,0.0127178745896813,0.0082648294,0.017170921
Rectum,Male,tie,,,0,4.0,0.0126306886810474,0.0081700897,0.017091287
Rectum,Male,tie,,,0,4.0500002,0.0125399298575135,0.0080725597,0.017007301
Rectum,Male,tie,,,0,4.0999999,0.0124481209888569,0.0079743201,0.016921923
Rectum,Male,tie,,,0,4.1500001,0.0123553099448407,0.007875408,0.016835213
Rectum,Male,tie,,,0,4.1999998,0.0122615461145775,0.0077758636,0.016747229
Rectum,Male,tie,,,0,4.25,0.0121668734270058,0.0076757208,0.016658027
Rectum,Male,tie,,,0,4.3000002,0.0120713366808048,0.0075750151,0.016567659
Rectum,Male,tie,,,0,4.3499999,0.0119749789867971,0.0074737803,0.016476177
Rectum,Male,tie,,,0,4.4000001,0.0118778390568377,0.0073720473,0.016383631
Rectum,Male,tie,,,0,4.4499998,0.0117799577330168,0.0072698481,0.016290067
Rectum,Male,tie,,,0,4.5,0.0116813706518555,0.0071672108,0.01619553
Rectum,Male,tie,,,0,4.5500002,0.0115821148302481,0.0070641642,0.016100066
Rectum,Male,tie,,,0,4.5999999,0.0114822259593403,0.0069607357,0.016003717
Rectum,Male,tie,,,0,4.6500001,0.0113817355799072,0.0068569509,0.01590652
Rectum,Male,tie,,,0,4.6999998,0.0112806778234824,0.006752837,0.015808519
Rectum,Male,tie,,,0,4.75,0.0111790818023795,0.0066484152,0.015709748
Rectum,Male,tie,,,0,4.8000002,0.0110769783947721,0.0065437108,0.015610246
Rectum,Male,tie,,,0,4.8499999,0.0109743974247601,0.006438747,0.015510048
Rectum,Male,tie,,,0,4.9000001,0.0108713647526527,0.0063335435,0.015409186
Rectum,Male,tie,,,0,4.9499998,0.0107679091781902,0.0062281229,0.015307696
Rectum,Male,tie,,,0,5.0,0.0106640546231672,0.0061225044,0.015205605
Rectum,Male,tie,,,1,0.0,0.0,0.0,0.0
Rectum,Male,tie,,,1,0.050000001,0.0008417033485773,0.00064440194,0.0010390048
Rectum,Male,tie,,,1,0.1,0.0015682417488696,0.0011903277,0.0019461559
Rectum,Male,tie,,,1,0.15000001,0.0022334923579601,0.0016863667,0.0027806179
Rectum,Male,tie,,,1,0.2,0.0028515487860974,0.0021443486,0.0035587489
Rectum,Male,tie,,,1,0.25,0.0034300227292033,0.0025705218,0.0042895237
Rectum,Male,tie,,,1,0.30000001,0.0039738998091842,0.0029689323,0.0049788672
Rectum,Male,tie,,,1,0.34999999,0.0044867952141166,0.0033424969,0.0056310934
Rectum,Male,tie,,,1,0.40000001,0.0049715033832192,0.003693463,0.0062495437
Rectum,Male,tie,,,1,0.44999999,0.0054302776077675,0.0040236409,0.0068369145
Rectum,Male,tie,,,1,0.5,0.0058649940491324,0.0043345368,0.0073954514
Rectum,Male,tie,,,1,0.55000001,0.0062772500955442,0.0046274336,0.0079270666
Rectum,Male,tie,,,1,0.60000002,0.0066684314907541,0.0049034455,0.0084334174
Rectum,Male,tie,,,1,0.64999998,0.0070397571395059,0.0051635532,0.0089159608
Rectum,Male,tie,,,1,0.69999999,0.0073923134335829,0.0054086302,0.0093759969
Rectum,Male,tie,,,1,0.75,0.0077270756467379,0.0056394632,0.009814688
Rectum,Male,tie,,,1,0.80000001,0.008044927944333,0.005856765,0.010233091
Rectum,Male,tie,,,1,0.85000002,0.0083466770347736,0.0060611861,0.010632169
Rectum,Male,tie,,,1,0.89999998,0.0086330629675152,0.006253324,0.011012802
Rectum,Male,tie,,,1,0.94999999,0.0089047694092471,0.0064337309,0.011375808
Rectum,Male,tie,,,1,1.0,0.0091624349047805,0.006602922,0.011721947
Rectum,Male,tie,,,1,1.05,0.0094058171565075,0.0067607379,0.012050896
Rectum,Male,tie,,,1,1.1,0.009636302726429,0.0069082612,0.012364345
Rectum,Male,tie,,,1,1.15,0.0098544239259928,0.0070459195,0.012662929
Rectum,Male,tie,,,1,1.2,0.0100606786932374,0.0071741138,0.012947244
Rectum,Male,tie,,,1,1.25,0.0102555303696666,0.0072932173,0.013217843
Rectum,Male,tie,,,1,1.3,0.010439414587191,0.0074035809,0.013475248
Rectum,Male,tie,,,1,1.35,0.0106127405798544,0.0075055342,0.013719947
Rectum,Male,tie,,,1,1.4,0.010775892577719,0.0075993873,0.013952398
Rectum,Male,tie,,,1,1.45,0.0109292348300715,0.0076854331,0.014173036
Rectum,Male,tie,,,1,1.5,0.011073110407221,0.0077639488,0.014382272
Rectum,Male,tie,,,1,1.55,0.0112078455050199,0.0078351973,0.014580494
Rectum,Male,tie,,,1,1.6,0.0113337497396974,0.0078994287,0.014768071
Rectum,Male,tie,,,1,1.65,0.0114511166668187,0.0079568792,0.014945354
Rectum,Male,tie,,,1,1.7,0.011560226036487,0.0080077751,0.015112677
Rectum,Male,tie,,,1,1.75,0.0116613145673379,0.0080523156,0.015270313
Rectum,Male,tie,,,1,1.8,0.0117545833194273,0.0080906814,0.015418486
Rectum,Male,tie,,,1,1.85,0.0118402362291228,0.0081230523,0.01555742
Rectum,Male,tie,,,1,1.9,0.0119184805185043,0.0081496118,0.015687348
Rectum,Male,tie,,,1,1.95,0.0119895268626138,0.0081705442,0.01580851
Rectum,Male,tie,,,1,2.0,0.0120535868312925,0.0081860321,0.015921142
Rectum,Male,tie,,,1,2.05,0.0121097187125211,0.008195403,0.016024034
Rectum,Male,tie,,,1,2.0999999,0.0121592792504534,0.0081996918,0.016118867
Rectum,Male,tie,,,1,2.1500001,0.0122024818708941,0.0081990799,0.016205885
Rectum,Male,tie,,,1,2.2,0.0122395378771971,0.0081937481,0.016285328
Rectum,Male,tie,,,1,2.25,0.0122706571580626,0.0081838742,0.016357441
Rectum,Male,tie,,,1,2.3,0.012296046880827,0.0081696315,0.016422462
Rectum,Male,tie,,,1,2.3499999,0.0123159113238649,0.0081511941,0.016480628
Rectum,Male,tie,,,1,2.4000001,0.0123304516026854,0.0081287287,0.016532173
Rectum,Male,tie,,,1,2.45,0.0123398651386128,0.0081024021,0.016577328
Rectum,Male,tie,,,1,2.5,0.012344345839522,0.0080723744,0.016616317
Rectum,Male,tie,,,1,2.55,0.0123440837802398,0.0080388039,0.016649364
Rectum,Male,tie,,,1,2.5999999,0.0123392737183877,0.0080018491,0.0166767
Rectum,Male,tie,,,1,2.6500001,0.0123301158522746,0.0079616653,0.016698567
Rectum,Male,tie,,,1,2.7,0.0123168014252933,0.0079184035,0.016715199
Rectum,Male,tie,,,1,2.75,0.0122995118628284,0.0078722062,0.016726818
Rectum,Male,tie,,,1,2.8,0.0122784195138768,0.0078232056,0.016733633
Rectum,Male,tie,,,1,2.8499999,0.0122536881645834,0.0077715321,0.016735844
Rectum,Male,tie,,,1,2.9000001,0.0122254734058147,0.0077173049,0.016733643
Rectum,Male,tie,,,1,2.95,0.0121939236639764,0.0076606404,0.016727207
Rectum,Male,tie,,,1,3.0,0.0121591798368983,0.0076016486,0.016716711
Rectum,Male,tie,,,1,3.05,0.0121200915801753,0.0075395061,0.016700678
Rectum,Male,tie,,,1,3.0999999,0.0120780770330167,0.0074752476,0.016680907
Rectum,Male,tie,,,1,3.1500001,0.0120332587060971,0.0074089682,0.01665755
Rectum,Male,tie,,,1,3.2,0.0119857540841561,0.007340759,0.016630748
Rectum,Male,tie,,,1,3.25,0.0119356746617027,0.0072707073,0.016600642
Rectum,Male,tie,,,1,3.3,0.0118831270833622,0.0071988944,0.016567361
Rectum,Male,tie,,,1,3.3499999,0.0118282132158299,0.0071253995,0.016531026
Rectum,Male,tie,,,1,3.4000001,0.0117710301312375,0.0070502982,0.016491761
Rectum,Male,tie,,,1,3.45,0.0117116714534775,0.0069736619,0.016449681
Rectum,Male,tie,,,1,3.5,0.0116502259509197,0.0068955594,0.016404893
Rectum,Male,tie,,,1,3.55,0.0115867788318992,0.0068160575,0.0163575
Rectum,Male,tie,,,1,3.5999999,0.0115214116791739,0.0067352178,0.016307605
Rectum,Male,tie,,,1,3.6500001,0.0114542023145798,0.0066531003,0.016255304
Rectum,Male,tie,,,1,3.7,0.0113852262676414,0.0065697636,0.01620069
Rectum,Male,tie,,,1,3.75,0.0113145550192836,0.0064852624,0.016143847
Rectum,Male,tie,,,1,3.8,0.0112422574324785,0.0063996497,0.016084865
Rectum,Male,tie,,,1,3.8499999,0.0111683995838437,0.0063129766,0.016023822
Rectum,Male,tie,,,1,3.9000001,0.0110930445398723,0.0062252902,0.0159608
Rectum,Male,tie,,,1,3.95,0.0110162539322692,0.0061366395,0.015895868
Rectum,Male,tie,,,1,4.0,0.0109380859248734,0.0060470672,0.015829105
Rectum,Male,tie,,,1,4.0500002,0.0108573047353637,0.0059557226,0.015758887
Rectum,Male,tie,,,1,4.0999999,0.0107752705399536,0.0058635576,0.015686983
Rectum,Male,tie,,,1,4.1500001,0.010692034098769,0.0057706088,0.015613459
Rectum,Male,tie,,,1,4.1999998,0.0106076473381665,0.0056769168,0.015538378
Rectum,Male,tie,,,1,4.25,0.0105221570955678,0.0055825175,0.015461797
Rectum,Male,tie,,,1,4.3000002,0.0104356108131323,0.0054874462,0.015383775
Rectum,Male,tie,,,1,4.3499999,0.0103480542517819,0.0053917393,0.015304369
Rectum,Male,tie,,,1,4.4000001,0.0102595290193253,0.0052954266,0.015223632
Rectum,Male,tie,,,1,4.4499998,0.010170078512739,0.0051985425,0.015141615
Rectum,Male,tie,,,1,4.5,0.0100797412363688,0.0051011154,0.015058367
Rectum,Male,tie,,,1,4.5500002,0.009988556817711,0.0050031757,0.014973938
Rectum,Male,tie,,,1,4.5999999,0.009896563547572,0.0049047521,0.014888375
Rectum,Male,tie,,,1,4.6500001,0.0098037957714339,0.0048058713,0.01480172
Rectum,Male,tie,,,1,4.6999998,0.0097102901056526,0.0047065602,0.01471402
Rectum,Male,tie,,,1,4.75,0.0096160784150895,0.0046068435,0.014625314
Rectum,Male,tie,,,1,4.8000002,0.009521194088505,0.0045067458,0.014535642
Rectum,Male,tie,,,1,4.8499999,0.0094256694405412,0.0044062915,0.014445047
Rectum,Male,tie,,,1,4.9000001,0.009329532995745,0.0043055029,0.014353563
Rectum,Male,tie,,,1,4.9499998,0.009232815923655,0.0042044031,0.014261229
Rectum,Male,tie,,,1,5.0,0.0091355447469458,0.0041030115,0.014168078
Rectum,Male,tie,,,2,0.0,0.0,0.0,0.0
Rectum,Male,tie,,,2,0.050000001,0.0039570102343624,0.0028873172,0.0050267032
Rectum,Male,tie,,,2,0.1,0.0074880369295742,0.0054387581,0.0095373159
Rectum,Male,tie,,,2,0.15000001,0.0105191561236898,0.0076300059,0.013408306
Rectum,Male,tie,,,2,0.2,0.0131352336431274,0.0095260479,0.01674442
Rectum,Male,tie,,,2,0.25,0.0154081612050043,0.011179104,0.01963722
Rectum,Male,tie,,,2,0.30000001,0.0173945594067002,0.012629511,0.022159608
Rectum,Male,tie,,,2,0.34999999,0.0191391172172567,0.013908796,0.024369439
Rectum,Male,tie,,,2,0.40000001,0.0206775573936749,0.015042022,0.026313093
Rectum,Male,tie,,,2,0.44999999,0.022038814813783,0.016049426,0.028028203
Rectum,Male,tie,,,2,0.5,0.0232466237683474,0.016947582,0.029545665
Rectum,Male,tie,,,2,0.55000001,0.0243206631512311,0.017750224,0.030891104
Rectum,Male,tie,,,2,0.60000002,0.0252774113279046,0.018468849,0.032085974
Rectum,Male,tie,,,2,0.64999998,0.0261307844280563,0.019113181,0.033148389
Rectum,Male,tie,,,2,0.69999999,0.0268926288787316,0.019691499,0.03409376
Rectum,Male,tie,,,2,0.75,0.0275730935010667,0.020210911,0.034935277
Rectum,Male,tie,,,2,0.80000001,0.0281809301294316,0.020677555,0.035684306
Rectum,Male,tie,,,2,0.85000002,0.028723727574555,0.021096764,0.036350694
Rectum,Male,tie,,,2,0.89999998,0.0292080993610548,0.021473194,0.036943007
Rectum,Male,tie,,,2,0.94999999,0.02963983820939,0.021810932,0.037468746
Rectum,Male,tie,,,2,1.0,0.030024050251957,0.022113593,0.037934508
Rectum,Male,tie,,,2,1.05,0.0303537227948618,0.022376345,0.038331103
Rectum,Male,tie,,,2,1.1,0.0306442767982822,0.022609973,0.038678579
Rectum,Male,tie,,,2,1.15,0.0308993160400433,0.022817051,0.038981583
Rectum,Male,tie,,,2,1.2,0.0311220465101544,0.022999868,0.039244223
Rectum,Male,tie,,,2,1.25,0.031315325371572,0.023160474,0.039470177
Rectum,Male,tie,,,2,1.3,0.0314817102093396,0.023300713,0.039662708
Rectum,Male,tie,,,2,1.35,0.0316234955050688,0.023422236,0.039824754
Rectum,Male,tie,,,2,1.4,0.0317427445222987,0.023526536,0.039958954
Rectum,Male,tie,,,2,1.45,0.0318413193900112,0.023614967,0.040067673
Rectum,Male,tie,,,2,1.5,0.0319209026959618,0.023688752,0.040153053
Rectum,Male,tie,,,2,1.55,0.031983019830166,0.023749009,0.040217031
Rectum,Male,tie,,,2,1.6,0.0320290558773897,0.023796748,0.040261365
Rectum,Male,tie,,,2,1.65,0.0320602709069392,0.023832897,0.040287644
Rectum,Male,tie,,,2,1.7,0.0320778120567283,0.023858303,0.040297322
Rectum,Male,tie,,,2,1.75,0.0320826661563433,0.023873696,0.040291637
Rectum,Male,tie,,,2,1.8,0.0320756797989577,0.023879701,0.040271658
Rectum,Male,tie,,,2,1.85,0.0320576473159176,0.023876907,0.040238388
Rectum,Male,tie,,,2,1.9,0.0320293179081662,0.023865877,0.040192761
Rectum,Male,tie,,,2,1.95,0.0319913973190808,0.023847139,0.040135656
Rectum,Male,tie,,,2,2.0,0.0319445504152626,0.023821194,0.040067907
Rectum,Male,tie,,,2,2.05,0.0318764460364597,0.023779249,0.039973643
Rectum,Male,tie,,,2,2.0999999,0.0318007274016864,0.023731077,0.039870378
Rectum,Male,tie,,,2,2.1500001,0.0317179541856195,0.023677105,0.039758801
Rectum,Male,tie,,,2,2.2,0.0316286531298172,0.023617741,0.039639566
Rectum,Male,tie,,,2,2.25,0.0315333175673023,0.023553364,0.039513271
Rectum,Male,tie,,,2,2.3,0.0314324107895839,0.023484334,0.039380487
Rectum,Male,tie,,,2,2.3499999,0.0313263674070383,0.023410993,0.039241742
Rectum,Male,tie,,,2,2.4000001,0.0312155944675506,0.023333658,0.039097533
Rectum,Male,tie,,,2,2.45,0.0311004751685832,0.023252629,0.03894832
Rectum,Male,tie,,,2,2.5,0.0309813671817103,0.023168191,0.038794544
Rectum,Male,tie,,,2,2.55,0.0308586063274514,0.02308061,0.038636602
Rectum,Male,tie,,,2,2.5999999,0.0307325151703005,0.022990143,0.038474888
Rectum,Male,tie,,,2,2.6500001,0.0306034031894485,0.022897039,0.038309768
Rectum,Male,tie,,,2,2.7,0.0304715566652293,0.022801524,0.03814159
Rectum,Male,tie,,,2,2.75,0.0303372362773171,0.022703812,0.037970662
Rectum,Male,tie,,,2,2.8,0.0302006817738289,0.022604097,0.037797268
Rectum,Male,tie,,,2,2.8499999,0.030062113350379,0.022502556,0.037621669
Rectum,Male,tie,,,2,2.9000001,0.0299217327594566,0.022399357,0.037444111
Rectum,Male,tie,,,2,2.95,0.0297797275977474,0.02229465,0.037264805
Rectum,Male,tie,,,2,3.0,0.029636268728201,0.022188578,0.037083957
Rectum,Male,tie,,,2,3.05,0.0294788749551439,0.022072123,0.036885627
Rectum,Male,tie,,,2,3.0999999,0.0293204917621962,0.021954663,0.03668632
Rectum,Male,tie,,,2,3.1500001,0.029161253077042,0.021836311,0.036486194
Rectum,Male,tie,,,2,3.2,0.0290012846820228,0.02171717,0.036285397
Rectum,Male,tie,,,2,3.25,0.028840700538248,0.021597341,0.03608406
Rectum,Male,tie,,,2,3.3,0.028679606617063,0.02147691,0.035882302
Rectum,Male,tie,,,2,3.3499999,0.0285181008657177,0.021355962,0.035680238
Rectum,Male,tie,,,2,3.4000001,0.0283562730912711,0.021234576,0.03547797
Rectum,Male,tie,,,2,3.45,0.028194208644941,0.021112822,0.035275593
Rectum,Male,tie,,,2,3.5,0.0280319843338059,0.02099077,0.035073198
Rectum,Male,tie,,,2,3.55,0.0278696720000279,0.02086848,0.034870863
Rectum,Male,tie,,,2,3.5999999,0.0277073381998145,0.020746011,0.034668665
Rectum,Male,tie,,,2,3.6500001,0.0275450438401948,0.020623418,0.034466669
Rectum,Male,tie,,,2,3.7,0.0273828476492093,0.020500749,0.034264944
Rectum,Male,tie,,,2,3.75,0.0272208018748814,0.020378055,0.034063548
Rectum,Male,tie,,,2,3.8,0.0270589556947551,0.020255378,0.033862535
Rectum,Male,tie,,,2,3.8499999,0.0268973547289883,0.020132758,0.03366195
Rectum,Male,tie,,,2,3.9000001,0.0267360405350826,0.020010235,0.033461846
Rectum,Male,tie,,,2,3.95,0.02657505392481,0.019887842,0.033262264
Rectum,Male,tie,,,2,4.0,0.0264144305704456,0.019765617,0.033063244
Rectum,Male,tie,,,2,4.0500002,0.0262424186994649,0.019635005,0.032849833
Rectum,Male,tie,,,2,4.0999999,0.026071009598213,0.019504745,0.032637276
Rectum,Male,tie,,,2,4.1500001,0.0259002275987304,0.019374855,0.032425601
Rectum,Male,tie,,,2,4.1999998,0.025730101428035,0.019245366,0.032214835
Rectum,Male,tie,,,2,4.25,0.0255606513297808,0.019116297,0.032005005
Rectum,Male,tie,,,2,4.3000002,0.0253919005754155,0.018987672,0.031796128
Rectum,Male,tie,,,2,4.3499999,0.0252238706946295,0.018859509,0.03158823
Rectum,Male,tie,,,2,4.4000001,0.025056576816024,0.018731829,0.031381324
Rectum,Male,tie,,,2,4.4499998,0.0248900389759278,0.018604644,0.031175433
Rectum,Male,tie,,,2,4.5,0.0247242694566753,0.018477974,0.030970566
Rectum,Male,tie,,,2,4.5500002,0.0245592840156776,0.018351831,0.030766737
Rectum,Male,tie,,,2,4.5999999,0.0243950971736941,0.018226231,0.030563964
Rectum,Male,tie,,,2,4.6500001,0.0242317176313178,0.018101186,0.03036225
Rectum,Male,tie,,,2,4.6999998,0.0240691592848847,0.017976707,0.030161612
Rectum,Male,tie,,,2,4.75,0.0239074288312826,0.017852802,0.029962055
Rectum,Male,tie,,,2,4.8000002,0.0237465367036781,0.017729485,0.029763587
Rectum,Male,tie,,,2,4.8499999,0.0235864924443939,0.017606767,0.029566217
Rectum,Male,tie,,,2,4.9000001,0.0234273002174714,0.017484652,0.02936995
Rectum,Male,tie,,,2,4.9499998,0.0232689695241506,0.017363148,0.029174792
Rectum,Male,tie,,,2,5.0,0.0231115031059142,0.017242264,0.028980743
