site,sex,estimate,race,stage,agegroup,tt,PE,lci,uci
Rectum,Female,AD,,,0,0.0,0.0,0.0,0.0
Rectum,Female,AD,,,0,0.050000001,1.217623190196194,1.0419829,1.3932635
Rectum,Female,AD,,,0,0.1,2.028074699490335,1.6926906,2.3634589
Rectum,Female,AD,,,0,0.15000001,2.828942026272736,2.3490517,3.3088324
Rectum,Female,AD,,,0,0.2,3.628388209553112,3.0162148,4.2405615
Rectum,Female,AD,,,0,0.25,4.420743879473731,3.6863782,5.1551094
Rectum,Female,AD,,,0,0.30000001,5.200072068840022,4.3520522,6.0480924
Rectum,Female,AD,,,0,0.34999999,5.961839804346692,5.0075278,6.916152
Rectum,Female,AD,,,0,0.40000001,6.702883188324041,5.6487222,7.7570443
Rectum,Female,AD,,,0,0.44999999,7.421114082058399,6.272809,8.5694189
Rectum,Female,AD,,,0,0.5,8.115249843110064,6.8779025,9.3525972
Rectum,Female,AD,,,0,0.55000001,8.78459531421722,7.4628038,10.106387
Rectum,Female,AD,,,0,0.60000002,9.428884021648017,8.0268221,10.830946
Rectum,Female,AD,,,0,0.64999998,10.04815885787299,8.5696383,11.52668
Rectum,Female,AD,,,0,0.69999999,10.64268819476005,9.0912056,12.194171
Rectum,Female,AD,,,0,0.75,11.21289750167622,9.5916767,12.834119
Rectum,Female,AD,,,0,0.80000001,11.75932501683845,10.07135,13.4473
Rectum,Female,AD,,,0,0.85000002,12.28258584904952,10.530629,14.034543
Rectum,Female,AD,,,0,0.89999998,12.78334530283873,10.96999,14.596701
Rectum,Female,AD,,,0,0.94999999,13.26245625183702,11.390093,15.134819
Rectum,Female,AD,,,0,1.0,13.72118775002015,11.791974,15.650402
Rectum,Female,AD,,,0,1.05,14.16074934185797,12.176829,16.144669
Rectum,Female,AD,,,0,1.1,14.58217004541197,12.545312,16.619028
Rectum,Female,AD,,,0,1.15,14.98641080773087,12.898224,17.074598
Rectum,Female,AD,,,0,1.2,15.37433351605483,13.236293,17.512375
Rectum,Female,AD,,,0,1.25,15.74670612763809,13.560167,17.933245
Rectum,Female,AD,,,0,1.3,16.104220398396,13.870439,18.338001
Rectum,Female,AD,,,0,1.35,16.44749863012264,14.167639,18.72736
Rectum,Female,AD,,,0,1.4,16.77709978060452,14.452248,19.101952
Rectum,Female,AD,,,0,1.45,17.09353241782486,14.724706,19.462358
Rectum,Female,AD,,,0,1.5,17.3972547885631,14.985412,19.809097
Rectum,Female,AD,,,0,1.55,17.68868572647567,15.23473,20.142641
Rectum,Female,AD,,,0,1.6,17.96820710565347,15.472996,20.463419
Rectum,Female,AD,,,0,1.65,18.23612093231751,15.700479,20.771763
Rectum,Female,AD,,,0,1.7,18.49244893495555,15.917214,21.067682
Rectum,Female,AD,,,0,1.75,18.73715797076555,16.123201,21.351114
Rectum,Female,AD,,,0,1.8,18.97027512116899,16.318489,21.622061
Rectum,Female,AD,,,0,1.85,19.19187817565071,16.503174,21.880583
Rectum,Female,AD,,,0,1.9,19.40208724741792,16.677385,22.126789
Rectum,Female,AD,,,0,1.95,19.60106222732433,16.841293,22.36083
Rectum,Female,AD,,,0,2.0,19.78899325139697,16.995092,22.582895
Rectum,Female,AD,,,0,2.05,19.96556527877722,17.138725,22.792406
Rectum,Female,AD,,,0,2.0999999,20.1315097788867,17.272665,22.990355
Rectum,Female,AD,,,0,2.1500001,20.2870891877844,17.397169,23.17701
Rectum,Female,AD,,,0,2.2,20.43257904031027,17.512505,23.352654
Rectum,Female,AD,,,0,2.25,20.56826925321009,17.618952,23.517588
Rectum,Female,AD,,,0,2.3,20.69445828756116,17.716801,23.672117
Rectum,Female,AD,,,0,2.3499999,20.81145140504813,17.806341,23.816561
Rectum,Female,AD,,,0,2.4000001,20.91955893632726,17.887873,23.951244
Rectum,Female,AD,,,0,2.45,21.01909229308475,17.961691,24.076494
Rectum,Female,AD,,,0,2.5,21.11036532457091,18.028093,24.192636
Rectum,Female,AD,,,0,2.55,21.19369329170101,18.087381,24.300005
Rectum,Female,AD,,,0,2.5999999,21.26943072514722,18.139879,24.398983
Rectum,Female,AD,,,0,2.6500001,21.33795224963298,18.185928,24.489977
Rectum,Female,AD,,,0,2.7,21.39961177741304,18.225849,24.573374
Rectum,Female,AD,,,0,2.75,21.45474449553294,18.259947,24.649544
Rectum,Female,AD,,,0,2.8,21.50366670705158,18.288506,24.718828
Rectum,Female,AD,,,0,2.8499999,21.54667728787851,18.3118,24.781555
Rectum,Female,AD,,,0,2.9000001,21.58405890016144,18.330084,24.838034
Rectum,Female,AD,,,0,2.95,21.6160782919691,18.343599,24.888557
Rectum,Female,AD,,,0,3.0,21.64298829088639,18.352577,24.933399
Rectum,Female,AD,,,0,3.05,21.66407588954191,18.356567,24.971584
Rectum,Female,AD,,,0,3.0999999,21.68049089842981,18.356411,25.00457
Rectum,Female,AD,,,0,3.1500001,21.69244869935636,18.352304,25.032593
Rectum,Female,AD,,,0,3.2,21.70015317163322,18.344433,25.055874
Rectum,Female,AD,,,0,3.25,21.70379770598701,18.33297,25.074627
Rectum,Female,AD,,,0,3.3,21.70356558714593,18.318081,25.08905
Rectum,Female,AD,,,0,3.3499999,21.6996306521654,18.299927,25.099335
Rectum,Female,AD,,,0,3.4000001,21.69215780004431,18.278652,25.105663
Rectum,Female,AD,,,0,3.45,21.68130366961212,18.254404,25.108204
Rectum,Female,AD,,,0,3.5,21.66721691018864,18.227312,25.107122
Rectum,Female,AD,,,0,3.55,21.65003876303044,18.197506,25.102571
Rectum,Female,AD,,,0,3.5999999,21.629903460194,18.165108,25.094698
Rectum,Female,AD,,,0,3.6500001,21.60693850784683,18.130234,25.083645
Rectum,Female,AD,,,0,3.7,21.58126551216121,18.092991,25.069542
Rectum,Female,AD,,,0,3.75,21.55299987230751,18.053484,25.052517
Rectum,Female,AD,,,0,3.8,21.52225153469702,18.011814,25.03269
Rectum,Female,AD,,,0,3.8499999,21.48912519871793,17.968073,25.010176
Rectum,Female,AD,,,0,3.9000001,21.4537204321488,17.922354,24.985086
Rectum,Female,AD,,,0,3.95,21.41613262907012,17.874741,24.957523
Rectum,Female,AD,,,0,4.0,21.37645225130194,17.825315,24.927589
Rectum,Female,AD,,,0,4.0500002,21.33346018750061,17.773155,24.893766
Rectum,Female,AD,,,0,4.0999999,21.28852552626975,17.719313,24.857738
Rectum,Female,AD,,,0,4.1500001,21.24172687204096,17.66386,24.819593
Rectum,Female,AD,,,0,4.1999998,21.19314099879348,17.606867,24.779415
Rectum,Female,AD,,,0,4.25,21.14283947076424,17.548399,24.73728
Rectum,Female,AD,,,0,4.3000002,21.09089201964379,17.488516,24.693268
Rectum,Female,AD,,,0,4.3499999,21.03736539141237,17.427279,24.647451
Rectum,Female,AD,,,0,4.4000001,20.98232190073101,17.364746,24.599899
Rectum,Female,AD,,,0,4.4499998,20.92582318761878,17.300968,24.550678
Rectum,Female,AD,,,0,4.5,20.8679261595052,17.236002,24.499851
Rectum,Female,AD,,,0,4.5500002,20.80868685883584,17.169893,24.447481
Rectum,Female,AD,,,0,4.5999999,20.74815902759687,17.102692,24.393627
Rectum,Female,AD,,,0,4.6500001,20.68639243428579,17.034443,24.338343
Rectum,Female,AD,,,0,4.6999998,20.62343705375497,16.965189,24.281685
Rectum,Female,AD,,,0,4.75,20.55933846056826,16.894974,24.223703
Rectum,Female,AD,,,0,4.8000002,20.49414210100566,16.823835,24.164448
Rectum,Female,AD,,,0,4.8499999,20.42789163139187,16.751816,24.103968
Rectum,Female,AD,,,0,4.9000001,20.36062706279293,16.678947,24.042307
Rectum,Female,AD,,,0,4.9499998,20.2923892903017,16.605268,23.979511
Rectum,Female,AD,,,0,5.0,20.22321504094897,16.530811,23.915619
Rectum,Female,AD,,,1,0.0,0.0,0.0,0.0
Rectum,Female,AD,,,1,0.050000001,1.436245480906035,1.3041435,1.5683475
Rectum,Female,AD,,,1,0.1,2.567608450410223,2.3130891,2.8221278
Rectum,Female,AD,,,1,0.15000001,3.624892530420045,3.2569375,3.9928477
Rectum,Female,AD,,,1,0.2,4.623293676797651,4.1493196,5.0972676
Rectum,Female,AD,,,1,0.25,5.568463790783046,4.994781,6.1421466
Rectum,Female,AD,,,1,0.30000001,6.463949423192815,5.7960496,7.1318493
Rectum,Female,AD,,,1,0.34999999,7.312617160564304,6.5553589,8.0698757
Rectum,Female,AD,,,1,0.40000001,8.1170319888435,7.2747688,8.9592953
Rectum,Female,AD,,,1,0.44999999,8.879569303767216,7.9562402,9.8028984
Rectum,Female,AD,,,1,0.5,9.602458740987924,8.601655,10.603263
Rectum,Female,AD,,,1,0.55000001,10.2877970726646,9.2128153,11.362779
Rectum,Female,AD,,,1,0.60000002,10.93755865530772,9.7914419,12.083675
Rectum,Female,AD,,,1,0.64999998,11.55360067123072,10.339169,12.768032
Rectum,Female,AD,,,1,0.69999999,12.13767197550754,10.857551,13.417793
Rectum,Female,AD,,,1,0.75,12.6914146316578,11.348057,14.034772
Rectum,Female,AD,,,1,0.80000001,13.21637286070409,11.812077,14.620668
Rectum,Female,AD,,,1,0.85000002,13.71399822203667,12.250923,15.177073
Rectum,Female,AD,,,1,0.89999998,14.18565498704041,12.665835,15.705475
Rectum,Female,AD,,,1,0.94999999,14.6327972369899,13.058132,16.207462
Rectum,Female,AD,,,1,1.0,15.05723704591558,13.429451,16.685022
Rectum,Female,AD,,,1,1.05,15.46000019705323,13.780741,17.139259
Rectum,Female,AD,,,1,1.1,15.84314908366026,14.113842,17.572456
Rectum,Female,AD,,,1,1.15,16.20795553735281,14.429904,17.986008
Rectum,Female,AD,,,1,1.2,16.55553963384117,14.729942,18.381136
Rectum,Female,AD,,,1,1.25,16.88688530762633,15.01485,18.758921
Rectum,Female,AD,,,1,1.3,17.20286514549118,15.285419,19.12031
Rectum,Female,AD,,,1,1.35,17.5042535952941,15.542356,19.466152
Rectum,Female,AD,,,1,1.4,17.79173834694866,15.786285,19.797192
Rectum,Female,AD,,,1,1.45,18.06593659914367,16.017773,20.114101
Rectum,Female,AD,,,1,1.5,18.32739919008607,16.23732,20.417479
Rectum,Female,AD,,,1,1.55,18.57662346313709,16.445383,20.707863
Rectum,Female,AD,,,1,1.6,18.8140582061927,16.642376,20.985741
Rectum,Female,AD,,,1,1.65,19.04006109631679,16.82863,21.251493
Rectum,Female,AD,,,1,1.7,19.25469142353263,17.004225,21.505157
Rectum,Female,AD,,,1,1.75,19.45794685644293,17.169191,21.746702
Rectum,Female,AD,,,1,1.8,19.64988251457372,17.323612,21.976152
Rectum,Female,AD,,,1,1.85,19.83060166378145,17.467611,22.193592
Rectum,Female,AD,,,1,1.9,20.00024759967582,17.601351,22.399145
Rectum,Female,AD,,,1,1.95,20.15900045693677,17.725019,22.592981
Rectum,Female,AD,,,1,2.0,20.30706852843873,17.838837,22.775301
Rectum,Female,AD,,,1,2.05,20.44371326330415,17.942198,22.945229
Rectum,Female,AD,,,1,2.0999999,20.57014424621485,18.03619,23.104099
Rectum,Female,AD,,,1,2.1500001,20.6866346409898,18.121082,23.252186
Rectum,Female,AD,,,1,2.2,20.79346932063333,18.197163,23.389776
Rectum,Female,AD,,,1,2.25,20.89094518655116,18.264719,23.517172
Rectum,Female,AD,,,1,2.3,20.97936623252133,18.324049,23.634682
Rectum,Female,AD,,,1,2.3499999,21.05904176423149,18.375458,23.742626
Rectum,Female,AD,,,1,2.4000001,21.13028463844256,18.419247,23.841324
Rectum,Female,AD,,,1,2.45,21.19340811496077,18.455717,23.931099
Rectum,Female,AD,,,1,2.5,21.24872628990157,18.485176,24.012278
Rectum,Female,AD,,,1,2.55,21.29655409630369,18.507921,24.085188
Rectum,Female,AD,,,1,2.5999999,21.33724814903643,18.524288,24.150208
Rectum,Female,AD,,,1,2.6500001,21.37118649618685,18.534624,24.207748
Rectum,Female,AD,,,1,2.7,21.39872572525046,18.539259,24.258194
Rectum,Female,AD,,,1,2.75,21.42020205132107,18.538498,24.301907
Rectum,Female,AD,,,1,2.8,21.43593197751608,18.532633,24.339231
Rectum,Female,AD,,,1,2.8499999,21.44621372273812,18.521938,24.370489
Rectum,Female,AD,,,1,2.9000001,21.45132840153559,18.50667,24.395987
Rectum,Female,AD,,,1,2.95,21.45154104092174,18.487072,24.41601
Rectum,Female,AD,,,1,3.0,21.44710174142502,18.463373,24.43083
Rectum,Female,AD,,,1,3.05,21.43705672463885,18.434759,24.439354
Rectum,Female,AD,,,1,3.0999999,21.42281253285643,18.402458,24.443167
Rectum,Female,AD,,,1,3.1500001,21.40458018209083,18.366663,24.442497
Rectum,Female,AD,,,1,3.2,21.38255933807596,18.327557,24.437561
Rectum,Female,AD,,,1,3.25,21.35693851307744,18.285311,24.428566
Rectum,Female,AD,,,1,3.3,21.32789606723173,18.240088,24.415705
Rectum,Female,AD,,,1,3.3499999,21.29560075735607,18.192039,24.399162
Rectum,Female,AD,,,1,3.4000001,21.26021214555538,18.141314,24.37911
Rectum,Female,AD,,,1,3.45,21.22188183454031,18.088047,24.355717
Rectum,Female,AD,,,1,3.5,21.18075296330852,18.032372,24.329136
Rectum,Female,AD,,,1,3.55,21.13696134376216,17.974407,24.299517
Rectum,Female,AD,,,1,3.5999999,21.09063574338076,17.914272,24.267
Rectum,Female,AD,,,1,3.6500001,21.04189806227639,17.852077,24.231718
Rectum,Female,AD,,,1,3.7,20.99086466227178,17.787928,24.193802
Rectum,Female,AD,,,1,3.75,20.93764533438295,17.721924,24.153368
Rectum,Female,AD,,,1,3.8,20.88234455682971,17.654158,24.110533
Rectum,Female,AD,,,1,3.8499999,20.82506158573079,17.584721,24.065403
Rectum,Female,AD,,,1,3.9000001,20.76589046573808,17.513697,24.018085
Rectum,Female,AD,,,1,3.95,20.70492144593651,17.441168,23.968676
Rectum,Female,AD,,,1,4.0,20.64223954696685,17.36721,23.917269
Rectum,Female,AD,,,1,4.0500002,20.57659017560646,17.290743,23.862438
Rectum,Female,AD,,,1,4.0999999,20.50938661513561,17.212988,23.805784
Rectum,Female,AD,,,1,4.1500001,20.44070144236218,17.134014,23.747389
Rectum,Female,AD,,,1,4.1999998,20.37060631342251,17.053885,23.687328
Rectum,Female,AD,,,1,4.25,20.29916691668653,16.972656,23.625679
Rectum,Female,AD,,,1,4.3000002,20.2264477966641,16.890388,23.562508
Rectum,Female,AD,,,1,4.3499999,20.15251057113989,16.807135,23.497887
Rectum,Female,AD,,,1,4.4000001,20.07741191838495,16.722948,23.431875
Rectum,Female,AD,,,1,4.4499998,20.00120868868925,16.637878,23.364538
Rectum,Female,AD,,,1,4.5,19.92395231659471,16.551971,23.295933
Rectum,Female,AD,,,1,4.5500002,19.84569401256125,16.465273,23.226116
Rectum,Female,AD,,,1,4.5999999,19.76648274919002,16.377825,23.155142
Rectum,Female,AD,,,1,4.6500001,19.68636306814322,16.289667,23.083059
Rectum,Female,AD,,,1,4.6999998,19.60538049911267,16.200842,23.00992
Rectum,Female,AD,,,1,4.75,19.52357555233645,16.111383,22.935768
Rectum,Female,AD,,,1,4.8000002,19.44098920132021,16.021328,22.860649
Rectum,Female,AD,,,1,4.8499999,19.35766069120733,15.930712,22.784609
Rectum,Female,AD,,,1,4.9000001,19.27362520774338,15.839564,22.707685
Rectum,Female,AD,,,1,4.9499998,19.18891953856425,15.747918,22.629921
Rectum,Female,AD,,,1,5.0,19.10357574056215,15.655802,22.55135
Rectum,Female,AD,,,2,0.0,0.0,0.0,0.0
Rectum,Female,AD,,,2,0.050000001,-0.250828842422083,-0.33305869,-0.16859901
Rectum,Female,AD,,,2,0.1,-0.6082363579608221,-0.76503539,-0.45143732
Rectum,Female,AD,,,2,0.15000001,-0.8955059613903917,-1.1169735,-0.67403841
Rectum,Female,AD,,,2,0.2,-1.120364483580361,-1.3984553,-0.84227377
Rectum,Female,AD,,,2,0.25,-1.295042669490739,-1.6231877,-0.96689767
Rectum,Female,AD,,,2,0.30000001,-1.429772770623517,-1.8025191,-1.0570265
Rectum,Female,AD,,,2,0.34999999,-1.532539646210574,-1.9452903,-1.119789
Rectum,Female,AD,,,2,0.40000001,-1.60952914380703,-2.058358,-1.1607002
Rectum,Female,AD,,,2,0.44999999,-1.665564990708226,-2.1470816,-1.1840484
Rectum,Female,AD,,,2,0.5,-1.704446872223142,-2.2156956,-1.1931981
Rectum,Female,AD,,,2,0.55000001,-1.729198759210336,-2.2675824,-1.1908151
Rectum,Female,AD,,,2,0.60000002,-1.74225093685875,-2.3054709,-1.1790309
Rectum,Female,AD,,,2,0.64999998,-1.745573941346027,-2.3315837,-1.1595641
Rectum,Female,AD,,,2,0.69999999,-1.740778329976159,-2.3477457,-1.1338111
Rectum,Female,AD,,,2,0.75,-1.729189847253377,-2.3554661,-1.1029136
Rectum,Female,AD,,,2,0.80000001,-1.711906787812353,-2.3560023,-1.0678111
Rectum,Female,AD,,,2,0.85000002,-1.68984420643871,-2.3504078,-1.0292805
Rectum,Female,AD,,,2,0.89999998,-1.663768423860965,-2.3395698,-0.98796707
Rectum,Female,AD,,,2,0.94999999,-1.634341677823832,-2.3242643,-0.94441915
Rectum,Female,AD,,,2,1.0,-1.602167614901326,-2.3052142,-0.89912105
Rectum,Female,AD,,,2,1.05,-1.567060043035838,-2.2820954,-0.85202473
Rectum,Female,AD,,,2,1.1,-1.530152416647056,-2.2563665,-0.80393833
Rectum,Female,AD,,,2,1.15,-1.491792916103034,-2.2284529,-0.75513285
Rectum,Female,AD,,,2,1.2,-1.452271408166448,-2.1987107,-0.70583212
Rectum,Female,AD,,,2,1.25,-1.411830887693899,-2.1674399,-0.65622187
Rectum,Female,AD,,,2,1.3,-1.370675344687243,-2.1348941,-0.60645646
Rectum,Female,AD,,,2,1.35,-1.328976855105832,-2.101289,-0.55666459
Rectum,Female,AD,,,2,1.4,-1.286881371705793,-2.0668082,-0.50695443
Rectum,Female,AD,,,2,1.45,-1.244512463908029,-2.0316088,-0.45741603
Rectum,Female,AD,,,2,1.5,-1.201975729470176,-1.995826,-0.40812549
Rectum,Female,AD,,,2,1.55,-1.159361040480601,-1.9595755,-0.35914657
Rectum,Female,AD,,,2,1.6,-1.116745269685689,-1.9229578,-0.31053275
Rectum,Female,AD,,,2,1.65,-1.074192200258221,-1.8860555,-0.26232895
Rectum,Female,AD,,,2,1.7,-1.031742858491079,-1.8489157,-0.21457008
Rectum,Female,AD,,,2,1.75,-0.9894303355098,-1.8115746,-0.16728614
Rectum,Female,AD,,,2,1.8,-0.947285375571468,-1.7740675,-0.12050325
Rectum,Female,AD,,,2,1.85,-0.9053365007909092,-1.736429,-0.074244022
Rectum,Female,AD,,,2,1.9,-0.8636102093773363,-1.6986924,-0.028527936
Rectum,Female,AD,,,2,1.95,-0.8221302475873689,-1.6608895,0.016628969
Rectum,Female,AD,,,2,2.0,-0.7809184292532851,-1.6230502,0.061213408
Rectum,Female,AD,,,2,2.05,-0.7395114059068657,-1.5844074,0.1053847
Rectum,Female,AD,,,2,2.0999999,-0.6984364146898976,-1.5458093,0.14893645
Rectum,Female,AD,,,2,2.1500001,-0.6577080002888653,-1.5072801,0.19186412
Rectum,Female,AD,,,2,2.2,-0.6173393430237155,-1.468843,0.23416427
Rectum,Female,AD,,,2,2.25,-0.5773412263378663,-1.4305186,0.27583617
Rectum,Female,AD,,,2,2.3,-0.5377229513342794,-1.3923265,0.31688055
Rectum,Female,AD,,,2,2.3499999,-0.4984922776415495,-1.354284,0.35729957
Rectum,Female,AD,,,2,2.4000001,-0.4596553725982488,-1.3164076,0.39709681
Rectum,Female,AD,,,2,2.45,-0.421217679275868,-1.2787118,0.4362765
Rectum,Female,AD,,,2,2.5,-0.3831829289063915,-1.2412102,0.47484437
Rectum,Female,AD,,,2,2.55,-0.3455542442103479,-1.2039152,0.51280671
Rectum,Female,AD,,,2,2.5999999,-0.3083378004022457,-1.1668439,0.55016828
Rectum,Female,AD,,,2,2.6500001,-0.2715414485707282,-1.1300163,0.58693337
Rectum,Female,AD,,,2,2.7,-0.2351719988964405,-1.0934503,0.6231063
Rectum,Female,AD,,,2,2.75,-0.1992342663180331,-1.0571611,0.65869254
Rectum,Female,AD,,,2,2.8,-0.1637319583186425,-1.021162,0.69369811
Rectum,Female,AD,,,2,2.8499999,-0.1286676594291158,-0.98546481,0.72812951
Rectum,Female,AD,,,2,2.9000001,-0.0940428082117641,-0.95007902,0.76199341
Rectum,Female,AD,,,2,2.95,-0.0598584792760875,-0.91501373,0.79529679
Rectum,Female,AD,,,2,3.0,-0.0261145012505999,-0.88027602,0.82804698
Rectum,Female,AD,,,2,3.05,0.0074584369337742,-0.84526831,0.86018521
Rectum,Female,AD,,,2,3.0999999,0.0405688731630995,-0.81062526,0.89176303
Rectum,Female,AD,,,2,3.1500001,0.0732191714415222,-0.7763505,0.92278886
Rectum,Female,AD,,,2,3.2,0.1054116574126844,-0.74244732,0.95327061
Rectum,Female,AD,,,2,3.25,0.1371494944264171,-0.70891792,0.98321694
Rectum,Female,AD,,,2,3.3,0.168436007438352,-0.67576391,1.0126359
Rectum,Female,AD,,,2,3.3499999,0.1992747946646318,-0.6429863,1.0415359
Rectum,Female,AD,,,2,3.4000001,0.2296698316408161,-0.61058545,1.0699252
Rectum,Female,AD,,,2,3.45,0.2596248584494738,-0.57856184,1.0978116
Rectum,Female,AD,,,2,3.5,0.2891442182516109,-0.54691488,1.1252033
Rectum,Female,AD,,,2,3.55,0.3182322480330626,-0.51564384,1.1521083
Rectum,Female,AD,,,2,3.5999999,0.3468934003693249,-0.48474768,1.1785345
Rectum,Female,AD,,,2,3.6500001,0.3751323556784136,-0.45422488,1.2044896
Rectum,Female,AD,,,2,3.7,0.4029534667203407,-0.4240742,1.2299812
Rectum,Female,AD,,,2,3.75,0.4303615497870226,-0.39429358,1.2550167
Rectum,Female,AD,,,2,3.8,0.4573613293591094,-0.36488098,1.2796036
Rectum,Female,AD,,,2,3.8499999,0.4839575607532254,-0.33583418,1.3037493
Rectum,Female,AD,,,2,3.9000001,0.5101551426250843,-0.30715066,1.3274609
Rectum,Female,AD,,,2,3.95,0.5359586090874942,-0.27882808,1.3507453
Rectum,Female,AD,,,2,4.0,0.5613728702924732,-0.25086373,1.3736094
Rectum,Female,AD,,,2,4.0500002,0.586449906846628,-0.22286046,1.3957603
Rectum,Female,AD,,,2,4.0999999,0.611126622348916,-0.19523343,1.4174867
Rectum,Female,AD,,,2,4.1500001,0.6354086945878272,-0.16797881,1.4387962
Rectum,Female,AD,,,2,4.1999998,0.659300833655859,-0.14109361,1.4596952
Rectum,Female,AD,,,2,4.25,0.6828086302399328,-0.11457382,1.4801911
Rectum,Female,AD,,,2,4.3000002,0.7059369474320611,-0.088416055,1.5002899
Rectum,Female,AD,,,2,4.3499999,0.7286906172203338,-0.062617101,1.5199983
Rectum,Female,AD,,,2,4.4000001,0.7510750723179953,-0.037172761,1.5393229
Rectum,Female,AD,,,2,4.4499998,0.773094833528166,-0.012079854,1.5582695
Rectum,Female,AD,,,2,4.5,0.7947552156895092,0.012665705,1.5768447
Rectum,Female,AD,,,2,4.5500002,0.8160608472562529,0.03706738,1.5950543
Rectum,Female,AD,,,2,4.5999999,0.8370163140917626,0.061128583,1.6129041
Rectum,Female,AD,,,2,4.6500001,0.857626742631119,0.084853455,1.6304001
Rectum,Female,AD,,,2,4.6999998,0.8778964082439167,0.10824527,1.6475476
Rectum,Female,AD,,,2,4.75,0.8978303071810174,0.13130809,1.6643525
Rectum,Female,AD,,,2,4.8000002,0.9174327947673112,0.15404542,1.6808202
Rectum,Female,AD,,,2,4.8499999,0.9367081791975592,0.17646053,1.6969558
Rectum,Female,AD,,,2,4.9000001,0.9556612585869112,0.19855756,1.712765
Rectum,Female,AD,,,2,4.9499998,0.9742960417972562,0.22033972,1.7282524
Rectum,Female,AD,,,2,5.0,0.9926171946757236,0.24181095,1.7434235
Rectum,Female,ADa,,,0,0.0,0.0,0.0,0.0
Rectum,Female,ADa,,,0,0.050000001,1.166969773993826,1.1448029,1.1891366
Rectum,Female,ADa,,,0,0.1,2.073143796322459,2.0348959,2.1113918
Rectum,Female,ADa,,,0,0.15000001,3.030007206730359,2.9774518,3.0825627
Rectum,Female,ADa,,,0,0.2,4.022684871144243,3.9570355,4.0883341
Rectum,Female,ADa,,,0,0.25,5.033257733194185,4.9554977,5.1110177
Rectum,Female,ADa,,,0,0.30000001,6.048188643762501,5.959168,6.1372089
Rectum,Female,ADa,,,0,0.34999999,7.057827387180261,6.9583039,7.157351
Rectum,Female,ADa,,,0,0.40000001,8.05538339365788,7.9460421,8.1647243
Rectum,Female,ADa,,,0,0.44999999,9.036104847878033,8.917573,9.1546364
Rectum,Female,ADa,,,0,0.5,9.996702838369956,9.8695574,10.123848
Rectum,Female,ADa,,,0,0.55000001,10.93494100067383,10.799715,11.070167
Rectum,Female,ADa,,,0,0.60000002,11.8493519125651,11.70654,11.992164
Rectum,Female,ADa,,,0,0.64999998,12.73903172647942,12.589095,12.888968
Rectum,Female,ADa,,,0,0.69999999,13.60349730381013,13.446864,13.76013
Rectum,Female,ADa,,,0,0.75,14.44257232726225,14.279644,14.6055
Rectum,Female,ADa,,,0,0.80000001,15.25631206804206,15.087464,15.425159
Rectum,Female,ADa,,,0,0.85000002,16.04494293137817,15.870528,16.219357
Rectum,Female,ADa,,,0,0.89999998,16.80881697894332,16.629166,16.988468
Rectum,Female,ADa,,,0,0.94999999,17.548603869636,17.364025,17.733183
Rectum,Female,ADa,,,0,1.0,18.2656323186733,18.076408,18.454855
Rectum,Female,ADa,,,0,1.05,18.96123469337074,18.767633,19.154835
Rectum,Female,ADa,,,0,1.1,19.63653147179267,19.438793,19.83427
Rectum,Female,ADa,,,0,1.15,20.29260163156675,20.090948,20.494255
Rectum,Female,ADa,,,0,1.2,20.93042591108009,20.725063,21.135788
Rectum,Female,ADa,,,0,1.25,21.55088519023178,21.342009,21.759762
Rectum,Female,ADa,,,0,1.3,22.15478116612219,21.94257,22.366993
Rectum,Female,ADa,,,0,1.35,22.74284055455182,22.527464,22.958218
Rectum,Female,ADa,,,0,1.4,23.3157190725691,23.097338,23.5341
Rectum,Female,ADa,,,0,1.45,23.87401831268918,23.652784,24.095251
Rectum,Female,ADa,,,0,1.5,24.41828117759293,24.194338,24.642223
Rectum,Female,ADa,,,0,1.55,24.94900695073451,24.722492,25.175522
Rectum,Female,ADa,,,0,1.6,25.4666521962041,25.237694,25.69561
Rectum,Female,ADa,,,0,1.65,25.9715561610161,25.740278,26.202835
Rectum,Female,ADa,,,0,1.7,26.46359378761612,26.230118,26.697069
Rectum,Female,ADa,,,0,1.75,26.94252515442921,26.706972,27.17808
Rectum,Female,ADa,,,0,1.8,27.40818756228708,27.170673,27.6457
Rectum,Female,ADa,,,0,1.85,27.86048365256552,27.621124,28.099842
Rectum,Female,ADa,,,0,1.9,28.29937062567382,28.058279,28.540462
Rectum,Female,ADa,,,0,1.95,28.72486080376079,28.482143,28.967577
Rectum,Female,ADa,,,0,2.0,29.13700704118708,28.892771,29.381243
Rectum,Female,ADa,,,0,2.05,29.5352019935775,29.289558,29.780846
Rectum,Female,ADa,,,0,2.0999999,29.92021390295849,29.673262,30.167168
Rectum,Female,ADa,,,0,2.1500001,30.29220374110362,30.044035,30.540373
Rectum,Female,ADa,,,0,2.2,30.65135246188436,30.402056,30.90065
Rectum,Female,ADa,,,0,2.25,30.9978679103037,30.747528,31.248207
Rectum,Female,ADa,,,0,2.3,31.33197430129461,31.080675,31.583275
Rectum,Female,ADa,,,0,2.3499999,31.65391099456505,31.401728,31.906096
Rectum,Female,ADa,,,0,2.4000001,31.96393122107678,31.710938,32.216927
Rectum,Female,ADa,,,0,2.45,32.26229378288856,32.00856,32.516029
Rectum,Female,ADa,,,0,2.5,32.54926973266345,32.294861,32.80368
Rectum,Female,ADa,,,0,2.55,32.82514082570738,32.570118,33.080162
Rectum,Female,ADa,,,0,2.5999999,33.09029736843966,32.834721,33.345875
Rectum,Female,ADa,,,0,2.6500001,33.34520427071297,33.089127,33.60128
Rectum,Female,ADa,,,0,2.7,33.59030232137463,33.333775,33.846828
Rectum,Female,ADa,,,0,2.75,33.82601376995514,33.569084,34.082943
Rectum,Female,ADa,,,0,2.8,34.05273858371574,33.795444,34.310032
Rectum,Female,ADa,,,0,2.8499999,34.27085680218163,34.013241,34.528473
Rectum,Female,ADa,,,0,2.9000001,34.48073058261441,34.222828,34.738632
Rectum,Female,ADa,,,0,2.95,34.68270124922711,34.424545,34.940857
Rectum,Female,ADa,,,0,3.0,34.87709625740897,34.618717,35.135475
Rectum,Female,ADa,,,0,3.05,35.06291911640794,34.804356,35.32148
Rectum,Female,ADa,,,0,3.0999999,35.24172811530256,34.983009,35.500446
Rectum,Female,ADa,,,0,3.1500001,35.41380652169263,35.154957,35.672657
Rectum,Female,ADa,,,0,3.2,35.57942158788671,35.320457,35.838383
Rectum,Female,ADa,,,0,3.25,35.73883020482819,35.479774,35.997883
Rectum,Female,ADa,,,0,3.3,35.89227628120734,35.633148,36.151405
Rectum,Female,ADa,,,0,3.3499999,36.03999223270343,35.780804,36.299179
Rectum,Female,ADa,,,0,3.4000001,36.18220026320313,35.92297,36.441433
Rectum,Female,ADa,,,0,3.45,36.31911025967753,36.059849,36.578373
Rectum,Female,ADa,,,0,3.5,36.45092440695281,36.191643,36.710205
Rectum,Female,ADa,,,0,3.55,36.57783496658988,36.318542,36.837128
Rectum,Female,ADa,,,0,3.5999999,36.70002545466831,36.440735,36.959316
Rectum,Female,ADa,,,0,3.6500001,36.81767165099615,36.558388,37.076954
Rectum,Female,ADa,,,0,3.7,36.93093980945225,36.671673,37.190208
Rectum,Female,ADa,,,0,3.75,37.03999043034998,36.780746,37.299236
Rectum,Female,ADa,,,0,3.8,37.14497638015798,36.885757,37.404194
Rectum,Female,ADa,,,0,3.8499999,37.24604382557318,36.986855,37.50523
Rectum,Female,ADa,,,0,3.9000001,37.34333303037746,37.084179,37.602486
Rectum,Female,ADa,,,0,3.95,37.43697684022916,37.17786,37.696091
Rectum,Female,ADa,,,0,4.0,37.52710376922641,37.268028,37.786179
Rectum,Female,ADa,,,0,4.0500002,37.61200558741144,37.352989,37.871021
Rectum,Female,ADa,,,0,4.0999999,37.69359713163965,37.434639,37.952557
Rectum,Female,ADa,,,0,4.1500001,37.77199343128197,37.513096,38.030891
Rectum,Female,ADa,,,0,4.1999998,37.84730175644317,37.588463,38.10614
Rectum,Female,ADa,,,0,4.25,37.91962783304406,37.660851,38.178406
Rectum,Female,ADa,,,0,4.3000002,37.9890709578538,37.73035,38.247791
Rectum,Female,ADa,,,0,4.3499999,38.05572648143546,37.797062,38.314388
Rectum,Female,ADa,,,0,4.4000001,38.11968778481432,37.86108,38.378296
Rectum,Female,ADa,,,0,4.4499998,38.1810420766339,37.922489,38.439594
Rectum,Female,ADa,,,0,4.5,38.239875449933,37.981373,38.498379
Rectum,Female,ADa,,,0,4.5500002,38.29626888749874,38.037815,38.554722
Rectum,Female,ADa,,,0,4.5999999,38.3503002769306,38.091892,38.608707
Rectum,Female,ADa,,,0,4.6500001,38.4020459984593,38.143684,38.660408
Rectum,Female,ADa,,,0,4.6999998,38.4515775112187,38.193253,38.7099
Rectum,Female,ADa,,,0,4.75,38.49896543598851,38.240677,38.757252
Rectum,Female,ADa,,,0,4.8000002,38.54427632030497,38.286022,38.802532
Rectum,Female,ADa,,,0,4.8499999,38.58757426303174,38.32935,38.845798
Rectum,Female,ADa,,,0,4.9000001,38.62892217614655,38.370724,38.887123
Rectum,Female,ADa,,,0,4.9499998,38.66837904704981,38.410198,38.926559
Rectum,Female,ADa,,,0,5.0,38.70600319680379,38.447842,38.964165
Rectum,Female,ADa,,,1,0.0,0.0,0.0,0.0
Rectum,Female,ADa,,,1,0.050000001,1.486577073447536,1.4670173,1.5061368
Rectum,Female,ADa,,,1,0.1,2.790091255895108,2.7545674,2.8256152
Rectum,Female,ADa,,,1,0.15000001,4.063412556277411,4.0132885,4.1135368
Rectum,Female,ADa,,,1,0.2,5.303191072355363,5.2396288,5.3667536
Rectum,Female,ADa,,,1,0.25,6.505671402233144,6.4297004,6.5816422
Rectum,Female,ADa,,,1,0.30000001,7.66874475709624,7.5812869,7.7562027
Rectum,Female,ADa,,,1,0.34999999,8.791562579970357,8.6934481,8.889677
Rectum,Female,ADa,,,1,0.40000001,9.874112168713784,9.7660933,9.982131
Rectum,Female,ADa,,,1,0.44999999,10.91691192728015,10.799672,11.034151
Rectum,Female,ADa,,,1,0.5,11.92081912282219,11.794985,12.046653
Rectum,Female,ADa,,,1,0.55000001,12.88689603977427,12.753041,13.020751
Rectum,Female,ADa,,,1,0.60000002,13.81632695108494,13.674979,13.957675
Rectum,Female,ADa,,,1,0.64999998,14.71035940406627,14.562006,14.858712
Rectum,Female,ADa,,,1,0.69999999,15.57027017031197,15.415363,15.725178
Rectum,Female,ADa,,,1,0.75,16.39733312596921,16.23629,16.558376
Rectum,Female,ADa,,,1,0.80000001,17.19280633116741,17.026018,17.359594
Rectum,Female,ADa,,,1,0.85000002,17.95791955366042,17.785749,18.130091
Rectum,Female,ADa,,,1,0.89999998,18.69386622252797,18.516651,18.87108
Rectum,Female,ADa,,,1,0.94999999,19.40204316471841,19.2201,19.583986
Rectum,Female,ADa,,,1,1.0,20.08443945285943,19.898054,20.270824
Rectum,Female,ADa,,,1,1.05,20.74211304192021,20.551556,20.932671
Rectum,Female,ADa,,,1,1.1,21.37748720847777,21.182999,21.571976
Rectum,Female,ADa,,,1,1.15,21.99201966125074,21.793823,22.190216
Rectum,Female,ADa,,,1,1.2,22.58700585861941,22.385309,22.788702
Rectum,Female,ADa,,,1,1.25,23.16359003340131,22.958586,23.368593
Rectum,Female,ADa,,,1,1.3,23.72279457526876,23.514664,23.930925
Rectum,Female,ADa,,,1,1.35,24.26553205005563,24.054441,24.476622
Rectum,Female,ADa,,,1,1.4,24.79261555819758,24.578726,25.006506
Rectum,Female,ADa,,,1,1.45,25.3047797323961,25.08824,25.52132
Rectum,Female,ADa,,,1,1.5,25.80268101031877,25.583632,26.02173
Rectum,Female,ADa,,,1,1.55,26.28691517503405,26.065491,26.508339
Rectum,Female,ADa,,,1,1.6,26.75802123890259,26.534349,26.981691
Rectum,Female,ADa,,,1,1.65,27.21640697178431,26.99061,27.442204
Rectum,Female,ADa,,,1,1.7,27.66199273846646,27.434189,27.889795
Rectum,Female,ADa,,,1,1.75,28.09457674931762,27.864883,28.324268
Rectum,Female,ADa,,,1,1.8,28.51403265752303,28.282566,28.745501
Rectum,Female,ADa,,,1,1.85,28.92029764155593,28.687168,29.153427
Rectum,Female,ADa,,,1,1.9,29.3133616966588,29.078678,29.548046
Rectum,Female,ADa,,,1,1.95,29.69326727482202,29.457134,29.929399
Rectum,Female,ADa,,,1,2.0,30.0600954898462,29.822615,30.297577
Rectum,Female,ADa,,,1,2.05,30.41262680125706,30.173904,30.65135
Rectum,Female,ADa,,,1,2.0999999,30.75231905666131,30.512447,30.992191
Rectum,Female,ADa,,,1,2.1500001,31.07935392740652,30.838423,31.320284
Rectum,Female,ADa,,,1,2.2,31.39393152759227,31.152027,31.635836
Rectum,Female,ADa,,,1,2.25,31.69627613795255,31.453478,31.939075
Rectum,Female,ADa,,,1,2.3,31.98662665651406,31.743011,32.23024
Rectum,Female,ADa,,,1,2.3499999,32.26523527762613,32.020878,32.509594
Rectum,Female,ADa,,,1,2.4000001,32.53236613773893,32.287334,32.777401
Rectum,Female,ADa,,,1,2.45,32.78828795451673,32.542645,33.033932
Rectum,Female,ADa,,,1,2.5,33.03327960098581,32.78709,33.279472
Rectum,Female,ADa,,,1,2.55,33.26762963764243,33.02095,33.514309
Rectum,Female,ADa,,,1,2.5999999,33.4917361704954,33.244617,33.738853
Rectum,Female,ADa,,,1,2.6500001,33.70607183963723,33.458569,33.953575
Rectum,Female,ADa,,,1,2.7,33.91108391596698,33.663239,34.158928
Rectum,Female,ADa,,,1,2.75,34.10719890037868,33.859055,34.355343
Rectum,Female,ADa,,,1,2.8,34.29481977075881,34.046413,34.543224
Rectum,Female,ADa,,,1,2.8499999,34.47432832885306,34.225697,34.722958
Rectum,Female,ADa,,,1,2.9000001,34.64608722875936,34.397263,34.894913
Rectum,Female,ADa,,,1,2.95,34.81043789401883,34.561451,35.059425
Rectum,Female,ADa,,,1,3.0,34.96770651691425,34.718582,35.216831
Rectum,Female,ADa,,,1,3.05,35.11647307123843,34.867245,35.3657
Rectum,Female,ADa,,,1,3.0999999,35.25874111344241,35.009434,35.508049
Rectum,Female,ADa,,,1,3.1500001,35.39479034321882,35.145424,35.644157
Rectum,Female,ADa,,,1,3.2,35.52488451048474,35.275478,35.774292
Rectum,Female,ADa,,,1,3.25,35.64927610494075,35.399841,35.898708
Rectum,Female,ADa,,,1,3.3,35.76820448312923,35.518761,36.017647
Rectum,Female,ADa,,,1,3.3499999,35.88189723589828,35.632458,36.13134
Rectum,Female,ADa,,,1,3.4000001,35.99057135589417,35.741146,36.239998
Rectum,Female,ADa,,,1,3.45,36.0944318092555,35.845028,36.343834
Rectum,Female,ADa,,,1,3.5,36.19367522575303,35.944305,36.443043
Rectum,Female,ADa,,,1,3.55,36.28848835008942,36.039162,36.537815
Rectum,Female,ADa,,,1,3.5999999,36.37904908539993,36.129768,36.628326
Rectum,Female,ADa,,,1,3.6500001,36.46552737843058,36.216301,36.714752
Rectum,Female,ADa,,,1,3.7,36.54808404274984,36.298916,36.797249
Rectum,Female,ADa,,,1,3.75,36.62687365747693,36.377769,36.875977
Rectum,Female,ADa,,,1,3.8,36.7020432994363,36.453007,36.95108
Rectum,Female,ADa,,,1,3.8499999,36.77373334130324,36.524761,37.022705
Rectum,Female,ADa,,,1,3.9000001,36.8420781234947,36.593178,37.090981
Rectum,Female,ADa,,,1,3.95,36.90720499942809,36.658375,37.156036
Rectum,Female,ADa,,,1,4.0,36.96923660311413,36.720478,37.217995
Rectum,Female,ADa,,,1,4.0500002,37.02626287388412,36.777588,37.27494
Rectum,Female,ADa,,,1,4.0999999,37.08041197025803,36.831818,37.329006
Rectum,Female,ADa,,,1,4.1500001,37.13179230465895,36.883278,37.380306
Rectum,Female,ADa,,,1,4.1999998,37.18050562973094,36.932072,37.42894
Rectum,Female,ADa,,,1,4.25,37.22665119621112,36.978294,37.475006
Rectum,Female,ADa,,,1,4.3000002,37.2703226569603,37.022041,37.518604
Rectum,Female,ADa,,,1,4.3499999,37.31160977440232,37.0634,37.559818
Rectum,Female,ADa,,,1,4.4000001,37.35059969134403,37.102459,37.59874
Rectum,Female,ADa,,,1,4.4499998,37.38737441415085,37.139301,37.635448
Rectum,Female,ADa,,,1,4.5,37.42201396564204,37.174004,37.670025
Rectum,Female,ADa,,,1,4.5500002,37.4545940418389,37.206642,37.702545
Rectum,Female,ADa,,,1,4.5999999,37.48518730831722,37.237289,37.733086
Rectum,Female,ADa,,,1,4.6500001,37.51386433434752,37.266018,37.761711
Rectum,Female,ADa,,,1,4.6999998,37.54069173536219,37.292889,37.788494
Rectum,Female,ADa,,,1,4.75,37.56573449557187,37.317974,37.813496
Rectum,Female,ADa,,,1,4.8000002,37.58905425736678,37.341328,37.836781
Rectum,Female,ADa,,,1,4.8499999,37.61071028086855,37.363018,37.858402
Rectum,Female,ADa,,,1,4.9000001,37.63076010133142,37.383091,37.878426
Rectum,Female,ADa,,,1,4.9499998,37.64925822750421,37.401611,37.896904
Rectum,Female,ADa,,,1,5.0,37.66625777411267,37.418629,37.913887
Rectum,Female,ADa,,,2,0.0,0.0,0.0,0.0
Rectum,Female,ADa,,,2,0.050000001,-0.3599253835286278,-0.36862105,-0.35122973
Rectum,Female,ADa,,,2,0.1,-0.8013799381671056,-0.81435972,-0.78840017
Rectum,Female,ADa,,,2,0.15000001,-1.15556708744336,-1.1710912,-1.1400429
Rectum,Female,ADa,,,2,0.2,-1.434837467857677,-1.4519463,-1.4177287
Rectum,Female,ADa,,,2,0.25,-1.65437308259573,-1.6725076,-1.6362385
Rectum,Female,ADa,,,2,0.30000001,-1.826434143339885,-1.8452724,-1.8075958
Rectum,Female,ADa,,,2,0.34999999,-1.960471524684871,-1.9798408,-1.9411023
Rectum,Female,ADa,,,2,0.40000001,-2.063770104362989,-2.0835938,-2.0439465
Rectum,Female,ADa,,,2,0.44999999,-2.142000163255933,-2.1622634,-2.1217368
Rectum,Female,ADa,,,2,0.5,-2.199627575057831,-2.2203534,-2.1789019
Rectum,Female,ADa,,,2,0.55000001,-2.240209530048483,-2.2614412,-2.2189777
Rectum,Female,ADa,,,2,0.60000002,-2.266609202910606,-2.2883997,-2.2448187
Rectum,Female,ADa,,,2,0.64999998,-2.281152731534852,-2.303556,-2.2587495
Rectum,Female,ADa,,,2,0.69999999,-2.285745798984255,-2.3088114,-2.2626801
Rectum,Female,ADa,,,2,0.75,-2.281961165226482,-2.3057323,-2.2581902
Rectum,Female,ADa,,,2,0.80000001,-2.271105499280072,-2.2956164,-2.2465947
Rectum,Female,ADa,,,2,0.85000002,-2.25427080960209,-2.2795475,-2.2289941
Rectum,Female,ADa,,,2,0.89999998,-2.232374587355775,-2.2584343,-2.2063148
Rectum,Female,ADa,,,2,0.94999999,-2.206213823837349,-2.2330663,-2.1793613
Rectum,Female,ADa,,,2,1.0,-2.176520235772458,-2.2041695,-2.1488709
Rectum,Female,ADa,,,2,1.05,-2.143010552070255,-2.1714451,-2.1145759
Rectum,Female,ADa,,,2,1.1,-2.10711179208873,-2.1363261,-2.0778975
Rectum,Female,ADa,,,2,1.15,-2.06924711036034,-2.099232,-2.0392623
Rectum,Female,ADa,,,2,1.2,-2.029769070372124,-2.0605125,-1.9990256
Rectum,Female,ADa,,,2,1.25,-1.988973356323765,-2.0204616,-1.9574851
Rectum,Female,ADa,,,2,1.3,-1.947108455552565,-1.979326,-1.914891
Rectum,Female,ADa,,,2,1.35,-1.904384193931573,-1.937314,-1.8714544
Rectum,Female,ADa,,,2,1.4,-1.860978703135006,-1.8946031,-1.8273543
Rectum,Female,ADa,,,2,1.45,-1.817043084316801,-1.8513435,-1.7827426
Rectum,Female,ADa,,,2,1.5,-1.772706611121919,-1.8076642,-1.7377491
Rectum,Female,ADa,,,2,1.55,-1.728079577866957,-1.763675,-1.6924841
Rectum,Female,ADa,,,2,1.6,-1.683256549703916,-1.7194704,-1.6470428
Rectum,Female,ADa,,,2,1.65,-1.638315676201413,-1.6751283,-1.601503
Rectum,Female,ADa,,,2,1.7,-1.593304899667816,-1.6306967,-1.5559132
Rectum,Female,ADa,,,2,1.75,-1.548262978599809,-1.5862135,-1.5103126
Rectum,Female,ADa,,,2,1.8,-1.503227591221307,-1.5417162,-1.464739
Rectum,Female,ADa,,,2,1.85,-1.45823516564487,-1.4972411,-1.4192291
Rectum,Female,ADa,,,2,1.9,-1.413320840161504,-1.4528233,-1.3738184
Rectum,Female,ADa,,,2,1.95,-1.368517467498439,-1.4084953,-1.3285396
Rectum,Female,ADa,,,2,2.0,-1.323856316643576,-1.3642886,-1.283424
Rectum,Female,ADa,,,2,2.05,-1.278665927233167,-1.3195169,-1.2378149
Rectum,Female,ADa,,,2,2.0999999,-1.233703590835489,-1.2749523,-1.1924549
Rectum,Female,ADa,,,2,2.1500001,-1.188993560512408,-1.230619,-1.1473681
Rectum,Female,ADa,,,2,2.2,-1.144558638305517,-1.1865401,-1.1025771
Rectum,Female,ADa,,,2,2.25,-1.100418964567458,-1.1427361,-1.0581018
Rectum,Female,ADa,,,2,2.3,-1.056592957167835,-1.0992256,-1.0139602
Rectum,Female,ADa,,,2,2.3499999,-1.013097193933033,-1.0560256,-0.97016883
Rectum,Female,ADa,,,2,2.4000001,-0.9699463109635732,-1.0131509,-0.92674166
Rectum,Female,ADa,,,2,2.45,-0.9271539309613176,-0.97061574,-0.88369215
Rectum,Female,ADa,,,2,2.5,-0.884731536669598,-0.92843187,-0.84103119
Rectum,Female,ADa,,,2,2.55,-0.8426896265958721,-0.88661021,-0.79876906
Rectum,Female,ADa,,,2,2.5999999,-0.801040976832267,-0.84516424,-0.75691772
Rectum,Female,ADa,,,2,2.6500001,-0.7597991113792126,-0.80410826,-0.71548992
Rectum,Female,ADa,,,2,2.7,-0.7189759327174787,-0.76345497,-0.67449689
Rectum,Female,ADa,,,2,2.75,-0.6785807165428839,-0.72321433,-0.63394707
Rectum,Female,ADa,,,2,2.8,-0.6386211454106583,-0.68339485,-0.59384745
Rectum,Female,ADa,,,2,2.8499999,-0.5991033263916936,-0.64400321,-0.55420345
Rectum,Female,ADa,,,2,2.9000001,-0.5600317952064167,-0.60504466,-0.51501894
Rectum,Female,ADa,,,2,2.95,-0.5214104260549455,-0.56652367,-0.4762972
Rectum,Female,ADa,,,2,3.0,-0.4832414606899214,-0.5284431,-0.43803981
Rectum,Female,ADa,,,2,3.05,-0.4450540035605357,-0.49031574,-0.39979225
Rectum,Female,ADa,,,2,3.0999999,-0.4073487471814019,-0.45265976,-0.36203775
Rectum,Female,ADa,,,2,3.1500001,-0.3701249430261928,-0.41547489,-0.32477501
Rectum,Female,ADa,,,2,3.2,-0.3333817369888017,-0.37876084,-0.28800264
Rectum,Female,ADa,,,2,3.25,-0.297117184604712,-0.34251612,-0.25171825
Rectum,Female,ADa,,,2,3.3,-0.2613290342951373,-0.30673894,-0.21591912
Rectum,Female,ADa,,,2,3.3499999,-0.2260146115658586,-0.27142709,-0.18060212
Rectum,Female,ADa,,,2,3.4000001,-0.1911707096547701,-0.23657779,-0.14576362
Rectum,Female,ADa,,,2,3.45,-0.1567943012306472,-0.2021884,-0.1114002
Rectum,Female,ADa,,,2,3.5,-0.1228815852963123,-0.16825549,-0.077507675
Rectum,Female,ADa,,,2,3.55,-0.0894286928330033,-0.13477558,-0.044081803
Rectum,Female,ADa,,,2,3.5999999,-0.0564315539839413,-0.10174493,-0.011118175
Rectum,Female,ADa,,,2,3.6500001,-0.023885774509786,-0.069159493,0.02138794
Rectum,Female,ADa,,,2,3.7,0.0082127184700802,-0.037015487,0.053440925
Rectum,Female,ADa,,,2,3.75,0.0398685834957355,-0.0053085736,0.08504574
Rectum,Female,ADa,,,2,3.8,0.07108642049851,0.025965564,0.11620728
Rectum,Female,ADa,,,2,3.8499999,0.1018709080913034,0.056811336,0.14693049
Rectum,Female,ADa,,,2,3.9000001,0.1322269304718375,0.087233365,0.17722049
Rectum,Female,ADa,,,2,3.95,0.1621589855528462,0.11723591,0.20708206
Rectum,Female,ADa,,,2,4.0,0.1916720401904612,0.14682367,0.23652039
Rectum,Female,ADa,,,2,4.0500002,0.2210041035427253,0.17625262,0.26575559
Rectum,Female,ADa,,,2,4.0999999,0.2499024090917956,0.20525147,0.29455334
Rectum,Female,ADa,,,2,4.1500001,0.2783728726175738,0.23382595,0.32291979
Rectum,Female,ADa,,,2,4.1999998,0.3064203016316824,0.26198068,0.35085994
Rectum,Female,ADa,,,2,4.25,0.3340505606371771,0.28972131,0.37837982
Rectum,Female,ADa,,,2,4.3000002,0.3612686824316285,0.31705272,0.40548465
Rectum,Female,ADa,,,2,4.3499999,0.3880796827999902,0.34397975,0.43217963
Rectum,Female,ADa,,,2,4.4000001,0.4144893051541771,0.37050796,0.45847064
Rectum,Female,ADa,,,2,4.4499998,0.4405022361302002,0.39664191,0.48436257
Rectum,Female,ADa,,,2,4.5,0.4661241171362676,0.42238709,0.50986117
Rectum,Female,ADa,,,2,4.5500002,0.4913597952494086,0.44774818,0.53497142
Rectum,Female,ADa,,,2,4.5999999,0.5162140813997915,0.47272989,0.55969828
Rectum,Female,ADa,,,2,4.6500001,0.5406924426524924,0.49733755,0.58404738
Rectum,Female,ADa,,,2,4.6999998,0.5647993500679362,0.52157545,0.60802323
Rectum,Female,ADa,,,2,4.75,0.5885401448999268,0.54544896,0.63163131
Rectum,Female,ADa,,,2,4.8000002,0.6119194191259005,0.5689624,0.65487641
Rectum,Female,ADa,,,2,4.8499999,0.6349417196381495,0.59212035,0.6777631
Rectum,Female,ADa,,,2,4.9000001,0.6576121905973764,0.61492771,0.70029664
Rectum,Female,ADa,,,2,4.9499998,0.6799350442909109,0.63738877,0.72248137
Rectum,Female,ADa,,,2,5.0,0.7019152905217361,0.65950829,0.7443223
Rectum,Female,ADb,,,0,0.0,0.0,0.0,0.0
Rectum,Female,ADb,,,0,0.050000001,-0.1224668158940005,-0.34955096,0.10461733
Rectum,Female,ADb,,,0,0.1,-0.2885283691293168,-0.71508628,0.13802952
Rectum,Female,ADb,,,0,0.15000001,-0.4791984001949601,-1.0841529,0.12575608
Rectum,Female,ADb,,,0,0.2,-0.6864467822412301,-1.4531441,0.080250546
Rectum,Female,ADb,,,0,0.25,-0.9053666143000534,-1.8202636,0.0095304465
Rectum,Female,ADb,,,0,0.30000001,-1.132658229374012,-2.1844859,-0.08083047
Rectum,Female,ADb,,,0,0.34999999,-1.365980003345172,-2.5451875,-0.18677258
Rectum,Female,ADb,,,0,0.40000001,-1.603610596915487,-2.9019806,-0.30524048
Rectum,Female,ADb,,,0,0.44999999,-1.844250944064889,-3.2546244,-0.43387741
Rectum,Female,ADb,,,0,0.5,-2.086902306233718,-3.6029749,-0.57082981
Rectum,Female,ADb,,,0,0.55000001,-2.330784343223598,-3.9469526,-0.71461606
Rectum,Female,ADb,,,0,0.60000002,-2.575280366979193,-4.2865238,-0.8640368
Rectum,Female,ADb,,,0,0.64999998,-2.819897918180601,-4.6216865,-1.0181092
Rectum,Female,ADb,,,0,0.69999999,-3.064241757760676,-4.9524622,-1.1760212
Rectum,Female,ADb,,,0,0.75,-3.307991327363148,-5.2788877,-1.337095
Rectum,Female,ADb,,,0,0.80000001,-3.550886302629479,-5.6010108,-1.5007619
Rectum,Female,ADb,,,0,0.85000002,-3.792714394583733,-5.9188886,-1.6665403
Rectum,Female,ADb,,,0,0.89999998,-4.033301861481725,-6.232583,-1.8340207
Rectum,Female,ADb,,,0,0.94999999,-4.272528585846189,-6.542191,-2.002866
Rectum,Female,ADb,,,0,1.0,-4.510501608516819,-6.8480897,-2.1729136
Rectum,Female,ADb,,,0,1.05,-4.747490352737692,-7.1505957,-2.3443849
Rectum,Female,ADb,,,0,1.1,-4.983631030840364,-7.4502997,-2.5169623
Rectum,Female,ADb,,,0,1.15,-5.219107531439008,-7.7475843,-2.6906307
Rectum,Female,ADb,,,0,1.2,-5.454089842022164,-8.0427885,-2.8653908
Rectum,Female,ADb,,,0,1.25,-5.688730478571138,-8.3362112,-3.0412498
Rectum,Female,ADb,,,0,1.3,-5.92316944258306,-8.6281166,-3.2182224
Rectum,Female,ADb,,,0,1.35,-6.15753359902606,-8.9187393,-3.3963282
Rectum,Female,ADb,,,0,1.4,-6.391936043180856,-9.2082853,-3.575587
Rectum,Female,ADb,,,0,1.45,-6.626481005200695,-9.4969387,-3.7560234
Rectum,Female,ADb,,,0,1.5,-6.861260308065027,-9.7848616,-3.9376595
Rectum,Female,ADb,,,0,1.55,-7.096358141650327,-10.072197,-4.1205196
Rectum,Female,ADb,,,0,1.6,-7.331850177925617,-10.359074,-4.3046269
Rectum,Female,ADb,,,0,1.65,-7.567802603274203,-10.645603,-4.4900026
Rectum,Female,ADb,,,0,1.7,-7.804233107999806,-10.931828,-4.6766376
Rectum,Female,ADb,,,0,1.75,-8.040900777449878,-11.217465,-4.864336
Rectum,Female,ADb,,,0,1.8,-8.277490630446437,-11.502136,-5.0528455
Rectum,Female,ADb,,,0,1.85,-8.513708239930878,-11.785493,-5.2419233
Rectum,Female,ADb,,,0,1.9,-8.749276902437288,-12.067217,-5.4313364
Rectum,Female,ADb,,,0,1.95,-8.983940444782576,-12.347016,-5.6208644
Rectum,Female,ADb,,,0,2.0,-9.217457721970604,-12.624621,-5.8102942
Rectum,Female,ADb,,,0,2.05,-9.449483316556112,-12.899382,-5.9995852
Rectum,Female,ADb,,,0,2.0999999,-9.679911494261816,-13.171456,-6.1883669
Rectum,Female,ADb,,,0,2.1500001,-9.908550034967403,-13.44064,-6.3764596
Rectum,Female,ADb,,,0,2.2,-10.13521748710266,-13.706746,-6.5636888
Rectum,Female,ADb,,,0,2.25,-10.35974901558937,-13.969604,-6.7498932
Rectum,Female,ADb,,,0,2.3,-10.58199137199573,-14.229064,-6.9349189
Rectum,Female,ADb,,,0,2.3499999,-10.80180336066867,-14.484985,-7.1186218
Rectum,Female,ADb,,,0,2.4000001,-11.01905626730625,-14.737246,-7.3008666
Rectum,Female,ADb,,,0,2.45,-11.23362915119039,-14.985734,-7.4815245
Rectum,Female,ADb,,,0,2.5,-11.44541450851975,-15.230351,-7.6604772
Rectum,Female,ADb,,,0,2.55,-11.65431358418364,-15.471013,-7.8376141
Rectum,Female,ADb,,,0,2.5999999,-11.8602568931378,-15.707667,-8.012846
Rectum,Female,ADb,,,0,2.6500001,-12.06328662896264,-15.940395,-8.1861782
Rectum,Female,ADb,,,0,2.7,-12.26347598840759,-16.169313,-8.3576393
Rectum,Female,ADb,,,0,2.75,-12.46089958245705,-16.394537,-8.5272617
Rectum,Female,ADb,,,0,2.8,-12.65562943543404,-16.616179,-8.6950798
Rectum,Female,ADb,,,0,2.8499999,-12.84773588898069,-16.834345,-8.8611279
Rectum,Female,ADb,,,0,2.9000001,-13.03728844956586,-17.049139,-9.0254383
Rectum,Female,ADb,,,0,2.95,-13.22435215231977,-17.26066,-9.1880445
Rectum,Female,ADb,,,0,3.0,-13.40899296527333,-17.469006,-9.3489809
Rectum,Female,ADb,,,0,3.05,-13.59095080655581,-17.673635,-9.5082664
Rectum,Female,ADb,,,0,3.0999999,-13.77059305749368,-17.875254,-9.6659317
Rectum,Female,ADb,,,0,3.1500001,-13.94798059520885,-18.073952,-9.8220091
Rectum,Female,ADb,,,0,3.2,-14.12317000119118,-18.269808,-9.976532
Rectum,Female,ADb,,,0,3.25,-14.29621866072812,-18.462904,-10.129533
Rectum,Female,ADb,,,0,3.3,-14.46718139844403,-18.65332,-10.281043
Rectum,Female,ADb,,,0,3.3499999,-14.63611136247683,-18.841127,-10.431095
Rectum,Female,ADb,,,0,3.4000001,-14.80306085176632,-19.026403,-10.579719
Rectum,Female,ADb,,,0,3.45,-14.96807817928112,-19.209211,-10.726945
Rectum,Female,ADb,,,0,3.5,-15.13121248776419,-19.389622,-10.872803
Rectum,Female,ADb,,,0,3.55,-15.29251059706088,-19.567699,-11.017323
Rectum,Female,ADb,,,0,3.5999999,-15.45201784639394,-19.743505,-11.16053
Rectum,Female,ADb,,,0,3.6500001,-15.60977888443024,-19.917101,-11.302456
Rectum,Female,ADb,,,0,3.7,-15.76583471060304,-20.088545,-11.443125
Rectum,Female,ADb,,,0,3.75,-15.92022723023787,-20.257891,-11.582564
Rectum,Female,ADb,,,0,3.8,-16.0729962789554,-20.425194,-11.720799
Rectum,Female,ADb,,,0,3.8499999,-16.22418042010051,-20.590506,-11.857856
Rectum,Female,ADb,,,0,3.9000001,-16.37381769504563,-20.753878,-11.993758
Rectum,Female,ADb,,,0,3.95,-16.52194281617854,-20.915356,-12.12853
Rectum,Female,ADb,,,0,4.0,-16.66859148664399,-21.074989,-12.262193
Rectum,Female,ADb,,,0,4.0500002,-16.81328861223689,-21.231985,-12.394591
Rectum,Female,ADb,,,0,4.0999999,-16.95655947850776,-21.387209,-12.525909
Rectum,Female,ADb,,,0,4.1500001,-17.09843881240913,-21.540707,-12.65617
Rectum,Female,ADb,,,0,4.1999998,-17.23895488792576,-21.692516,-12.785393
Rectum,Female,ADb,,,0,4.25,-17.37814038621978,-21.84268,-12.9136
Rectum,Female,ADb,,,0,4.3000002,-17.51602301578255,-21.991236,-13.040811
Rectum,Female,ADb,,,0,4.3499999,-17.65262962080561,-22.138216,-13.167043
Rectum,Female,ADb,,,0,4.4000001,-17.78799006483358,-22.283661,-13.292318
Rectum,Female,ADb,,,0,4.4499998,-17.92212817110662,-22.427605,-13.416652
Rectum,Female,ADb,,,0,4.5,-18.0550720800796,-22.57008,-13.540064
Rectum,Female,ADb,,,0,4.5500002,-18.18684529369565,-22.711119,-13.662572
Rectum,Female,ADb,,,0,4.5999999,-18.31747059063804,-22.850752,-13.784189
Rectum,Female,ADb,,,0,4.6500001,-18.44697373963817,-22.989012,-13.904937
Rectum,Female,ADb,,,0,4.6999998,-18.57537483136883,-23.125923,-14.024826
Rectum,Female,ADb,,,0,4.75,-18.70269818421991,-23.26152,-14.143877
Rectum,Female,ADb,,,0,4.8000002,-18.82896376985593,-23.395826,-14.262101
Rectum,Female,ADb,,,0,4.8499999,-18.9541909550108,-23.528868,-14.379514
Rectum,Female,ADb,,,0,4.9000001,-19.07840206085338,-23.660675,-14.49613
Rectum,Female,ADb,,,0,4.9499998,-19.2016140484984,-23.791265,-14.611962
Rectum,Female,ADb,,,0,5.0,-19.32384801679129,-23.920671,-14.727025
Rectum,Female,ADb,,,1,0.0,0.0,0.0,0.0
Rectum,Female,ADb,,,1,0.050000001,-0.2225562068938416,-0.40624532,-0.03886709
Rectum,Female,ADb,,,1,0.1,-0.4788730672789585,-0.81835246,-0.13939367
Rectum,Female,ADb,,,1,0.15000001,-0.7433664202217827,-1.2236022,-0.26313061
Rectum,Female,ADb,,,1,0.2,-1.010869455493797,-1.6208854,-0.40085357
Rectum,Female,ADb,,,1,0.25,-1.279123606033668,-2.0101948,-0.54805255
Rectum,Female,ADb,,,1,0.30000001,-1.546917693933707,-2.3917866,-0.7020489
Rectum,Female,ADb,,,1,0.34999999,-1.813530325403885,-2.7659829,-0.8610779
Rectum,Female,ADb,,,1,0.40000001,-2.078505381562259,-3.1331117,-1.023899
Rectum,Female,ADb,,,1,0.44999999,-2.34154288463478,-3.4934864,-1.1895993
Rectum,Female,ADb,,,1,0.5,-2.602442490560758,-3.8474,-1.3574851
Rectum,Female,ADb,,,1,0.55000001,-2.861068921744504,-4.1951227,-1.5270153
Rectum,Female,ADb,,,1,0.60000002,-3.117332018053517,-4.5369039,-1.6977602
Rectum,Female,ADb,,,1,0.64999998,-3.371173025210926,-4.8729739,-1.869372
Rectum,Female,ADb,,,1,0.69999999,-3.622556943664179,-5.2035475,-2.0415666
Rectum,Female,ADb,,,1,0.75,-3.871464609330992,-5.52882,-2.2141092
Rectum,Female,ADb,,,1,0.80000001,-4.117889594539804,-5.8489761,-2.3868029
Rectum,Female,ADb,,,1,0.85000002,-4.361834792102741,-6.1641865,-2.5594833
Rectum,Female,ADb,,,1,0.89999998,-4.603309842885537,-6.4746094,-2.7320104
Rectum,Female,ADb,,,1,0.94999999,-4.84235283004395,-6.7804251,-2.9042804
Rectum,Female,ADb,,,1,1.0,-5.079216133093645,-7.0820837,-3.0763488
Rectum,Female,ADb,,,1,1.05,-5.314063849504592,-7.3798566,-3.248271
Rectum,Female,ADb,,,1,1.1,-5.547366594716145,-7.6744895,-3.420244
Rectum,Female,ADb,,,1,1.15,-5.779395033761155,-7.966404,-3.592386
Rectum,Female,ADb,,,1,1.2,-6.010391472081977,-8.2559738,-3.7648091
Rectum,Female,ADb,,,1,1.25,-6.24056908591794,-8.5435247,-3.9376135
Rectum,Female,ADb,,,1,1.3,-6.470118978220569,-8.8293438,-4.1108942
Rectum,Female,ADb,,,1,1.35,-6.69921130009584,-9.1136856,-4.2847371
Rectum,Female,ADb,,,1,1.4,-6.927996035949469,-9.3967714,-4.4592204
Rectum,Female,ADb,,,1,1.45,-7.156608925566381,-9.6788006,-4.6344175
Rectum,Female,ADb,,,1,1.5,-7.385168925384221,-9.9599438,-4.8103938
Rectum,Female,ADb,,,1,1.55,-7.613783615083356,-10.240357,-4.9872098
Rectum,Female,ADb,,,1,1.6,-7.842548949194523,-10.520178,-5.1649203
Rectum,Female,ADb,,,1,1.65,-8.0715488309758,-10.799521,-5.3435764
Rectum,Female,ADb,,,1,1.7,-8.300816391941893,-11.078443,-5.5231905
Rectum,Female,ADb,,,1,1.75,-8.530125113827275,-11.356665,-5.7035856
Rectum,Female,ADb,,,1,1.8,-8.759174997556364,-11.633824,-5.8845263
Rectum,Female,ADb,,,1,1.85,-8.987687271695535,-11.909587,-6.0657873
Rectum,Female,ADb,,,1,1.9,-9.215401329320017,-12.183647,-6.2471557
Rectum,Female,ADb,,,1,1.95,-9.442077168013356,-12.455725,-6.4284291
Rectum,Female,ADb,,,1,2.0,-9.66748984417334,-12.725564,-6.6094155
Rectum,Female,ADb,,,1,2.05,-9.89106942637384,-12.992421,-6.7897177
Rectum,Female,ADb,,,1,2.0999999,-10.11296977185894,-13.256575,-6.9693651
Rectum,Female,ADb,,,1,2.1500001,-10.33301393391842,-13.517832,-7.1481957
Rectum,Female,ADb,,,1,2.2,-10.55103533640832,-13.776016,-7.3260546
Rectum,Female,ADb,,,1,2.25,-10.76688331708592,-14.03097,-7.5027966
Rectum,Female,ADb,,,1,2.3,-10.98041821840994,-14.282551,-7.6782861
Rectum,Female,ADb,,,1,2.3499999,-11.19151178284578,-14.530629,-7.8523946
Rectum,Female,ADb,,,1,2.4000001,-11.40004752081656,-14.775093,-8.0250025
Rectum,Female,ADb,,,1,2.45,-11.6059161592249,-15.015837,-8.1959953
Rectum,Female,ADb,,,1,2.5,-11.80902105286968,-15.252773,-8.3652687
Rectum,Female,ADb,,,1,2.55,-12.0092736663472,-15.485823,-8.5327244
Rectum,Female,ADb,,,1,2.5999999,-12.20661361816472,-15.71494,-8.698287
Rectum,Female,ADb,,,1,2.6500001,-12.40108911982037,-15.940208,-8.8619699
Rectum,Female,ADb,,,1,2.7,-12.59277796780417,-16.161747,-9.0238094
Rectum,Female,ADb,,,1,2.75,-12.78175854131321,-16.379669,-9.1838474
Rectum,Female,ADb,,,1,2.8,-12.96810605146233,-16.59409,-9.342123
Rectum,Female,ADb,,,1,2.8499999,-13.15189348028733,-16.805113,-9.4986734
Rectum,Female,ADb,,,1,2.9000001,-13.33319245592344,-17.012846,-9.6535397
Rectum,Female,ADb,,,1,2.95,-13.51206983246429,-17.217382,-9.806757
Rectum,Female,ADb,,,1,3.0,-13.68859290997683,-17.418823,-9.9583626
Rectum,Female,ADb,,,1,3.05,-13.8622823126004,-17.616531,-10.108034
Rectum,Female,ADb,,,1,3.0999999,-14.03373074817341,-17.811306,-10.256155
Rectum,Female,ADb,,,1,3.1500001,-14.20299953025798,-18.003239,-10.402761
Rectum,Female,ADb,,,1,3.2,-14.37014557525701,-18.192408,-10.547884
Rectum,Female,ADb,,,1,3.25,-14.53522629777952,-18.378893,-10.691561
Rectum,Female,ADb,,,1,3.3,-14.69829642629884,-18.562771,-10.833822
Rectum,Female,ADb,,,1,3.3499999,-14.85940887042666,-18.744116,-10.974702
Rectum,Female,ADb,,,1,3.4000001,-15.01861553087338,-18.923,-11.114231
Rectum,Female,ADb,,,1,3.45,-15.1759643271441,-19.099489,-11.252439
Rectum,Female,ADb,,,1,3.5,-15.33150380690012,-19.273651,-11.389356
Rectum,Female,ADb,,,1,3.55,-15.48528015468671,-19.445549,-11.52501
Rectum,Female,ADb,,,1,3.5999999,-15.63733800890398,-19.615244,-11.659431
Rectum,Female,ADb,,,1,3.6500001,-15.78772122727055,-19.782795,-11.792646
Rectum,Female,ADb,,,1,3.7,-15.93647007770286,-19.948259,-11.924682
Rectum,Female,ADb,,,1,3.75,-16.08362559045874,-20.111689,-12.055562
Rectum,Female,ADb,,,1,3.8,-16.22922673072645,-20.27314,-12.185313
Rectum,Female,ADb,,,1,3.8499999,-16.3733111669799,-20.432661,-12.313962
Rectum,Female,ADb,,,1,3.9000001,-16.51591599342581,-20.590303,-12.441529
Rectum,Female,ADb,,,1,3.95,-16.65707506165185,-20.746111,-12.568038
Rectum,Female,ADb,,,1,4.0,-16.79682310342879,-20.900133,-12.693513
Rectum,Female,ADb,,,1,4.0500002,-16.93448431033615,-21.051495,-12.817474
Rectum,Female,ADb,,,1,4.0999999,-17.07078701261946,-21.201143,-12.940432
Rectum,Female,ADb,,,1,4.1500001,-17.2057647991913,-21.349121,-13.062407
Rectum,Female,ADb,,,1,4.1999998,-17.33944507385939,-21.495468,-13.183422
Rectum,Female,ADb,,,1,4.25,-17.47185939105455,-21.640224,-13.303494
Rectum,Female,ADb,,,1,4.3000002,-17.60303453576965,-21.783426,-13.422644
Rectum,Female,ADb,,,1,4.3499999,-17.73299643523474,-21.925106,-13.540886
Rectum,Female,ADb,,,1,4.4000001,-17.86177385657504,-22.065304,-13.658244
Rectum,Female,ADb,,,1,4.4499998,-17.98938979044284,-22.20405,-13.77473
Rectum,Female,ADb,,,1,4.5,-18.11587130724003,-22.341379,-13.890365
Rectum,Female,ADb,,,1,4.5500002,-18.24124103907806,-22.47732,-14.005162
Rectum,Female,ADb,,,1,4.5999999,-18.36552090658368,-22.611904,-14.119138
Rectum,Female,ADb,,,1,4.6500001,-18.48873565374896,-22.745161,-14.23231
Rectum,Female,ADb,,,1,4.6999998,-18.61090460251803,-22.877119,-14.34469
Rectum,Female,ADb,,,1,4.75,-18.73205107910586,-23.007807,-14.456295
Rectum,Female,ADb,,,1,4.8000002,-18.8521942572024,-23.137249,-14.567139
Rectum,Female,ADb,,,1,4.8499999,-18.97135271931076,-23.265472,-14.677234
Rectum,Female,ADb,,,1,4.9000001,-19.08954784493856,-23.392502,-14.786593
Rectum,Female,ADb,,,1,4.9499998,-19.20679590004485,-23.51836,-14.895231
Rectum,Female,ADb,,,1,5.0,-19.32311707581385,-23.643074,-15.00316
Rectum,Female,ADb,,,2,0.0,0.0,0.0,0.0
Rectum,Female,ADb,,,2,0.050000001,0.118349351568565,0.015783206,0.2209155
Rectum,Female,ADb,,,2,0.1,0.2262464664459958,0.020999994,0.43149292
Rectum,Female,ADb,,,2,0.15000001,0.3156590434114928,0.020207593,0.61111051
Rectum,Female,ADb,,,2,0.2,0.3897289566062332,0.015647976,0.76380992
Rectum,Female,ADb,,,2,0.25,0.4514154612653298,0.0085918512,0.89423907
Rectum,Female,ADb,,,2,0.30000001,0.5030642888540706,-0.00016099597,1.0062896
Rectum,Female,ADb,,,2,0.34999999,0.5464998491609574,-0.010074917,1.1030747
Rectum,Female,ADb,,,2,0.40000001,0.5831490705171225,-0.020776084,1.1870742
Rectum,Female,ADb,,,2,0.44999999,0.6141400072949832,-0.031995971,1.260276
Rectum,Female,ADb,,,2,0.5,0.6403749461791826,-0.043537721,1.3242877
Rectum,Female,ADb,,,2,0.55000001,0.6625834515427922,-0.055254776,1.3804216
Rectum,Female,ADb,,,2,0.60000002,0.6813614535721069,-0.067036897,1.4297599
Rectum,Female,ADb,,,2,0.64999998,0.6972001523839992,-0.078800432,1.4732007
Rectum,Female,ADb,,,2,0.69999999,0.7105078352210707,-0.090481699,1.5114974
Rectum,Female,ADb,,,2,0.75,0.7216263093701656,-0.10203237,1.545285
Rectum,Female,ADb,,,2,0.80000001,0.7308437211270444,-0.11341546,1.5751029
Rectum,Female,ADb,,,2,0.85000002,0.7384044557218754,-0.12460317,1.6014121
Rectum,Female,ADb,,,2,0.89999998,0.7445169352626824,-0.13557477,1.6246086
Rectum,Female,ADb,,,2,0.94999999,0.7493615907189604,-0.14631593,1.6450391
Rectum,Female,ADb,,,2,1.0,0.7531087793372162,-0.15682657,1.6630441
Rectum,Female,ADb,,,2,1.05,0.7556423799234242,-0.16706435,1.6783491
Rectum,Female,ADb,,,2,1.1,0.757352032767967,-0.17708279,1.6917869
Rectum,Female,ADb,,,2,1.15,0.7583419882627886,-0.18689194,1.703576
Rectum,Female,ADb,,,2,1.2,0.7586994806992848,-0.19650203,1.713901
Rectum,Female,ADb,,,2,1.25,0.7584978920794629,-0.20592299,1.7229187
Rectum,Female,ADb,,,2,1.3,0.7577992844224468,-0.21516475,1.7307633
Rectum,Female,ADb,,,2,1.35,0.7566564030804521,-0.2242367,1.7375495
Rectum,Female,ADb,,,2,1.4,0.7551143037227401,-0.23314776,1.7433764
Rectum,Female,ADb,,,2,1.45,0.7532116328491547,-0.24190652,1.7483298
Rectum,Female,ADb,,,2,1.5,0.7509817133229237,-0.25052083,1.7524842
Rectum,Female,ADb,,,2,1.55,0.7484533768458839,-0.25899813,1.7559049
Rectum,Female,ADb,,,2,1.6,0.7456516813093987,-0.26734564,1.758649
Rectum,Female,ADb,,,2,1.65,0.7425985166851703,-0.27556962,1.7607666
Rectum,Female,ADb,,,2,1.7,0.7393121157905451,-0.28367451,1.7622987
Rectum,Female,ADb,,,2,1.75,0.7358040362213423,-0.29165363,1.7632617
Rectum,Female,ADb,,,2,1.8,0.7320849472568387,-0.29949751,1.7636675
Rectum,Female,ADb,,,2,1.85,0.7281667316588969,-0.30719739,1.7635309
Rectum,Female,ADb,,,2,1.9,0.7240621568099463,-0.31474558,1.7628698
Rectum,Female,ADb,,,2,1.95,0.719784509941702,-0.32213491,1.761704
Rectum,Female,ADb,,,2,2.0,0.7153474313985484,-0.32935926,1.7600541
Rectum,Female,ADb,,,2,2.05,0.7104839529120657,-0.33630255,1.7572705
Rectum,Female,ADb,,,2,2.0999999,0.7054920752308487,-0.34306651,1.7540506
Rectum,Female,ADb,,,2,2.1500001,0.7003853996735359,-0.34964725,1.7504181
Rectum,Female,ADb,,,2,2.2,0.6951772949050063,-0.3560417,1.7463963
Rectum,Female,ADb,,,2,2.25,0.6898806682609315,-0.36224687,1.7420082
Rectum,Female,ADb,,,2,2.3,0.6845079989535297,-0.36826101,1.737277
Rectum,Female,ADb,,,2,2.3499999,0.6790712660089309,-0.37408233,1.7322248
Rectum,Female,ADb,,,2,2.4000001,0.6735818872148602,-0.3797099,1.7268736
Rectum,Female,ADb,,,2,2.45,0.668050800358511,-0.38514298,1.7212446
Rectum,Female,ADb,,,2,2.5,0.6624882915893764,-0.39038143,1.715358
Rectum,Female,ADb,,,2,2.55,0.6569040930753047,-0.39542532,1.7092335
Rectum,Female,ADb,,,2,2.5999999,0.6513072648299385,-0.40027609,1.7028906
Rectum,Female,ADb,,,2,2.6500001,0.6457056589560608,-0.40493998,1.6963513
Rectum,Female,ADb,,,2,2.7,0.6401061427294579,-0.40942442,1.6896367
Rectum,Female,ADb,,,2,2.75,0.6345146516018474,-0.41373634,1.6827656
Rectum,Female,ADb,,,2,2.8,0.6289363938893331,-0.41788292,1.6757557
Rectum,Female,ADb,,,2,2.8499999,0.6233759103887273,-0.42187062,1.6686225
Rectum,Female,ADb,,,2,2.9000001,0.6178371242971785,-0.42570579,1.6613801
Rectum,Female,ADb,,,2,2.95,0.6123235141916759,-0.42939451,1.6540415
Rectum,Female,ADb,,,2,3.0,0.6068380152047368,-0.43294272,1.6466187
Rectum,Female,ADb,,,2,3.05,0.6011215003170634,-0.43620679,1.6384498
Rectum,Female,ADb,,,2,3.0999999,0.5954423418549055,-0.43933931,1.630224
Rectum,Female,ADb,,,2,3.1500001,0.5898023315108318,-0.4423458,1.6219504
Rectum,Female,ADb,,,2,3.2,0.5842030527463926,-0.44523102,1.6136371
Rectum,Female,ADb,,,2,3.25,0.5786457525767155,-0.44800013,1.6052916
Rectum,Female,ADb,,,2,3.3,0.5731314787678841,-0.45065749,1.5969205
Rectum,Female,ADb,,,2,3.3499999,0.5676610789784426,-0.45320755,1.5885297
Rectum,Female,ADb,,,2,3.4000001,0.562235198207425,-0.45565456,1.580125
Rectum,Female,ADb,,,2,3.45,0.5568544027038023,-0.45800251,1.5717113
Rectum,Female,ADb,,,2,3.5,0.5515190430723997,-0.46025538,1.5632935
Rectum,Female,ADb,,,2,3.55,0.5462293742971731,-0.46241689,1.5548756
Rectum,Female,ADb,,,2,3.5999999,0.5409855442809075,-0.46449038,1.5464615
Rectum,Female,ADb,,,2,3.6500001,0.535787582091551,-0.46647921,1.5380543
Rectum,Female,ADb,,,2,3.7,0.5306355083903966,-0.46838686,1.5296578
Rectum,Female,ADb,,,2,3.75,0.5255291969622675,-0.4702163,1.5212747
Rectum,Female,ADb,,,2,3.8,0.5204684832004816,-0.47197047,1.5129074
Rectum,Female,ADb,,,2,3.8499999,0.5154531473373751,-0.47365212,1.5045584
Rectum,Female,ADb,,,2,3.9000001,0.5104828980890481,-0.47526407,1.4962299
Rectum,Female,ADb,,,2,3.95,0.5055574736857515,-0.47680888,1.4879239
Rectum,Female,ADb,,,2,4.0,0.5006765054155302,-0.47828913,1.4796422
Rectum,Female,ADb,,,2,4.0500002,0.4955978098032716,-0.47952709,1.4707227
Rectum,Female,ADb,,,2,4.0999999,0.4905673267139434,-0.48070452,1.4618392
Rectum,Female,ADb,,,2,4.1500001,0.4855844740385535,-0.48182368,1.4529927
Rectum,Female,ADb,,,2,4.1999998,0.4806488430567697,-0.4828867,1.4441844
Rectum,Female,ADb,,,2,4.25,0.475759821491561,-0.48389563,1.4354153
Rectum,Female,ADb,,,2,4.3000002,0.470916926998477,-0.4848524,1.4266863
Rectum,Female,ADb,,,2,4.3499999,0.4661196665224523,-0.48575893,1.4179983
Rectum,Female,ADb,,,2,4.4000001,0.4613674032811659,-0.48661706,1.4093518
Rectum,Female,ADb,,,2,4.4499998,0.4566596779415732,-0.48742846,1.4007478
Rectum,Female,ADb,,,2,4.5,0.4519958477905277,-0.48819485,1.3921865
Rectum,Female,ADb,,,2,4.5500002,0.4473754036279622,-0.48891777,1.3836685
Rectum,Female,ADb,,,2,4.5999999,0.4427978345836685,-0.48959884,1.3751945
Rectum,Female,ADb,,,2,4.6500001,0.4382625002152523,-0.49023941,1.3667644
Rectum,Female,ADb,,,2,4.6999998,0.4337689361426733,-0.49084091,1.3583788
Rectum,Female,ADb,,,2,4.75,0.4293165089268918,-0.49140471,1.3500377
Rectum,Female,ADb,,,2,4.8000002,0.4249047178474612,-0.49193212,1.3417416
Rectum,Female,ADb,,,2,4.8499999,0.4205330652910959,-0.49242434,1.3334905
Rectum,Female,ADb,,,2,4.9000001,0.4162009340211021,-0.49288261,1.3252845
Rectum,Female,ADb,,,2,4.9499998,0.4119078785919434,-0.49330801,1.3171238
Rectum,Female,ADb,,,2,5.0,0.4076532952511265,-0.49370164,1.3090082
Rectum,Female,pm,,,0,0.0,0.0,0.0,0.0
Rectum,Female,pm,,,0,0.050000001,-9.594081878662108,-2701.1699,2681.9817
Rectum,Female,pm,,,0,0.1,-8.314169883728027,-44.366253,27.737915
Rectum,Female,pm,,,0,0.15000001,-9.466792106628418,-33.761135,14.827551
Rectum,Female,pm,,,0,0.2,-10.62299060821533,-31.06296,9.8169785
Rectum,Female,pm,,,0,0.25,-11.72626209259033,-30.313988,6.8614631
Rectum,Female,pm,,,0,0.30000001,-12.77938747406006,-30.330242,4.7714672
Rectum,Female,pm,,,0,0.34999999,-13.79022407531738,-30.718374,3.1379251
Rectum,Female,pm,,,0,0.40000001,-14.76584148406982,-31.311071,1.7793883
Rectum,Female,pm,,,0,0.44999999,-15.71194076538086,-32.025742,0.60185993
Rectum,Female,pm,,,0,0.5,-16.63305473327637,-32.817322,-0.44878918
Rectum,Female,pm,,,0,0.55000001,-17.53281211853027,-33.659412,-1.4062104
Rectum,Female,pm,,,0,0.60000002,-18.41414451599121,-34.535694,-2.2925932
Rectum,Female,pm,,,0,0.64999998,-19.27946090698242,-35.435665,-3.1232572
Rectum,Female,pm,,,0,0.69999999,-20.13075828552246,-36.352341,-3.9091749
Rectum,Female,pm,,,0,0.75,-20.96971321105957,-37.280968,-4.6584582
Rectum,Female,pm,,,0,0.80000001,-21.79774475097656,-38.218239,-5.3772521
Rectum,Female,pm,,,0,0.85000002,-22.61606597900391,-39.161812,-6.0703182
Rectum,Female,pm,,,0,0.89999998,-23.42572021484375,-40.110031,-6.7414093
Rectum,Female,pm,,,0,0.94999999,-24.22769546508789,-41.061794,-7.3935952
Rectum,Female,pm,,,0,1.0,-25.02322578430176,-42.016853,-8.0295992
Rectum,Female,pm,,,0,1.05,-25.81561851501465,-42.977783,-8.6534529
Rectum,Female,pm,,,0,1.1,-26.60389518737793,-43.942341,-9.2654505
Rectum,Female,pm,,,0,1.15,-27.38903427124023,-44.910786,-9.8672819
Rectum,Female,pm,,,0,1.2,-28.17192459106445,-45.88343,-10.460419
Rectum,Female,pm,,,0,1.25,-28.95336723327637,-46.860611,-11.046124
Rectum,Female,pm,,,0,1.3,-29.73410034179688,-47.842682,-11.625518
Rectum,Female,pm,,,0,1.35,-30.51480293273926,-48.830021,-12.199586
Rectum,Female,pm,,,0,1.4,-31.29609298706055,-49.822987,-12.769198
Rectum,Female,pm,,,0,1.45,-32.07855224609375,-50.82196,-13.335142
Rectum,Female,pm,,,0,1.5,-32.86270904541016,-51.827305,-13.898115
Rectum,Female,pm,,,0,1.55,-33.64906692504883,-52.839382,-14.458753
Rectum,Female,pm,,,0,1.6,-34.4380989074707,-53.858559,-15.017639
Rectum,Female,pm,,,0,1.65,-35.2302360534668,-54.885178,-15.575295
Rectum,Female,pm,,,0,1.7,-36.02570343017578,-55.919304,-16.132101
Rectum,Female,pm,,,0,1.75,-36.8242073059082,-56.960281,-16.688131
Rectum,Female,pm,,,0,1.8,-37.62539291381836,-58.007397,-17.243391
Rectum,Female,pm,,,0,1.85,-38.42890548706055,-59.059948,-17.797863
Rectum,Female,pm,,,0,1.9,-39.23440551757813,-60.117294,-18.351515
Rectum,Female,pm,,,0,1.95,-40.04155731201172,-61.178818,-18.904295
Rectum,Female,pm,,,0,2.0,-40.85002517700195,-62.243916,-19.456137
Rectum,Female,pm,,,0,2.05,-41.66228485107422,-63.31551,-20.00906
Rectum,Female,pm,,,0,2.0999999,-42.47526931762695,-64.389641,-20.560902
Rectum,Female,pm,,,0,2.1500001,-43.28866577148438,-65.465752,-21.11158
Rectum,Female,pm,,,0,2.2,-44.10215377807617,-66.543327,-21.660978
Rectum,Female,pm,,,0,2.25,-44.91543197631836,-67.621872,-22.208994
Rectum,Female,pm,,,0,2.3,-45.72819900512695,-68.70089,-22.755508
Rectum,Female,pm,,,0,2.3499999,-46.54015731811523,-69.779907,-23.300409
Rectum,Female,pm,,,0,2.4000001,-47.35101699829102,-70.858452,-23.84358
Rectum,Female,pm,,,0,2.45,-48.16048049926758,-71.936081,-24.384882
Rectum,Female,pm,,,0,2.5,-48.9682731628418,-73.012337,-24.924206
Rectum,Female,pm,,,0,2.55,-49.77411651611328,-74.086823,-25.461411
Rectum,Female,pm,,,0,2.5999999,-50.57790756225586,-75.159325,-25.996489
Rectum,Female,pm,,,0,2.6500001,-51.37971115112305,-76.229897,-26.529528
Rectum,Female,pm,,,0,2.7,-52.17958068847656,-77.298553,-27.060606
Rectum,Female,pm,,,0,2.75,-52.97758483886719,-78.365364,-27.589804
Rectum,Female,pm,,,0,2.8,-53.77378845214844,-79.430374,-28.117205
Rectum,Female,pm,,,0,2.8499999,-54.56824493408203,-80.493614,-28.642878
Rectum,Female,pm,,,0,2.9000001,-55.36102676391602,-81.555138,-29.166912
Rectum,Female,pm,,,0,2.95,-56.15217971801758,-82.614998,-29.689362
Rectum,Female,pm,,,0,3.0,-56.9417610168457,-83.673225,-30.210295
Rectum,Female,pm,,,0,3.05,-57.73353576660156,-84.734673,-30.732399
Rectum,Female,pm,,,0,3.0999999,-58.5239143371582,-85.794685,-31.253143
Rectum,Female,pm,,,0,3.1500001,-59.31295394897461,-86.85331,-31.7726
Rectum,Female,pm,,,0,3.2,-60.1006965637207,-87.910576,-32.290817
Rectum,Female,pm,,,0,3.25,-60.88719940185547,-88.966545,-32.807858
Rectum,Female,pm,,,0,3.3,-61.67250442504883,-90.02124,-33.323769
Rectum,Female,pm,,,0,3.3499999,-62.45666885375977,-91.074715,-33.838619
Rectum,Female,pm,,,0,3.4000001,-63.23973846435547,-92.127022,-34.352455
Rectum,Female,pm,,,0,3.45,-64.02174377441406,-93.178177,-34.865314
Rectum,Female,pm,,,0,3.5,-64.80274963378906,-94.228233,-35.377266
Rectum,Female,pm,,,0,3.55,-65.58277893066406,-95.277222,-35.888332
Rectum,Female,pm,,,0,3.5999999,-66.36188507080078,-96.325188,-36.398579
Rectum,Female,pm,,,0,3.6500001,-67.1401138305664,-97.372185,-36.908047
Rectum,Female,pm,,,0,3.7,-67.91749572753906,-98.418213,-37.416779
Rectum,Female,pm,,,0,3.75,-68.6940689086914,-99.463333,-37.924809
Rectum,Female,pm,,,0,3.8,-69.46987915039062,-100.50758,-38.432182
Rectum,Female,pm,,,0,3.8499999,-70.24495697021484,-101.55096,-38.938946
Rectum,Female,pm,,,0,3.9000001,-71.01934051513672,-102.59356,-39.445122
Rectum,Female,pm,,,0,3.95,-71.79307556152344,-103.63538,-39.950779
Rectum,Female,pm,,,0,4.0,-72.5661849975586,-104.67645,-40.455929
Rectum,Female,pm,,,0,4.0500002,-73.34370422363281,-105.72351,-40.963894
Rectum,Female,pm,,,0,4.0999999,-74.12075805664062,-106.77005,-41.471466
Rectum,Female,pm,,,0,4.1500001,-74.89737701416016,-107.81607,-41.978683
Rectum,Female,pm,,,0,4.1999998,-75.67359161376953,-108.86162,-42.485565
Rectum,Female,pm,,,0,4.25,-76.4494400024414,-109.90673,-42.992153
Rectum,Female,pm,,,0,4.3000002,-77.22496032714844,-110.95144,-43.498478
Rectum,Female,pm,,,0,4.3499999,-78.00016021728516,-111.99575,-44.00457
Rectum,Female,pm,,,0,4.4000001,-78.77510070800781,-113.03973,-44.510464
Rectum,Female,pm,,,0,4.4499998,-79.54978942871094,-114.0834,-45.016178
Rectum,Female,pm,,,0,4.5,-80.32427978515625,-115.12679,-45.52177
Rectum,Female,pm,,,0,4.5500002,-81.09858703613281,-116.16993,-46.027248
Rectum,Female,pm,,,0,4.5999999,-81.87272644042969,-117.21283,-46.532623
Rectum,Female,pm,,,0,4.6500001,-82.64675903320312,-118.25556,-47.03796
Rectum,Female,pm,,,0,4.6999998,-83.42069244384766,-119.29812,-47.543262
Rectum,Female,pm,,,0,4.75,-84.19456481933594,-120.34056,-48.048565
Rectum,Female,pm,,,0,4.8000002,-84.9684066772461,-121.38291,-48.553902
Rectum,Female,pm,,,0,4.8499999,-85.74223327636719,-122.42518,-49.059292
Rectum,Female,pm,,,0,4.9000001,-86.51608276367188,-123.46741,-49.564751
Rectum,Female,pm,,,0,4.9499998,-87.28997802734375,-124.50964,-50.070316
Rectum,Female,pm,,,0,5.0,-88.06395721435547,-125.5519,-50.576012
Rectum,Female,pm,,,1,0.0,0.0,0.0,0.0
Rectum,Female,pm,,,1,0.050000001,-12.10413932800293,-35.472698,11.264419
Rectum,Female,pm,,,1,0.1,-13.95800590515137,-33.272385,5.3563747
Rectum,Female,pm,,,1,0.15000001,-15.48336124420166,-33.431194,2.4644711
Rectum,Female,pm,,,1,0.2,-16.82328987121582,-34.123226,0.476648
Rectum,Female,pm,,,1,0.25,-18.04620933532715,-35.008747,-1.0836711
Rectum,Female,pm,,,1,0.30000001,-19.18845558166504,-35.980003,-2.3969088
Rectum,Female,pm,,,1,0.34999999,-20.27163696289063,-36.993362,-3.5499129
Rectum,Female,pm,,,1,0.40000001,-21.30969047546387,-38.028458,-4.5909214
Rectum,Female,pm,,,1,0.44999999,-22.31214714050293,-39.07489,-5.5494022
Rectum,Female,pm,,,1,0.5,-23.28584098815918,-40.127033,-6.4446492
Rectum,Female,pm,,,1,0.55000001,-24.2358341217041,-41.181713,-7.2899537
Rectum,Female,pm,,,1,0.60000002,-25.16599273681641,-42.237125,-8.0948601
Rectum,Female,pm,,,1,0.64999998,-26.07933616638184,-43.292233,-8.8664417
Rectum,Female,pm,,,1,0.69999999,-26.97826957702637,-44.346455,-9.6100826
Rectum,Female,pm,,,1,0.75,-27.8647403717041,-45.399502,-10.329979
Rectum,Female,pm,,,1,0.80000001,-28.7403450012207,-46.451241,-11.029449
Rectum,Female,pm,,,1,0.85000002,-29.60641288757324,-47.501652,-11.711175
Rectum,Female,pm,,,1,0.89999998,-30.46405792236328,-48.55077,-12.377346
Rectum,Female,pm,,,1,0.94999999,-31.31430053710938,-49.598778,-13.029821
Rectum,Female,pm,,,1,1.0,-32.15835571289063,-50.646332,-13.670381
Rectum,Female,pm,,,1,1.05,-32.99801635742188,-51.694904,-14.30113
Rectum,Female,pm,,,1,1.1,-33.83377456665039,-52.744583,-14.922968
Rectum,Female,pm,,,1,1.15,-34.66659164428711,-53.796066,-15.537117
Rectum,Female,pm,,,1,1.2,-35.49734115600586,-54.850021,-16.144659
Rectum,Female,pm,,,1,1.25,-36.32681655883789,-55.907082,-16.746553
Rectum,Female,pm,,,1,1.3,-37.15575408935547,-56.967846,-17.34366
Rectum,Female,pm,,,1,1.35,-37.98483276367188,-58.032902,-17.936766
Rectum,Female,pm,,,1,1.4,-38.81466674804688,-59.102776,-18.526556
Rectum,Female,pm,,,1,1.45,-39.64584350585938,-60.178009,-19.11368
Rectum,Female,pm,,,1,1.5,-40.47890472412109,-61.25909,-19.698717
Rectum,Female,pm,,,1,1.55,-41.31435394287109,-62.346508,-20.282202
Rectum,Female,pm,,,1,1.6,-42.15267181396484,-63.440716,-20.864628
Rectum,Female,pm,,,1,1.65,-42.99430465698242,-64.54216,-21.446451
Rectum,Female,pm,,,1,1.7,-43.83950424194336,-65.651009,-22.027996
Rectum,Female,pm,,,1,1.75,-44.68805313110352,-66.766815,-22.609291
Rectum,Female,pm,,,1,1.8,-45.53964996337891,-67.889,-23.190302
Rectum,Female,pm,,,1,1.85,-46.39400100708008,-69.017014,-23.770985
Rectum,Female,pm,,,1,1.9,-47.25079727172852,-70.150322,-24.351269
Rectum,Female,pm,,,1,1.95,-48.10972595214844,-71.288399,-24.931057
Rectum,Female,pm,,,1,2.0,-48.97047805786133,-72.430695,-25.510263
Rectum,Female,pm,,,1,2.05,-49.83384704589844,-73.578201,-26.089493
Rectum,Female,pm,,,1,2.0999999,-50.69845581054688,-74.728989,-26.667925
Rectum,Female,pm,,,1,2.1500001,-51.56399154663086,-75.882545,-27.24544
Rectum,Female,pm,,,1,2.2,-52.43012619018555,-77.038353,-27.821903
Rectum,Female,pm,,,1,2.25,-53.29654312133789,-78.195915,-28.397173
Rectum,Female,pm,,,1,2.3,-54.16293334960938,-79.354752,-28.971117
Rectum,Female,pm,,,1,2.3499999,-55.02897262573242,-80.514374,-29.543573
Rectum,Female,pm,,,1,2.4000001,-55.89435577392578,-81.674301,-30.11441
Rectum,Female,pm,,,1,2.45,-56.75875854492188,-82.834053,-30.683464
Rectum,Female,pm,,,1,2.5,-57.62187957763672,-83.993179,-31.250582
Rectum,Female,pm,,,1,2.55,-58.48342514038086,-85.151222,-31.815628
Rectum,Female,pm,,,1,2.5999999,-59.34325790405273,-86.307968,-32.378548
Rectum,Female,pm,,,1,2.6500001,-60.20143127441406,-87.46344,-32.939423
Rectum,Female,pm,,,1,2.7,-61.0579948425293,-88.617653,-33.498337
Rectum,Female,pm,,,1,2.75,-61.91299438476563,-89.770638,-34.055347
Rectum,Female,pm,,,1,2.8,-62.7664909362793,-90.922447,-34.610538
Rectum,Female,pm,,,1,2.8499999,-63.6185302734375,-92.07309,-35.163971
Rectum,Female,pm,,,1,2.9000001,-64.46916961669922,-93.222618,-35.715725
Rectum,Female,pm,,,1,2.95,-65.31845092773438,-94.371048,-36.265854
Rectum,Female,pm,,,1,3.0,-66.16642761230469,-95.518433,-36.814423
Rectum,Female,pm,,,1,3.05,-67.01506805419922,-96.667587,-37.362549
Rectum,Female,pm,,,1,3.0999999,-67.86256408691406,-97.815865,-37.90926
Rectum,Female,pm,,,1,3.1500001,-68.70896911621094,-98.963318,-38.45462
Rectum,Female,pm,,,1,3.2,-69.5543212890625,-100.10996,-38.998676
Rectum,Female,pm,,,1,3.25,-70.39866638183594,-101.25585,-39.541481
Rectum,Female,pm,,,1,3.3,-71.24205780029297,-102.40102,-40.083099
Rectum,Female,pm,,,1,3.3499999,-72.08453369140625,-103.54549,-40.623573
Rectum,Female,pm,,,1,3.4000001,-72.92613983154297,-104.68932,-41.162956
Rectum,Female,pm,,,1,3.45,-73.76692199707031,-105.83254,-41.701302
Rectum,Female,pm,,,1,3.5,-74.6069107055664,-106.97517,-42.238644
Rectum,Female,pm,,,1,3.55,-75.44615936279297,-108.11727,-42.775047
Rectum,Female,pm,,,1,3.5999999,-76.28470611572266,-109.25887,-43.310551
Rectum,Female,pm,,,1,3.6500001,-77.12259674072266,-110.39999,-43.845207
Rectum,Female,pm,,,1,3.7,-77.9598617553711,-111.54068,-44.379044
Rectum,Female,pm,,,1,3.75,-78.79653930664062,-112.68096,-44.912117
Rectum,Female,pm,,,1,3.8,-79.63267517089844,-113.82089,-45.444462
Rectum,Female,pm,,,1,3.8499999,-80.46829986572266,-114.96049,-45.976116
Rectum,Female,pm,,,1,3.9000001,-81.30345916748047,-116.09978,-46.507133
Rectum,Female,pm,,,1,3.95,-82.13817596435547,-117.23882,-47.037537
Rectum,Female,pm,,,1,4.0,-82.97250366210938,-118.37763,-47.567375
Rectum,Female,pm,,,1,4.0500002,-83.8094482421875,-119.52075,-48.098145
Rectum,Female,pm,,,1,4.0999999,-84.64614868164062,-120.66385,-48.628445
Rectum,Female,pm,,,1,4.1500001,-85.4826431274414,-121.80698,-49.15831
Rectum,Female,pm,,,1,4.1999998,-86.31896209716797,-122.95014,-49.687782
Rectum,Female,pm,,,1,4.25,-87.15514373779297,-124.0934,-50.216888
Rectum,Female,pm,,,1,4.3000002,-87.99122619628906,-125.23679,-50.745667
Rectum,Female,pm,,,1,4.3499999,-88.82722473144531,-126.38031,-51.274143
Rectum,Female,pm,,,1,4.4000001,-89.66319274902344,-127.52403,-51.802357
Rectum,Female,pm,,,1,4.4499998,-90.4991455078125,-128.66795,-52.330338
Rectum,Female,pm,,,1,4.5,-91.33512878417967,-129.81215,-52.858112
Rectum,Female,pm,,,1,4.5500002,-92.17118072509766,-130.95663,-53.385727
Rectum,Female,pm,,,1,4.5999999,-93.00730895996094,-132.10143,-53.9132
Rectum,Female,pm,,,1,4.6500001,-93.84355926513672,-133.24657,-54.440552
Rectum,Female,pm,,,1,4.6999998,-94.67996215820312,-134.39209,-54.967827
Rectum,Female,pm,,,1,4.75,-95.5165557861328,-135.53806,-55.49506
Rectum,Female,pm,,,1,4.8000002,-96.35336303710938,-136.68446,-56.022259
Rectum,Female,pm,,,1,4.8499999,-97.19041442871094,-137.83136,-56.549469
Rectum,Female,pm,,,1,4.9000001,-98.02774047851564,-138.97878,-57.076706
Rectum,Female,pm,,,1,4.9499998,-98.86537170410156,-140.12674,-57.604008
Rectum,Female,pm,,,1,5.0,-99.70333862304688,-141.27528,-58.131386
Rectum,Female,pm,,,2,0.0,0.0,0.0,0.0
Rectum,Female,pm,,,2,0.050000001,-12.6095666885376,-17.748705,-7.4704289
Rectum,Female,pm,,,2,0.1,-22.23409271240234,-32.197311,-12.270875
Rectum,Female,pm,,,2,0.15000001,-35.34768676757813,-52.801453,-17.893923
Rectum,Female,pm,,,2,0.2,-56.46767425537109,-88.087448,-24.847902
Rectum,Female,pm,,,2,0.25,-98.85709381103516,-166.58157,-31.132608
Rectum,Female,pm,,,2,0.30000001,-235.1214599609375,-505.65137,35.408447
Rectum,Female,pm,,,2,0.34999999,2008.07666015625,-208.79022,4224.9434
Rectum,Female,pm,,,2,0.40000001,223.0057220458984,-339.81366,785.82507
Rectum,Female,pm,,,2,0.44999999,126.3178558349609,90.57605,162.05966
Rectum,Female,pm,,,2,0.5,91.4748306274414,85.462791,97.48687
Rectum,Female,pm,,,2,0.55000001,73.40138244628906,60.909412,85.893349
Rectum,Female,pm,,,2,0.60000002,62.27516937255859,47.863422,76.68692
Rectum,Female,pm,,,2,0.64999998,54.6978759765625,39.745544,69.650208
Rectum,Female,pm,,,2,0.69999999,49.18054580688477,34.157234,64.203857
Rectum,Female,pm,,,2,0.75,44.96731567382813,30.041348,59.893284
Rectum,Female,pm,,,2,0.80000001,41.63337707519531,26.859301,56.407455
Rectum,Female,pm,,,2,0.85000002,38.92143630981445,24.307686,53.535187
Rectum,Female,pm,,,2,0.89999998,36.66643905639648,22.202473,51.130405
Rectum,Female,pm,,,2,0.94999999,34.75754165649414,20.425465,49.089619
Rectum,Female,pm,,,2,1.0,33.11748504638672,18.897104,47.337864
Rectum,Female,pm,,,2,1.05,31.68661880493164,17.558395,45.814842
Rectum,Female,pm,,,2,1.1,30.42832946777344,16.373091,44.483566
Rectum,Female,pm,,,2,1.15,29.31144142150879,15.311465,43.311417
Rectum,Female,pm,,,2,1.2,28.31192588806152,14.351024,42.272827
Rectum,Female,pm,,,2,1.25,27.41096305847168,13.474437,41.347488
Rectum,Female,pm,,,2,1.3,26.59358406066895,12.66811,40.519058
Rectum,Female,pm,,,2,1.35,25.84772491455078,11.921223,39.774227
Rectum,Female,pm,,,2,1.4,25.16355133056641,11.225042,39.102058
Rectum,Female,pm,,,2,1.45,24.53295707702637,10.572443,38.493473
Rectum,Female,pm,,,2,1.5,23.9492015838623,9.9575405,37.940865
Rectum,Female,pm,,,2,1.55,23.4066219329834,9.3754282,37.437817
Rectum,Female,pm,,,2,1.6,22.90042686462402,8.8219757,36.978878
Rectum,Female,pm,,,2,1.65,22.42653846740723,8.2936888,36.559387
Rectum,Female,pm,,,2,1.7,21.98135948181152,7.7875805,36.17514
Rectum,Female,pm,,,2,1.75,21.56157875061035,7.3011332,35.822025
Rectum,Female,pm,,,2,1.8,21.16435813903809,6.8322477,35.496468
Rectum,Female,pm,,,2,1.85,20.78728294372559,6.3791695,35.195396
Rectum,Female,pm,,,2,1.9,20.42828941345215,5.9404249,34.916153
Rectum,Female,pm,,,2,1.95,20.08560752868652,5.5147715,34.656445
Rectum,Female,pm,,,2,2.0,19.75770378112793,5.1011515,34.414257
Rectum,Female,pm,,,2,2.05,19.44067001342773,4.6966429,34.184696
Rectum,Female,pm,,,2,2.0999999,19.13598251342773,4.3025651,33.969398
Rectum,Female,pm,,,2,2.1500001,18.84262657165527,3.9182582,33.766994
Rectum,Female,pm,,,2,2.2,18.55971908569336,3.5431635,33.576275
Rectum,Female,pm,,,2,2.25,18.28647613525391,3.1767921,33.39616
Rectum,Female,pm,,,2,2.3,18.02220726013184,2.8187199,33.225693
Rectum,Female,pm,,,2,2.3499999,17.76630592346191,2.4685874,33.064026
Rectum,Female,pm,,,2,2.4000001,17.51822662353516,2.1260722,32.910381
Rectum,Female,pm,,,2,2.45,17.27749061584473,1.7909049,32.764076
Rectum,Female,pm,,,2,2.5,17.04366493225098,1.4628404,32.624489
Rectum,Female,pm,,,2,2.55,16.81636619567871,1.1416665,32.491066
Rectum,Female,pm,,,2,2.5999999,16.5952033996582,0.82710797,32.3633
Rectum,Female,pm,,,2,2.6500001,16.37977600097656,0.51882404,32.240726
Rectum,Female,pm,,,2,2.7,16.16971969604492,0.21650565,32.122932
Rectum,Female,pm,,,2,2.75,15.96469974517822,-0.080137141,32.009537
Rectum,Female,pm,,,2,2.8,15.764404296875,-0.37137693,31.900185
Rectum,Female,pm,,,2,2.8499999,15.56854724884033,-0.65746242,31.794558
Rectum,Female,pm,,,2,2.9000001,15.37686443328857,-0.9386279,31.692356
Rectum,Female,pm,,,2,2.95,15.18911457061768,-1.2150847,31.593313
Rectum,Female,pm,,,2,3.0,15.00506973266602,-1.4870384,31.497177
Rectum,Female,pm,,,2,3.05,14.8218240737915,-1.7564937,31.400143
Rectum,Female,pm,,,2,3.0999999,14.64190101623535,-2.0217593,31.305561
Rectum,Female,pm,,,2,3.1500001,14.46511554718018,-2.2830012,31.213232
Rectum,Female,pm,,,2,3.2,14.29130363464355,-2.5403724,31.12298
Rectum,Female,pm,,,2,3.25,14.12030410766602,-2.7940209,31.03463
Rectum,Female,pm,,,2,3.3,13.95197296142578,-3.0440795,30.948025
Rectum,Female,pm,,,2,3.3499999,13.78617286682129,-3.2906742,30.86302
Rectum,Female,pm,,,2,3.4000001,13.62277507781982,-3.5339303,30.77948
Rectum,Female,pm,,,2,3.45,13.46166229248047,-3.7739575,30.697283
Rectum,Female,pm,,,2,3.5,13.30272197723389,-4.0108609,30.616304
Rectum,Female,pm,,,2,3.55,13.14584922790527,-4.2447433,30.536442
Rectum,Female,pm,,,2,3.5999999,12.99094867706299,-4.4756966,30.457594
Rectum,Female,pm,,,2,3.6500001,12.83792591094971,-4.7038131,30.379665
Rectum,Female,pm,,,2,3.7,12.68669700622559,-4.929173,30.302567
Rectum,Female,pm,,,2,3.75,12.53718090057373,-5.1518598,30.226221
Rectum,Female,pm,,,2,3.8,12.38930130004883,-5.3719473,30.150549
Rectum,Female,pm,,,2,3.8499999,12.24298858642578,-5.5895066,30.075483
Rectum,Female,pm,,,2,3.9000001,12.09817409515381,-5.8046074,30.000956
Rectum,Female,pm,,,2,3.95,11.95479679107666,-6.0173106,29.926905
Rectum,Female,pm,,,2,4.0,11.81279754638672,-6.2276802,29.853275
Rectum,Female,pm,,,2,4.0500002,11.66947650909424,-6.4371772,29.776131
Rectum,Female,pm,,,2,4.0999999,11.52744674682617,-6.6444016,29.699295
Rectum,Female,pm,,,2,4.1500001,11.38665676116943,-6.8494086,29.622723
Rectum,Female,pm,,,2,4.1999998,11.24706363677979,-7.0522432,29.546371
Rectum,Female,pm,,,2,4.25,11.10862064361572,-7.2529554,29.470198
Rectum,Female,pm,,,2,4.3000002,10.97128868103027,-7.4515905,29.394169
Rectum,Female,pm,,,2,4.3499999,10.8350305557251,-7.6481891,29.318251
Rectum,Female,pm,,,2,4.4000001,10.69980621337891,-7.8427954,29.242407
Rectum,Female,pm,,,2,4.4499998,10.56558513641357,-8.0354462,29.166616
Rectum,Female,pm,,,2,4.5,10.43233203887939,-8.226182,29.090847
Rectum,Female,pm,,,2,4.5500002,10.30001831054688,-8.4150343,29.015072
Rectum,Female,pm,,,2,4.5999999,10.16861534118652,-8.6020393,28.93927
Rectum,Female,pm,,,2,4.6500001,10.03809356689453,-8.7872324,28.86342
Rectum,Female,pm,,,2,4.6999998,9.90843105316162,-8.9706411,28.787502
Rectum,Female,pm,,,2,4.75,9.779600143432615,-9.152298,28.711498
Rectum,Female,pm,,,2,4.8000002,9.65157985687256,-9.3322325,28.635393
Rectum,Female,pm,,,2,4.8499999,9.524349212646484,-9.5104694,28.559168
Rectum,Female,pm,,,2,4.9000001,9.397886276245115,-9.6870394,28.482811
Rectum,Female,pm,,,2,4.9499998,9.272173881530762,-9.8619633,28.406311
Rectum,Female,pm,,,2,5.0,9.147191047668455,-10.035272,28.329653
Rectum,Female,tce,,,0,0.0,0.0,0.0,0.0
Rectum,Female,tce,,,0,0.050000001,0.0001570308897802,-1.912056e-05,0.00033318234
Rectum,Female,tce,,,0,0.1,0.0013529310073622,0.00099454017,0.0017113219
Rectum,Female,tce,,,0,0.15000001,0.0027863377915957,0.0022527194,0.0033199561
Rectum,Female,tce,,,0,0.2,0.0042698697979547,0.0035691881,0.0049705515
Rectum,Female,tce,,,0,0.25,0.0057303745478279,0.0048707267,0.0065900227
Rectum,Female,tce,,,0,0.30000001,0.0071358188270276,0.0061249323,0.0081467051
Rectum,Female,tce,,,0,0.34999999,0.0084722545998741,0.0073174103,0.0096270991
Rectum,Female,tce,,,0,0.40000001,0.0097345425926206,0.0084425714,0.011026514
Rectum,Female,tce,,,0,0.44999999,0.0109220616388343,0.0094993655,0.012344758
Rectum,Female,tce,,,0,0.5,0.0120365589846428,0.010489138,0.013583981
Rectum,Female,tce,,,0,0.55000001,0.0130809969060494,0.011414481,0.014747513
Rectum,Female,tce,,,0,0.60000002,0.0140589204691616,0.012278601,0.01583924
Rectum,Female,tce,,,0,0.64999998,0.0149740966304899,0.01308495,0.016863244
Rectum,Female,tce,,,0,0.69999999,0.0158303139628098,0.013837026,0.017823601
Rectum,Female,tce,,,0,0.75,0.0166312607266823,0.014538256,0.018724266
Rectum,Female,tce,,,0,0.80000001,0.0173804664686843,0.015191919,0.019569013
Rectum,Female,tce,,,0,0.85000002,0.0180812694443597,0.01580113,0.02036141
Rectum,Female,tce,,,0,0.89999998,0.0187368032507,0.01636881,0.021104798
Rectum,Female,tce,,,0,0.94999999,0.0193501141616633,0.016897792,0.021802435
Rectum,Female,tce,,,0,1.0,0.0199245490608794,0.017391151,0.022457948
Rectum,Female,tce,,,0,1.05,0.0204617846072027,0.017850464,0.023073105
Rectum,Female,tce,,,0,1.1,0.0209659825592004,0.018279502,0.023652462
Rectum,Female,tce,,,0,1.15,0.021439634429352,0.018680554,0.024198715
Rectum,Female,tce,,,0,1.2,0.0218849664327819,0.019055665,0.024714269
Rectum,Female,tce,,,0,1.25,0.0223039648363651,0.01940666,0.02520127
Rectum,Female,tce,,,0,1.3,0.0226984133435321,0.019735185,0.025661642
Rectum,Female,tce,,,0,1.35,0.0230699153713293,0.020042719,0.026097111
Rectum,Female,tce,,,0,1.4,0.0234199138687439,0.020330593,0.026509235
Rectum,Female,tce,,,0,1.45,0.023749716574033,0.020600015,0.026899418
Rectum,Female,tce,,,0,1.5,0.0240605059128046,0.02085208,0.027268931
Rectum,Female,tce,,,0,1.55,0.0243533589887393,0.021087786,0.027618932
Rectum,Female,tce,,,0,1.6,0.0246292574933952,0.021308042,0.027950473
Rectum,Female,tce,,,0,1.65,0.0248890965454377,0.02151368,0.028264513
Rectum,Female,tce,,,0,1.7,0.0251336012507162,0.021705391,0.028561812
Rectum,Female,tce,,,0,1.75,0.0253632112316857,0.021883635,0.028842788
Rectum,Female,tce,,,0,1.8,0.0255783490552221,0.022048861,0.029107837
Rectum,Female,tce,,,0,1.85,0.0257794585135324,0.022201527,0.029357389
Rectum,Female,tce,,,0,1.9,0.0259669979470741,0.022342104,0.029591892
Rectum,Female,tce,,,0,1.95,0.026141438808911,0.022471067,0.029811813
Rectum,Female,tce,,,0,2.0,0.0263032579757319,0.022588886,0.030017629
Rectum,Female,tce,,,0,2.05,0.0264507047047551,0.022694087,0.030207323
Rectum,Female,tce,,,0,2.0999999,0.0265864694757655,0.022789072,0.030383866
Rectum,Female,tce,,,0,2.1500001,0.0267110357137446,0.022874314,0.030547757
Rectum,Female,tce,,,0,2.2,0.0268248803757835,0.022950271,0.03069949
Rectum,Female,tce,,,0,2.25,0.0269284755837303,0.023017395,0.030839557
Rectum,Female,tce,,,0,2.3,0.0270222845710858,0.023076124,0.030968444
Rectum,Female,tce,,,0,2.3499999,0.027106760945039,0.023126889,0.031086633
Rectum,Female,tce,,,0,2.4000001,0.0271823479065695,0.023170106,0.031194588
Rectum,Female,tce,,,0,2.45,0.0272494759432154,0.02320618,0.031292774
Rectum,Female,tce,,,0,2.5,0.0273085642676913,0.023235496,0.031381633
Rectum,Female,tce,,,0,2.55,0.0273600209368044,0.023258438,0.031461604
Rectum,Female,tce,,,0,2.5999999,0.0274042907695193,0.023275403,0.031533178
Rectum,Female,tce,,,0,2.6500001,0.0274418445921005,0.02328681,0.03159688
Rectum,Female,tce,,,0,2.7,0.0274731221876714,0.023293048,0.031653196
Rectum,Female,tce,,,0,2.75,0.0274985332036415,0.023294477,0.031702589
Rectum,Female,tce,,,0,2.8,0.0275184587428317,0.023291431,0.031745486
Rectum,Female,tce,,,0,2.8499999,0.0275332537044929,0.023284225,0.031782281
Rectum,Female,tce,,,0,2.9000001,0.027543248792597,0.023273146,0.03181335
Rectum,Female,tce,,,0,2.95,0.0275487521597592,0.023258464,0.031839039
Rectum,Female,tce,,,0,3.0,0.0275500513559077,0.02324043,0.031859674
Rectum,Female,tce,,,0,3.05,0.0275448768295849,0.02321708,0.031872671
Rectum,Female,tce,,,0,3.0999999,0.0275360187277005,0.023190834,0.031881202
Rectum,Female,tce,,,0,3.1500001,0.0275237117568736,0.023161894,0.031885531
Rectum,Female,tce,,,0,3.2,0.0275081753941063,0.023130449,0.031885903
Rectum,Female,tce,,,0,3.25,0.0274896146390863,0.023096675,0.031882554
Rectum,Female,tce,,,0,3.3,0.0274682212527673,0.023060739,0.031875703
Rectum,Female,tce,,,0,3.3499999,0.0274441746461295,0.023022793,0.031865556
Rectum,Female,tce,,,0,3.4000001,0.0274176426144581,0.022982981,0.031852305
Rectum,Female,tce,,,0,3.45,0.027388782654973,0.02294144,0.031836126
Rectum,Female,tce,,,0,3.5,0.0273577419449806,0.022898292,0.031817194
Rectum,Female,tce,,,0,3.55,0.0273246585191529,0.022853656,0.031795662
Rectum,Female,tce,,,0,3.5999999,0.0272896617794164,0.022807639,0.031771686
Rectum,Female,tce,,,0,3.6500001,0.0272528728987169,0.022760347,0.0317454
Rectum,Female,tce,,,0,3.7,0.0272144060711284,0.022711873,0.031716939
Rectum,Female,tce,,,0,3.75,0.0271743679583671,0.02266231,0.031686425
Rectum,Female,tce,,,0,3.8,0.0271328588467293,0.022611737,0.031653982
Rectum,Female,tce,,,0,3.8499999,0.0270899729052015,0.022560239,0.031619709
Rectum,Female,tce,,,0,3.9000001,0.027045798370144,0.022507884,0.031583715
Rectum,Female,tce,,,0,3.95,0.0270004187636715,0.02245474,0.031546097
Rectum,Female,tce,,,0,4.0,0.026953911972466,0.022400878,0.031506944
Rectum,Female,tce,,,0,4.0500002,0.0269035886615017,0.02234398,0.031463198
Rectum,Female,tce,,,0,4.0999999,0.0268522902290232,0.022286486,0.031418096
Rectum,Female,tce,,,0,4.1500001,0.0268000807505843,0.022228448,0.031371713
Rectum,Female,tce,,,0,4.1999998,0.0267470223946265,0.02216992,0.031324126
Rectum,Female,tce,,,0,4.25,0.0266931716828785,0.022110943,0.031275403
Rectum,Female,tce,,,0,4.3000002,0.0266385832363365,0.022051563,0.031225603
Rectum,Female,tce,,,0,4.3499999,0.0265833084981322,0.021991823,0.031174794
Rectum,Female,tce,,,0,4.4000001,0.026527394315475,0.021931758,0.031123031
Rectum,Female,tce,,,0,4.4499998,0.0264708868268045,0.021871407,0.031070368
Rectum,Female,tce,,,0,4.5,0.0264138273677964,0.021810798,0.031016856
Rectum,Female,tce,,,0,4.5500002,0.0263562563879957,0.02174997,0.030962544
Rectum,Female,tce,,,0,4.5999999,0.0262982120043624,0.021688946,0.030907478
Rectum,Female,tce,,,0,4.6500001,0.0262397284572264,0.021627756,0.030851701
Rectum,Female,tce,,,0,4.6999998,0.0261808401252179,0.021566426,0.030795254
Rectum,Female,tce,,,0,4.75,0.0261215771861342,0.02150498,0.030738175
Rectum,Female,tce,,,0,4.8000002,0.02606196965195,0.02144344,0.0306805
Rectum,Female,tce,,,0,4.8499999,0.0260020458051771,0.021381825,0.030622266
Rectum,Female,tce,,,0,4.9000001,0.0259418305692831,0.021320159,0.030563502
Rectum,Female,tce,,,0,4.9499998,0.0258813496093833,0.021258457,0.030504242
Rectum,Female,tce,,,0,5.0,0.0258206248269234,0.021196738,0.030444512
Rectum,Female,tce,,,1,0.0,0.0,0.0,0.0
Rectum,Female,tce,,,1,0.050000001,0.0010685006174207,0.00086690288,0.0012700984
Rectum,Female,tce,,,1,0.1,0.0025952480866064,0.0021900884,0.0030004077
Rectum,Female,tce,,,1,0.15000001,0.0041402892366822,0.0035438591,0.0047367192
Rectum,Female,tce,,,1,0.2,0.0056313613829981,0.0048557445,0.0064069782
Rectum,Female,tce,,,1,0.25,0.0070465487056888,0.006102745,0.0079903528
Rectum,Female,tce,,,1,0.30000001,0.0083798816895987,0.0072777942,0.0094819693
Rectum,Female,tce,,,1,0.34999999,0.0096316451557921,0.0083802044,0.010883086
Rectum,Female,tce,,,1,0.40000001,0.0108047829697939,0.0094120782,0.012197488
Rectum,Female,tce,,,1,0.44999999,0.0119033457425661,0.010376744,0.013429947
Rectum,Female,tce,,,1,0.5,0.0129317735795001,0.011278016,0.01458553
Rectum,Female,tce,,,1,0.55000001,0.0138945384124417,0.012119823,0.015669253
Rectum,Female,tce,,,1,0.60000002,0.0147959728296589,0.012906022,0.016685924
Rectum,Female,tce,,,1,0.64999998,0.0156401859439058,0.013640303,0.017640069
Rectum,Female,tce,,,1,0.69999999,0.0164310329920653,0.014326149,0.018535918
Rectum,Female,tce,,,1,0.75,0.017172100687774,0.014966815,0.019377386
Rectum,Female,tce,,,1,0.80000001,0.0178667164006789,0.01556533,0.020168103
Rectum,Female,tce,,,1,0.85000002,0.0185179592698893,0.016124507,0.020911412
Rectum,Female,tce,,,1,0.89999998,0.0191286749833876,0.016646946,0.021610403
Rectum,Female,tce,,,1,0.94999999,0.0197016181296502,0.017135166,0.02226807
Rectum,Female,tce,,,1,1.0,0.0202398749135294,0.017591953,0.022887796
Rectum,Female,tce,,,1,1.05,0.0207452449448814,0.018018967,0.023471525
Rectum,Female,tce,,,1,1.1,0.0212213026183795,0.018419396,0.024023209
Rectum,Female,tce,,,1,1.15,0.0216702862268681,0.01879527,0.024545303
Rectum,Female,tce,,,1,1.2,0.0220941791910228,0.019148383,0.025039975
Rectum,Female,tce,,,1,1.25,0.0224947376246887,0.019480331,0.025509143
Rectum,Female,tce,,,1,1.3,0.022873528120799,0.019792534,0.025954522
Rectum,Female,tce,,,1,1.35,0.0232319503696506,0.020086268,0.026377633
Rectum,Female,tce,,,1,1.4,0.0235712568072932,0.020362673,0.02677984
Rectum,Female,tce,,,1,1.45,0.0238925771959411,0.020622782,0.027162373
Rectum,Female,tce,,,1,1.5,0.0241969281174528,0.020867523,0.027526334
Rectum,Female,tce,,,1,1.55,0.0244852321280496,0.021097738,0.027872724
Rectum,Female,tce,,,1,1.6,0.0247583270415607,0.021314202,0.028202454
Rectum,Female,tce,,,1,1.65,0.0250169740148411,0.021517606,0.028516341
Rectum,Female,tce,,,1,1.7,0.0252617509326262,0.021708503,0.028814999
Rectum,Female,tce,,,1,1.75,0.025492906424742,0.021887166,0.029098647
Rectum,Female,tce,,,1,1.8,0.0257106841262761,0.022053871,0.029367497
Rectum,Female,tce,,,1,1.85,0.0259153687778851,0.02220892,0.029621817
Rectum,Female,tce,,,1,1.9,0.0261072773266741,0.022352647,0.029861907
Rectum,Female,tce,,,1,1.95,0.0262867556503919,0.022485405,0.030088106
Rectum,Female,tce,,,1,2.0,0.026454169114903,0.022607559,0.030300779
Rectum,Female,tce,,,1,2.05,0.0266083159408567,0.022718105,0.030498525
Rectum,Female,tce,,,1,2.0999999,0.0267511523314279,0.022818796,0.030683508
Rectum,Female,tce,,,1,2.1500001,0.0268830829936885,0.022910021,0.030856146
Rectum,Female,tce,,,1,2.2,0.0270045153430471,0.022992171,0.031016858
Rectum,Female,tce,,,1,2.25,0.0271158603960873,0.023065642,0.031166079
Rectum,Female,tce,,,1,2.3,0.0272175277236232,0.023130821,0.031304237
Rectum,Female,tce,,,1,2.3499999,0.027309923978372,0.023188092,0.031431757
Rectum,Female,tce,,,1,2.4000001,0.0273934514601373,0.02323783,0.031549074
Rectum,Female,tce,,,1,2.45,0.0274685050322042,0.023280406,0.031656604
Rectum,Female,tce,,,1,2.5,0.027535473223519,0.023316182,0.031754766
Rectum,Female,tce,,,1,2.55,0.02759473783798,0.02334551,0.031843968
Rectum,Female,tce,,,1,2.5999999,0.0276467248317978,0.02336877,0.03192468
Rectum,Female,tce,,,1,2.6500001,0.0276918925160704,0.023386374,0.031997412
Rectum,Female,tce,,,1,2.7,0.0277306700391183,0.023398696,0.032062646
Rectum,Female,tce,,,1,2.75,0.0277634581131318,0.02340609,0.032120828
Rectum,Female,tce,,,1,2.8,0.0277906302737655,0.023408884,0.032172374
Rectum,Female,tce,,,1,2.8499999,0.0278125350934615,0.023407387,0.032217685
Rectum,Female,tce,,,1,2.9000001,0.02782949807732,0.023401879,0.032257117
Rectum,Female,tce,,,1,2.95,0.0278418230462194,0.023392631,0.032291017
Rectum,Female,tce,,,1,3.0,0.027849794171043,0.023379887,0.032319702
Rectum,Female,tce,,,1,3.05,0.0278517608967815,0.023362208,0.032341313
Rectum,Female,tce,,,1,3.0999999,0.027849881423287,0.023341479,0.032358285
Rectum,Female,tce,,,1,3.1500001,0.0278443889699066,0.023317898,0.03237088
Rectum,Female,tce,,,1,3.2,0.0278355019736472,0.023291657,0.032379348
Rectum,Female,tce,,,1,3.25,0.0278234249707441,0.023262931,0.032383919
Rectum,Female,tce,,,1,3.3,0.0278083496461331,0.023231884,0.032384813
Rectum,Female,tce,,,1,3.3499999,0.027790455703272,0.023198675,0.032382235
Rectum,Female,tce,,,1,3.4000001,0.0277699115805313,0.023163445,0.032376379
Rectum,Female,tce,,,1,3.45,0.0277468756144687,0.023126332,0.032367419
Rectum,Female,tce,,,1,3.5,0.0277214961528989,0.023087461,0.032355532
Rectum,Female,tce,,,1,3.55,0.02769391258482,0.02304695,0.032340873
Rectum,Female,tce,,,1,3.5999999,0.0276642558504642,0.023004914,0.032323599
Rectum,Female,tce,,,1,3.6500001,0.0276326488437948,0.022961453,0.032303844
Rectum,Female,tce,,,1,3.7,0.0275992075417584,0.022916667,0.032281749
Rectum,Female,tce,,,1,3.75,0.0275640405787791,0.022870649,0.032257434
Rectum,Female,tce,,,1,3.8,0.0275272502860935,0.022823483,0.032231018
Rectum,Female,tce,,,1,3.8499999,0.0274889329589159,0.022775251,0.032202616
Rectum,Female,tce,,,1,3.9000001,0.0274491790475998,0.022726029,0.03217233
Rectum,Female,tce,,,1,3.95,0.0274080742797393,0.022675887,0.032140262
Rectum,Female,tce,,,1,4.0,0.0273656988541854,0.022624895,0.032106504
Rectum,Female,tce,,,1,4.0500002,0.027319982133689,0.02257124,0.032068726
Rectum,Female,tce,,,1,4.0999999,0.0272731423336048,0.022516854,0.032029431
Rectum,Female,tce,,,1,4.1500001,0.0272252461130861,0.022461794,0.031988699
Rectum,Female,tce,,,1,4.1999998,0.0271763580703409,0.022406112,0.031946603
Rectum,Female,tce,,,1,4.25,0.0271265373253394,0.022349857,0.031903218
Rectum,Female,tce,,,1,4.3000002,0.0270758409778891,0.022293074,0.031858608
Rectum,Female,tce,,,1,4.3499999,0.027024322950345,0.022235809,0.031812835
Rectum,Female,tce,,,1,4.4000001,0.0269720326663603,0.022178099,0.031765968
Rectum,Female,tce,,,1,4.4499998,0.0269190186862169,0.022119986,0.031718053
Rectum,Female,tce,,,1,4.5,0.0268653248857361,0.022061503,0.031669147
Rectum,Female,tce,,,1,4.5500002,0.0268109941333461,0.022002686,0.031619303
Rectum,Female,tce,,,1,4.5999999,0.0267560669461353,0.021943565,0.031568568
Rectum,Female,tce,,,1,4.6500001,0.0267005800271464,0.021884173,0.031516988
Rectum,Female,tce,,,1,4.6999998,0.0266445700729448,0.021824535,0.031464607
Rectum,Female,tce,,,1,4.75,0.026588069661373,0.021764679,0.031411462
Rectum,Female,tce,,,1,4.8000002,0.0265311110900007,0.021704627,0.031357594
Rectum,Female,tce,,,1,4.8499999,0.0264737248983669,0.021644406,0.031303044
Rectum,Female,tce,,,1,4.9000001,0.0264159383049943,0.021584036,0.031247841
Rectum,Female,tce,,,1,4.9499998,0.0263577791403222,0.021523539,0.03119202
Rectum,Female,tce,,,1,5.0,0.026299271526002,0.02146293,0.031135613
Rectum,Female,tce,,,2,0.0,0.0,0.0,0.0
Rectum,Female,tce,,,2,0.050000001,-0.006330763889528,-0.0066662859,-0.0059952419
Rectum,Female,tce,,,2,0.1,-0.0074898182541297,-0.0081825173,-0.0067971195
Rectum,Female,tce,,,2,0.15000001,-0.0068510191611222,-0.0078716548,-0.0058303839
Rectum,Female,tce,,,2,0.2,-0.0054211574843031,-0.0067331237,-0.0041091912
Rectum,Female,tce,,,2,0.25,-0.0036380856117156,-0.0052072196,-0.0020689513
Rectum,Female,tce,,,2,0.30000001,-0.0017193568306573,-0.0035159932,7.7279627e-05
Rectum,Female,tce,,,2,0.34999999,0.0002197720787763,-0.0017792102,0.0022187543
Rectum,Female,tce,,,2,0.40000001,0.0021166264720227,-6.3514424e-05,0.0042967675
Rectum,Female,tce,,,2,0.44999999,0.0039373317107332,0.001593888,0.0062807752
Rectum,Female,tce,,,2,0.5,0.0056644674068892,0.0031728346,0.0081561003
Rectum,Female,tce,,,2,0.55000001,0.0072902501836266,0.0046633044,0.0099171959
Rectum,Female,tce,,,2,0.60000002,0.0088126195646992,0.0060614147,0.011563824
Rectum,Female,tce,,,2,0.64999998,0.0102329070560221,0.0073670098,0.013098804
Rectum,Female,tce,,,2,0.69999999,0.0115544267186734,0.0085821887,0.014526665
Rectum,Female,tce,,,2,0.75,0.0127815896190146,0.0097103622,0.015852816
Rectum,Female,tce,,,2,0.80000001,0.01391936438864,0.010755675,0.017083054
Rectum,Female,tce,,,2,0.85000002,0.0149729336605902,0.011722622,0.018223245
Rectum,Female,tce,,,2,0.89999998,0.0159474803534159,0.012615814,0.019279147
Rectum,Female,tce,,,2,0.94999999,0.0168481269433772,0.013439866,0.020256387
Rectum,Female,tce,,,2,1.0,0.0176800758122728,0.014199463,0.021160688
Rectum,Female,tce,,,2,1.05,0.018444128460033,0.014896068,0.02199219
Rectum,Female,tce,,,2,1.1,0.0191486274713001,0.015536544,0.022760712
Rectum,Female,tce,,,2,1.15,0.0197978667629298,0.016124859,0.023470873
Rectum,Female,tce,,,2,1.2,0.0203958007484825,0.016664695,0.024126908
Rectum,Female,tce,,,2,1.25,0.0209460539122979,0.017159432,0.024732675
Rectum,Female,tce,,,2,1.3,0.0214519553391912,0.017612202,0.025291707
Rectum,Female,tce,,,2,1.35,0.0219165585627653,0.018025881,0.025807237
Rectum,Female,tce,,,2,1.4,0.0223426625933265,0.018403111,0.026282214
Rectum,Female,tce,,,2,1.45,0.0227328419934767,0.018746335,0.026719349
Rectum,Female,tce,,,2,1.5,0.0230894596561294,0.019057795,0.027121123
Rectum,Female,tce,,,2,1.55,0.023414692745854,0.019339565,0.02748982
Rectum,Female,tce,,,2,1.6,0.0237105470685047,0.019593557,0.027827537
Rectum,Female,tce,,,2,1.65,0.0239788712760434,0.019821534,0.028136209
Rectum,Female,tce,,,2,1.7,0.024221438386659,0.020025218,0.02841766
Rectum,Female,tce,,,2,1.75,0.0244400474985463,0.020206407,0.028673688
Rectum,Female,tce,,,2,1.8,0.0246363948058731,0.020366803,0.028905986
Rectum,Female,tce,,,2,1.85,0.0248120562216274,0.020507984,0.029116128
Rectum,Female,tce,,,2,1.9,0.0249684965168955,0.020631408,0.029305585
Rectum,Female,tce,,,2,1.95,0.0251070809833959,0.020738428,0.029475734
Rectum,Female,tce,,,2,2.0,0.0252290802261441,0.020830303,0.029627856
Rectum,Female,tce,,,2,2.05,0.0253288360088109,0.020902837,0.029754836
Rectum,Female,tce,,,2,2.0999999,0.0254142653544345,0.020962458,0.029866071
Rectum,Female,tce,,,2,2.1500001,0.0254864119980406,0.02101019,0.029962633
Rectum,Female,tce,,,2,2.2,0.0255462478908505,0.021046981,0.030045515
Rectum,Female,tce,,,2,2.25,0.0255946800988509,0.021073708,0.030115651
Rectum,Female,tce,,,2,2.3,0.0256325538237936,0.021091191,0.030173916
Rectum,Female,tce,,,2,2.3499999,0.0256606568923921,0.02110019,0.030221125
Rectum,Female,tce,,,2,2.4000001,0.0256797236380968,0.021101406,0.030258041
Rectum,Female,tce,,,2,2.45,0.0256904381200537,0.021095496,0.030285381
Rectum,Female,tce,,,2,2.5,0.0256934379564661,0.021083068,0.030303808
Rectum,Female,tce,,,2,2.55,0.0256893180710007,0.021064682,0.030313954
Rectum,Female,tce,,,2,2.5999999,0.0256786575467374,0.021040875,0.030316439
Rectum,Female,tce,,,2,2.6500001,0.0256620162922531,0.02101215,0.030311882
Rectum,Female,tce,,,2,2.7,0.0256399097886541,0.020978965,0.030300856
Rectum,Female,tce,,,2,2.75,0.0256128112837823,0.020941742,0.030283881
Rectum,Female,tce,,,2,2.8,0.0255811557431589,0.020900866,0.030261444
Rectum,Female,tce,,,2,2.8499999,0.0255453430999367,0.020856695,0.03023399
Rectum,Female,tce,,,2,2.9000001,0.025505741063389,0.020809552,0.030201931
Rectum,Female,tce,,,2,2.95,0.0254626886192119,0.020759733,0.030165644
Rectum,Female,tce,,,2,3.0,0.0254164973692011,0.020707514,0.03012548
Rectum,Female,tce,,,2,3.05,0.0253604917769234,0.020647837,0.030073147
Rectum,Female,tce,,,2,3.0999999,0.0253019601560389,0.020586301,0.03001762
Rectum,Female,tce,,,2,3.1500001,0.02524114779949,0.020523116,0.029959179
Rectum,Female,tce,,,2,3.2,0.0251782815869126,0.020458484,0.029898079
Rectum,Female,tce,,,2,3.25,0.0251135698168246,0.020392578,0.029834561
Rectum,Female,tce,,,2,3.3,0.0250472047912721,0.020325568,0.029768841
Rectum,Female,tce,,,2,3.3499999,0.0249793638393919,0.020257602,0.029701127
Rectum,Female,tce,,,2,3.4000001,0.0249102101790239,0.020188818,0.029631602
Rectum,Female,tce,,,2,3.45,0.0248398953330241,0.020119345,0.029560445
Rectum,Female,tce,,,2,3.5,0.02476855814708,0.0200493,0.029487817
Rectum,Female,tce,,,2,3.55,0.0246963270158408,0.01997879,0.029413864
Rectum,Female,tce,,,2,3.5999999,0.0246233203916502,0.019907914,0.029338727
Rectum,Female,tce,,,2,3.6500001,0.024549647197342,0.019836759,0.029262535
Rectum,Female,tce,,,2,3.7,0.024475408936593,0.019765412,0.029185405
Rectum,Female,tce,,,2,3.75,0.0244006982294857,0.019693948,0.029107448
Rectum,Female,tce,,,2,3.8,0.0243256008065368,0.019622436,0.029028766
Rectum,Female,tce,,,2,3.8499999,0.0242501957023516,0.019550938,0.028949453
Rectum,Female,tce,,,2,3.9000001,0.0241745553942025,0.019479513,0.028869597
Rectum,Female,tce,,,2,3.95,0.0240987477057117,0.019408217,0.028789278
Rectum,Female,tce,,,2,4.0,0.0240228340656629,0.019337095,0.028708573
Rectum,Female,tce,,,2,4.0500002,0.0239397212799837,0.019260844,0.028618598
Rectum,Female,tce,,,2,4.0999999,0.0238566865307702,0.019184921,0.028528452
Rectum,Female,tce,,,2,4.1500001,0.0237737755036476,0.019109359,0.028438192
Rectum,Female,tce,,,2,4.1999998,0.0236910330721057,0.019034194,0.028347874
Rectum,Female,tce,,,2,4.25,0.0236084972637206,0.01895945,0.028257545
Rectum,Female,tce,,,2,4.3000002,0.0235262050554396,0.018885154,0.028167257
Rectum,Female,tce,,,2,4.3499999,0.0234441902434074,0.018811332,0.028077047
Rectum,Female,tce,,,2,4.4000001,0.0233624813358397,0.018738005,0.027986959
Rectum,Female,tce,,,2,4.4499998,0.0232811072326284,0.018665189,0.027897026
Rectum,Female,tce,,,2,4.5,0.0232000911888204,0.018592902,0.02780728
Rectum,Female,tce,,,2,4.5500002,0.0231194564364753,0.018521158,0.027717754
Rectum,Female,tce,,,2,4.5999999,0.0230392240085638,0.018449971,0.027628476
Rectum,Female,tce,,,2,4.6500001,0.0229594106159499,0.018379351,0.027539469
Rectum,Female,tce,,,2,4.6999998,0.0228800341383203,0.018309308,0.027450761
Rectum,Female,tce,,,2,4.75,0.0228011076700757,0.018239848,0.027362367
Rectum,Female,tce,,,2,4.8000002,0.0227226449544408,0.018170981,0.027274309
Rectum,Female,tce,,,2,4.8499999,0.0226446582085237,0.018102711,0.027186606
Rectum,Female,tce,,,2,4.9000001,0.022567156019708,0.018035039,0.027099272
Rectum,Female,tce,,,2,4.9499998,0.022490148640444,0.017967975,0.027012322
Rectum,Female,tce,,,2,5.0,0.0224136421688671,0.017901516,0.026925769
Rectum,Female,tde,,,0,0.0,0.0,0.0,0.0
Rectum,Female,tde,,,0,0.050000001,0.0014283595764918,0.0014012275,0.0014554915
Rectum,Female,tde,,,0,0.1,0.002537507706637,0.0024906925,0.0025843228
Rectum,Female,tde,,,0,0.15000001,0.0037086991514447,0.0036443719,0.0037730266
Rectum,Female,tde,,,0,0.2,0.0049237268924654,0.0048433729,0.0050040809
Rectum,Female,tde,,,0,0.25,0.0061606581801642,0.0060654809,0.0062558358
Rectum,Female,tde,,,0,0.30000001,0.0074029236765759,0.0072939633,0.007511884
Rectum,Female,tde,,,0,0.34999999,0.0086387116122157,0.0085168956,0.0087605277
Rectum,Female,tde,,,0,0.40000001,0.0098597103961541,0.009725878,0.0099935429
Rectum,Female,tde,,,0,0.44999999,0.0110601038529719,0.010915022,0.011205185
Rectum,Female,tde,,,0,0.5,0.0122358663872337,0.012080242,0.012391491
Rectum,Female,tde,,,0,0.55000001,0.0133842607107391,0.013218746,0.013549776
Rectum,Female,tde,,,0,0.60000002,0.014503490713054,0.014328691,0.01467829
Rectum,Female,tde,,,0,0.64999998,0.0155924500936101,0.015408929,0.015775971
Rectum,Female,tde,,,0,0.69999999,0.0166505474954836,0.01645883,0.016842265
Rectum,Female,tde,,,0,0.75,0.0176775671080321,0.017478146,0.01787699
Rectum,Female,tde,,,0,0.80000001,0.0186735765826708,0.018466908,0.018880244
Rectum,Female,tde,,,0,0.85000002,0.0196388530371826,0.019425372,0.019852335
Rectum,Female,tde,,,0,0.89999998,0.0205738273916075,0.020353936,0.020793719
Rectum,Female,tde,,,0,0.94999999,0.0214793193018801,0.021253398,0.021705242
Rectum,Female,tde,,,0,1.0,0.0223569551024153,0.022125348,0.022588562
Rectum,Female,tde,,,0,1.05,0.023208365597761,0.022971401,0.023445331
Rectum,Female,tde,,,0,1.1,0.0240349222420963,0.023792893,0.024276951
Rectum,Female,tde,,,0,1.15,0.0248379456934721,0.024591124,0.025084767
Rectum,Female,tde,,,0,1.2,0.0256186363660711,0.025367275,0.025869997
Rectum,Female,tde,,,0,1.25,0.0263780724482641,0.026122408,0.026633736
Rectum,Female,tde,,,0,1.3,0.0271172352094519,0.02685749,0.02737698
Rectum,Female,tde,,,0,1.35,0.0278370141426583,0.027573396,0.028100632
Rectum,Female,tde,,,0,1.4,0.0285382118391299,0.028270917,0.028805507
Rectum,Female,tde,,,0,1.45,0.0292215646422145,0.028950777,0.029492352
Rectum,Female,tde,,,0,1.5,0.0298877370594773,0.029613635,0.030161841
Rectum,Female,tde,,,0,1.55,0.0305373402089774,0.030260088,0.030814594
Rectum,Female,tde,,,0,1.6,0.0311709329206905,0.03089069,0.031451177
Rectum,Female,tde,,,0,1.65,0.0317889304296402,0.031505849,0.032072011
Rectum,Female,tde,,,0,1.7,0.0323911796666048,0.032105409,0.032676954
Rectum,Female,tde,,,0,1.75,0.0329773869699256,0.032689072,0.033265702
Rectum,Female,tde,,,0,1.8,0.0335473531974138,0.033256639,0.033838067
Rectum,Female,tde,,,0,1.85,0.0341009591830667,0.033807985,0.034393933
Rectum,Female,tde,,,0,1.9,0.0346381525406044,0.03434306,0.034933247
Rectum,Female,tde,,,0,1.95,0.0351589483522164,0.034861866,0.035456032
Rectum,Female,tde,,,0,2.0,0.0356634113111225,0.035364468,0.035962354
Rectum,Female,tde,,,0,2.05,0.0361507980337546,0.035850134,0.036451463
Rectum,Female,tde,,,0,2.0999999,0.0366220488408305,0.036319781,0.036924317
Rectum,Female,tde,,,0,2.1500001,0.0370773607602247,0.036773603,0.037381116
Rectum,Female,tde,,,0,2.2,0.0375169552777042,0.037211817,0.037822094
Rectum,Female,tde,,,0,2.25,0.0379410867935174,0.037634674,0.0382475
Rectum,Female,tde,,,0,2.3,0.0383500297445466,0.038042441,0.038657617
Rectum,Female,tde,,,0,2.3499999,0.0387440771047308,0.038435407,0.039052747
Rectum,Female,tde,,,0,2.4000001,0.0391235388262874,0.038813878,0.0394332
Rectum,Female,tde,,,0,2.45,0.0394887316804022,0.039178163,0.039799299
Rectum,Female,tde,,,0,2.5,0.0398399874328806,0.039528593,0.040151384
Rectum,Female,tde,,,0,2.55,0.0401776509494582,0.039865505,0.040489797
Rectum,Female,tde,,,0,2.5999999,0.0405021999613704,0.040189378,0.040815022
Rectum,Female,tde,,,0,2.6500001,0.0408142035137246,0.040500768,0.041127637
Rectum,Female,tde,,,0,2.7,0.0411142011277535,0.040800214,0.041428186
Rectum,Female,tde,,,0,2.75,0.0414027096327481,0.041088231,0.04171719
Rectum,Female,tde,,,0,2.8,0.0416802185847194,0.041365296,0.041995142
Rectum,Female,tde,,,0,2.8499999,0.0419471931483252,0.041631874,0.042262513
Rectum,Female,tde,,,0,2.9000001,0.0422040766005072,0.041888405,0.042519748
Rectum,Female,tde,,,0,2.95,0.0424512867187602,0.042135306,0.042767268
Rectum,Female,tde,,,0,3.0,0.0426892243052741,0.042372968,0.043005481
Rectum,Female,tde,,,0,3.05,0.042916669665126,0.042600192,0.043233149
Rectum,Female,tde,,,0,3.0999999,0.0431355301288893,0.042818863,0.0434522
Rectum,Female,tde,,,0,3.1500001,0.0433461524133325,0.043029319,0.043662984
Rectum,Female,tde,,,0,3.2,0.0435488636326643,0.043231897,0.04386583
Rectum,Female,tde,,,0,3.25,0.0437439782188839,0.043426897,0.044061057
Rectum,Female,tde,,,0,3.3,0.0439317947138401,0.043614622,0.044248965
Rectum,Female,tde,,,0,3.3499999,0.0441125975920482,0.043795355,0.044429839
Rectum,Female,tde,,,0,3.4000001,0.04428665882889,0.043969363,0.044603955
Rectum,Female,tde,,,0,3.45,0.0444542353239627,0.0441369,0.044771571
Rectum,Female,tde,,,0,3.5,0.0446155745495139,0.044298217,0.044932932
Rectum,Female,tde,,,0,3.55,0.0447709118318113,0.044453543,0.04508828
Rectum,Female,tde,,,0,3.5999999,0.0449204717927397,0.044603102,0.045237843
Rectum,Female,tde,,,0,3.6500001,0.0450644695850626,0.04474711,0.045381829
Rectum,Female,tde,,,0,3.7,0.0452031087018999,0.044885769,0.045520451
Rectum,Female,tde,,,0,3.75,0.0453365855940636,0.045019273,0.045653898
Rectum,Female,tde,,,0,3.8,0.0454650873686144,0.045147806,0.045782369
Rectum,Female,tde,,,0,3.8499999,0.0455887929321581,0.045271549,0.045906037
Rectum,Female,tde,,,0,3.9000001,0.0457078739661903,0.045390673,0.046025075
Rectum,Female,tde,,,0,3.95,0.0458224930724959,0.045505337,0.046139646
Rectum,Female,tde,,,0,4.0,0.0459328075510727,0.045615703,0.046249911
Rectum,Female,tde,,,0,4.0500002,0.0460367265451792,0.045719691,0.046353761
Rectum,Female,tde,,,0,4.0999999,0.0461365937963766,0.045819633,0.046453554
Rectum,Female,tde,,,0,4.1500001,0.0462325500994883,0.045915663,0.046549439
Rectum,Female,tde,,,0,4.1999998,0.0463247267520724,0.046007913,0.046641544
Rectum,Female,tde,,,0,4.25,0.0464132531616206,0.046096511,0.046729997
Rectum,Female,tde,,,0,4.3000002,0.0464982508664061,0.046181578,0.046814922
Rectum,Female,tde,,,0,4.3499999,0.0465798365745844,0.046263237,0.046896439
Rectum,Female,tde,,,0,4.4000001,0.0466581245836161,0.046341591,0.046974659
Rectum,Female,tde,,,0,4.4499998,0.0467332216360268,0.046416756,0.04704969
Rectum,Female,tde,,,0,4.5,0.0468052331088531,0.046488829,0.047121637
Rectum,Female,tde,,,0,4.5500002,0.0468742581242334,0.046557914,0.047190603
Rectum,Female,tde,,,0,4.5999999,0.0469403920158269,0.046624105,0.047256678
Rectum,Female,tde,,,0,4.6500001,0.047003728272288,0.046687495,0.047319964
Rectum,Female,tde,,,0,4.6999998,0.0470643543588968,0.046748169,0.047380541
Rectum,Female,tde,,,0,4.75,0.0471223567147962,0.046806216,0.047438499
Rectum,Female,tde,,,0,4.8000002,0.047177816793519,0.046861716,0.047493916
Rectum,Female,tde,,,0,4.8499999,0.0472308130514464,0.046914749,0.047546878
Rectum,Female,tde,,,0,4.9000001,0.0472814224922234,0.046965387,0.047597457
Rectum,Female,tde,,,0,4.9499998,0.0473297173158505,0.047013707,0.047645725
Rectum,Female,tde,,,0,5.0,0.0473757689067366,0.047059778,0.047691759
Rectum,Female,tde,,,1,0.0,0.0,0.0,0.0
Rectum,Female,tde,,,1,0.050000001,0.0020878891481005,0.0020604176,0.0021153607
Rectum,Female,tde,,,1,0.1,0.0039186674942347,0.0038687745,0.0039685606
Rectum,Female,tde,,,1,0.15000001,0.0057070401071312,0.0056366408,0.0057774391
Rectum,Female,tde,,,1,0.2,0.0074483020679148,0.0073590293,0.007537575
Rectum,Female,tde,,,1,0.25,0.0091371789357207,0.0090304781,0.0092438795
Rectum,Female,tde,,,1,0.30000001,0.010770708928506,0.010647874,0.010893543
Rectum,Female,tde,,,1,0.34999999,0.0123477002527674,0.012209899,0.012485501
Rectum,Female,tde,,,1,0.40000001,0.0138681350684182,0.013716423,0.014019848
Rectum,Female,tde,,,1,0.44999999,0.0153327414708991,0.015168079,0.015497403
Rectum,Female,tde,,,1,0.5,0.0167427234871098,0.01656599,0.016919456
Rectum,Female,tde,,,1,0.55000001,0.0180995730895706,0.017911574,0.018287571
Rectum,Female,tde,,,1,0.60000002,0.0194049535829845,0.019206431,0.019603476
Rectum,Female,tde,,,1,0.64999998,0.0206606171405425,0.020452255,0.020868978
Rectum,Female,tde,,,1,0.69999999,0.0218683569807752,0.021650791,0.022085924
Rectum,Female,tde,,,1,0.75,0.0230299622555747,0.02280378,0.023256145
Rectum,Female,tde,,,1,0.80000001,0.024147199903325,0.023912948,0.024381453
Rectum,Female,tde,,,1,0.85000002,0.0252217971259276,0.024979984,0.025463611
Rectum,Female,tde,,,1,0.89999998,0.0262554300878202,0.026006533,0.026504327
Rectum,Female,tde,,,1,0.94999999,0.0272500606246045,0.026994523,0.027505599
Rectum,Female,tde,,,1,1.0,0.0282084823776116,0.027946705,0.028470259
Rectum,Female,tde,,,1,1.05,0.029132181238652,0.028864544,0.029399818
Rectum,Female,tde,,,1,1.1,0.0300245606860643,0.029751403,0.030297719
Rectum,Female,tde,,,1,1.15,0.0308876680635544,0.030609304,0.031166032
Rectum,Female,tde,,,1,1.2,0.0317233228351396,0.031440042,0.032006603
Rectum,Female,tde,,,1,1.25,0.0325331320693839,0.032245204,0.032821059
Rectum,Female,tde,,,1,1.3,0.0333185317068382,0.033026211,0.033610851
Rectum,Female,tde,,,1,1.35,0.0340808034410894,0.03378433,0.034377277
Rectum,Female,tde,,,1,1.4,0.0348210892671314,0.034520682,0.035121497
Rectum,Female,tde,,,1,1.45,0.0355404209724664,0.035236292,0.03584455
Rectum,Female,tde,,,1,1.5,0.0362397205201106,0.035932068,0.036547374
Rectum,Female,tde,,,1,1.55,0.0369198246840366,0.036608838,0.037230812
Rectum,Female,tde,,,1,1.6,0.0375814905040767,0.037267346,0.037895635
Rectum,Female,tde,,,1,1.65,0.0382252906907083,0.037908159,0.03854242
Rectum,Female,tde,,,1,1.7,0.0388511133967226,0.038531166,0.039171062
Rectum,Female,tde,,,1,1.75,0.0394586752097158,0.039136074,0.039781276
Rectum,Female,tde,,,1,1.8,0.0400477986762964,0.039722703,0.040372893
Rectum,Female,tde,,,1,1.85,0.040618395563983,0.040290967,0.040945824
Rectum,Female,tde,,,1,1.9,0.04117045182115,0.040840838,0.041500065
Rectum,Female,tde,,,1,1.95,0.0417040270713792,0.041372381,0.042035677
Rectum,Female,tde,,,1,2.0,0.0422192352385481,0.041885693,0.042552777
Rectum,Female,tde,,,1,2.05,0.0427143634849116,0.042379078,0.043049648
Rectum,Female,tde,,,1,2.0999999,0.0431914593492434,0.042854562,0.043528356
Rectum,Female,tde,,,1,2.1500001,0.0436507779879305,0.043312393,0.043989163
Rectum,Female,tde,,,1,2.2,0.0440926004601015,0.043752845,0.044432353
Rectum,Female,tde,,,1,2.25,0.0445172417667873,0.044176232,0.044858251
Rectum,Female,tde,,,1,2.3,0.0449250374389242,0.044582881,0.045267195
Rectum,Female,tde,,,1,2.3499999,0.0453163416820592,0.044973142,0.045659542
Rectum,Female,tde,,,1,2.4000001,0.0456915254743524,0.045347378,0.046035673
Rectum,Female,tde,,,1,2.45,0.0460509662282539,0.045705963,0.046395969
Rectum,Female,tde,,,1,2.5,0.0463950556193621,0.046049282,0.04674083
Rectum,Female,tde,,,1,2.55,0.0467241989292731,0.046377737,0.04707066
Rectum,Female,tde,,,1,2.5999999,0.0470389552956396,0.04669188,0.047386032
Rectum,Female,tde,,,1,2.6500001,0.0473399885388163,0.046992369,0.047687605
Rectum,Female,tde,,,1,2.7,0.0476279268482682,0.047279831,0.047976024
Rectum,Female,tde,,,1,2.75,0.0479033692421049,0.047554851,0.048251886
Rectum,Female,tde,,,1,2.8,0.048166881700504,0.047817998,0.048515767
Rectum,Female,tde,,,1,2.8499999,0.0484190004618723,0.048069801,0.0487682
Rectum,Female,tde,,,1,2.9000001,0.048660234871853,0.048310764,0.049009707
Rectum,Female,tde,,,1,2.95,0.0488910644578916,0.048541363,0.049240768
Rectum,Female,tde,,,1,3.0,0.0491119473552166,0.048762053,0.049461842
Rectum,Female,tde,,,1,3.05,0.0493208891449978,0.048970852,0.049670927
Rectum,Female,tde,,,1,3.0999999,0.0495207038110146,0.049170554,0.049870852
Rectum,Female,tde,,,1,3.1500001,0.0497117841899141,0.049361549,0.050062019
Rectum,Female,tde,,,1,3.2,0.0498945007169729,0.049544208,0.050244793
Rectum,Female,tde,,,1,3.25,0.0500692080125572,0.049718879,0.050419535
Rectum,Female,tde,,,1,3.3,0.050236242251586,0.049885899,0.050586585
Rectum,Female,tde,,,1,3.3499999,0.0503959230841268,0.050045583,0.050746262
Rectum,Female,tde,,,1,3.4000001,0.0505485552751322,0.050198238,0.050898872
Rectum,Female,tde,,,1,3.45,0.0506944266983926,0.050344143,0.05104471
Rectum,Female,tde,,,1,3.5,0.0508338135193161,0.050483577,0.051184051
Rectum,Female,tde,,,1,3.55,0.0509669780197885,0.050616801,0.051317155
Rectum,Female,tde,,,1,3.5999999,0.051094170063764,0.05074406,0.051444281
Rectum,Female,tde,,,1,3.6500001,0.0512156283404924,0.050865594,0.051565662
Rectum,Female,tde,,,1,3.7,0.0513315787117273,0.050981626,0.051681533
Rectum,Female,tde,,,1,3.75,0.0514422382829732,0.051092371,0.051792104
Rectum,Female,tde,,,1,3.8,0.0515478136228038,0.051198039,0.051897585
Rectum,Female,tde,,,1,3.8499999,0.0516485018838529,0.051298823,0.051998179
Rectum,Female,tde,,,1,3.9000001,0.0517444917464813,0.051394913,0.052094072
Rectum,Female,tde,,,1,3.95,0.0518359620778484,0.051486481,0.052185442
Rectum,Female,tde,,,1,4.0,0.0519230851167333,0.051573705,0.052272465
Rectum,Female,tde,,,1,4.0500002,0.0520031781936575,0.051653914,0.052352443
Rectum,Female,tde,,,1,4.0999999,0.0520792302953062,0.051730081,0.05242838
Rectum,Female,tde,,,1,4.1500001,0.0521513936863187,0.05180236,0.052500427
Rectum,Female,tde,,,1,4.1999998,0.052219811277712,0.051870886,0.052568734
Rectum,Female,tde,,,1,4.25,0.0522846224665886,0.051935807,0.052633438
Rectum,Female,tde,,,1,4.3000002,0.0523459587878656,0.051997248,0.052694667
Rectum,Female,tde,,,1,4.3499999,0.0524039463123628,0.05205534,0.052752554
Rectum,Female,tde,,,1,4.4000001,0.0524587074316629,0.052110199,0.052807219
Rectum,Female,tde,,,1,4.4499998,0.0525103573232456,0.052161939,0.052858774
Rectum,Female,tde,,,1,4.5,0.0525590083787107,0.052210677,0.05290734
Rectum,Female,tde,,,1,4.5500002,0.0526047669126951,0.052256521,0.052953016
Rectum,Female,tde,,,1,4.5999999,0.0526477349835916,0.052299563,0.052995905
Rectum,Female,tde,,,1,4.6500001,0.0526880117055443,0.052339911,0.053036112
Rectum,Female,tde,,,1,4.6999998,0.0527256906395537,0.052377652,0.053073727
Rectum,Female,tde,,,1,4.75,0.0527608630555785,0.052412882,0.053108841
Rectum,Female,tde,,,1,4.8000002,0.0527936155300095,0.052445687,0.053141546
Rectum,Female,tde,,,1,4.8499999,0.0528240312933547,0.052476145,0.053171914
Rectum,Female,tde,,,1,4.9000001,0.0528521911535553,0.052504342,0.05320004
Rectum,Female,tde,,,1,4.9499998,0.052878171667843,0.052530356,0.05322599
Rectum,Female,tde,,,1,5.0,0.0529020474355515,0.052554253,0.053249843
Rectum,Female,tde,,,2,0.0,0.0,0.0,0.0
Rectum,Female,tde,,,2,0.050000001,-0.0034278607955107,-0.0035106766,-0.003345045
Rectum,Female,tde,,,2,0.1,-0.0076321898873058,-0.0077558067,-0.0075085731
Rectum,Female,tde,,,2,0.15000001,-0.0110054008327939,-0.01115325,-0.010857552
Rectum,Female,tde,,,2,0.2,-0.0136651187415017,-0.01382806,-0.013502178
Rectum,Female,tde,,,2,0.25,-0.0157559341199593,-0.015928645,-0.015583224
Rectum,Female,tde,,,2,0.30000001,-0.0173946108889513,-0.017574023,-0.017215198
Rectum,Female,tde,,,2,0.34999999,-0.0186711573779511,-0.018855626,-0.018486688
Rectum,Female,tde,,,2,0.40000001,-0.0196549533748856,-0.01984375,-0.019466156
Rectum,Female,tde,,,2,0.44999999,-0.0204000015548184,-0.020592986,-0.020207018
Rectum,Female,tde,,,2,0.5,-0.0209488340481698,-0.021146221,-0.020751446
Rectum,Female,tde,,,2,0.55000001,-0.0213353288576046,-0.021537537,-0.021133121
Rectum,Female,tde,,,2,0.60000002,-0.0215867543134343,-0.021794284,-0.021379225
Rectum,Female,tde,,,2,0.64999998,-0.0217252641098557,-0.021938628,-0.021511899
Rectum,Female,tde,,,2,0.69999999,-0.0217690076093738,-0.021988681,-0.021549335
Rectum,Female,tde,,,2,0.75,-0.0217329634783475,-0.021959355,-0.021506572
Rectum,Female,tde,,,2,0.80000001,-0.0216295761836197,-0.021863014,-0.02139614
Rectum,Female,tde,,,2,0.85000002,-0.0214692458057342,-0.021709975,-0.021228516
Rectum,Female,tde,,,2,0.89999998,-0.0212607103557693,-0.021508899,-0.021012522
Rectum,Female,tde,,,2,0.94999999,-0.0210115602270224,-0.021267299,-0.020755822
Rectum,Female,tde,,,2,1.0,-0.0207287641502139,-0.020992091,-0.020465437
Rectum,Female,tde,,,2,1.05,-0.020409624305431,-0.020680429,-0.020138819
Rectum,Female,tde,,,2,1.1,-0.020067731353226,-0.020345962,-0.0197895
Rectum,Female,tde,,,2,1.15,-0.0197071153367651,-0.019992685,-0.019421546
Rectum,Female,tde,,,2,1.2,-0.019331134003544,-0.01962393,-0.019038338
Rectum,Female,tde,,,2,1.25,-0.0189426033935597,-0.019242492,-0.018642714
Rectum,Female,tde,,,2,1.3,-0.0185438900528816,-0.018850723,-0.018237056
Rectum,Female,tde,,,2,1.35,-0.0181369923231578,-0.01845061,-0.017823374
Rectum,Female,tde,,,2,1.4,-0.0177236066965239,-0.018043838,-0.017403373
Rectum,Female,tde,,,2,1.45,-0.0173051722315885,-0.017631844,-0.0169785
Rectum,Female,tde,,,2,1.5,-0.016882920105923,-0.01721585,-0.016549991
Rectum,Female,tde,,,2,1.55,-0.0164579007415901,-0.016796904,-0.016118897
Rectum,Female,tde,,,2,1.6,-0.0160310147590849,-0.016375909,-0.015686121
Rectum,Female,tde,,,2,1.65,-0.0156030064400134,-0.015953604,-0.01525241
Rectum,Female,tde,,,2,1.7,-0.0151743323777887,-0.015530444,-0.014818221
Rectum,Female,tde,,,2,1.75,-0.0147453617009505,-0.015106794,-0.014383929
Rectum,Female,tde,,,2,1.8,-0.0143164532497268,-0.014683012,-0.013949895
Rectum,Female,tde,,,2,1.85,-0.0138879539585226,-0.01425944,-0.013516468
Rectum,Female,tde,,,2,1.9,-0.0134601984777286,-0.013836412,-0.013083985
Rectum,Female,tde,,,2,1.95,-0.0130334996904613,-0.013414241,-0.012652759
Rectum,Female,tde,,,2,2.0,-0.0126081553966055,-0.012993224,-0.012223086
Rectum,Female,tde,,,2,2.05,-0.012177770735554,-0.012566828,-0.011788714
Rectum,Female,tde,,,2,2.0999999,-0.011749558007957,-0.012142403,-0.011356713
Rectum,Female,tde,,,2,2.1500001,-0.0113237481953563,-0.011720181,-0.010927316
Rectum,Female,tde,,,2,2.2,-0.0109005584600525,-0.011300382,-0.010500735
Rectum,Female,tde,,,2,2.25,-0.0104801806149282,-0.010883201,-0.01007716
Rectum,Female,tde,,,2,2.3,-0.0100627900682651,-0.010468815,-0.0096567646
Rectum,Female,tde,,,2,2.3499999,-0.0096485447041241,-0.010057386,-0.0092397034
Rectum,Female,tde,,,2,2.4000001,-0.0092375839139388,-0.0096490569,-0.0088261114
Rectum,Female,tde,,,2,2.45,-0.0088300374377268,-0.0092439596,-0.0084161153
Rectum,Female,tde,,,2,2.5,-0.0084260146349485,-0.0088422084,-0.0080098212
Rectum,Female,tde,,,2,2.55,-0.0080256154913893,-0.0084439069,-0.007607324
Rectum,Female,tde,,,2,2.5999999,-0.0076289616841168,-0.0080491835,-0.0072087399
Rectum,Female,tde,,,2,2.6500001,-0.0072361820131354,-0.0076581738,-0.0068141902
Rectum,Female,tde,,,2,2.7,-0.0068473898354045,-0.0072709997,-0.0064237798
Rectum,Female,tde,,,2,2.75,-0.0064626734908846,-0.0068877558,-0.006037591
Rectum,Female,tde,,,2,2.8,-0.0060821061467682,-0.0065085222,-0.0056556901
Rectum,Female,tde,,,2,2.8499999,-0.0057057459656352,-0.0061333636,-0.0052781282
Rectum,Female,tde,,,2,2.9000001,-0.005333636144823,-0.0057623298,-0.0049049426
Rectum,Female,tde,,,2,2.95,-0.0049658135814757,-0.0053954632,-0.004536164
Rectum,Female,tde,,,2,3.0,-0.0046022996256183,-0.0050327913,-0.0041718078
Rectum,Female,tde,,,2,3.05,-0.0042386095577194,-0.0046696737,-0.0038075454
Rectum,Female,tde,,,2,3.0999999,-0.0038795118779181,-0.0043110452,-0.0034479785
Rectum,Female,tde,,,2,3.1500001,-0.0035249994573923,-0.0039569037,-0.0030930953
Rectum,Female,tde,,,2,3.2,-0.0031750641617981,-0.0036072461,-0.0027428824
Rectum,Female,tde,,,2,3.25,-0.0028296874724258,-0.0032620581,-0.0023973167
Rectum,Female,tde,,,2,3.3,-0.002488847945668,-0.0029213233,-0.0020563726
Rectum,Female,tde,,,2,3.3499999,-0.0021525201101511,-0.0025850199,-0.0017200202
Rectum,Female,tde,,,2,3.4000001,-0.0018206734252836,-0.0022531219,-0.001388225
Rectum,Female,tde,,,2,3.45,-0.0014932790593395,-0.0019256038,-0.0010609543
Rectum,Female,tde,,,2,3.5,-0.0011703008123458,-0.0016024333,-0.00073816831
Rectum,Female,tde,,,2,3.55,-0.0008517018365048,-0.0012835769,-0.00041982671
Rectum,Female,tde,,,2,3.5999999,-0.0005374433712755,-0.0009689994,-0.00010588736
Rectum,Female,tde,,,2,3.6500001,-0.0002274835667599,-0.00065866177,0.00020369465
Rectum,Female,tde,,,2,3.7,7.82163663817e-05,-0.00035252844,0.00050896115
Rectum,Female,tde,,,2,3.75,0.0003797007951975,-5.0557843e-05,0.00080995943
Rectum,Female,tde,,,2,3.8,0.0006770135285572,0.00024729109,0.001106736
Rectum,Female,tde,,,2,3.8499999,0.0009701991246791,0.00054106035,0.0013993379
Rectum,Female,tde,,,2,3.9000001,0.0012593040997318,0.00083079399,0.0016878142
Rectum,Female,tde,,,2,3.95,0.0015443712909795,0.0011165324,0.0019722101
Rectum,Female,tde,,,2,4.0,0.0018254480018139,0.0013983208,0.0022525752
Rectum,Female,tde,,,2,4.0500002,0.0021048009861212,0.0016785964,0.0025310055
Rectum,Female,tde,,,2,4.0999999,0.0023800229437314,0.001954776,0.00280527
Rectum,Female,tde,,,2,4.1500001,0.0026511702154055,0.0022269138,0.0030754267
Rectum,Female,tde,,,2,4.1999998,0.0029182885869684,0.0024950542,0.0033415232
Rectum,Female,tde,,,2,4.25,0.0031814339108303,0.0027592506,0.0036036172
Rectum,Female,tde,,,2,4.3000002,0.0034406541183964,0.0030195497,0.0038617584
Rectum,Female,tde,,,2,4.3499999,0.0036959969790476,0.0032759975,0.0041159964
Rectum,Female,tde,,,2,4.4000001,0.0039475171919445,0.0035286474,0.0043663871
Rectum,Female,tde,,,2,4.4499998,0.0041952593917162,0.0037775419,0.0046129767
Rectum,Female,tde,,,2,4.5,0.0044392773060597,0.0040227342,0.0048558204
Rectum,Female,tde,,,2,4.5500002,0.0046796170976134,0.0042642686,0.0050949659
Rectum,Female,tde,,,2,4.5999999,0.0049163245847599,0.0045021893,0.0053304597
Rectum,Female,tde,,,2,4.6500001,0.0051494518347856,0.0047365478,0.0055623557
Rectum,Female,tde,,,2,4.6999998,0.0053790414292184,0.0049673854,0.0057906974
Rectum,Female,tde,,,2,4.75,0.0056051442371421,0.005194752,0.0060155364
Rectum,Female,tde,,,2,4.8000002,0.0058278039916753,0.0054186899,0.0062369183
Rectum,Female,tde,,,2,4.8499999,0.0060470639965538,0.0056392411,0.0064548869
Rectum,Female,tde,,,2,4.9000001,0.0062629732437846,0.0058564548,0.006669492
Rectum,Female,tde,,,2,4.9499998,0.0064755718503897,0.0060703689,0.0068807746
Rectum,Female,tde,,,2,5.0,0.0066849075287784,0.0062810313,0.0070887837
Rectum,Female,tie,,,0,0.0,0.0,0.0,0.0
Rectum,Female,tie,,,0,0.050000001,-1.50656724935e-05,-0.00019889252,0.00016876118
Rectum,Female,tie,,,0,0.1,-0.0001124849875882,-0.00048572081,0.00026075085
Rectum,Female,tie,,,0,0.15000001,-0.0002637767945056,-0.00081802392,0.00029047034
Rectum,Female,tie,,,0,0.2,-0.000453587850493,-0.0011797004,0.00027252466
Rectum,Female,tie,,,0,0.25,-0.0006719587197299,-0.00156111,0.00021719256
Rectum,Female,tie,,,0,0.30000001,-0.0009119139363574,-0.0019558065,0.0001319786
Rectum,Female,tie,,,0,0.34999999,-0.0011683428969619,-0.0023592326,2.254679e-05
Rectum,Female,tie,,,0,0.40000001,-0.0014373871148786,-0.0027680583,-0.00010671579
Rectum,Female,tie,,,0,0.44999999,-0.0017160678331825,-0.0031797937,-0.00025234188
Rectum,Female,tie,,,0,0.5,-0.0020020475401601,-0.0035925491,-0.00041154589
Rectum,Female,tie,,,0,0.55000001,-0.0022934665646986,-0.0040048738,-0.00058205921
Rectum,Female,tie,,,0,0.60000002,-0.0025888299773933,-0.0044156467,-0.00076201349
Rectum,Female,tie,,,0,0.64999998,-0.0028869250626899,-0.0048239953,-0.00094985461
Rectum,Female,tie,,,0,0.69999999,-0.0031867622742306,-0.005229244,-0.0011442805
Rectum,Female,tie,,,0,0.75,-0.0034875276670465,-0.0056308652,-0.0013441903
Rectum,Female,tie,,,0,0.80000001,-0.0037885496314853,-0.0060284506,-0.0015486488
Rectum,Female,tie,,,0,0.85000002,-0.0040892716924815,-0.0064216871,-0.0017568565
Rectum,Female,tie,,,0,0.89999998,-0.004389231122312,-0.0068103359,-0.0019681265
Rectum,Female,tie,,,0,0.94999999,-0.0046880867357297,-0.0071942811,-0.0021818925
Rectum,Female,tie,,,0,1.0,-0.0049857648650775,-0.0075737373,-0.0023977922
Rectum,Female,tie,,,0,1.05,-0.00528233609049,-0.0079488819,-0.0026157903
Rectum,Female,tie,,,0,1.1,-0.0055777680654781,-0.0083200838,-0.0028354526
Rectum,Female,tie,,,0,1.15,-0.0058721087843475,-0.0086876033,-0.0030566147
Rectum,Female,tie,,,0,1.2,-0.0061654160559647,-0.0090516852,-0.003279147
Rectum,Female,tie,,,0,1.25,-0.0064577486658332,-0.0094125532,-0.0035029443
Rectum,Female,tie,,,0,1.3,-0.0067491689703915,-0.0097704148,-0.0037279231
Rectum,Female,tie,,,0,1.35,-0.0070397391500496,-0.010125462,-0.0039540166
Rectum,Female,tie,,,0,1.4,-0.0073295179895629,-0.010477867,-0.004181169
Rectum,Female,tie,,,0,1.45,-0.0076185649293629,-0.010827793,-0.004409337
Rectum,Female,tie,,,0,1.5,-0.0079069340067385,-0.011175384,-0.0046384842
Rectum,Female,tie,,,0,1.55,-0.0081946783454518,-0.011520776,-0.004868581
Rectum,Female,tie,,,0,1.6,-0.0084818478834367,-0.011864091,-0.0050996048
Rectum,Female,tie,,,0,1.65,-0.0087684870560097,-0.01220544,-0.0053315344
Rectum,Female,tie,,,0,1.7,-0.0090545562126141,-0.01254482,-0.0055642924
Rectum,Female,tie,,,0,1.75,-0.0093398014002752,-0.012881951,-0.0057976511
Rectum,Female,tie,,,0,1.8,-0.0096239540358454,-0.013216542,-0.0060313656
Rectum,Female,tie,,,0,1.85,-0.0099067641538842,-0.013548325,-0.0062652035
Rectum,Female,tie,,,0,1.9,-0.0101879974242539,-0.013877053,-0.0064989417
Rectum,Female,tie,,,0,1.95,-0.0104674389510864,-0.014202509,-0.0067323684
Rectum,Female,tie,,,0,2.0,-0.0107448870502246,-0.014524492,-0.0069652814
Rectum,Female,tie,,,0,2.05,-0.0110199678926187,-0.014842356,-0.0071975803
Rectum,Female,tie,,,0,2.0999999,-0.0112926743846459,-0.015156374,-0.0074289739
Rectum,Female,tie,,,0,2.1500001,-0.0115628506709904,-0.015466409,-0.0076592923
Rectum,Female,tie,,,0,2.2,-0.0118303499082905,-0.015772328,-0.0078883711
Rectum,Female,tie,,,0,2.25,-0.0120950413114515,-0.016074022,-0.0081160609
Rectum,Female,tie,,,0,2.3,-0.0123568043317658,-0.016371392,-0.0083422167
Rectum,Female,tie,,,0,2.3499999,-0.0126155293230195,-0.016664352,-0.0085667064
Rectum,Female,tie,,,0,2.4000001,-0.0128711181506493,-0.016952831,-0.0087894052
Rectum,Female,tie,,,0,2.45,-0.0131234787552596,-0.017236764,-0.0090101939
Rectum,Female,tie,,,0,2.5,-0.0133725319139578,-0.017516099,-0.0092289653
Rectum,Female,tie,,,0,2.55,-0.0136182086654396,-0.017790798,-0.0094456198
Rectum,Female,tie,,,0,2.5999999,-0.0138605170843741,-0.01806091,-0.0096601238
Rectum,Female,tie,,,0,2.6500001,-0.0140995402837394,-0.018326575,-0.0098725064
Rectum,Female,tie,,,0,2.7,-0.0143353597713642,-0.018587923,-0.010082797
Rectum,Female,tie,,,0,2.75,-0.0145680587212212,-0.018845087,-0.010291031
Rectum,Female,tie,,,0,2.8,-0.0147977173080544,-0.019098192,-0.010497242
Rectum,Female,tie,,,0,2.8499999,-0.0150244137887825,-0.019347362,-0.010701465
Rectum,Female,tie,,,0,2.9000001,-0.0152482255179205,-0.019592714,-0.010903738
Rectum,Female,tie,,,0,2.95,-0.0154692246651855,-0.019834358,-0.011104091
Rectum,Female,tie,,,0,3.0,-0.0156874846056634,-0.020072406,-0.011302563
Rectum,Female,tie,,,0,3.05,-0.0159026311858986,-0.02030617,-0.011499092
Rectum,Female,tie,,,0,3.0999999,-0.0161151557347825,-0.020536521,-0.011693791
Rectum,Female,tie,,,0,3.1500001,-0.0163251260047136,-0.020763557,-0.011886694
Rectum,Female,tie,,,0,3.2,-0.0165326047886529,-0.020987371,-0.012077839
Rectum,Female,tie,,,0,3.25,-0.0167376559578192,-0.021208053,-0.012267258
Rectum,Female,tie,,,0,3.3,-0.0169403404803879,-0.021425696,-0.012454986
Rectum,Female,tie,,,0,3.3499999,-0.0171407174676381,-0.021640379,-0.012641056
Rectum,Female,tie,,,0,3.4000001,-0.0173388451550392,-0.021852188,-0.012825503
Rectum,Female,tie,,,0,3.45,-0.0175347771777098,-0.022061197,-0.013008358
Rectum,Female,tie,,,0,3.5,-0.017728568283604,-0.022267485,-0.013189652
Rectum,Female,tie,,,0,3.55,-0.0179202705902314,-0.022471122,-0.013369418
Rectum,Female,tie,,,0,3.5999999,-0.0181099345813973,-0.022672182,-0.013547687
Rectum,Female,tie,,,0,3.6500001,-0.018297610044345,-0.022870732,-0.013724487
Rectum,Female,tie,,,0,3.7,-0.0184833425465136,-0.023066837,-0.013899848
Rectum,Female,tie,,,0,3.75,-0.0186671788511758,-0.023260558,-0.014073799
Rectum,Female,tie,,,0,3.8,-0.0188491633746789,-0.023451958,-0.014246369
Rectum,Female,tie,,,0,3.8499999,-0.019029339131479,-0.023641095,-0.014417583
Rectum,Female,tie,,,0,3.9000001,-0.0192077486253605,-0.023828026,-0.01458747
Rectum,Female,tie,,,0,3.95,-0.0193844304987862,-0.024012806,-0.014756056
Rectum,Female,tie,,,0,4.0,-0.0195594246797385,-0.024195485,-0.014923364
Rectum,Female,tie,,,0,4.0500002,-0.0197320889945088,-0.024375042,-0.015089136
Rectum,Female,tie,,,0,4.0999999,-0.0199031201814267,-0.024552582,-0.015253659
Rectum,Female,tie,,,0,4.1500001,-0.0200725573174604,-0.024728153,-0.015416962
Rectum,Female,tie,,,0,4.1999998,-0.0202404318666213,-0.024901798,-0.015579065
Rectum,Female,tie,,,0,4.25,-0.0204067806461617,-0.025073567,-0.015739994
Rectum,Female,tie,,,0,4.3000002,-0.0205716346188634,-0.025243502,-0.015899768
Rectum,Female,tie,,,0,4.3499999,-0.0207350237955459,-0.025411639,-0.016058408
Rectum,Female,tie,,,0,4.4000001,-0.0208969818797923,-0.025578028,-0.016215937
Rectum,Female,tie,,,0,4.4499998,-0.0210575354276992,-0.025742698,-0.016372373
Rectum,Female,tie,,,0,4.5,-0.0212167162376069,-0.025905693,-0.016527738
Rectum,Female,tie,,,0,4.5500002,-0.0213745506293282,-0.026067048,-0.016682053
Rectum,Female,tie,,,0,4.5999999,-0.0215310641253343,-0.026226798,-0.01683533
Rectum,Female,tie,,,0,4.6500001,-0.0216862858997374,-0.026384978,-0.016987594
Rectum,Female,tie,,,0,4.6999998,-0.0218402383884437,-0.026541619,-0.017138857
Rectum,Female,tie,,,0,4.75,-0.0219929491595898,-0.026696755,-0.017289143
Rectum,Female,tie,,,0,4.8000002,-0.022144440631642,-0.026850417,-0.017438464
Rectum,Female,tie,,,0,4.8499999,-0.0222947345553626,-0.027002633,-0.017586837
Rectum,Female,tie,,,0,4.9000001,-0.022443856285536,-0.027153432,-0.01773428
Rectum,Female,tie,,,0,4.9499998,-0.0225918247988565,-0.027302844,-0.017880805
Rectum,Female,tie,,,0,5.0,-0.0227386640943256,-0.027450897,-0.018026432
Rectum,Female,tie,,,1,0.0,0.0,0.0,0.0
Rectum,Female,tie,,,1,0.050000001,-0.0001293327990917,-0.00033894947,8.0283862e-05
Rectum,Female,tie,,,1,0.1,-0.000362244881087,-0.00078429899,5.9809252e-05
Rectum,Female,tie,,,1,0.15000001,-0.0006410559319941,-0.0012623369,-1.9774961e-05
Rectum,Female,tie,,,1,0.2,-0.0009473802949542,-0.0017548257,-0.00013993493
Rectum,Female,tie,,,1,0.25,-0.001271634912798,-0.002253351,-0.00028991888
Rectum,Female,tie,,,1,0.30000001,-0.0016079699047478,-0.0027532652,-0.00046267459
Rectum,Female,tie,,,1,0.34999999,-0.001952492209143,-0.00325175,-0.00065323431
Rectum,Female,tie,,,1,0.40000001,-0.0023024657349971,-0.0037470013,-0.00085793011
Rectum,Female,tie,,,1,0.44999999,-0.0026558920790707,-0.0042378237,-0.0010739606
Rectum,Female,tie,,,1,0.5,-0.0030112722221871,-0.004723412,-0.0012991324
Rectum,Female,tie,,,1,0.55000001,-0.0033674572937797,-0.0052032215,-0.0015316932
Rectum,Female,tie,,,1,0.60000002,-0.0037235535054964,-0.0056768856,-0.0017702214
Rectum,Female,tie,,,1,0.64999998,-0.0040788566441189,-0.0061441641,-0.002013549
Rectum,Female,tie,,,1,0.69999999,-0.0044328083955555,-0.0066049104,-0.0022607066
Rectum,Female,tie,,,1,0.75,-0.0047849611908743,-0.0070590414,-0.0025108811
Rectum,Female,tie,,,1,0.80000001,-0.0051349559153568,-0.0075065261,-0.0027633859
Rectum,Female,tie,,,1,0.85000002,-0.0054825034927295,-0.0079473685,-0.0030176386
Rectum,Female,tie,,,1,0.89999998,-0.0058273707521843,-0.0083816005,-0.0032731406
Rectum,Female,tie,,,1,0.94999999,-0.0061694237969925,-0.0088093486,-0.0035294993
Rectum,Female,tie,,,1,1.0,-0.0065088106074649,-0.0092310766,-0.0037865448
Rectum,Female,tie,,,1,1.05,-0.0068455191425062,-0.0096469251,-0.0040441137
Rectum,Female,tie,,,1,1.1,-0.007179967807195,-0.010057715,-0.0043022214
Rectum,Female,tie,,,1,1.15,-0.0075123494477872,-0.010463865,-0.0045608343
Rectum,Female,tie,,,1,1.2,-0.0078428459437492,-0.010865754,-0.004819938
Rectum,Female,tie,,,1,1.25,-0.0081716221814198,-0.011263719,-0.0050795255
Rectum,Female,tie,,,1,1.3,-0.0084988321467559,-0.011658065,-0.0053395992
Rectum,Female,tie,,,1,1.35,-0.0088246172488579,-0.012049067,-0.0056001679
Rectum,Female,tie,,,1,1.4,-0.0091491047769945,-0.012436966,-0.0058612428
Rectum,Female,tie,,,1,1.45,-0.0094724141197891,-0.012821989,-0.0061228392
Rectum,Female,tie,,,1,1.5,-0.0097946513543756,-0.013204332,-0.0063849716
Rectum,Female,tie,,,1,1.55,-0.0101159154006928,-0.013584173,-0.0066476576
Rectum,Female,tie,,,1,1.6,-0.0104362964111667,-0.013961678,-0.0069109141
Rectum,Female,tie,,,1,1.65,-0.0107558739569049,-0.014336991,-0.0071747568
Rectum,Female,tie,,,1,1.7,-0.0110746266262036,-0.014710123,-0.0074391309
Rectum,Female,tie,,,1,1.75,-0.0113922833909358,-0.015080773,-0.0077037937
Rectum,Female,tie,,,1,1.8,-0.0117085558661167,-0.015448624,-0.0079684872
Rectum,Female,tie,,,1,1.85,-0.0120231767631537,-0.015813388,-0.0082329651
Rectum,Female,tie,,,1,1.9,-0.0123358963457195,-0.016174799,-0.0084969932
Rectum,Female,tie,,,1,1.95,-0.0126464864761803,-0.016532622,-0.0087603508
Rectum,Female,tie,,,1,2.0,-0.012954733556624,-0.016886642,-0.0090228254
Rectum,Female,tie,,,1,2.05,-0.0132599479634832,-0.017235959,-0.0092839366
Rectum,Female,tie,,,1,2.0999999,-0.0135624215237994,-0.017581085,-0.0095437579
Rectum,Female,tie,,,1,2.1500001,-0.0138619906292512,-0.017921863,-0.009802117
Rectum,Female,tie,,,1,2.2,-0.014158501244946,-0.018258158,-0.010058844
Rectum,Female,tie,,,1,2.25,-0.0144518166932965,-0.018589849,-0.010313785
Rectum,Female,tie,,,1,2.3,-0.0147418111807981,-0.01891683,-0.010566792
Rectum,Female,tie,,,1,2.3499999,-0.015028370528426,-0.01923901,-0.01081773
Rectum,Female,tie,,,1,2.4000001,-0.0153113928440427,-0.019556314,-0.011066472
Rectum,Female,tie,,,1,2.45,-0.0155907825065105,-0.019868668,-0.011312897
Rectum,Female,tie,,,1,2.5,-0.0158664576610509,-0.020176018,-0.011556897
Rectum,Female,tie,,,1,2.55,-0.0161383474371787,-0.020478323,-0.011798371
Rectum,Female,tie,,,1,2.5999999,-0.0164064671917189,-0.02077564,-0.012037293
Rectum,Female,tie,,,1,2.6500001,-0.0166709160526593,-0.021068122,-0.012273709
Rectum,Female,tie,,,1,2.7,-0.0169317905916777,-0.021355914,-0.012507667
Rectum,Female,tie,,,1,2.75,-0.0171891884682929,-0.021639163,-0.012739213
Rectum,Female,tie,,,1,2.8,-0.0174432033563579,-0.021918008,-0.0129684
Rectum,Female,tie,,,1,2.8499999,-0.0176939262181534,-0.022192581,-0.013195273
Rectum,Female,tie,,,1,2.9000001,-0.0179414464955659,-0.022463011,-0.013419881
Rectum,Female,tie,,,1,2.95,-0.0181858474341757,-0.022729423,-0.013642272
Rectum,Female,tie,,,1,3.0,-0.018427213203239,-0.022991935,-0.013862492
Rectum,Female,tie,,,1,3.05,-0.018664876253676,-0.02324966,-0.014080093
Rectum,Female,tie,,,1,3.0999999,-0.0188996438497407,-0.023503689,-0.014295599
Rectum,Female,tie,,,1,3.1500001,-0.0191315928806427,-0.023754131,-0.014509055
Rectum,Female,tie,,,1,3.2,-0.0193607945018084,-0.024001088,-0.0147205
Rectum,Female,tie,,,1,3.25,-0.0195873208333932,-0.024244659,-0.014929983
Rectum,Female,tie,,,1,3.3,-0.0198112405877735,-0.024484938,-0.015137543
Rectum,Female,tie,,,1,3.3499999,-0.0200326202477901,-0.024722019,-0.015343222
Rectum,Female,tie,,,1,3.4000001,-0.0202515251707659,-0.024955988,-0.015547062
Rectum,Female,tie,,,1,3.45,-0.0204680154910848,-0.02518693,-0.015749101
Rectum,Female,tie,,,1,3.5,-0.0206821524482577,-0.025414927,-0.015949378
Rectum,Female,tie,,,1,3.55,-0.0208939942651351,-0.025640057,-0.016147932
Rectum,Female,tie,,,1,3.5999999,-0.0211035972615757,-0.025862398,-0.016344797
Rectum,Female,tie,,,1,3.6500001,-0.0213110169012456,-0.026082024,-0.016540011
Rectum,Female,tie,,,1,3.7,-0.0215163039074562,-0.026299,-0.016733607
Rectum,Female,tie,,,1,3.75,-0.02171951025727,-0.0265134,-0.016925622
Rectum,Female,tie,,,1,3.8,-0.0219206852738649,-0.026725285,-0.017116087
Rectum,Female,tie,,,1,3.8499999,-0.0221198766778658,-0.026934719,-0.017305033
Rectum,Female,tie,,,1,3.9000001,-0.0223171315788807,-0.027141767,-0.017492495
Rectum,Female,tie,,,1,3.95,-0.0225124927763059,-0.027346484,-0.017678503
Rectum,Female,tie,,,1,4.0,-0.0227060044546968,-0.027548926,-0.017863082
Rectum,Female,tie,,,1,4.0500002,-0.0228967267232841,-0.027747884,-0.018045569
Rectum,Female,tie,,,1,4.0999999,-0.0230856644559681,-0.02794466,-0.01822667
Rectum,Female,tie,,,1,4.1500001,-0.0232728607228465,-0.028139306,-0.018406415
Rectum,Female,tie,,,1,4.1999998,-0.0234583501631325,-0.02833187,-0.018584831
Rectum,Female,tie,,,1,4.25,-0.0236421733131011,-0.028522404,-0.018761942
Rectum,Female,tie,,,1,4.3000002,-0.0238243642252607,-0.028710952,-0.018937776
Rectum,Female,tie,,,1,4.3499999,-0.0240049558866009,-0.028897559,-0.019112354
Rectum,Female,tie,,,1,4.4000001,-0.0241839853550996,-0.029082267,-0.019285703
Rectum,Female,tie,,,1,4.4499998,-0.0243614817793798,-0.029265119,-0.019457845
Rectum,Female,tie,,,1,4.5,-0.0245374800958804,-0.029446157,-0.019628804
Rectum,Female,tie,,,1,4.5500002,-0.0247120091785369,-0.029625418,-0.019798601
Rectum,Female,tie,,,1,4.5999999,-0.0248850970143079,-0.029802939,-0.019967254
Rectum,Female,tie,,,1,4.6500001,-0.0250567756251642,-0.02997876,-0.020134792
Rectum,Female,tie,,,1,4.6999998,-0.0252270695784314,-0.030152913,-0.020301227
Rectum,Female,tie,,,1,4.75,-0.0253960091165293,-0.030325435,-0.020466583
Rectum,Female,tie,,,1,4.8000002,-0.0255636187848436,-0.030496359,-0.020630879
Rectum,Female,tie,,,1,4.8499999,-0.025729922389234,-0.030665714,-0.020794131
Rectum,Female,tie,,,1,4.9000001,-0.0258949477241477,-0.030833537,-0.02095636
Rectum,Female,tie,,,1,4.9499998,-0.0260587155271968,-0.03099985,-0.021117579
Rectum,Female,tie,,,1,5.0,-0.0262212520957699,-0.031164691,-0.021277813
Rectum,Female,tie,,,2,0.0,0.0,0.0,0.0
Rectum,Female,tie,,,2,0.050000001,0.0007982818747804,0.00048700193,0.0011095618
Rectum,Female,tie,,,2,0.1,0.001665293126136,0.00098722021,0.0023433662
Rectum,Female,tie,,,2,0.15000001,0.0024216767584894,0.0014067627,0.0034365908
Rectum,Female,tie,,,2,0.2,0.0030612014464924,0.0017468946,0.0043755085
Rectum,Female,tie,,,2,0.25,0.0035965056699037,0.0020175048,0.0051755067
Rectum,Female,tie,,,2,0.30000001,0.0040425767514679,0.0022289376,0.005856216
Rectum,Female,tie,,,2,0.34999999,0.0044131916943578,0.0023904217,0.0064359619
Rectum,Female,tie,,,2,0.40000001,0.004720198140119,0.0025098438,0.0069305524
Rectum,Female,tie,,,2,0.44999999,0.0049735529529345,0.0025938547,0.0073532513
Rectum,Female,tie,,,2,0.5,0.005181561991396,0.0026480444,0.0077150795
Rectum,Female,tie,,,2,0.55000001,0.0053511443684525,0.002677114,0.008025175
Rectum,Female,tie,,,2,0.60000002,0.0054880739046944,0.0026850251,0.0082911225
Rectum,Female,tie,,,2,0.64999998,0.0055971828092254,0.0026751268,0.0085192388
Rectum,Female,tie,,,2,0.69999999,0.0056825301175588,0.0026502565,0.0087148035
Rectum,Female,tie,,,2,0.75,0.0057475376205067,0.0026128264,0.0088822488
Rectum,Female,tie,,,2,0.80000001,0.0057951012506357,0.0025648915,0.0090253111
Rectum,Female,tie,,,2,0.85000002,0.0058276808138993,0.0025082058,0.009147156
Rectum,Female,tie,,,2,0.89999998,0.0058473730123684,0.0024442703,0.009250476
Rectum,Female,tie,,,2,0.94999999,0.005855994500336,0.0023743741,0.0093376152
Rectum,Female,tie,,,2,1.0,0.0058551966243261,0.0022996236,0.0094107697
Rectum,Female,tie,,,2,1.05,0.0058443207105282,0.0022200164,0.0094686253
Rectum,Female,tie,,,2,1.1,0.0058266075319734,0.0021372745,0.0095159402
Rectum,Female,tie,,,2,1.15,0.0058030401431108,0.0020520322,0.0095540481
Rectum,Female,tie,,,2,1.2,0.00577444386324,0.0019648173,0.0095840702
Rectum,Female,tie,,,2,1.25,0.0057415151271625,0.0018760712,0.0096069593
Rectum,Female,tie,,,2,1.3,0.0057048437926539,0.0017861628,0.0096235247
Rectum,Female,tie,,,2,1.35,0.0056649316250573,0.0016954007,0.0096344622
Rectum,Female,tie,,,2,1.4,0.005622207451232,0.0016040462,0.0096403686
Rectum,Female,tie,,,2,1.45,0.0055770385389014,0.0015123179,0.0096417591
Rectum,Female,tie,,,2,1.5,0.0055297412677246,0.0014204012,0.0096390815
Rectum,Female,tie,,,2,1.55,0.0054805884887766,0.0013284519,0.0096327253
Rectum,Female,tie,,,2,1.6,0.0054298165088154,0.0012366021,0.0096230311
Rectum,Female,tie,,,2,1.65,0.0053776309872852,0.0011449637,0.0096102981
Rectum,Female,tie,,,2,1.7,0.0053242013979618,0.0010536433,0.0095947599
Rectum,Female,tie,,,2,1.75,0.0052696601537601,0.00096276688,0.0095765535
Rectum,Female,tie,,,2,1.8,0.0052141348893673,0.00087245897,0.0095558111
Rectum,Female,tie,,,2,1.85,0.0051577522649163,0.00078283658,0.0095326677
Rectum,Female,tie,,,2,1.9,0.0051006369500762,0.00069401157,0.0095072621
Rectum,Female,tie,,,2,1.95,0.0050429095865051,0.00060608593,0.0094797332
Rectum,Female,tie,,,2,2.0,0.0049846870568646,0.00051915599,0.0094502177
Rectum,Female,tie,,,2,2.05,0.0049240953810218,0.00043282355,0.0094153676
Rectum,Female,tie,,,2,2.0999999,0.0048632693545596,0.00034770931,0.009378829
Rectum,Female,tie,,,2,2.1500001,0.0048023096472966,0.00026388516,0.0093407342
Rectum,Female,tie,,,2,2.2,0.0047413119136469,0.00018141573,0.009301208
Rectum,Female,tie,,,2,2.25,0.0046803649962453,0.00010035838,0.0092603713
Rectum,Female,tie,,,2,2.3,0.0046195521116023,2.0763015e-05,0.0092183417
Rectum,Female,tie,,,2,2.3499999,0.0045589506416176,-5.7325393e-05,0.009175227
Rectum,Female,tie,,,2,2.4000001,0.0044986319746328,-0.00013387013,0.0091311345
Rectum,Female,tie,,,2,2.45,0.0044386628177467,-0.0002088378,0.0090861637
Rectum,Female,tie,,,2,2.5,0.0043791036602226,-0.00028220215,0.0090404097
Rectum,Female,tie,,,2,2.55,0.0043200098739134,-0.00035394201,0.0089939618
Rectum,Female,tie,,,2,2.5999999,0.0042614252181617,-0.00042406202,0.0089469124
Rectum,Female,tie,,,2,2.6500001,0.0042033805740078,-0.00049259106,0.0088993525
Rectum,Female,tie,,,2,2.7,0.0041459016573292,-0.00055955956,0.0088513633
Rectum,Female,tie,,,2,2.75,0.0040890084015254,-0.00062500098,0.0088030174
Rectum,Female,tie,,,2,2.8,0.0040327167178192,-0.00068894913,0.0087543828
Rectum,Female,tie,,,2,2.8499999,0.0039770387854066,-0.00075143838,0.0087055163
Rectum,Female,tie,,,2,2.9000001,0.0039219832870631,-0.00081250432,0.008656471
Rectum,Female,tie,,,2,2.95,0.0038675568904988,-0.00087218138,0.0086072953
Rectum,Female,tie,,,2,3.0,0.0038137630529772,-0.00093050528,0.0085580312
Rectum,Female,tie,,,2,3.05,0.0037588875529472,-0.00098755932,0.0085053341
Rectum,Female,tie,,,2,3.0999999,0.0037046878732281,-0.0010432892,0.0084526651
Rectum,Female,tie,,,2,3.1500001,0.0036511612967707,-0.0010977302,0.0084000528
Rectum,Female,tie,,,2,3.2,0.0035983045542182,-0.0011509178,0.0083475271
Rectum,Female,tie,,,2,3.25,0.0035461124898564,-0.0012028854,0.0082951104
Rectum,Female,tie,,,2,3.3,0.0034945792583368,-0.0012536679,0.0082428269
Rectum,Female,tie,,,2,3.3499999,0.0034436982187778,-0.0013032972,0.0081906933
Rectum,Female,tie,,,2,3.4000001,0.0033934618286975,-0.0013518059,0.0081387293
Rectum,Female,tie,,,2,3.45,0.0033438627144168,-0.0013992251,0.0080869505
Rectum,Female,tie,,,2,3.5,0.0032948923345467,-0.0014455852,0.0080353701
Rectum,Female,tie,,,2,3.55,0.0032465420290826,-0.0014909159,0.0079840003
Rectum,Female,tie,,,2,3.5999999,0.0031988028549493,-0.0015352463,0.007932852
Rectum,Female,tie,,,2,3.6500001,0.0031516654293884,-0.0015786038,0.0078819348
Rectum,Female,tie,,,2,3.7,0.0031051208841958,-0.0016210162,0.0078312578
Rectum,Female,tie,,,2,3.75,0.0030591595675876,-0.0016625091,0.007780828
Rectum,Female,tie,,,2,3.8,0.0030137719897831,-0.0017031087,0.0077306526
Rectum,Female,tie,,,2,3.8499999,0.0029689486345979,-0.0017428393,0.0076807365
Rectum,Female,tie,,,2,3.9000001,0.0029246797822598,-0.0017817257,0.0076310853
Rectum,Female,tie,,,2,3.95,0.002880956379149,-0.0018197895,0.0075817024
Rectum,Female,tie,,,2,4.0,0.0028377687953491,-0.0018570543,0.0075325919
Rectum,Female,tie,,,2,4.0500002,0.0027936400697992,-0.0018931984,0.0074804784
Rectum,Female,tie,,,2,4.0999999,0.0027500667573607,-0.0019285558,0.0074286894
Rectum,Female,tie,,,2,4.1500001,0.0027070382039541,-0.0019631488,0.0073772254
Rectum,Female,tie,,,2,4.1999998,0.0026645455464943,-0.0019969966,0.0073260879
Rectum,Female,tie,,,2,4.25,0.0026225784395401,-0.0020301202,0.0072752773
Rectum,Female,tie,,,2,4.3000002,0.0025811279128263,-0.0020625386,0.0072247945
Rectum,Female,tie,,,2,4.3499999,0.0025401851397575,-0.0020942697,0.00717464
Rectum,Female,tie,,,2,4.4000001,0.0024997402931639,-0.0021253317,0.0071248123
Rectum,Female,tie,,,2,4.4499998,0.0024597852704171,-0.0021557419,0.0070753125
Rectum,Female,tie,,,2,4.5,0.0024203106100006,-0.0021855175,0.0070261387
Rectum,Female,tie,,,2,4.5500002,0.0023813081722186,-0.0022146739,0.0069772904
Rectum,Female,tie,,,2,4.5999999,0.0023427699766929,-0.0022432276,0.0069287675
Rectum,Female,tie,,,2,4.6500001,0.002304687120223,-0.0022711928,0.0068805669
Rectum,Female,tie,,,2,4.6999998,0.0022670523382376,-0.0022985847,0.006832689
Rectum,Female,tie,,,2,4.75,0.0022298570980112,-0.0023254177,0.006785132
Rectum,Female,tie,,,2,4.8000002,0.0021930941203777,-0.002351705,0.006737893
Rectum,Female,tie,,,2,4.8499999,0.0021567562826548,-0.0023774598,0.0066909725
Rectum,Female,tie,,,2,4.9000001,0.0021208355954541,-0.0024026958,0.0066443668
Rectum,Female,tie,,,2,4.9499998,0.0020853256162014,-0.0024274243,0.0065980754
Rectum,Female,tie,,,2,5.0,0.0020502187056979,-0.0024516576,0.0065520951
